AgreementId,AddressType,Address,MobileNumber,WorkRequestId,UploadStatus,ErrorMessage
14007,Office,634 Main Road,2118237924,01272026074652448,Success,
1667,Office,793 Frontage Road,7454940174,01272026074652448,Success,
14007,Office,2101 Westgate,1336211335,01272026074652448,Success,
1667,Office,1784 Reginald Glen,8055737737,01272026074652448,Success,
14007,Office,959 Braun Street,8132085778,01272026074652448,Success,
1667,Office,43398 Viviane Greens,7313678364,01272026074652448,Success,
14007,Office,8672 Tromp Hills,3274528318,01272026074652448,Success,
1667,Office,55433 Gail Island,9625030581,01272026074652448,Success,
14007,Office,739 Asia Points,7320991460,01272026074652448,Success,
1667,Office,367 Field Lane,9759751912,01272026074652448,Success,
14007,Office,92394 Pfannerstill Prairie,1373557143,01272026074652448,Success,
1667,Office,30177 Klein Cliffs,6797314334,01272026074652448,Success,
14007,Office,9621 Renner Lake,3586002545,01272026074652448,Success,
1667,Office,720 N Pearl Street,7714232466,01272026074652448,Success,
14007,Office,8660 Carson Mills,7733183243,01272026074652448,Success,
1667,Office,44788 Elliott Way,3623269245,01272026074652448,Success,
14007,Office,477 Fore Street,9737866544,01272026074652448,Success,
1667,Office,64737 Wintheiser Ferry,7615555278,01272026074652448,Success,
14007,Office,796 Hilma Greens,1146990591,01272026074652448,Success,
1667,Office,6462 Quarry Road,7571391184,01272026074652448,Success,
14007,Office,38080 Sycamore Close,4379936287,01272026074652448,Success,
1667,Office,6116 Lincoln Avenue,5479479784,01272026074652448,Success,
14007,Office,97879 Klocko Course,7850629812,01272026074652448,Success,
1667,Office,752 King Walk,9497276360,01272026074652448,Success,
14007,Office,446 Olin Rest,2007875737,01272026074652448,Success,
1667,Office,258 Casimer Valley,4994674688,01272026074652448,Success,
14007,Office,8063 Simonis Loop,3493963986,01272026074652448,Success,
1667,Office,5013 Bechtelar Squares,4300848547,01272026074652448,Success,
14007,Office,551 Gutmann Branch,5814433854,01272026074652448,Success,
1667,Office,9490 Division Street,6383516702,01272026074652448,Success,
14007,Office,8982 Narciso Trace,2825249379,01272026074652448,Success,
1667,Office,4636 Carter Drive,7433541179,01272026074652448,Success,
14007,Office,19270 Hildegard Plain,8629477756,01272026074652448,Success,
1667,Office,9971 N Broadway,2823148773,01272026074652448,Success,
14007,Office,39537 Ursula Pine,2266150720,01272026074652448,Success,
1667,Office,8948 Arnoldo Well,6101320117,01272026074652448,Success,
14007,Office,554 Vicarage Lane,1532203298,01272026074652448,Success,
1667,Office,803 Scotty Rest,4814496604,01272026074652448,Success,
14007,Office,66404 Boundary Road,5004323727,01272026074652448,Success,
1667,Office,8131 Johann Mount,8835286251,01272026074652448,Success,
14007,Office,1678 Springfield Close,6568617876,01272026074652448,Success,
1667,Office,382 Maple Avenue,8709748762,01272026074652448,Success,
14007,Office,6067 Kunde Divide,2814659492,01272026074652448,Success,
1667,Office,53334 Julius Highway,7883651073,01272026074652448,Success,
14007,Office,7415 Walnut Close,1806814743,01272026074652448,Success,
1667,Office,8990 W South Street,2755278552,01272026074652448,Success,
14007,Office,8839 Rachelle Hollow,9335069405,01272026074652448,Success,
1667,Office,2072 Edythe Plaza,5005499021,01272026074652448,Success,
14007,Office,8416 Vicarage Road,9280931575,01272026074652448,Success,
1667,Office,614 Zieme Course,8225260850,01272026074652448,Success,
14007,Office,887 Howard Street,2846975321,01272026074652448,Success,
1667,Office,1332 Yost Club,8824549678,01272026074652448,Success,
14007,Office,2917 N Bridge Street,7451637388,01272026074652448,Success,
1667,Office,420 Bella Burg,5461271697,01272026074652448,Success,
14007,Office,7833 N Jackson Street,1362892066,01272026074652448,Success,
1667,Office,350 Pietro Camp,8899548327,01272026074652448,Success,
14007,Office,93705 Ciara Estates,9065716838,01272026074652448,Success,
1667,Office,471 Waters Village,2231512392,01272026074652448,Success,
14007,Office,672 Lockman Flat,4871610752,01272026074652448,Success,
1667,Office,8864 Howard Road,5772537726,01272026074652448,Success,
14007,Office,5746 Alayna Alley,6266214676,01272026074652448,Success,
1667,Office,78054 Charles Street,6778133655,01272026074652448,Success,
14007,Office,69997 Court Street,9847687468,01272026074652448,Success,
1667,Office,541 University Avenue,7769308494,01272026074652448,Success,
14007,Office,29534 Sydney Oval,4782649335,01272026074652448,Success,
1667,Office,655 Cullen Junctions,3359311880,01272026074652448,Success,
14007,Office,7058 Park Street,9686899962,01272026074652448,Success,
1667,Office,70870 E Oak Street,6270195912,01272026074652448,Success,
14007,Office,18460 Veterans Memorial Highway,4969049358,01272026074652448,Success,
1667,Office,9393 Main Avenue,3839463602,01272026074652448,Success,
14007,Office,813 Abdiel Mountain,6540865634,01272026074652448,Success,
1667,Office,372 Mercedes Centers,8044941533,01272026074652448,Success,
14007,Office,54588 Sigrid Plains,2402587083,01272026074652448,Success,
1667,Office,6417 Gerlach Flat,4587005696,01272026074652448,Success,
14007,Office,4439 Mayfield Road,2534020106,01272026074652448,Success,
1667,Office,33048 Effertz Well,2067631833,01272026074652448,Success,
14007,Office,4096 W River Road,2772602932,01272026074652448,Success,
1667,Office,3569 Otto Lake,7178514698,01272026074652448,Success,
14007,Office,622 The Poplars,5343431808,01272026074652448,Success,
1667,Office,89872 Brekke Coves,4975790302,01272026074652448,Success,
14007,Office,115 Felipa Junction,1203755108,01272026074652448,Success,
1667,Office,9258 Mount Pleasant,4487256258,01272026074652448,Success,
14007,Office,36457 Center Avenue,7530156952,01272026074652448,Success,
1667,Office,463 Lockman Shores,1871314075,01272026074652448,Success,
14007,Office,6177 Franklin Road,5434856354,01272026074652448,Success,
1667,Office,5467 McDermott Run,6494537305,01272026074652448,Success,
14007,Office,264 Lynn Grove,1852538872,01272026074652448,Success,
1667,Office,363 Ayden Trail,9676691820,01272026074652448,Success,
14007,Office,93037 Third Avenue,2051351549,01272026074652448,Success,
1667,Office,673 Bradtke Highway,7066497165,01272026074652448,Success,
14007,Office,109 Lang Camp,5927821647,01272026074652448,Success,
1667,Office,98577 Sycamore Avenue,4691184542,01272026074652448,Success,
14007,Office,2752 Sister Shoals,1503289858,01272026074652448,Success,
1667,Office,3001 The Causeway,7957293212,01272026074652448,Success,
14007,Office,84591 Chapel Hill,4652620608,01272026074652448,Success,
1667,Office,837 Moses Drives,4560277986,01272026074652448,Success,
14007,Office,114 Hall Lane,5664796283,01272026074652448,Success,
1667,Office,152 O'Conner Shores,7778019420,01272026074652448,Success,
14007,Office,6861 Madison Village,6582553379,01272026074652448,Success,
1667,Office,7567 Pollich Extensions,7521411603,01272026074652448,Success,
14007,Office,4981 Chaz Cliff,1462929280,01272026074652448,Success,
1667,Office,804 McLaughlin Vista,8697145345,01272026074652448,Success,
14007,Office,96774 Lucas Creek,4774381520,01272026074652448,Success,
1667,Office,16930 Doyle Ridge,9680223452,01272026074652448,Success,
14007,Office,736 Albert Road,1517421956,01272026074652448,Success,
1667,Office,872 Borer Fords,5992742872,01272026074652448,Success,
14007,Office,4564 S High Street,9703973426,01272026074652448,Success,
1667,Office,54901 Russel Knoll,2495743766,01272026074652448,Success,
14007,Office,60266 Newton Road,1624979296,01272026074652448,Success,
1667,Office,1469 Lilyan Dale,1247392956,01272026074652448,Success,
14007,Office,6545 Breitenberg Street,7111087440,01272026074652448,Success,
1667,Office,52067 Zemlak Corner,8571580696,01272026074652448,Success,
14007,Office,5610 Wood Street,9430281999,01272026074652448,Success,
1667,Office,4551 Simonis Parks,1378163792,01272026074652448,Success,
14007,Office,894 Blanda Mills,9615561943,01272026074652448,Success,
1667,Office,53396 Kuhic Creek,2216223876,01272026074652448,Success,
14007,Office,449 Wehner Causeway,9995868335,01272026074652448,Success,
1667,Office,614 Yvonne Forge,8754347645,01272026074652448,Success,
14007,Office,8790 Poplar Road,6528948572,01272026074652448,Success,
1667,Office,128 McDermott River,5516148518,01272026074652448,Success,
14007,Office,33337 Hills Route,5241645507,01272026074652448,Success,
1667,Office,9356 Gutkowski Unions,8136933673,01272026074652448,Success,
14007,Office,8779 Reilly Garden,3973863087,01272026074652448,Success,
1667,Office,86746 Melba Creek,7042281767,01272026074652448,Success,
14007,Office,3465 Ondricka Fords,6352840865,01272026074652448,Success,
1667,Office,43402 Kunde Course,3177221860,01272026074652448,Success,
14007,Office,90598 Memorial Drive,6471628983,01272026074652448,Success,
1667,Office,8023 Bath Road,7220262584,01272026074652448,Success,
14007,Office,332 Milton Road,7132199046,01272026074652448,Success,
1667,Office,1121 McCullough Stream,8548309729,01272026074652448,Success,
14007,Office,23842 Hartmann River,2282962714,01272026074652448,Success,
1667,Office,6772 Kihn Spurs,9596986622,01272026074652448,Success,
14007,Office,5518 Malcolm Curve,7757201412,01272026074652448,Success,
1667,Office,215 Barton Cliff,3329380398,01272026074652448,Success,
14007,Office,9925 Jackie Shores,1210333625,01272026074652448,Success,
1667,Office,1239 Parker Spring,7665265572,01272026074652448,Success,
14007,Office,5908 VonRueden Glen,7101181960,01272026074652448,Success,
1667,Office,6285 Nicholaus Crescent,4034746534,01272026074652448,Success,
14007,Office,44456 E 2nd Street,2342830010,01272026074652448,Success,
1667,Office,65491 N Court Street,3965711272,01272026074652448,Success,
14007,Office,1032 Rigoberto Lodge,4169313450,01272026074652448,Success,
1667,Office,66931 Western Road,5200839607,01272026074652448,Success,
14007,Office,1265 Harvey Valley,6457382571,01272026074652448,Success,
1667,Office,53227 Jeramy Track,3005859647,01272026074652448,Success,
14007,Office,45463 Hammes Hollow,4086783401,01272026074652448,Success,
1667,Office,4504 Ben Underpass,3924138912,01272026074652448,Success,
14007,Office,17984 Yew Tree Close,6256490492,01272026074652448,Success,
1667,Office,43041 Carlie Ville,7784462783,01272026074652448,Success,
14007,Office,2225 South Road,1291013857,01272026074652448,Success,
1667,Office,57965 Smith Ford,2322218212,01272026074652448,Success,
14007,Office,17906 Ward Lake,4650509887,01272026074652448,Success,
1667,Office,94135 Kent Road,6894612882,01272026074652448,Success,
14007,Office,55247 Osinski Ferry,9984829137,01272026074652448,Success,
1667,Office,95743 Simonis Lodge,5173104863,01272026074652448,Success,
14007,Office,310 Adele Highway,8334948652,01272026074652448,Success,
1667,Office,5420 Tromp Skyway,8790028829,01272026074652448,Success,
14007,Office,359 E 12th Street,5471134015,01272026074652448,Success,
1667,Office,4260 Eileen Orchard,8152960928,01272026074652448,Success,
14007,Office,7540 Krystina Meadows,3973508753,01272026074652448,Success,
1667,Office,969 Johnston Shoal,5076128553,01272026074652448,Success,
14007,Office,8947 Santina Loop,8938876702,01272026074652448,Success,
1667,Office,62609 Thompson Court,7064740812,01272026074652448,Success,
14007,Office,96944 Jackie Shoal,1151475206,01272026074652448,Success,
1667,Office,4272 Caleigh Springs,3598071197,01272026074652448,Success,
14007,Office,193 O'Keefe Estates,8208587003,01272026074652448,Success,
1667,Office,702 Jackson Avenue,5982339975,01272026074652448,Success,
14007,Office,8684 Marcos Crest,6553743661,01272026074652448,Success,
1667,Office,4725 MacGyver Tunnel,1565399875,01272026074652448,Success,
14007,Office,482 Lilyan Trafficway,9130596437,01272026074652448,Success,
1667,Office,1655 Broad Lane,7581162096,01272026074652448,Success,
14007,Office,8654 Hilll Alley,6468837435,01272026074652448,Success,
1667,Office,4309 The Glebe,8684700301,01272026074652448,Success,
14007,Office,72011 S Central Avenue,8679742123,01272026074652448,Success,
1667,Office,40563 St Andrews Close,6241609082,01272026074652448,Success,
14007,Office,38443 Bath Road,1595328211,01272026074652448,Success,
1667,Office,8299 Marjory Inlet,4554030873,01272026074652448,Success,
14007,Office,639 Thalia Isle,2964115296,01272026074652448,Success,
1667,Office,8025 Konopelski Lake,7813588535,01272026074652448,Success,
14007,Office,19055 Paxton Walks,3662579434,01272026074652448,Success,
1667,Office,560 Homenick Villages,1271966577,01272026074652448,Success,
14007,Office,91701 Margaretta Street,1659438011,01272026074652448,Success,
1667,Office,139 Lynch Burg,5131641121,01272026074652448,Success,
14007,Office,62684 Sadie Ridges,9499547433,01272026074652448,Success,
1667,Office,703 E Main,7031142673,01272026074652448,Success,
14007,Office,72358 Lee Burg,6750945166,01272026074652448,Success,
1667,Office,62733 Howell Ports,5267307208,01272026074652448,Success,
14007,Office,5810 Washington Road,8617279507,01272026074652448,Success,
1667,Office,83020 Lane Square,9290515224,01272026074652448,Success,
14007,Office,9540 Bath Street,9776893714,01272026074652448,Success,
1667,Office,61955 Wisozk Common,2258977543,01272026074652448,Success,
14007,Office,44509 Reichel Curve,2011555496,01272026074652448,Success,
1667,Office,805 Hilll Prairie,6049862724,01272026074652448,Success,
14007,Office,663 Mill Close,2543826754,01272026074652448,Success,
1667,Office,6482 Ash Street,3224516432,01272026074652448,Success,
14007,Office,21754 Trever Plains,4574579697,01272026074652448,Success,
1667,Office,24590 Langworth Extensions,7285114825,01272026074652448,Success,
14007,Office,656 Vine Street,5754077942,01272026074652448,Success,
1667,Office,510 Rau Well,3338186787,01272026074652448,Success,
14007,Office,94303 S Main,7961972918,01272026074652448,Success,
1667,Office,9462 Sylvester Pines,6574615994,01272026074652448,Success,
14007,Office,54117 Lubowitz Spurs,4151553758,01272026074652448,Success,
1667,Office,34773 Water Street,8706768947,01272026074652448,Success,
14007,Office,273 Ila Plain,4763941237,01272026074652448,Success,
1667,Office,6349 Myles Plaza,7178816749,01272026074652448,Success,
14007,Office,2553 Brenda Mews,6916427486,01272026074652448,Success,
1667,Office,513 Newton Road,3140945016,01272026074652448,Success,
14007,Office,4408 Jenkins River,4895200383,01272026074652448,Success,
1667,Office,4604 Sawayn Spring,4654130098,01272026074652448,Success,
14007,Office,302 MacGyver Orchard,8097465397,01272026074652448,Success,
1667,Office,6748 Thiel Mall,9289270059,01272026074652448,Success,
14007,Office,444 Monserrate Radial,5493540872,01272026074652448,Success,
1667,Office,631 Loraine Underpass,2837636203,01272026074652448,Success,
14007,Office,98646 Cambridge Street,5451272981,01272026074652448,Success,
1667,Office,997 Taylor Route,3180914525,01272026074652448,Success,
14007,Office,7770 Moses Underpass,3900403511,01272026074652448,Success,
1667,Office,3353 Coronation Road,9010083351,01272026074652448,Success,
14007,Office,57001 Sipes Centers,1305847841,01272026074652448,Success,
1667,Office,66287 Kayden Parks,4544594805,01272026074652448,Success,
14007,Office,1330 Roob Ramp,8755797339,01272026074652448,Success,
1667,Office,6116 Goldner Expressway,6857992004,01272026074652448,Success,
14007,Office,18278 Charlie Place,3980187975,01272026074652448,Success,
1667,Office,87826 Lafayette Street,1731655505,01272026074652448,Success,
14007,Office,80807 Jacinthe Knoll,9131188331,01272026074652448,Success,
1667,Office,201 Destiney Valleys,6953850569,01272026074652448,Success,
14007,Office,14119 Madyson Crossing,4501082131,01272026074652448,Success,
1667,Office,7125 Cummerata Tunnel,2732058082,01272026074652448,Success,
14007,Office,78287 W South Street,7375939300,01272026074652448,Success,
1667,Office,96678 Morissette Spur,9634204145,01272026074652448,Success,
14007,Office,6315 Kshlerin Pines,9499920789,01272026074652448,Success,
1667,Office,413 Williamson Skyway,5097993466,01272026074652448,Success,
14007,Office,8434 Cross Street,9927069520,01272026074652448,Success,
1667,Office,985 Prohaska Wells,9490073589,01272026074652448,Success,
14007,Office,848 Murazik View,7232001296,01272026074652448,Success,
1667,Office,43192 Main Road,3583557369,01272026074652448,Success,
14007,Office,15607 E Broadway,2690072564,01272026074652448,Success,
1667,Office,1545 Alexandro Parkways,1034005106,01272026074652448,Success,
14007,Office,541 Bill Track,4661174710,01272026074652448,Success,
1667,Office,94665 Payton Route,3762618037,01272026074652448,Success,
14007,Office,94479 Gulgowski Ridge,8960077313,01272026074652448,Success,
1667,Office,21276 W Washington Avenue,9145710706,01272026074652448,Success,
14007,Office,3014 Mulberry Street,1508071300,01272026074652448,Success,
1667,Office,7185 Ada Cliff,9778228522,01272026074652448,Success,
14007,Office,45565 Bernie Way,7737936155,01272026074652448,Success,
1667,Office,7951 Ola Court,3825975336,01272026074652448,Success,
14007,Office,711 Stanley Road,7060991792,01272026074652448,Success,
1667,Office,582 Alma Street,2374636808,01272026074652448,Success,
14007,Office,8347 Edward Street,4853945251,01272026074652448,Success,
1667,Office,3582 7th Avenue,9921770173,01272026074652448,Success,
14007,Office,783 Bins Corners,7121387641,01272026074652448,Success,
1667,Office,6756 Saige Forks,3488761099,01272026074652448,Success,
14007,Office,4552 The Fairway,7687295163,01272026074652448,Success,
1667,Office,87653 Bath Road,6156663486,01272026074652448,Success,
14007,Office,798 Schamberger Landing,4503798424,01272026074652448,Success,
1667,Office,940 Tremayne Walk,2885151276,01272026074652448,Success,
14007,Office,978 Schaden Plain,6690647026,01272026074652448,Success,
1667,Office,697 Cruickshank Lane,6499548289,01272026074652448,Success,
14007,Office,9751 Leta Green,9475631786,01272026074652448,Success,
1667,Office,713 W Broad Street,2977813147,01272026074652448,Success,
14007,Office,12107 Cromwell Road,5916774250,01272026074652448,Success,
1667,Office,3252 Gislason Pines,3678975704,01272026074652448,Success,
14007,Office,581 Kent Road,5134682958,01272026074652448,Success,
1667,Office,607 Lehner Freeway,4219092737,01272026074652448,Success,
14007,Office,958 Sauer Causeway,4048763416,01272026074652448,Success,
1667,Office,922 S 8th Street,4160690514,01272026074652448,Success,
14007,Office,9685 Clint Shore,8939053420,01272026074652448,Success,
1667,Office,376 Eulah Union,9626932633,01272026074652448,Success,
14007,Office,6360 Magnolia Ways,4824646220,01272026074652448,Success,
1667,Office,12108 Zboncak Views,4399496886,01272026074652448,Success,
14007,Office,255 The Ridgeway,9776343557,01272026074652448,Success,
1667,Office,4632 Howell Skyway,4197196692,01272026074652448,Success,
14007,Office,87393 The Paddocks,2569685826,01272026074652448,Success,
1667,Office,900 Roma Gateway,2365346532,01272026074652448,Success,
14007,Office,912 Main Street W,2096262188,01272026074652448,Success,
1667,Office,487 The Copse,6667769006,01272026074652448,Success,
14007,Office,7100 Justyn Falls,9587761169,01272026074652448,Success,
1667,Office,435 Church Walk,3889786125,01272026074652448,Success,
14007,Office,4203 Turcotte Pass,6587904786,01272026074652448,Success,
1667,Office,22358 Cathy Views,9967572927,01272026074652448,Success,
14007,Office,741 Murray Fall,6553834854,01272026074652448,Success,
1667,Office,30533 Madge Hills,8261232559,01272026074652448,Success,
14007,Office,634 Thompson Trafficway,3426582416,01272026074652448,Success,
1667,Office,9690 Mateo Mountain,1135792967,01272026074652448,Success,
14007,Office,2893 Windmill Close,1634438645,01272026074652448,Success,
1667,Office,5357 Stanford Run,3770331526,01272026074652448,Success,
14007,Office,80613 Luettgen Islands,6503411472,01272026074652448,Success,
1667,Office,93866 Stokes Road,3707675883,01272026074652448,Success,
14007,Office,8775 Shyanne Rest,9915609131,01272026074652448,Success,
1667,Office,17132 Johnston Run,3851427342,01272026074652448,Success,
14007,Office,6378 Brenda Ferry,4796261732,01272026074652448,Success,
1667,Office,449 Considine Valley,6462604576,01272026074652448,Success,
14007,Office,148 N Oak Street,5188354097,01272026074652448,Success,
1667,Office,8912 E Broadway Street,2356448232,01272026074652448,Success,
14007,Office,43159 Ottis Club,8447805155,01272026074652448,Success,
1667,Office,667 Ramiro Crest,2303419970,01272026074652448,Success,
14007,Office,52648 Walker Unions,6097255353,01272026074652448,Success,
1667,Office,86381 Shanahan Rapid,4206954872,01272026074652448,Success,
14007,Office,47850 Predovic Radial,6950449511,01272026074652448,Success,
1667,Office,7191 Armand Manors,3229974397,01272026074652448,Success,
14007,Office,3966 Schinner Streets,7913024650,01272026074652448,Success,
1667,Office,4016 Hilll Crossroad,7697406521,01272026074652448,Success,
14007,Office,78651 Cassie Lodge,5251203523,01272026074652448,Success,
1667,Office,6495 Maximillia Streets,5902458649,01272026074652448,Success,
14007,Office,1384 Schmitt Parkways,2186825966,01272026074652448,Success,
1667,Office,375 Aida Port,9666414791,01272026074652448,Success,
14007,Office,263 Concepcion Mall,9016091142,01272026074652448,Success,
1667,Office,843 Hoppe Overpass,5167993907,01272026074652448,Success,
14007,Office,688 Schumm Spring,1766387889,01272026074652448,Success,
1667,Office,948 McCullough Forge,6149268088,01272026074652448,Success,
14007,Office,892 The Mount,4362065820,01272026074652448,Success,
1667,Office,22912 Daphnee Viaduct,8294963232,01272026074652448,Success,
14007,Office,63140 Pleasant Street,6723246307,01272026074652448,Success,
1667,Office,92570 Verla Heights,6389075507,01272026074652448,Success,
14007,Office,317 Taylor Shoal,9981314697,01272026074652448,Success,
1667,Office,796 Marcus Meadows,5255486495,01272026074652448,Success,
14007,Office,89488 Gloucester Road,8305684240,01272026074652448,Success,
1667,Office,493 Hodkiewicz Mountain,4278008414,01272026074652448,Success,
14007,Office,53499 Reynolds Parks,7719352911,01272026074652448,Success,
1667,Office,9356 Theodora Point,8793140388,01272026074652448,Success,
14007,Office,17779 Brook Street,4348470248,01272026074652448,Success,
1667,Office,21383 Rolfson Plaza,4743856401,01272026074652448,Success,
14007,Office,96933 Greenfelder Heights,2003298613,01272026074652448,Success,
1667,Office,75280 The Maltings,3031016676,01272026074652448,Success,
14007,Office,263 Michaela Fall,7171789749,01272026074652448,Success,
1667,Office,391 Adam Causeway,7433382536,01272026074652448,Success,
14007,Office,9062 Bria Creek,3077022493,01272026074652448,Success,
1667,Office,1759 Janie Shoals,9502368279,01272026074652448,Success,
14007,Office,4428 Jayme Spur,9685087522,01272026074652448,Success,
1667,Office,8325 Lehner Groves,5323458831,01272026074652448,Success,
14007,Office,524 Stroman Track,2283960851,01272026074652448,Success,
1667,Office,451 Tanya Run,5846722541,01272026074652448,Success,
14007,Office,237 Tate Harbor,7330014503,01272026074652448,Success,
1667,Office,85476 Morissette Burg,8385844091,01272026074652448,Success,
14007,Office,28565 King's Road,5349665718,01272026074652448,Success,
1667,Office,120 W Maple Street,4905703163,01272026074652448,Success,
14007,Office,4207 E Main,9981958085,01272026074652448,Success,
1667,Office,75016 Jefferson Avenue,1200842048,01272026074652448,Success,
14007,Office,93255 Martin Luther King Boulevard,1348710356,01272026074652448,Success,
1667,Office,34477 McKenzie Square,1762578048,01272026074652448,Success,
14007,Office,2275 Sammy Spur,9906219179,01272026074652448,Success,
1667,Office,46978 Anthony Passage,4013185195,01272026074652448,Success,
14007,Office,464 Prospect Avenue,2956899516,01272026074652448,Success,
1667,Office,2895 Church Road,7644909160,01272026074652448,Success,
14007,Office,2057 Myron Gardens,6970949780,01272026074652448,Success,
1667,Office,65575 Genevieve Crest,5830570923,01272026074652448,Success,
14007,Office,19886 Chester Road,4712036269,01272026074652448,Success,
1667,Office,78571 Streich Meadows,6256655914,01272026074652448,Success,
14007,Office,733 Skylar Light,9966219303,01272026074652448,Success,
1667,Office,88227 Santos Throughway,8362090790,01272026074652448,Success,
14007,Office,3362 Grove Lane,7236113306,01272026074652448,Success,
1667,Office,3069 Lee Street,8827095802,01272026074652448,Success,
14007,Office,84824 Kylie Roads,1166514479,01272026074652448,Success,
1667,Office,363 Rowena Hills,4361201966,01272026074652448,Success,
14007,Office,94940 Gustave Pine,4249996920,01272026074652448,Success,
1667,Office,3416 Vincenza Court,4359006551,01272026074652448,Success,
14007,Office,4945 Royce Loop,9545124198,01272026074652448,Success,
1667,Office,26553 North Road,5059683504,01272026074652448,Success,
14007,Office,50280 Beech Grove,9349121866,01272026074652448,Success,
1667,Office,6777 Ash Grove,5199925954,01272026074652448,Success,
14007,Office,4777 Kent Road,6638142120,01272026074652448,Success,
1667,Office,150 Jacobi Station,7974434663,01272026074652448,Success,
14007,Office,513 Salisbury Road,9329786254,01272026074652448,Success,
1667,Office,842 Cedar Grove,1236637126,01272026074652448,Success,
14007,Office,906 Fanny Land,1992120727,01272026074652448,Success,
1667,Office,2181 Walker Crossroad,4554477916,01272026074652448,Success,
14007,Office,3101 Dach Drives,3293812366,01272026074652448,Success,
1667,Office,1038 Violet Shores,8292612296,01272026074652448,Success,
14007,Office,5414 Bogan Track,7147064126,01272026074652448,Success,
1667,Office,8854 Oak Avenue,6359794869,01272026074652448,Success,
14007,Office,8966 N College Street,9851808100,01272026074652448,Success,
1667,Office,86713 Kavon Coves,8935943074,01272026074652448,Success,
14007,Office,54583 Kuhlman Valley,2036624511,01272026074652448,Success,
1667,Office,15955 Cherry Tree Close,2553955153,01272026074652448,Success,
14007,Office,33250 Heathcote Route,7560815167,01272026074652448,Success,
1667,Office,3491 The Crescent,1104598228,01272026074652448,Success,
14007,Office,82907 N Harrison Street,7889607309,01272026074652448,Success,
1667,Office,4545 Bartoletti Ways,5070165300,01272026074652448,Success,
14007,Office,3254 W Main,3489348795,01272026074652448,Success,
1667,Office,7114 Kuvalis Mountain,9082617652,01272026074652448,Success,
14007,Office,8884 Pink Estate,7941951716,01272026074652448,Success,
1667,Office,994 Mohr Ports,2107862276,01272026074652448,Success,
14007,Office,75747 Waters Shoals,5880474870,01272026074652448,Success,
1667,Office,1119 Sylvan Avenue,7430320937,01272026074652448,Success,
14007,Office,93720 Runolfsdottir Underpass,9020973964,01272026074652448,Success,
1667,Office,77545 Cronin Road,5116092698,01272026074652448,Success,
14007,Office,7231 Linnea Club,4037905008,01272026074652448,Success,
1667,Office,8664 Ruecker Ways,2528481104,01272026074652448,Success,
14007,Office,2616 Yoshiko Knoll,9370276901,01272026074652448,Success,
1667,Office,691 The Croft,9748657302,01272026074652448,Success,
14007,Office,34927 Koss Islands,4513391308,01272026074652448,Success,
1667,Office,9696 Heron Close,3330228736,01272026074652448,Success,
14007,Office,4533 Carter Ford,5325665059,01272026074652448,Success,
1667,Office,3749 Gayle Rest,3391033202,01272026074652448,Success,
14007,Office,365 Deckow Spurs,5505293802,01272026074652448,Success,
1667,Office,60812 Larch Close,5151132321,01272026074652448,Success,
14007,Office,863 Ursula Rapid,5223166064,01272026074652448,Success,
1667,Office,7127 Washington Street,3133583586,01272026074652448,Success,
14007,Office,9275 Donnie Plain,2983530025,01272026074652448,Success,
1667,Office,95158 E 10th Street,4359395777,01272026074652448,Success,
14007,Office,66014 Jeanie Station,2971360058,01272026074652448,Success,
1667,Office,365 Ashlee Parkways,7457368668,01272026074652448,Success,
14007,Office,2851 Jacynthe Well,5225689651,01272026074652448,Success,
1667,Office,57563 Michele Light,9443791415,01272026074652448,Success,
14007,Office,305 Elva Club,8547379432,01272026074652448,Success,
1667,Office,16440 E 8th Street,7630851868,01272026074652448,Success,
14007,Office,32948 St John's Road,3845199934,01272026074652448,Success,
1667,Office,989 Prosacco Union,9626454013,01272026074652448,Success,
14007,Office,264 Hoppe Summit,2934824418,01272026074652448,Success,
1667,Office,3384 N 2nd Street,5474243914,01272026074652448,Success,
14007,Office,550 Leone Corners,4968526741,01272026074652448,Success,
1667,Office,40721 Beier Crest,8990079206,01272026074652448,Success,
14007,Office,193 Sarai Forks,6985221227,01272026074652448,Success,
1667,Office,40247 Rutherford Burgs,5554699115,01272026074652448,Success,
14007,Office,303 South Street,9274229226,01272026074652448,Success,
1667,Office,61350 Stroman Ville,9975114393,01272026074652448,Success,
14007,Office,49247 Bechtelar Spur,3248360263,01272026074652448,Success,
1667,Office,827 Betty Lodge,8374299864,01272026074652448,Success,
14007,Office,54002 Madison Freeway,9860833132,01272026074652448,Success,
1667,Office,53632 Fidel Green,2468924629,01272026074652448,Success,
14007,Office,72254 Maximillian Views,5980496302,01272026074652448,Success,
1667,Office,9813 Jackie Flat,9611019205,01272026074652448,Success,
14007,Office,451 Hills Track,3647432860,01272026074652448,Success,
1667,Office,930 N 9th Street,1578060140,01272026074652448,Success,
14007,Office,1176 Hahn Crossing,2721619352,01272026074652448,Success,
1667,Office,978 Pacocha Camp,5945661633,01272026074652448,Success,
14007,Office,68620 Trinity View,8387231346,01272026074652448,Success,
1667,Office,41043 Clifton Road,7763723828,01272026074652448,Success,
14007,Office,426 Norval Crest,1988600601,01272026074652448,Success,
1667,Office,99469 Hope Pike,4561628948,01272026074652448,Success,
14007,Office,6799 Forest Road,3663658080,01272026074652448,Success,
1667,Office,5492 Vilma Courts,8123987708,01272026074652448,Success,
14007,Office,318 Kuhn Tunnel,9727637203,01272026074652448,Success,
1667,Office,7980 O'Reilly Ridges,8035494942,01272026074652448,Success,
14007,Office,882 McLaughlin Underpass,3159925666,01272026074652448,Success,
1667,Office,98559 Cindy Rapid,7831979813,01272026074652448,Success,
14007,Office,4719 Warren Road,2644891278,01272026074652448,Success,
1667,Office,17160 Philip Spur,6813839924,01272026074652448,Success,
14007,Office,336 Tower Road,1632996253,01272026074652448,Success,
1667,Office,80688 Ash Road,6190422209,01272026074652448,Success,
14007,Office,9328 Parisian Ridge,4576658422,01272026074652448,Success,
1667,Office,4006 Alexandra Road,7294331086,01272026074652448,Success,
14007,Office,7080 Vicarage Road,1455421765,01272026074652448,Success,
1667,Office,24319 Ismael Freeway,7415225458,01272026074652448,Success,
14007,Office,99940 Hal Light,6494654399,01272026074652448,Success,
1667,Office,2799 Bayer Locks,3315391596,01272026074652448,Success,
14007,Office,779 Schimmel Court,8687534963,01272026074652448,Success,
1667,Office,62873 W 14th Street,6394313113,01272026074652448,Success,
14007,Office,176 August Wall,3476990082,01272026074652448,Success,
1667,Office,56231 Runte Plain,3123918560,01272026074652448,Success,
14007,Office,130 Bertha Mount,8858547526,01272026074652448,Success,
1667,Office,29150 N Central Avenue,2806245320,01272026074652448,Success,
14007,Office,848 N Locust Street,2328870384,01272026074652448,Success,
1667,Office,905 McGlynn Place,4014781095,01272026074652448,Success,
14007,Office,615 Gayle Ridge,4890023665,01272026074652448,Success,
1667,Office,771 Salisbury Road,6204793120,01272026074652448,Success,
14007,Office,380 Schuster Bypass,7679611294,01272026074652448,Success,
1667,Office,1671 Koss Park,1541826768,01272026074652448,Success,
14007,Office,50532 E North Street,3400004691,01272026074652448,Success,
1667,Office,3570 Broad Street,8163042604,01272026074652448,Success,
14007,Office,61742 Waverley Road,3292600755,01272026074652448,Success,
1667,Office,419 Smith Street,2781152017,01272026074652448,Success,
14007,Office,3850 Aufderhar Hills,5533007424,01272026074652448,Success,
1667,Office,634 Maritza Place,1953758816,01272026074652448,Success,
14007,Office,42432 Cleveland Street,8778600572,01272026074652448,Success,
1667,Office,1631 College Street,2294900671,01272026074652448,Success,
14007,Office,722 O'Hara Islands,9556115855,01272026074652448,Success,
1667,Office,7361 Dameon Port,6523687465,01272026074652448,Success,
14007,Office,99643 Aida Rue,8562002353,01272026074652448,Success,
1667,Office,6008 Nader Row,9472443993,01272026074652448,Success,
14007,Office,53790 Mueller Overpass,8716118435,01272026074652448,Success,
1667,Office,75481 Richard Rest,3223858704,01272026074652448,Success,
14007,Office,7660 Dale Street,3946081253,01272026074652448,Success,
1667,Office,829 Maple Avenue,7857608712,01272026074652448,Success,
14007,Office,7288 Ana Street,4622366439,01272026074652448,Success,
1667,Office,356 New Street,1644244774,01272026074652448,Success,
14007,Office,935 Mikel Rapids,8099225169,01272026074652448,Success,
1667,Office,99026 Wilhelmine Fork,1748215059,01272026074652448,Success,
14007,Office,96641 Schumm Loaf,9358868747,01272026074652448,Success,
1667,Office,841 Windsor Avenue,5555484702,01272026074652448,Success,
14007,Office,353 Beau Coves,3588634902,01272026074652448,Success,
1667,Office,2345 Martine Crescent,7291515002,01272026074652448,Success,
14007,Office,49904 Franecki Loop,4082588261,01272026074652448,Success,
1667,Office,8238 Oak Street,8362113853,01272026074652448,Success,
14007,Office,366 Oak Lane,7256451153,01272026074652448,Success,
1667,Office,118 Vicarage Close,4676865697,01272026074652448,Success,
14007,Office,66334 Feest Curve,7087099566,01272026074652448,Success,
1667,Office,62710 Pound Lane,5653249590,01272026074652448,Success,
14007,Office,278 Grady Fall,8318336779,01272026074652448,Success,
1667,Office,970 Emerald Bridge,7333716459,01272026074652448,Success,
14007,Office,606 Hellen Station,9199902462,01272026074652448,Success,
1667,Office,33793 Meadow Way,1248258063,01272026074652448,Success,
14007,Office,83027 Hirthe Road,5030545385,01272026074652448,Success,
1667,Office,7531 Seth Lane,4118402301,01272026074652448,Success,
14007,Office,612 New Lane,5785730956,01272026074652448,Success,
1667,Office,553 Richard Overpass,3997496157,01272026074652448,Success,
14007,Office,400 Sheldon Meadow,3532105114,01272026074652448,Success,
1667,Office,811 S Franklin Street,9512616059,01272026074652448,Success,
14007,Office,211 Douglas View,1764944049,01272026074652448,Success,
1667,Office,301 Park Crescent,1595806319,01272026074652448,Success,
14007,Office,14212 Doyle Drives,2777630899,01272026074652448,Success,
1667,Office,78015 Kozey Path,5124856937,01272026074652448,Success,
14007,Office,92810 Hirthe Roads,2186986856,01272026074652448,Success,
1667,Office,9103 Ebert Pass,1268550188,01272026074652448,Success,
14007,Office,68983 Airport Road,2843564683,01272026074652448,Success,
1667,Office,3504 Haley Mews,8948250108,01272026074652448,Success,
14007,Office,18968 Noel Lake,6574877856,01272026074652448,Success,
1667,Office,37789 Missouri Summit,3466840392,01272026074652448,Success,
14007,Office,967 The Woodlands,4472312356,01272026074652448,Success,
1667,Office,159 Lowe Glens,1581484258,01272026074652448,Success,
14007,Office,99386 Cedar Close,3507563474,01272026074652448,Success,
1667,Office,4238 Zemlak Mews,4307574162,01272026074652448,Success,
14007,Office,40200 Bins Fort,2646500196,01272026074652448,Success,
1667,Office,227 Mariane Junction,5799490991,01272026074652448,Success,
14007,Office,2029 Barton Glen,1807412176,01272026074652448,Success,
1667,Office,5445 South View,6510408526,01272026074652448,Success,
14007,Office,21958 Leuschke Island,2762454618,01272026074652448,Success,
1667,Office,31245 Autumn Track,9096888769,01272026074652448,Success,
14007,Office,605 Sporer Road,1010674521,01272026074652448,Success,
1667,Office,70438 Daniel Motorway,5611751165,01272026074652448,Success,
14007,Office,98131 Borer Stream,5018219747,01272026074652448,Success,
1667,Office,547 Harrison Centers,3303419919,01272026074652448,Success,
14007,Office,834 Caden Turnpike,6233676621,01272026074652448,Success,
1667,Office,635 Jovany Cliffs,4750291635,01272026074652448,Success,
14007,Office,22014 North Street,9996066995,01272026074652448,Success,
1667,Office,6306 Clark Street,6724833950,01272026074652448,Success,
14007,Office,271 Santa Bridge,6395958273,01272026074652448,Success,
1667,Office,607 North Street,1774269066,01272026074652448,Success,
14007,Office,104 N Center Street,1277323540,01272026074652448,Success,
1667,Office,3189 Koepp Run,3639086250,01272026074652448,Success,
14007,Office,649 Dane Inlet,3327785332,01272026074652448,Success,
1667,Office,1162 Center Street,4089353223,01272026074652448,Success,
14007,Office,635 Ladarius Summit,6550112522,01272026074652448,Success,
1667,Office,90998 Lake Drive,6703749273,01272026074652448,Success,
14007,Office,71184 Bernice Field,3541973960,01272026074652448,Success,
1667,Office,5955 Padberg Junction,8370297981,01272026074652448,Success,
14007,Office,5796 Hertha Mountains,4410077812,01272026074652448,Success,
1667,Office,3725 Irma Drive,6542929485,01272026074652448,Success,
14007,Office,9620 Jaylan Crest,6712520784,01272026074652448,Success,
1667,Office,7029 Columbia Avenue,6807755884,01272026074652448,Success,
14007,Office,172 Edd Spring,6823957345,01272026074652448,Success,
1667,Office,891 Halvorson Fall,4825806994,01272026074652448,Success,
14007,Office,7408 Kozey Track,6636651698,01272026074652448,Success,
1667,Office,44974 Nicholaus Knoll,9532615034,01272026074652448,Success,
14007,Office,7011 Albany Road,5592344157,01272026074652448,Success,
1667,Office,8302 First Avenue,1297891871,01272026074652448,Success,
14007,Office,418 Schowalter Pines,4398096075,01272026074652448,Success,
1667,Office,39857 Felicia Shoal,3571148193,01272026074652448,Success,
14007,Office,87245 Nova Lock,9363898483,01272026074652448,Success,
1667,Office,7729 Crist Valleys,5870761278,01272026074652448,Success,
14007,Office,28033 Hand Fords,4134910143,01272026074652448,Success,
1667,Office,159 Poplar Avenue,8286256140,01272026074652448,Success,
14007,Office,4397 Harber Burg,5960362139,01272026074652448,Success,
1667,Office,87606 Reagan Land,4071640833,01272026074652448,Success,
14007,Office,9178 Tower Road,7090072408,01272026074652448,Success,
1667,Office,399 Germaine Radial,1264225340,01272026074652448,Success,
14007,Office,8310 Ayana Lights,8753307514,01272026074652448,Success,
1667,Office,981 Rachael Row,1008761819,01272026074652448,Success,
14007,Office,5178 Beahan Groves,1045110957,01272026074652448,Success,
1667,Office,902 Iliana Corners,1547327832,01272026074652448,Success,
14007,Office,2403 O'Connell Ways,5704758632,01272026074652448,Success,
1667,Office,7275 Dominic Ferry,1267601932,01272026074652448,Success,
14007,Office,358 Rodriguez Shoal,3033210438,01272026074652448,Success,
1667,Office,178 E Main,6854669043,01272026074652448,Success,
14007,Office,55224 E Cedar Street,5745436898,01272026074652448,Success,
1667,Office,434 East Road,6638096153,01272026074652448,Success,
14007,Office,94594 Rice Isle,3142488989,01272026074652448,Success,
1667,Office,8339 Hyatt Grove,1886351309,01272026074652448,Success,
14007,Office,4156 Quitzon Fork,9721256861,01272026074652448,Success,
1667,Office,8526 S East Street,1696175352,01272026074652448,Success,
14007,Office,7019 Rodrick Wall,6568185958,01272026074652448,Success,
1667,Office,149 Dooley Motorway,7008059599,01272026074652448,Success,
14007,Office,37761 S Main Street,4322898739,01272026074652448,Success,
1667,Office,87674 Karlie Park,2992735012,01272026074652448,Success,
14007,Office,10303 Delfina Ferry,6293848601,01272026074652448,Success,
1667,Office,721 Beer Stream,6752599891,01272026074652448,Success,
14007,Office,955 Rowan Close,1176940512,01272026074652448,Success,
1667,Office,95667 West Avenue,1716275182,01272026074652448,Success,
14007,Office,6951 Princes Street,8420570858,01272026074652448,Success,
1667,Office,4223 Roberts Forest,9063488870,01272026074652448,Success,
14007,Office,4762 The Avenue,9074887175,01272026074652448,Success,
1667,Office,690 W Park Street,5409157777,01272026074652448,Success,
14007,Office,250 Bruen Junction,2730812595,01272026074652448,Success,
1667,Office,89118 Elinor Estates,6382240844,01272026074652448,Success,
14007,Office,5251 Duke Street,7627225409,01272026074652448,Success,
1667,Office,28072 Main,6063128297,01272026074652448,Success,
14007,Office,9170 Adams Street,8163323124,01272026074652448,Success,
1667,Office,84927 Skiles Course,3118829609,01272026074652448,Success,
14007,Office,548 Gordon Road,5718113210,01272026074652448,Success,
1667,Office,75401 Monserrate Field,8632589827,01272026074652448,Success,
14007,Office,42699 Brennon Mount,6777858658,01272026074652448,Success,
1667,Office,4311 Vergie Club,2712533439,01272026074652448,Success,
14007,Office,2567 N Broad Street,4874122382,01272026074652448,Success,
1667,Office,646 Nathen Keys,3311125403,01272026074652448,Success,
14007,Office,9161 Willow Street,9534745432,01272026074652448,Success,
1667,Office,1918 Berge Viaduct,3145562797,01272026074652448,Success,
14007,Office,9032 Pollich Drives,6796347394,01272026074652448,Success,
1667,Office,1432 Greenholt Ridges,1722617741,01272026074652448,Success,
14007,Office,133 Haag Underpass,4827989545,01272026074652448,Success,
1667,Office,43683 Church Avenue,7305747339,01272026074652448,Success,
14007,Office,54131 W North Street,8367170098,01272026074652448,Success,
1667,Office,6004 Ash Road,2819030802,01272026074652448,Success,
14007,Office,6095 Ash Street,8587444003,01272026074652448,Success,
1667,Office,42241 Sage Crossroad,9400471475,01272026074652448,Success,
14007,Office,65270 Barry Way,6703280837,01272026074652448,Success,
1667,Office,3351 Emilia Ranch,1782676222,01272026074652448,Success,
14007,Office,2384 O'Kon Cliff,2805648813,01272026074652448,Success,
1667,Office,21490 Chapel Road,3878926670,01272026074652448,Success,
14007,Office,133 S Railroad Street,9926518243,01272026074652448,Success,
1667,Office,5669 Juliana Row,3141007729,01272026074652448,Success,
14007,Office,3817 Hodkiewicz View,7931571645,01272026074652448,Success,
1667,Office,73341 Rosenbaum Centers,3325957644,01272026074652448,Success,
14007,Office,6160 Manley Shore,5640611742,01272026074652448,Success,
1667,Office,681 Lourdes Gardens,4083504962,01272026074652448,Success,
14007,Office,58302 East Avenue,7157535750,01272026074652448,Success,
1667,Office,5526 N 7th Street,4140058609,01272026074652448,Success,
14007,Office,7539 Jaren Shoal,8938284009,01272026074652448,Success,
1667,Office,97614 Tudor Close,7843469899,01272026074652448,Success,
14007,Office,5684 Alma Street,5085995816,01272026074652448,Success,
1667,Office,61814 Old Road,5642179962,01272026074652448,Success,
14007,Office,2601 Considine Court,4439802243,01272026074652448,Success,
1667,Office,8024 Gerard Spring,5952830700,01272026074652448,Success,
14007,Office,157 Becker Oval,3213538574,01272026074652448,Success,
1667,Office,25786 N Poplar Street,6087591848,01272026074652448,Success,
14007,Office,21905 Lubowitz Drives,9343586789,01272026074652448,Success,
1667,Office,41212 Waverley Road,9479782400,01272026074652448,Success,
14007,Office,7763 E Pine Street,6925728830,01272026074652448,Success,
1667,Office,56539 Dave Pine,6577484727,01272026074652448,Success,
14007,Office,5134 Smith Street,5000331043,01272026074652448,Success,
1667,Office,3236 Koepp Plains,3903452940,01272026074652448,Success,
14007,Office,3835 Lemke Meadows,8968758087,01272026074652448,Success,
1667,Office,32364 Hershel Islands,6022710053,01272026074652448,Success,
14007,Office,861 Littel Glen,1357808177,01272026074652448,Success,
1667,Office,11682 Dimitri Views,1341081108,01272026074652448,Success,
14007,Office,7019 Vicarage Close,4148725174,01272026074652448,Success,
1667,Office,189 S Market Street,7433020683,01272026074652448,Success,
14007,Office,113 Sabina Causeway,9841309878,01272026074652448,Success,
1667,Office,40707 Kings Highway,8720012288,01272026074652448,Success,
14007,Office,92023 Schuppe Lodge,6674601156,01272026074652448,Success,
1667,Office,16959 Broad Lane,6576625221,01272026074652448,Success,
14007,Office,17760 Leannon Cliffs,6547182800,01272026074652448,Success,
1667,Office,81526 Bramble Close,5773319076,01272026074652448,Success,
14007,Office,65255 Nikita Branch,4597359919,01272026074652448,Success,
1667,Office,104 Eugene Islands,7472095904,01272026074652448,Success,
14007,Office,3538 Blanda Gateway,7471557619,01272026074652448,Success,
1667,Office,5642 Dejah Ramp,6187621048,01272026074652448,Success,
14007,Office,4032 Clarendon Road,5130669727,01272026074652448,Success,
1667,Office,20262 S High Street,4337634167,01272026074652448,Success,
14007,Office,8141 Russell Harbors,1723564673,01272026074652448,Success,
1667,Office,8125 N Railroad Street,8789605545,01272026074652448,Success,
14007,Office,10319 Charles Street,7715804223,01272026074652448,Success,
1667,Office,348 N Park Street,1897177124,01272026074652448,Success,
14007,Office,393 Lake Drive,1660034022,01272026074652448,Success,
1667,Office,3773 Clark Street,8331805016,01272026074652448,Success,
14007,Office,880 Osbaldo Walks,6771690694,01272026074652448,Success,
1667,Office,14054 Franklin Road,2831166048,01272026074652448,Success,
14007,Office,522 Maple Street,4172010452,01272026074652448,Success,
1667,Office,5782 Park Lane,8087999850,01272026074652448,Success,
14007,Office,523 Buckridge Radial,4593315099,01272026074652448,Success,
1667,Office,34360 Cummings Street,3581726914,01272026074652448,Success,
14007,Office,3135 Cronin Crossroad,9182231317,01272026074652448,Success,
1667,Office,6719 Abdul Haven,2355112340,01272026074652448,Success,
14007,Office,817 Jordyn Flat,5392392392,01272026074652448,Success,
1667,Office,1990 Heaney Lights,9822434473,01272026074652448,Success,
14007,Office,53640 Market Place,1638691595,01272026074652448,Success,
1667,Office,281 The Mount,9864465109,01272026074652448,Success,
14007,Office,254 Leffler Mill,9134547120,01272026074652448,Success,
1667,Office,392 Huels Groves,1317219057,01272026074652448,Success,
14007,Office,712 Skiles Neck,7367643189,01272026074652448,Success,
1667,Office,856 Bianka Brooks,2613307925,01272026074652448,Success,
14007,Office,540 Tomas Lake,8391987830,01272026074652448,Success,
1667,Office,3190 Edmond Club,7611053258,01272026074652448,Success,
14007,Office,55791 Valley Road,1238817630,01272026074652448,Success,
1667,Office,551 North Street,4475345487,01272026074652448,Success,
14007,Office,259 O'Keefe Bridge,2697389530,01272026074652448,Success,
1667,Office,54265 Leuschke Wells,9854287871,01272026074652448,Success,
14007,Office,4246 Jett Expressway,1002685949,01272026074652448,Success,
1667,Office,56571 Weimann View,3977419154,01272026074652448,Success,
14007,Office,4592 Sycamore Drive,9370810948,01272026074652448,Success,
1667,Office,833 7th Avenue,8150384310,01272026074652448,Success,
14007,Office,87273 Abel Club,4766632664,01272026074652448,Success,
1667,Office,105 Common Lane,8156345349,01272026074652448,Success,
14007,Office,4922 Georgianna Haven,1858969601,01272026074652448,Success,
1667,Office,52215 Aaron Oval,8850275943,01272026074652448,Success,
14007,Office,255 Spring Gardens,6096756582,01272026074652448,Success,
1667,Office,657 Pattie Squares,9066062249,01272026074652448,Success,
14007,Office,5605 Mount Pleasant,4906012206,01272026074652448,Success,
1667,Office,7375 Washington Boulevard,2105378902,01272026074652448,Success,
14007,Office,325 Gutmann Mews,1574701421,01272026074652448,Success,
1667,Office,3645 Elm Close,9432971331,01272026074652448,Success,
14007,Office,72077 Carter Flat,1947947156,01272026074652448,Success,
1667,Office,1684 Golda Fields,3429108523,01272026074652448,Success,
14007,Office,217 Kayla Streets,1100993358,01272026074652448,Success,
1667,Office,1138 Ankunding River,3911844816,01272026074652448,Success,
14007,Office,891 Stephanie Motorway,7079362914,01272026074652448,Success,
1667,Office,9424 Metz Dale,5568656933,01272026074652448,Success,
14007,Office,108 Airport Road,1613047070,01272026074652448,Success,
1667,Office,24480 Church View,2970094630,01272026074652448,Success,
14007,Office,36064 The Crescent,1634731841,01272026074652448,Success,
1667,Office,1062 Lee Street,6352760463,01272026074652448,Success,
14007,Office,9485 Wunsch Skyway,1810991669,01272026074652448,Success,
1667,Office,7576 Cassin Keys,2296212305,01272026074652448,Success,
14007,Office,2758 Johns Isle,3009781240,01272026074652448,Success,
1667,Office,57769 Westley Bridge,9100086262,01272026074652448,Success,
14007,Office,191 Lee Street,4769822140,01272026074652448,Success,
1667,Office,785 Heller Pines,3217341958,01272026074652448,Success,
14007,Office,314 Collins Mountains,5205143364,01272026074652448,Success,
1667,Office,921 Rachelle Pine,3411028806,01272026074652448,Success,
14007,Office,378 E Union Street,9350161106,01272026074652448,Success,
1667,Office,642 Irving Burg,9612128426,01272026074652448,Success,
14007,Office,58774 Keven Via,3611731215,01272026074652448,Success,
1667,Office,826 Elnora Center,6522496704,01272026074652448,Success,
14007,Office,555 Grace Neck,5788990646,01272026074652448,Success,
1667,Office,2019 Pagac Throughway,1766182247,01272026074652448,Success,
14007,Office,41477 Old Road,9296058253,01272026074652448,Success,
1667,Office,840 Mara Lane,4221813286,01272026074652448,Success,
14007,Office,37783 Hahn Valley,4719205867,01272026074652448,Success,
1667,Office,794 Desiree Field,1439831185,01272026074652448,Success,
14007,Office,74106 Mill Close,3030369596,01272026074652448,Success,
1667,Office,13788 The Hawthorns,3131913730,01272026074652448,Success,
14007,Office,68647 Herminio Forge,6359010134,01272026074652448,Success,
1667,Office,995 VonRueden Spurs,7689870924,01272026074652448,Success,
14007,Office,9146 Castle Close,8995325376,01272026074652448,Success,
1667,Office,61028 S 2nd Street,1637735633,01272026074652448,Success,
14007,Office,47532 Airport Road,4508543128,01272026074652448,Success,
1667,Office,924 Ash Street,8604477406,01272026074652448,Success,
14007,Office,1435 Haylie Junction,3265533232,01272026074652448,Success,
1667,Office,6599 Hillside,1961985777,01272026074652448,Success,
14007,Office,1790 Savannah Ridge,2869506363,01272026074652448,Success,
1667,Office,13676 Layne Extensions,5868015456,01272026074652448,Success,
14007,Office,339 1st Street,7506303828,01272026074652448,Success,
1667,Office,69399 Finn Lights,6736280905,01272026074652448,Success,
14007,Office,501 Lorenz Points,5613484578,01272026074652448,Success,
1667,Office,560 E 10th Street,6759953600,01272026074652448,Success,
14007,Office,597 Gibson Shoals,3124903459,01272026074652448,Success,
1667,Office,745 Center Avenue,3079652733,01272026074652448,Success,
14007,Office,67042 Keeling Highway,3876064460,01272026074652448,Success,
1667,Office,48060 Ruecker Stream,2816478329,01272026074652448,Success,
14007,Office,237 Kari Loop,2498001780,01272026074652448,Success,
1667,Office,80787 Kaci Circle,8291639708,01272026074652448,Success,
14007,Office,562 Daugherty Springs,7853512835,01272026074652448,Success,
1667,Office,398 Vicky Lock,2056898011,01272026074652448,Success,
14007,Office,699 E State Street,7050278031,01272026074652448,Success,
1667,Office,74125 Lawrence Street,4617406594,01272026074652448,Success,
14007,Office,79181 Morar Canyon,2415882970,01272026074652448,Success,
1667,Office,146 Coronation Avenue,9917878999,01272026074652448,Success,
14007,Office,35940 Kohler Lodge,6600219705,01272026074652448,Success,
1667,Office,8314 Kings Highway,7672379850,01272026074652448,Success,
14007,Office,57706 Watery Lane,6127924417,01272026074652448,Success,
1667,Office,56451 Western Road,1545525107,01272026074652448,Success,
14007,Office,68502 Adan Gardens,2019319063,01272026074652448,Success,
1667,Office,10254 Bauch Walk,7682472272,01272026074652448,Success,
14007,Office,513 Effertz Gateway,1425197015,01272026074652448,Success,
1667,Office,539 Kuphal Skyway,4138373201,01272026074652448,Success,
14007,Office,6537 Spinka Summit,2121465201,01272026074652448,Success,
1667,Office,119 Raul Walks,3083390603,01272026074652448,Success,
14007,Office,8812 Juliet Point,5317175694,01272026074652448,Success,
1667,Office,236 Stiedemann Trafficway,1225618066,01272026074652448,Success,
14007,Office,526 Mayert Park,7781404725,01272026074652448,Success,
1667,Office,99021 The Orchard,4435787996,01272026074652448,Success,
14007,Office,9378 Erna Ridge,2022194665,01272026074652448,Success,
1667,Office,912 Easton Manors,8848760891,01272026074652448,Success,
14007,Office,2069 Edgar Trace,6302285925,01272026074652448,Success,
1667,Office,3820 College Avenue,9646139170,01272026074652448,Success,
14007,Office,17277 Zander Pine,6106597076,01272026074652448,Success,
1667,Office,3992 Bridge Road,4378357608,01272026074652448,Success,
14007,Office,74709 Watery Lane,5764404021,01272026074652448,Success,
1667,Office,967 Mack Freeway,7465262990,01272026074652448,Success,
14007,Office,43510 Pine Grove,5773358408,01272026074652448,Success,
1667,Office,70387 Middle Street,6921821828,01272026074652448,Success,
14007,Office,5222 Ryleigh Key,2055949221,01272026074652448,Success,
1667,Office,94761 Adrain Route,2129258728,01272026074652448,Success,
14007,Office,926 Cole Forges,5143234199,01272026074652448,Success,
1667,Office,318 Abbey Turnpike,5891894401,01272026074652448,Success,
14007,Office,373 Fairfield Road,3944611427,01272026074652448,Success,
1667,Office,87401 Hyatt Cliffs,5235183512,01272026074652448,Success,
14007,Office,724 Braun Locks,6626968554,01272026074652448,Success,
1667,Office,594 S Main,3379090644,01272026074652448,Success,
14007,Office,859 Jovani Walks,6874924528,01272026074652448,Success,
1667,Office,92978 Koelpin Rest,3681337092,01272026074652448,Success,
14007,Office,8400 Franklin Street,9464970115,01272026074652448,Success,
1667,Office,291 Franecki Tunnel,7632226549,01272026074652448,Success,
14007,Office,1055 Cory Mill,8140246987,01272026074652448,Success,
1667,Office,4541 St John's Road,2283197339,01272026074652448,Success,
14007,Office,79926 South Avenue,2747611140,01272026074652448,Success,
1667,Office,659 W 5th Street,3410821872,01272026074652448,Success,
14007,Office,306 N Broadway,1489408069,01272026074652448,Success,
1667,Office,374 Jannie Skyway,4699374944,01272026074652448,Success,
14007,Office,1425 Rosalyn Land,2946627271,01272026074652448,Success,
1667,Office,145 Klein Spring,1411393517,01272026074652448,Success,
14007,Office,78279 Myah Freeway,1499953418,01272026074652448,Success,
1667,Office,5654 Gino Grove,5516778022,01272026074652448,Success,
14007,Office,88404 Main Street N,2272933394,01272026074652448,Success,
1667,Office,30504 Dessie Points,7404731983,01272026074652448,Success,
14007,Office,4909 Stephon Alley,5901283645,01272026074652448,Success,
1667,Office,194 Manchester Road,8610131987,01272026074652448,Success,
14007,Office,6881 Eden Trace,3620494560,01272026074652448,Success,
1667,Office,8895 Birch Avenue,5495059376,01272026074652448,Success,
14007,Office,27510 Predovic Forks,7026295304,01272026074652448,Success,
1667,Office,46729 Harry Via,5605460050,01272026074652448,Success,
14007,Office,228 Giovanni Track,3057275453,01272026074652448,Success,
1667,Office,3163 General Brook,5313192612,01272026074652448,Success,
14007,Office,9541 Donald Glens,3310396247,01272026074652448,Success,
1667,Office,4029 S Franklin Street,7652969374,01272026074652448,Success,
14007,Office,85525 Rolando Walks,9181224974,01272026074652448,Success,
1667,Office,34395 Jones Mews,1005589370,01272026074652448,Success,
14007,Office,241 Theodore Bridge,5731495282,01272026074652448,Success,
1667,Office,6788 Glebe Close,8784733066,01272026074652448,Success,
14007,Office,21885 Sandy Lane,7095235253,01272026074652448,Success,
1667,Office,4022 Adrian Estates,6244380305,01272026074652448,Success,
14007,Office,112 S Union Street,7451026831,01272026074652448,Success,
1667,Office,814 Grove Road,1581757214,01272026074652448,Success,
14007,Office,882 Mulberry Street,3701586229,01272026074652448,Success,
1667,Office,2385 Wilber Stream,3781412532,01272026074652448,Success,
14007,Office,4229 Ashlynn Knolls,4890308219,01272026074652448,Success,
1667,Office,68670 Schroeder Via,2306953813,01272026074652448,Success,
14007,Office,110 4th Street,8155046213,01272026074652448,Success,
1667,Office,5711 E State Street,3201816390,01272026074652448,Success,
14007,Office,6522 Streich Rest,9998527147,01272026074652448,Success,
1667,Office,9737 W 3rd Street,4135121768,01272026074652448,Success,
14007,Office,1736 Emmerich Flat,6603981566,01272026074652448,Success,
1667,Office,710 W Front Street,4530474213,01272026074652448,Success,
14007,Office,2726 Arnaldo Harbors,2563067787,01272026074652448,Success,
1667,Office,7233 Corkery Stravenue,8740167815,01272026074652448,Success,
14007,Office,58769 Oberbrunner Bypass,2849405167,01272026074652448,Success,
1667,Office,14608 Lake Street,3488885481,01272026074652448,Success,
14007,Office,90408 Ryder Field,2130287597,01272026074652448,Success,
1667,Office,81825 Fadel Gardens,3343468003,01272026074652448,Success,
14007,Office,8832 Hettinger Pike,9208641622,01272026074652448,Success,
1667,Office,91451 Lexi Knolls,8273683868,01272026074652448,Success,
14007,Office,7960 Locust Street,7031046136,01272026074652448,Success,
1667,Office,18486 University Avenue,6055218091,01272026074652448,Success,
14007,Office,36532 Lynch Valley,8744375198,01272026074652448,Success,
1667,Office,190 Melody Ville,5645857730,01272026074652448,Success,
14007,Office,471 Nyasia Common,6541212617,01272026074652448,Success,
1667,Office,3052 Crist Port,3428550383,01272026074652448,Success,
14007,Office,93896 Devyn Gateway,6705204863,01272026074652448,Success,
1667,Office,37435 S Grand Avenue,9218797996,01272026074652448,Success,
14007,Office,2534 Schmeler Fall,1189447292,01272026074652448,Success,
1667,Office,5351 Grange Avenue,9361157445,01272026074652448,Success,
14007,Office,8132 Dach Pike,1099992578,01272026074652448,Success,
1667,Office,36353 Oak Drive,9269949706,01272026074652448,Success,
14007,Office,21093 Dorothea Avenue,7027234433,01272026074652448,Success,
1667,Office,496 Adelle Extension,1087888345,01272026074652448,Success,
14007,Office,3187 Second Avenue,7208959935,01272026074652448,Success,
1667,Office,2320 Sawayn Village,3174122130,01272026074652448,Success,
14007,Office,8658 D'Amore Valley,1281512997,01272026074652448,Success,
1667,Office,4976 Ash Road,1505257477,01272026074652448,Success,
14007,Office,49070 S High Street,1097289644,01272026074652448,Success,
1667,Office,814 Windmill Close,7748930950,01272026074652448,Success,
14007,Office,62837 Wehner Turnpike,9684055920,01272026074652448,Success,
1667,Office,71507 Gerda Lodge,1925688526,01272026074652448,Success,
14007,Office,4554 Hickle Terrace,9449306142,01272026074652448,Success,
1667,Office,60070 Nader Manors,2767925538,01272026074652448,Success,
14007,Office,21420 S East Street,6074656500,01272026074652448,Success,
1667,Office,35483 Brenna Gateway,2472609897,01272026074652448,Success,
14007,Office,2657 Cavendish Road,8722754275,01272026074652448,Success,
1667,Office,38040 Mills Locks,1389044334,01272026074652448,Success,
14007,Office,4140 Grove Street,2193758726,01272026074652448,Success,
1667,Office,47767 Mayer Forks,1237653195,01272026074652448,Success,
14007,Office,30692 Stephania Parks,3513359037,01272026074652448,Success,
1667,Office,9769 Davion Dam,1206580106,01272026074652448,Success,
14007,Office,8195 Washington Road,7469465127,01272026074652448,Success,
1667,Office,6463 W Church Street,3145119339,01272026074652448,Success,
14007,Office,8367 State Avenue,5600587034,01272026074652448,Success,
1667,Office,657 Cemetery Road,6997813842,01272026074652448,Success,
14007,Office,81459 Natasha Junctions,6534820408,01272026074652448,Success,
1667,Office,875 Schneider Via,4409712420,01272026074652448,Success,
14007,Office,7725 Lucious Track,7129165220,01272026074652448,Success,
1667,Office,20842 Manor Road,7819649490,01272026074652448,Success,
14007,Office,70920 Eric Motorway,9435838334,01272026074652448,Success,
1667,Office,58595 N Lincoln Street,1102740750,01272026074652448,Success,
14007,Office,91940 High Road,1784477467,01272026074652448,Success,
1667,Office,3941 Moss Lane,1349209609,01272026074652448,Success,
14007,Office,623 Adams Junction,6062969881,01272026074652448,Success,
1667,Office,77629 N Bridge Street,9543987545,01272026074652448,Success,
14007,Office,33966 Francisca Valleys,7419603982,01272026074652448,Success,
1667,Office,9630 Watery Lane,7868442551,01272026074652448,Success,
14007,Office,5287 Kuphal Plains,4886747670,01272026074652448,Success,
1667,Office,242 Howard Street,8045953439,01272026074652448,Success,
14007,Office,204 Nora Villages,2859808782,01272026074652448,Success,
1667,Office,71852 Bauch Garden,7094593675,01272026074652448,Success,
14007,Office,3234 Rickey Walk,8833714671,01272026074652448,Success,
1667,Office,8787 Wehner Hill,5395810761,01272026074652448,Success,
14007,Office,79454 W 6th Avenue,9350063463,01272026074652448,Success,
1667,Office,82078 W Lake Street,7006795284,01272026074652448,Success,
14007,Office,1290 Savanna Plain,1454582494,01272026074652448,Success,
1667,Office,6080 Jones Freeway,8075089244,01272026074652448,Success,
14007,Office,9942 Crown Street,5703089591,01272026074652448,Success,
1667,Office,48106 Gerry Parkway,7930252558,01272026074652448,Success,
14007,Office,4883 O'Hara Ports,7467782006,01272026074652448,Success,
1667,Office,301 Park Crescent,2230496505,01272026074652448,Error,Duplicate contact
14007,Office,207 Nicolas Ford,3977502099,01272026074652448,Success,
1667,Office,467 Sierra Parks,6621825586,01272026074652448,Success,
14007,Office,739 Windmill Close,3873108134,01272026074652448,Success,
1667,Office,5435 Fisher Ford,2679652579,01272026074652448,Success,
14007,Office,77733 Sandy Streets,9697438154,01272026074652448,Success,
1667,Office,84747 Jedediah Mount,8213478262,01272026074652448,Success,
14007,Office,2515 Kaylie Extension,1163322106,01272026074652448,Success,
1667,Office,95224 Stevie Trafficway,5296716249,01272026074652448,Success,
14007,Office,9214 Predovic Grove,7316674086,01272026074652448,Success,
1667,Office,245 Trycia Summit,8369107630,01272026074652448,Success,
14007,Office,57240 Larch Close,9691011880,01272026074652448,Success,
1667,Office,6262 Margarett Junction,4581534917,01272026074652448,Success,
14007,Office,45088 Madison Street,1784476369,01272026074652448,Success,
1667,Office,54518 Brycen Cape,4787399941,01272026074652448,Success,
14007,Office,9766 Caleb Ramp,7677267925,01272026074652448,Success,
1667,Office,378 Edward Pines,3681356518,01272026074652448,Success,
14007,Office,36289 Strosin Lights,4398553961,01272026074652448,Success,
1667,Office,9939 Jules Points,4451950207,01272026074652448,Success,
14007,Office,8064 The Ridgeway,4573219327,01272026074652448,Success,
1667,Office,647 Erdman Gateway,7648228219,01272026074652448,Success,
14007,Office,50734 Feest Forks,6245182754,01272026074652448,Success,
1667,Office,31494 Graham Expressway,6968231977,01272026074652448,Success,
14007,Office,429 N Maple Street,7861138509,01272026074652448,Success,
1667,Office,596 Sydnie Rapid,6496201144,01272026074652448,Success,
14007,Office,724 Predovic Unions,5482778231,01272026074652448,Success,
1667,Office,300 Bauch Harbor,8398873828,01272026074652448,Success,
14007,Office,513 Billie View,3403342172,01272026074652448,Success,
1667,Office,70343 William Street,5322610411,01272026074652448,Success,
14007,Office,639 The Green,3276600959,01272026074652448,Success,
1667,Office,463 Gusikowski Lakes,6458125970,01272026074652448,Success,
14007,Office,17552 Geo Haven,6192127594,01272026074652448,Success,
1667,Office,766 Balistreri Crest,1627150355,01272026074652448,Success,
14007,Office,2153 Lukas Way,4368662818,01272026074652448,Success,
1667,Office,500 Oak Road,2158259384,01272026074652448,Success,
14007,Office,85118 Kuphal Fords,7757779636,01272026074652448,Success,
1667,Office,131 Reginald Trail,3557123228,01272026074652448,Success,
14007,Office,31544 Carter Key,5022767528,01272026074652448,Success,
1667,Office,1844 Salisbury Road,1740522538,01272026074652448,Success,
14007,Office,4376 Lindgren Radial,7809923078,01272026074652448,Success,
1667,Office,8486 Padberg Park,1054527852,01272026074652448,Success,
14007,Office,5570 Jast Knolls,5360132614,01272026074652448,Success,
1667,Office,674 Upton Skyway,4768553061,01272026074652448,Success,
14007,Office,699 Wiegand Ways,8707024066,01272026074652448,Success,
1667,Office,51890 Braun Walk,9113708504,01272026074652448,Success,
14007,Office,312 Dedric Turnpike,8015310006,01272026074652448,Success,
1667,Office,2586 Muller Pike,8788830904,01272026074652448,Success,
14007,Office,32648 Spring Street,8000085743,01272026074652448,Success,
1667,Office,21892 Hessel Cove,1830615483,01272026074652448,Success,
14007,Office,64110 Adam Hills,3566891339,01272026074652448,Success,
1667,Office,6967 Torp Fork,8179919188,01272026074652448,Success,
14007,Office,309 Morar Expressway,1474888844,01272026074652448,Success,
1667,Office,1821 Gleichner Drive,4345310680,01272026074652448,Success,
14007,Office,12563 Oak Street,6219820081,01272026074652448,Success,
1667,Office,6815 Main Street N,8855455933,01272026074652448,Success,
14007,Office,5533 Gail Divide,1563104882,01272026074652448,Success,
1667,Office,72453 Pablo Route,5682449533,01272026074652448,Success,
14007,Office,391 Thaddeus Mall,9415103631,01272026074652448,Success,
1667,Office,908 Carroll Lodge,3117063144,01272026074652448,Success,
14007,Office,9122 Grove Street,9562173524,01272026074652448,Success,
1667,Office,893 Lucienne Fall,3578489154,01272026074652448,Success,
14007,Office,9016 Ignacio Pines,2715008747,01272026074652448,Success,
1667,Office,21883 Wisozk Groves,8559697077,01272026074652448,Success,
14007,Office,26685 Gleason Extension,1489657401,01272026074652448,Success,
1667,Office,6525 Clyde Unions,2459601973,01272026074652448,Success,
14007,Office,2778 Nienow Ranch,2845948626,01272026074652448,Success,
1667,Office,260 Yost River,1177424734,01272026074652448,Success,
14007,Office,116 Reinger Cliffs,7356931284,01272026074652448,Success,
1667,Office,842 Stacy Terrace,8611938089,01272026074652448,Success,
14007,Office,1198 Hickory Street,2051322840,01272026074652448,Success,
1667,Office,453 Edison Road,3354599610,01272026074652448,Success,
14007,Office,4049 Hirthe Harbor,4105559277,01272026074652448,Success,
1667,Office,732 Waterloo Road,7145751571,01272026074652448,Success,
14007,Office,790 Karl Gardens,1622799567,01272026074652448,Success,
1667,Office,733 Clifford Highway,9606624393,01272026074652448,Success,
14007,Office,222 Haley Points,1240106760,01272026074652448,Success,
1667,Office,303 Lynch Court,2470992904,01272026074652448,Success,
14007,Office,85180 Mozelle Greens,4473338578,01272026074652448,Success,
1667,Office,55670 Kertzmann Radial,7925018746,01272026074652448,Success,
14007,Office,8476 Marcella Canyon,1026337295,01272026074652448,Success,
1667,Office,38221 Baumbach Mountains,3416116705,01272026074652448,Success,
14007,Office,39108 Brook Road,3290359051,01272026074652448,Success,
1667,Office,5899 Jeanette Crescent,3695186314,01272026074652448,Success,
14007,Office,239 Schuster Trafficway,8235460374,01272026074652448,Success,
1667,Office,93325 Shane Coves,1918285164,01272026074652448,Success,
14007,Office,2586 Franey Divide,8548238974,01272026074652448,Success,
1667,Office,58042 Highfield Avenue,3348212165,01272026074652448,Success,
14007,Office,515 Wellington Street,6338450641,01272026074652448,Success,
1667,Office,72267 Sanford Points,1460001207,01272026074652448,Success,
14007,Office,313 Pearl Street,7409675669,01272026074652448,Success,
1667,Office,28735 Deckow Center,4649675266,01272026074652448,Success,
14007,Office,6072 The Grange,1424133727,01272026074652448,Success,
1667,Office,8520 Hope Springs,6009714821,01272026074652448,Success,
14007,Office,884 Lemke Causeway,4291658380,01272026074652448,Success,
1667,Office,279 Nolan Well,6879108766,01272026074652448,Success,
14007,Office,407 Schuppe Corners,7980159026,01272026074652448,Success,
1667,Office,33198 N Pearl Street,1552598380,01272026074652448,Success,
14007,Office,52500 Freida Gardens,8280052215,01272026074652448,Success,
1667,Office,4333 Broadway,9821551925,01272026074652448,Success,
14007,Office,7373 Spring Gardens,2355297570,01272026074652448,Success,
1667,Office,8045 Treutel Dam,7099477570,01272026074652448,Success,
14007,Office,721 Duane Ville,6728916004,01272026074652448,Success,
1667,Office,625 Tristian Glen,1781145407,01272026074652448,Success,
14007,Office,105 Anderson Lock,5230117365,01272026074652448,Success,
1667,Office,2104 Pine Close,7037207646,01272026074652448,Success,
14007,Office,4097 Breana Neck,4076136081,01272026074652448,Success,
1667,Office,1903 Chadrick Curve,5336728066,01272026074652448,Success,
14007,Office,986 Maggio Heights,3952561202,01272026074652448,Success,
1667,Office,46036 Thiel Vista,6813984463,01272026074652448,Success,
14007,Office,35649 Ash Road,3877237229,01272026074652448,Success,
1667,Office,59782 Grange Road,4642309577,01272026074652448,Success,
14007,Office,5869 Runte Center,8562734734,01272026074652448,Success,
1667,Office,824 Witting Knoll,6265023980,01272026074652448,Success,
14007,Office,7279 Mohr Forks,6921088674,01272026074652448,Success,
1667,Office,291 Tommie Corner,8154629015,01272026074652448,Success,
14007,Office,450 Doyle Motorway,2129449332,01272026074652448,Success,
1667,Office,57854 Keebler Wells,5743779177,01272026074652448,Success,
14007,Office,6316 Delfina Fall,4565229328,01272026074652448,Success,
1667,Office,574 Kuhic Flat,7547599754,01272026074652448,Success,
14007,Office,1530 Cody Estates,3145527128,01272026074652448,Success,
1667,Office,817 Adams Street,5611450245,01272026074652448,Success,
14007,Office,74545 Altenwerth Corners,7476839061,01272026074652448,Success,
1667,Office,642 Weber Orchard,2475464103,01272026074652448,Success,
14007,Office,1762 N Harrison Street,4480357228,01272026074652448,Success,
1667,Office,6387 Pagac Lock,6134746820,01272026074652448,Success,
14007,Office,80029 S Center Street,9990736657,01272026074652448,Success,
1667,Office,71819 Genevieve Forest,8655249726,01272026074652448,Success,
14007,Office,9998 Henry Street,6740033534,01272026074652448,Success,
1667,Office,35096 Allie Curve,2176744854,01272026074652448,Success,
14007,Office,617 Izabella Crest,1379989037,01272026074652448,Success,
1667,Office,48255 Grange Close,4653844129,01272026074652448,Success,
14007,Office,748 Milton Road,7708917945,01272026074652448,Success,
1667,Office,94367 New Lane,8047415615,01272026074652448,Success,
14007,Office,51099 Green Close,3486433575,01272026074652448,Success,
1667,Office,874 S Central Avenue,2288328479,01272026074652448,Success,
14007,Office,393 Lenny Groves,5401275204,01272026074652448,Success,
1667,Office,31813 S Jefferson Street,3891020346,01272026074652448,Success,
14007,Office,135 Center Street,9954228962,01272026074652448,Success,
1667,Office,80759 Upton Corner,2730400088,01272026074652448,Success,
14007,Office,5859 Verna Station,7657216392,01272026074652448,Success,
1667,Office,8873 Anne Cape,3805249808,01272026074652448,Success,
14007,Office,645 Milton Fall,2099533651,01272026074652448,Success,
1667,Office,5524 Hartmann Locks,2906635955,01272026074652448,Success,
14007,Office,4113 Kirlin Ways,4524528365,01272026074652448,Success,
1667,Office,122 St Andrews Close,1736489382,01272026074652448,Success,
14007,Office,732 Sanford Divide,3686374868,01272026074652448,Success,
1667,Office,5135 McDermott Crest,8099603873,01272026074652448,Success,
14007,Office,718 Old Lane,8474373343,01272026074652448,Success,
1667,Office,8747 Beechwood Avenue,6855325981,01272026074652448,Success,
14007,Office,3349 W Lake Street,8578571073,01272026074652448,Success,
1667,Office,65993 Reece Rapids,2859571387,01272026074652448,Success,
14007,Office,63421 Dallas Canyon,3482719439,01272026074652448,Success,
1667,Office,38319 The Orchard,5003755086,01272026074652448,Success,
14007,Office,14223 Walker Pass,3289558329,01272026074652448,Success,
1667,Office,592 Hilpert Drives,7062788434,01272026074652448,Success,
14007,Office,10599 Milton Center,8629951605,01272026074652448,Success,
1667,Office,63520 Brekke Ridges,2802218153,01272026074652448,Success,
14007,Office,50015 Clinton Street,6401744012,01272026074652448,Success,
1667,Office,319 S Oak Street,3983454639,01272026074652448,Success,
14007,Office,7520 Euclid Avenue,4330099739,01272026074652448,Success,
1667,Office,9018 Beahan Lights,2263530608,01272026074652448,Success,
14007,Office,400 O'Hara Rue,1787558544,01272026074652448,Success,
1667,Office,91326 Alayna Ford,3560370993,01272026074652448,Success,
14007,Office,880 Joyce Shoal,7386846458,01272026074652448,Success,
1667,Office,792 Smith Villages,3702469441,01272026074652448,Success,
14007,Office,8112 Russel Passage,5417800780,01272026074652448,Success,
1667,Office,10906 Dedric Curve,3893819087,01272026074652448,Success,
14007,Office,41723 Myra Glens,7060724258,01272026074652448,Success,
1667,Office,528 W Washington Street,3890646939,01272026074652448,Success,
14007,Office,11099 Leda Cove,3139568666,01272026074652448,Success,
1667,Office,8326 Buck Road,5250461414,01272026074652448,Success,
14007,Office,2511 Parker Mews,5939171598,01272026074652448,Success,
1667,Office,8749 Nolan Centers,9894102202,01272026074652448,Success,
14007,Office,4565 Littel Passage,5289474599,01272026074652448,Success,
1667,Office,22603 Howe Passage,6734603586,01272026074652448,Success,
14007,Office,3964 Hawthorn Close,2594596853,01272026074652448,Success,
1667,Office,3359 Dell Turnpike,8158261867,01272026074652448,Success,
14007,Office,325 Johnathon Creek,8001416269,01272026074652448,Success,
1667,Office,47633 Schimmel Island,7484263582,01272026074652448,Success,
14007,Office,636 Orn Key,9554035554,01272026074652448,Success,
1667,Office,29161 Carolyne Wall,3629901864,01272026074652448,Success,
14007,Office,7669 Birch Road,4733980174,01272026074652448,Success,
1667,Office,209 Elliott Wall,8672275254,01272026074652448,Success,
14007,Office,490 Jacobi Hill,6132730976,01272026074652448,Success,
1667,Office,12402 Bednar Gateway,6618326183,01272026074652448,Success,
14007,Office,79222 Reggie Centers,6231208172,01272026074652448,Success,
1667,Office,163 E 2nd Street,6020139774,01272026074652448,Success,
14007,Office,7551 Trantow Overpass,5030140092,01272026074652448,Success,
1667,Office,863 Isom Spurs,2667538513,01272026074652448,Success,
14007,Office,38946 Stark Cove,7749598593,01272026074652448,Success,
1667,Office,937 Luz Forge,5173785890,01272026074652448,Success,
14007,Office,14172 State Avenue,5054758856,01272026074652448,Success,
1667,Office,976 Durward Mall,5519752684,01272026074652448,Success,
14007,Office,67038 Emmerich Run,5131971923,01272026074652448,Success,
1667,Office,656 Crawford Cape,5020494312,01272026074652448,Success,
14007,Office,96485 Bogisich Centers,2043104965,01272026074652448,Success,
1667,Office,5714 Oak Avenue,1689981536,01272026074652448,Success,
14007,Office,5539 Caden Terrace,7104050942,01272026074652448,Success,
1667,Office,861 Kris Walk,3083705743,01272026074652448,Success,
14007,Office,17003 Ullrich Lights,1393040248,01272026074652448,Success,
1667,Office,4513 Rowan Close,9715908178,01272026074652448,Success,
14007,Office,414 Renner Parkway,5083681190,01272026074652448,Success,
1667,Office,732 Hall Lane,3296878712,01272026074652448,Success,
14007,Office,8027 Lawrence Street,8128163480,01272026074652448,Success,
1667,Office,3150 Edmond Crescent,6025526326,01272026074652448,Success,
14007,Office,3962 Jamison Row,3931159994,01272026074652448,Success,
1667,Office,18059 Rosa Drive,2253103882,01272026074652448,Success,
14007,Office,45668 Shields Forge,4256252719,01272026074652448,Success,
1667,Office,3830 Clark Street,3297958354,01272026074652448,Success,
14007,Office,3455 Poplar Close,7966909631,01272026074652448,Success,
1667,Office,7492 Mina Cliff,9805062129,01272026074652448,Success,
14007,Office,2163 Larkin Junctions,4627545798,01272026074652448,Success,
1667,Office,93556 Olson Bridge,5474975889,01272026074652448,Success,
14007,Office,9729 Vandervort Highway,3200449580,01272026074652448,Success,
1667,Office,9096 Tyrel Place,2588369681,01272026074652448,Success,
14007,Office,873 Larkin Fields,4797835723,01272026074652448,Success,
1667,Office,23311 West End,5343198696,01272026074652448,Success,
14007,Office,142 Loma Place,2578537886,01272026074652448,Success,
1667,Office,21923 S Washington Street,8953733734,01272026074652448,Success,
14007,Office,579 Cordie Ports,6968126435,01272026074652448,Success,
1667,Office,6262 Rossie Drive,4731415339,01272026074652448,Success,
14007,Office,14370 Dibbert Route,9370532351,01272026074652448,Success,
1667,Office,32699 Arne Brooks,3243095657,01272026074652448,Success,
14007,Office,84384 Rath Expressway,4408049959,01272026074652448,Success,
1667,Office,523 Tom Cliffs,1162808976,01272026074652448,Success,
14007,Office,79388 Kuphal Lodge,4430104794,01272026074652448,Success,
1667,Office,44280 Tower Road,2079060008,01272026074652448,Success,
14007,Office,217 Laburnum Grove,8423545073,01272026074652448,Success,
1667,Office,8513 Lehner Light,9359086895,01272026074652448,Success,
14007,Office,23869 Roob Rapids,9134924132,01272026074652448,Success,
1667,Office,59240 Josephine Burg,5229665985,01272026074652448,Success,
14007,Office,82640 Hackett Springs,9123949196,01272026074652448,Success,
1667,Office,1398 Palma Extensions,7874688351,01272026074652448,Success,
14007,Office,745 Gorczany Rapid,8653219539,01272026074652448,Success,
1667,Office,6411 Blanda Court,7425468225,01272026074652448,Success,
14007,Office,31537 Langosh Tunnel,9396051575,01272026074652448,Success,
1667,Office,72917 Kuhlman Pine,3675719609,01272026074652448,Success,
14007,Office,14044 Larch Close,4856427060,01272026074652448,Success,
1667,Office,7441 South Road,8224097623,01272026074652448,Success,
14007,Office,1313 Borer Extension,3451590350,01272026074652448,Success,
1667,Office,8390 Hettinger Row,7435729160,01272026074652448,Success,
14007,Office,286 Castle Road,5253365703,01272026074652448,Success,
1667,Office,5893 Abernathy Point,7445488615,01272026074652448,Success,
14007,Office,1233 Caden Greens,4310559881,01272026074652448,Success,
1667,Office,76395 Marta Wall,8895574500,01272026074652448,Success,
14007,Office,8422 Windler Lake,4991127373,01272026074652448,Success,
1667,Office,274 Ridge Road,6715422681,01272026074652448,Success,
14007,Office,33515 Valentin Brooks,8416990380,01272026074652448,Success,
1667,Office,3118 Cory Ridges,9699503353,01272026074652448,Success,
14007,Office,24161 Krystel Village,4214751636,01272026074652448,Success,
1667,Office,7409 Farm Close,1026976565,01272026074652448,Success,
14007,Office,8761 Astrid Meadows,8512178311,01272026074652448,Success,
1667,Office,429 Kuhic Landing,4692566199,01272026074652448,Success,
14007,Office,1583 Main Road,2391123109,01272026074652448,Success,
1667,Office,786 Farrell Parks,8944134443,01272026074652448,Success,
14007,Office,332 S Jefferson Street,9732835310,01272026074652448,Success,
1667,Office,823 Jefferson Avenue,2889682412,01272026074652448,Success,
14007,Office,6683 Connelly Passage,2606381065,01272026074652448,Success,
1667,Office,13185 Jerde Via,8252738338,01272026074652448,Success,
14007,Office,131 Ash Close,8902121877,01272026074652448,Success,
1667,Office,304 Antoinette Valleys,9650380046,01272026074652448,Success,
14007,Office,301 Castle Lane,3669697820,01272026074652448,Success,
1667,Office,761 Jan Place,7516712401,01272026074652448,Success,
14007,Office,152 Miller Center,8801976304,01272026074652448,Success,
1667,Office,661 Lilyan Curve,3161969858,01272026074652448,Success,
14007,Office,6172 Candace Spurs,6897529274,01272026074652448,Success,
1667,Office,204 Wyman Port,1667135499,01272026074652448,Success,
14007,Office,512 Windsor Drive,9656247658,01272026074652448,Success,
1667,Office,487 Bret Ridges,3474587190,01272026074652448,Success,
14007,Office,60632 Hoppe Prairie,3238910422,01272026074652448,Success,
1667,Office,621 Brady Knolls,1228411718,01272026074652448,Success,
14007,Office,85190 Ray Streets,1289197894,01272026074652448,Success,
1667,Office,412 Adams Street,9952890608,01272026074652448,Success,
14007,Office,257 Durgan Walk,6042250063,01272026074652448,Success,
1667,Office,310 Genevieve Way,3750465204,01272026074652448,Success,
14007,Office,146 Blanda Glen,9239559463,01272026074652448,Success,
1667,Office,8563 Joana Extension,5752012886,01272026074652448,Success,
14007,Office,640 Kuhlman Ville,3475967320,01272026074652448,Success,
1667,Office,9185 Derwent Close,7392158297,01272026074652448,Success,
14007,Office,80693 State Street,5766078826,01272026074652448,Success,
1667,Office,887 Trantow Fields,5921605912,01272026074652448,Success,
14007,Office,9761 Crooks Springs,9859794779,01272026074652448,Success,
1667,Office,3660 Vince Mountains,9699324764,01272026074652448,Success,
14007,Office,1239 E Center Street,6004301281,01272026074652448,Success,
1667,Office,8187 Loraine Drives,3237067527,01272026074652448,Success,
14007,Office,11675 Alexie Extension,2451404048,01272026074652448,Success,
1667,Office,5220 Fisher Rapid,4782921550,01272026074652448,Success,
14007,Office,811 Vicente Street,7150317107,01272026074652448,Success,
1667,Office,430 St Mary's Road,1401830115,01272026074652448,Success,
14007,Office,7985 Noemi Underpass,5500845982,01272026074652448,Success,
1667,Office,85785 Mayert Land,7962763883,01272026074652448,Success,
14007,Office,50188 Cronin Point,8524091050,01272026074652448,Success,
1667,Office,40228 Old Road,3196674370,01272026074652448,Success,
14007,Office,60509 Forest Avenue,3317663598,01272026074652448,Success,
1667,Office,4838 Wintheiser Fields,8848753921,01272026074652448,Success,
14007,Office,8758 Reichert Stravenue,9906906304,01272026074652448,Success,
1667,Office,2126 Market Square,2191862081,01272026074652448,Success,
14007,Office,8692 Rath Valleys,7487731904,01272026074652448,Success,
1667,Office,671 Halvorson Curve,9393473606,01272026074652448,Success,
14007,Office,354 Wellington Street,6612656050,01272026074652448,Success,
1667,Office,470 Tressie Pines,9056602334,01272026074652448,Success,
14007,Office,36252 Giovani Ridge,9926296962,01272026074652448,Success,
1667,Office,951 Koch Ford,1238382913,01272026074652448,Success,
14007,Office,93059 Ned Shore,7784521439,01272026074652448,Success,
1667,Office,630 Johns Rapid,3028539973,01272026074652448,Success,
14007,Office,6899 Alvina Drives,3575618602,01272026074652448,Success,
1667,Office,254 4th Street,3574683702,01272026074652448,Success,
14007,Office,243 Chelsea Canyon,7035168022,01272026074652448,Success,
1667,Office,77495 Rolfson Flats,2963147119,01272026074652448,Success,
14007,Office,901 Shemar Lane,3198045363,01272026074652448,Success,
1667,Office,16466 East Street,6933941419,01272026074652448,Success,
14007,Office,465 Breitenberg Meadow,9878854621,01272026074652448,Success,
1667,Office,9520 Gislason Trafficway,3388306392,01272026074652448,Success,
14007,Office,628 Lehner Lakes,3248594076,01272026074652448,Success,
1667,Office,839 Main Street S,5622864649,01272026074652448,Success,
14007,Office,1240 Margie Green,2997360570,01272026074652448,Success,
1667,Office,8779 S Water Street,2533479757,01272026074652448,Success,
14007,Office,494 Springfield Road,9352273449,01272026074652448,Success,
1667,Office,46200 County Road,6865407974,01272026074652448,Success,
14007,Office,885 Laura Drive,7130241288,01272026074652448,Success,
1667,Office,391 E 12th Street,5155504609,01272026074652448,Success,
14007,Office,36052 Bobby Valley,6140506695,01272026074652448,Success,
1667,Office,96650 Karine Crossroad,7858879227,01272026074652448,Success,
14007,Office,6229 Ferry Road,3096712120,01272026074652448,Success,
1667,Office,2861 Carmine Green,1018694442,01272026074652448,Success,
14007,Office,6761 W Jefferson Street,1517287904,01272026074652448,Success,
1667,Office,22497 Smith Land,9860809168,01272026074652448,Success,
14007,Office,6076 Hazel Close,9107563119,01272026074652448,Success,
1667,Office,345 Wyman Freeway,5436448053,01272026074652448,Success,
14007,Office,17393 Zita Fall,5475167223,01272026074652448,Success,
1667,Office,33787 Bradtke Wall,6093630703,01272026074652448,Success,
14007,Office,55113 Sipes Skyway,3392724234,01272026074652448,Success,
1667,Office,9926 Michale Manor,1014712856,01272026074652448,Success,
14007,Office,695 Evan Plains,1336095344,01272026074652448,Success,
1667,Office,7587 Locust Street,7473292983,01272026074652448,Success,
14007,Office,2600 N 8th Street,3883734380,01272026074652448,Success,
1667,Office,62055 E North Street,2298843744,01272026074652448,Success,
14007,Office,67723 Jayda Common,7436556664,01272026074652448,Success,
1667,Office,199 Gleichner Park,5352877654,01272026074652448,Success,
14007,Office,71367 Simonis Trafficway,1864932060,01272026074652448,Success,
1667,Office,665 Fisher Road,7124436754,01272026074652448,Success,
14007,Office,9051 Bridie Cape,2592649875,01272026074652448,Success,
1667,Office,5369 Washington Avenue,5089780314,01272026074652448,Success,
14007,Office,64889 Lonny Walk,4705340275,01272026074652448,Success,
1667,Office,71558 Russell Street,5692456656,01272026074652448,Success,
14007,Office,1594 Osinski Locks,9687466449,01272026074652448,Success,
1667,Office,5810 Nakia Gardens,2720717974,01272026074652448,Success,
14007,Office,60570 Hirthe Brook,3566544547,01272026074652448,Success,
1667,Office,568 Reynolds Mountain,3926675972,01272026074652448,Success,
14007,Office,1153 The Fairway,2553518619,01272026074652448,Success,
1667,Office,89699 Beier Trail,9769122742,01272026074652448,Success,
14007,Office,3151 S High Street,7991940508,01272026074652448,Success,
1667,Office,93666 N Franklin Street,5393016330,01272026074652448,Success,
14007,Office,126 Schuppe Trail,1561890740,01272026074652448,Success,
1667,Office,41248 Broad Lane,8119545957,01272026074652448,Success,
14007,Office,84425 Main,3390734064,01272026074652448,Success,
1667,Office,75410 Alisha Cove,6806776840,01272026074652448,Success,
14007,Office,398 Kayla Circles,4890622876,01272026074652448,Success,
1667,Office,9035 Woodland Close,1472405514,01272026074652448,Success,
14007,Office,398 Rau Oval,1031996165,01272026074652448,Success,
1667,Office,9072 Timmothy Neck,9516308352,01272026074652448,Success,
14007,Office,1639 N Front Street,6607257385,01272026074652448,Success,
1667,Office,92598 E 10th Street,1773790678,01272026074652448,Success,
14007,Office,39306 The Chase,2245649939,01272026074652448,Success,
1667,Office,53101 Cross Street,8916248398,01272026074652448,Success,
14007,Office,272 Kenny Curve,7835566486,01272026074652448,Success,
1667,Office,12954 McLaughlin Mews,4207126031,01272026074652448,Success,
14007,Office,470 Hickory Street,8230345665,01272026074652448,Success,
1667,Office,9587 Haylee Lock,1785238093,01272026074652448,Success,
14007,Office,16626 E Church Street,9427113904,01272026074652448,Success,
1667,Office,9228 Betsy Junctions,9771139001,01272026074652448,Success,
14007,Office,43470 Champlin Mill,1567575008,01272026074652448,Success,
1667,Office,33640 Newton Road,3253125436,01272026074652448,Success,
14007,Office,8411 Tamia Valleys,3945847242,01272026074652448,Success,
1667,Office,8806 Marks Courts,7324460589,01272026074652448,Success,
14007,Office,38893 Bins Passage,2133544436,01272026074652448,Success,
1667,Office,141 Ernest Skyway,8395404355,01272026074652448,Success,
14007,Office,12249 Theo Mission,4699899567,01272026074652448,Success,
1667,Office,5718 Jake Route,1774622035,01272026074652448,Success,
14007,Office,52372 Bogan Junctions,5446310458,01272026074652448,Success,
1667,Office,45818 S Broad Street,4819074585,01272026074652448,Success,
14007,Office,7934 The Glebe,7591901119,01272026074652448,Success,
1667,Office,69290 Myles Drive,2946123308,01272026074652448,Success,
14007,Office,84528 Roma Unions,5547433276,01272026074652448,Success,
1667,Office,970 Abbie Centers,4765672111,01272026074652448,Success,
14007,Office,70972 South Road,1345414885,01272026074652448,Success,
1667,Office,293 Lillie Canyon,2726008614,01272026074652448,Success,
14007,Office,232 Crescent Road,1675240956,01272026074652448,Success,
1667,Office,25607 Olaf Springs,7471018774,01272026074652448,Success,
14007,Office,89195 Mertz Burgs,6681485343,01272026074652448,Success,
1667,Office,883 Abshire Gateway,8369508783,01272026074652448,Success,
14007,Office,1161 Mount Pleasant,2686820809,01272026074652448,Success,
1667,Office,60512 Genoveva Walk,8485632974,01272026074652448,Success,
14007,Office,86218 Weissnat Estate,1836961112,01272026074652448,Success,
1667,Office,139 The Glebe,2956970378,01272026074652448,Success,
14007,Office,1616 Woodlands,8046563519,01272026074652448,Success,
1667,Office,734 Bartell Plains,9804781648,01272026074652448,Success,
14007,Office,918 Hane Courts,4060188162,01272026074652448,Success,
1667,Office,22119 Gregorio Land,1897775431,01272026074652448,Success,
14007,Office,609 Destiny Drive,7430836654,01272026074652448,Success,
1667,Office,8534 Stella Villages,2062232246,01272026074652448,Success,
14007,Office,9659 Aubrey Oval,9928664201,01272026074652448,Success,
1667,Office,53168 Vicarage Lane,2692752828,01272026074652448,Success,
14007,Office,94450 Lee Street,9342053989,01272026074652448,Success,
1667,Office,15946 Washington Road,1297067462,01272026074652448,Success,
14007,Office,7580 Fleta Walks,4955844746,01272026074652448,Success,
1667,Office,17077 Balmoral Road,1614264187,01272026074652448,Success,
14007,Office,20222 Kiley Walk,5934584796,01272026074652448,Success,
1667,Office,924 Rebekah Mill,4551842883,01272026074652448,Success,
14007,Office,3831 Mertz Fork,2714281922,01272026074652448,Success,
1667,Office,6578 Market Square,4564531070,01272026074652448,Success,
14007,Office,5411 Hunter Path,1039656911,01272026074652448,Success,
1667,Office,527 E Maple Street,8798916814,01272026074652448,Success,
14007,Office,25986 Auer Center,6565830929,01272026074652448,Success,
1667,Office,10985 Albion Street,9694419377,01272026074652448,Success,
14007,Office,922 Waterloo Road,9355107267,01272026074652448,Success,
1667,Office,522 Rath Coves,9601322635,01272026074652448,Success,
14007,Office,85412 Liam Trail,2401036395,01272026074652448,Success,
1667,Office,99804 Johnston Squares,1483418309,01272026074652448,Success,
14007,Office,82336 Low Road,6919293772,01272026074652448,Success,
1667,Office,55083 Garrison Branch,8522737080,01272026074652448,Success,
14007,Office,677 The Ridgeway,8089877379,01272026074652448,Success,
1667,Office,36156 Gleason Glens,7602105011,01272026074652448,Success,
14007,Office,85778 Predovic Squares,6131252602,01272026074652448,Success,
1667,Office,6622 Herzog Spring,8201616255,01272026074652448,Success,
14007,Office,32455 Royce Burgs,6862942467,01272026074652448,Success,
1667,Office,50827 Pacocha Pass,7268756270,01272026074652448,Success,
14007,Office,5788 Idella Station,2262150855,01272026074652448,Success,
1667,Office,607 W Center Street,9670786269,01272026074652448,Success,
14007,Office,8473 Garden Close,7975746645,01272026074652448,Success,
1667,Office,410 Brian Common,8350365402,01272026074652448,Success,
14007,Office,83650 The Glebe,5967197507,01272026074652448,Success,
1667,Office,896 State Avenue,2478479503,01272026074652448,Success,
14007,Office,27199 Hegmann Glens,4636029909,01272026074652448,Success,
1667,Office,81999 Bauch Curve,4750363947,01272026074652448,Success,
14007,Office,984 Charlene Curve,7373309074,01272026074652448,Success,
1667,Office,26422 Gibson Spring,7880103227,01272026074652448,Success,
14007,Office,49475 S Main Street,8699572047,01272026074652448,Success,
1667,Office,4199 Lansdowne Road,9205781522,01272026074652448,Success,
14007,Office,101 Windsor Drive,5551476611,01272026074652448,Success,
1667,Office,964 Francis Junctions,2919345759,01272026074652448,Success,
14007,Office,40283 W Elm Street,3300007440,01272026074652448,Success,
1667,Office,38639 Jacky Neck,3491098215,01272026074652448,Success,
14007,Office,1307 Jessie Crossing,6872874736,01272026074652448,Success,
1667,Office,834 Corkery Gardens,9142491466,01272026074652448,Success,
14007,Office,7294 13th Street,2819704119,01272026074652448,Success,
1667,Office,743 Noe Center,7022983029,01272026074652448,Success,
14007,Office,71107 E Church Street,7940275104,01272026074652448,Success,
1667,Office,6842 Wilma Club,7480989781,01272026074652448,Success,
14007,Office,38685 Bath Road,6846967886,01272026074652448,Success,
1667,Office,956 Prohaska Route,9338903364,01272026074652448,Success,
14007,Office,377 W Front Street,4655927424,01272026074652448,Success,
1667,Office,94521 Schulist Knolls,1807275933,01272026074652448,Success,
14007,Office,964 Ritchie Wall,8392209325,01272026074652448,Success,
1667,Office,775 Beech Road,7255197529,01272026074652448,Success,
14007,Office,5561 Church Walk,1435433651,01272026074652448,Success,
1667,Office,163 Mariam Causeway,8652662352,01272026074652448,Success,
14007,Office,456 Fisher Fort,8329856170,01272026074652448,Success,
1667,Office,9255 Arno Spur,9916723195,01272026074652448,Success,
14007,Office,8435 Church Close,2019909915,01272026074652448,Success,
1667,Office,7508 Kelli Cliff,1531348490,01272026074652448,Success,
14007,Office,69028 Mertie Trafficway,2550135958,01272026074652448,Success,
1667,Office,73377 Brown Meadow,8773208266,01272026074652448,Success,
14007,Office,6824 Schuster Branch,4136788820,01272026074652448,Success,
1667,Office,76520 Sheila Wall,5458951466,01272026074652448,Success,
14007,Office,38968 S 6th Street,8085529286,01272026074652448,Success,
1667,Office,658 Welch Via,6446512555,01272026074652448,Success,
14007,Office,814 Marks Club,7025887179,01272026074652448,Success,
1667,Office,844 Park Street,2464064713,01272026074652448,Success,
14007,Office,4816 Lavern Drives,5753466048,01272026074652448,Success,
1667,Office,957 America Mission,8301761924,01272026074652448,Success,
14007,Office,13890 Considine Mall,4904572257,01272026074652448,Success,
1667,Office,8086 Alfred Street,8646153790,01272026074652448,Success,
14007,Office,84463 Carter Via,9703032817,01272026074652448,Success,
1667,Office,11003 Ernser Lights,3173117950,01272026074652448,Success,
14007,Office,312 10th Street,3804772493,01272026074652448,Success,
1667,Office,67093 Beatrice Knolls,3502909000,01272026074652448,Success,
14007,Office,213 Pine Grove,9236623352,01272026074652448,Success,
1667,Office,38483 Elisa Orchard,4462324291,01272026074652448,Success,
14007,Office,28056 E 11th Street,4404640580,01272026074652448,Success,
1667,Office,161 Hillside Close,4816612778,01272026074652448,Success,
14007,Office,95298 Streich Glens,9146312815,01272026074652448,Success,
1667,Office,928 S Division Street,4651235104,01272026074652448,Success,
14007,Office,54393 Aron Summit,1859590233,01272026074652448,Success,
1667,Office,962 Santina Expressway,6986392368,01272026074652448,Success,
14007,Office,3269 Kuhlman Road,3164457914,01272026074652448,Success,
1667,Office,747 Nitzsche Burgs,9736497666,01272026074652448,Success,
14007,Office,82197 Reilly Port,9434405458,01272026074652448,Success,
1667,Office,6342 Laburnum Grove,9095982594,01272026074652448,Success,
14007,Office,8693 Aliya Causeway,2093183311,01272026074652448,Success,
1667,Office,27718 Mazie Brooks,8827785463,01272026074652448,Success,
14007,Office,93967 Willow Road,4604292517,01272026074652448,Success,
1667,Office,550 Caroline Throughway,6630857401,01272026074652448,Success,
14007,Office,176 Trudie Station,6679800859,01272026074652448,Success,
1667,Office,963 Ortiz View,6652470217,01272026074652448,Success,
14007,Office,3148 Highfield Avenue,7046104895,01272026074652448,Success,
1667,Office,888 Vella Divide,8310464424,01272026074652448,Success,
14007,Office,521 Leannon Center,1933750223,01272026074652448,Success,
1667,Office,1817 Devon Camp,5377303110,01272026074652448,Success,
14007,Office,9545 Tromp Freeway,8470793280,01272026074652448,Success,
1667,Office,3608 The Paddock,1940392147,01272026074652448,Success,
14007,Office,1046 Park Lane,5536530749,01272026074652448,Success,
1667,Office,7152 Hodkiewicz Drives,6118740746,01272026074652448,Success,
14007,Office,68317 Reynolds Road,8306607805,01272026074652448,Success,
1667,Office,5896 Hagenes Underpass,9270214674,01272026074652448,Success,
14007,Office,63824 Douglas Crossing,4997461338,01272026074652448,Success,
1667,Office,348 Buckridge Loop,7830101419,01272026074652448,Success,
14007,Office,80003 Meadow View,7574775331,01272026074652448,Success,
1667,Office,2710 Carroll Valleys,4741825683,01272026074652448,Success,
14007,Office,172 Cedar Avenue,8772811167,01272026074652448,Success,
1667,Office,7237 Clara Hollow,3428216622,01272026074652448,Success,
14007,Office,8117 Russ Parks,6640450685,01272026074652448,Success,
1667,Office,919 Fidel Flats,8120466093,01272026074652448,Success,
14007,Office,4590 Macey Mills,3191022290,01272026074652448,Success,
1667,Office,911 Mackenzie Mount,5865382172,01272026074652448,Success,
14007,Office,47293 Langosh Brook,1158118730,01272026074652448,Success,
1667,Office,68557 Marks Skyway,4851457301,01272026074652448,Success,
14007,Office,82132 King's Road,1863167370,01272026074652448,Success,
1667,Office,34217 Lincoln Well,2573941569,01272026074652448,Success,
14007,Office,47043 Norfolk Road,5424933678,01272026074652448,Success,
1667,Office,887 Schimmel Plain,4143720868,01272026074652448,Success,
14007,Office,9468 Will Brook,9369413742,01272026074652448,Success,
1667,Office,70377 Jamison Branch,4258918757,01272026074652448,Success,
14007,Office,361 Toy Field,7667663266,01272026074652448,Success,
1667,Office,635 Jocelyn Haven,3784271895,01272026074652448,Success,
14007,Office,2499 Christiana Crescent,3707277008,01272026074652448,Success,
1667,Office,119 Tomasa Brook,4488229314,01272026074652448,Success,
14007,Office,5939 Harber Track,6550941906,01272026074652448,Success,
1667,Office,84624 Lela Forges,9199164638,01272026074652448,Success,
14007,Office,15053 Oxford Street,4132605983,01272026074652448,Success,
1667,Office,387 Wunsch Flat,6606687603,01272026074652448,Success,
14007,Office,829 Valley Road,4057390940,01272026074652448,Success,
1667,Office,32561 Park Street,5904141091,01272026074652448,Success,
14007,Office,85573 Ash Road,5301700640,01272026074652448,Success,
1667,Office,249 Nelson Street,6821064102,01272026074652448,Success,
14007,Office,16709 Geoffrey Throughway,9725193328,01272026074652448,Success,
1667,Office,2713 Bramble Close,7002816758,01272026074652448,Success,
14007,Office,49398 Vena Lock,2981709628,01272026074652448,Success,
1667,Office,270 Shields Village,8591230099,01272026074652448,Success,
14007,Office,7881 Berge Ports,4774860451,01272026074652448,Success,
1667,Office,125 Amani Freeway,9670886724,01272026074652448,Success,
14007,Office,991 Huels Radial,5638492081,01272026074652448,Success,
1667,Office,114 Giovani Orchard,6945491834,01272026074652448,Success,
14007,Office,9046 W 4th Street,5092820962,01272026074652448,Success,
1667,Office,7682 Elnora Ways,7337620346,01272026074652448,Success,
14007,Office,211 Victoria Road,3304740805,01272026074652448,Success,
1667,Office,161 Alexzander View,8442128626,01272026074652448,Success,
14007,Office,943 Marlborough Road,4573073952,01272026074652448,Success,
1667,Office,23296 Derek Burg,8534026595,01272026074652448,Success,
14007,Office,39454 Wiegand Fall,2174647307,01272026074652448,Success,
1667,Office,71043 McClure Lock,8734904588,01272026074652448,Success,
14007,Office,97438 Crescent Road,6397833245,01272026074652448,Success,
1667,Office,94985 E 5th Street,9563082025,01272026074652448,Success,
14007,Office,886 Ferry Ports,6189851991,01272026074652448,Success,
1667,Office,5189 Hermann Grove,2017517656,01272026074652448,Success,
14007,Office,6745 Park View,7771072781,01272026074652448,Success,
1667,Office,71014 Arvel Groves,1613285185,01272026074652448,Success,
14007,Office,9535 Rachelle Plain,3497280904,01272026074652448,Success,
1667,Office,1312 Ferry Falls,9010714421,01272026074652448,Success,
14007,Office,39407 Fritz Prairie,7547407456,01272026074652448,Success,
1667,Office,2317 School Close,5249103756,01272026074652448,Success,
14007,Office,8866 Monahan Villages,9801343598,01272026074652448,Success,
1667,Office,463 N Central Avenue,3506623165,01272026074652448,Success,
14007,Office,6619 Jerrod Neck,8458365617,01272026074652448,Success,
1667,Office,8371 The Fairway,9273122197,01272026074652448,Success,
14007,Office,404 Jacinto Centers,4021644602,01272026074652448,Success,
1667,Office,90888 Nicholaus Inlet,2725676576,01272026074652448,Success,
14007,Office,63278 South Street,6328865121,01272026074652448,Success,
1667,Office,9052 Tara Causeway,6649196660,01272026074652448,Success,
14007,Office,5635 Hahn View,3333257615,01272026074652448,Success,
1667,Office,332 Rozella Place,6100952026,01272026074652448,Success,
14007,Office,7505 Elwin Shoals,2058313234,01272026074652448,Success,
1667,Office,82135 Market Square,7035987988,01272026074652448,Success,
14007,Office,95724 Kaleigh Springs,2059061787,01272026074652448,Success,
1667,Office,485 Hadley Overpass,8582082205,01272026074652448,Success,
14007,Office,8785 Kiera Drive,8738196496,01272026074652448,Success,
1667,Office,82982 Mulberry Street,9592461346,01272026074652448,Success,
14007,Office,2537 Hegmann Springs,3101816091,01272026074652448,Success,
1667,Office,6334 Central Avenue,7151029227,01272026074652448,Success,
14007,Office,55981 Upton Glen,9467620208,01272026074652448,Success,
1667,Office,13119 Deckow Viaduct,4596079498,01272026074652448,Success,
14007,Office,60544 Oak Drive,1924132729,01272026074652448,Success,
1667,Office,4618 Moises Extension,6524734687,01272026074652448,Success,
14007,Office,573 N East Street,9540439367,01272026074652448,Success,
1667,Office,49806 Mark Pine,4936138615,01272026074652448,Success,
14007,Office,599 Houston Lake,7413058763,01272026074652448,Success,
1667,Office,636 Miller Spring,1079834014,01272026074652448,Success,
14007,Office,4890 Block Causeway,6585117497,01272026074652448,Success,
1667,Office,621 Weston Crescent,4110873456,01272026074652448,Success,
14007,Office,44225 Trent Viaduct,1629264832,01272026074652448,Success,
1667,Office,44903 Tamia Groves,7846540448,01272026074652448,Success,
14007,Office,820 Adolphus Forest,1378292517,01272026074652448,Success,
1667,Office,637 W 11th Street,2802817815,01272026074652448,Success,
14007,Office,717 Rogahn Ramp,3953224064,01272026074652448,Success,
1667,Office,5584 Schulist Turnpike,5057972208,01272026074652448,Success,
14007,Office,97576 Marlene Forge,3416554662,01272026074652448,Success,
1667,Office,2538 Kunze Track,1491674018,01272026074652448,Success,
14007,Office,8430 Bogisich Mount,5280056436,01272026074652448,Success,
1667,Office,791 Waters Pass,3051786016,01272026074652448,Success,
14007,Office,197 River Street,8298983574,01272026074652448,Success,
1667,Office,655 Schulist Manor,6792615610,01272026074652448,Success,
14007,Office,1756 Johann Extension,1612856905,01272026074652448,Success,
1667,Office,92576 The Crescent,3324989544,01272026074652448,Success,
14007,Office,38130 Skyla Path,8475611824,01272026074652448,Success,
1667,Office,5824 Lue Ford,3978057642,01272026074652448,Success,
14007,Office,70853 Maggio Knoll,4183641807,01272026074652448,Success,
1667,Office,959 Kelsie Road,9996517334,01272026074652448,Success,
14007,Office,27722 Maximillia Motorway,9267211612,01272026074652448,Success,
1667,Office,148 Vincent Club,9758580900,01272026074652448,Success,
14007,Office,3956 Maryse Road,8359997378,01272026074652448,Success,
1667,Office,389 Nestor Knoll,7025415354,01272026074652448,Success,
14007,Office,30851 Freddy Corners,5046123051,01272026074652448,Success,
1667,Office,47222 W Chestnut Street,1818630317,01272026074652448,Success,
14007,Office,72858 Robel Locks,6407376405,01272026074652448,Success,
1667,Office,5520 Clarendon Road,4279588110,01272026074652448,Success,
14007,Office,5148 Third Street,1375596827,01272026074652448,Success,
1667,Office,47015 The Coppice,6279867461,01272026074652448,Success,
14007,Office,27148 Dariana Mall,8294448147,01272026074652448,Success,
1667,Office,267 Mills Street,1246545515,01272026074652448,Success,
14007,Office,48689 Eve Fields,4762794433,01272026074652448,Success,
1667,Office,87218 Claremont Road,6290380044,01272026074652448,Success,
14007,Office,601 Kemmer Cape,4567208226,01272026074652448,Success,
1667,Office,5572 St Mary's Close,7055984813,01272026074652448,Success,
14007,Office,7362 Harris Unions,8955576905,01272026074652448,Success,
1667,Office,43414 Brook Street,9152011726,01272026074652448,Success,
14007,Office,9690 Lake Street,4118204586,01272026074652448,Success,
1667,Office,9431 Leila Meadow,1490780743,01272026074652448,Success,
14007,Office,95608 DuBuque Courts,9235432803,01272026074652448,Success,
1667,Office,1882 Watery Lane,9187964076,01272026074652448,Success,
14007,Office,2474 Woodland Close,5234872951,01272026074652448,Success,
1667,Office,67948 Rolfson Extension,7072778500,01272026074652448,Success,
14007,Office,5761 W 2nd Street,9385336274,01272026074652448,Success,
1667,Office,52745 Gleichner Loaf,6212783770,01272026074652448,Success,
14007,Office,6681 Zoila Way,7079221353,01272026074652448,Success,
1667,Office,9848 Koch Harbors,7864565325,01272026074652448,Success,
14007,Office,255 Breanne Unions,2053097593,01272026074652448,Success,
1667,Office,13924 Otho Canyon,4301337928,01272026074652448,Success,
14007,Office,168 Cole Knoll,2342392303,01272026074652448,Success,
1667,Office,437 Gwen Landing,1709714670,01272026074652448,Success,
14007,Office,854 Zackery Corners,6758031030,01272026074652448,Success,
1667,Office,8841 Lizzie Wells,8287950700,01272026074652448,Success,
14007,Office,541 Lottie Viaduct,5893003983,01272026074652448,Success,
1667,Office,6938 Nikki Rapids,1852842817,01272026074652448,Success,
14007,Office,885 The Ridgeway,2033779076,01272026074652448,Success,
1667,Office,57291 Oak Street,2787791390,01272026074652448,Success,
14007,Office,871 S Chestnut Street,3258118168,01272026074652448,Success,
1667,Office,596 Sporer Ridges,9577753370,01272026074652448,Success,
14007,Office,51688 Kathlyn Rue,7725019953,01272026074652448,Success,
1667,Office,11684 Korbin Junctions,2521433244,01272026074652448,Success,
14007,Office,708 Zemlak Roads,9873602471,01272026074652448,Success,
1667,Office,8564 Wood Street,4903144917,01272026074652448,Success,
14007,Office,215 Mertz Key,1060318300,01272026074652448,Success,
1667,Office,553 Cormier Shore,8428403761,01272026074652448,Success,
14007,Office,38544 Main Street W,9582685553,01272026074652448,Success,
1667,Office,403 Long Lane,2320388311,01272026074652448,Success,
14007,Office,5151 Langworth Run,3023796177,01272026074652448,Success,
1667,Office,3881 Woodlands,1069750346,01272026074652448,Success,
14007,Office,621 Jared Pass,3384269039,01272026074652448,Success,
1667,Office,722 Josiah Brook,5670436556,01272026074652448,Success,
14007,Office,989 Cedar Avenue,4278729839,01272026074652448,Success,
1667,Office,6619 Jena Forks,8167963833,01272026074652448,Success,
14007,Office,93629 Maximillia Forges,4782835672,01272026074652448,Success,
1667,Office,49288 N 2nd Street,2976675367,01272026074652448,Success,
14007,Office,69367 Devan Village,7610567621,01272026074652448,Success,
1667,Office,6116 Marlene Well,8029174706,01272026074652448,Success,
14007,Office,3074 Yost Dam,7511992474,01272026074652448,Success,
1667,Office,5847 Meadow Close,2967242723,01272026074652448,Success,
14007,Office,7273 Kamryn Dam,2294136006,01272026074652448,Success,
1667,Office,5661 Raquel Greens,1216019747,01272026074652448,Success,
14007,Office,72035 Karen Tunnel,4343110597,01272026074652448,Success,
1667,Office,99593 Sven Hill,2210591300,01272026074652448,Success,
14007,Office,71056 Mill Lane,8127835965,01272026074652448,Success,
1667,Office,72885 St Mary's Close,8031394308,01272026074652448,Success,
14007,Office,13724 Mae Lakes,7941213736,01272026074652448,Success,
1667,Office,3372 Farm Close,4463033352,01272026074652448,Success,
14007,Office,732 Kuhic Drive,5244609044,01272026074652448,Success,
1667,Office,288 Back Lane,2594454757,01272026074652448,Success,
14007,Office,9085 Forest Avenue,4892826439,01272026074652448,Success,
1667,Office,13994 Helga Trail,4016882418,01272026074652448,Success,
14007,Office,990 The Paddock,2278552040,01272026074652448,Success,
1667,Office,517 Esta Keys,5346251697,01272026074652448,Success,
14007,Office,109 S 1st Street,2769387794,01272026074652448,Success,
1667,Office,41641 Laburnum Grove,3509277668,01272026074652448,Success,
14007,Office,538 Cow Lane,5113797292,01272026074652448,Success,
1667,Office,24249 Castle Street,1985382683,01272026074652448,Success,
14007,Office,898 Ericka Burgs,9531707189,01272026074652448,Success,
1667,Office,72369 Brielle Hollow,7699289131,01272026074652448,Success,
14007,Office,6140 Dariana Rest,2475233858,01272026074652448,Success,
1667,Office,57386 Dare Mountains,5270923097,01272026074652448,Success,
14007,Office,65902 Gudrun Trace,4078784494,01272026074652448,Success,
1667,Office,4549 Meadow Way,1622783007,01272026074652448,Success,
14007,Office,163 Block Crescent,4266620648,01272026074652448,Success,
1667,Office,29931 Cruickshank Crossroad,7457454301,01272026074652448,Success,
14007,Office,236 Riverside,7933886238,01272026074652448,Success,
1667,Office,3447 County Line Road,3821053106,01272026074652448,Success,
14007,Office,571 Church Lane,8249923578,01272026074652448,Success,
1667,Office,798 Dakota Mill,6674571865,01272026074652448,Success,
14007,Office,8499 Russ Ways,3369160873,01272026074652448,Success,
1667,Office,197 Milton Road,5443255316,01272026074652448,Success,
14007,Office,4023 Vandervort Glens,4386413171,01272026074652448,Success,
1667,Office,6415 Euclid Avenue,2418464277,01272026074652448,Success,
14007,Office,106 Kelton View,9705200333,01272026074652448,Success,
1667,Office,9189 Trinity Road,4526522492,01272026074652448,Success,
14007,Office,3215 Macy Falls,5363358469,01272026074652448,Success,
1667,Office,638 Carli Inlet,1797992303,01272026074652448,Success,
14007,Office,5806 Bulah Ville,9312565783,01272026074652448,Success,
1667,Office,63985 Dayne Estate,1420794298,01272026074652448,Success,
14007,Office,9969 Jerde Ridges,1515066506,01272026074652448,Success,
1667,Office,86706 McLaughlin Point,6997435971,01272026074652448,Success,
14007,Office,466 Hillside Close,8084752626,01272026074652448,Success,
1667,Office,82022 Beech Drive,9288232048,01272026074652448,Success,
14007,Office,1474 Claremont Road,9857543217,01272026074652448,Success,
1667,Office,6187 Cecil Ports,8969514510,01272026074652448,Success,
14007,Office,59694 Lueilwitz Manor,8367006446,01272026074652448,Success,
1667,Office,9745 Bell Lane,5327164028,01272026074652448,Success,
14007,Office,48064 Jose Lake,1163970360,01272026074652448,Success,
1667,Office,707 Jadon Mission,6663974663,01272026074652448,Success,
14007,Office,261 Stiedemann Lock,9359314880,01272026074652448,Success,
1667,Office,7526 Legros Inlet,8079458959,01272026074652448,Success,
14007,Office,71478 Cherry Street,7971602867,01272026074652448,Success,
1667,Office,1861 Parker Cliff,1772008794,01272026074652448,Success,
14007,Office,7766 Sydney Camp,3891123182,01272026074652448,Success,
1667,Office,3929 E River Road,1253498086,01272026074652448,Success,
14007,Office,671 Beech Close,5120315851,01272026074652448,Success,
1667,Office,715 Kiehn Rest,3705140121,01272026074652448,Success,
14007,Office,877 Cordie Course,6834978434,01272026074652448,Success,
1667,Office,6932 N Division Street,4937804051,01272026074652448,Success,
14007,Office,800 Gutmann Rue,1711277628,01272026074652448,Success,
1667,Office,939 Gilberto Stravenue,7357207404,01272026074652448,Success,
14007,Office,44297 Manchester Road,5399860186,01272026074652448,Success,
1667,Office,7542 Wolff Groves,2672709389,01272026074652448,Success,
14007,Office,8106 Prohaska Ports,6402034153,01272026074652448,Success,
1667,Office,6107 Kozey Cliff,9370153794,01272026074652448,Success,
14007,Office,390 Franecki Grove,4318085611,01272026074652448,Success,
1667,Office,60327 Robb Trafficway,7438836193,01272026074652448,Success,
14007,Office,5250 Rasheed Spur,4243222280,01272026074652448,Success,
1667,Office,39673 Ernser Shore,9131997582,01272026074652448,Success,
14007,Office,28276 Breitenberg Flat,2706596869,01272026074652448,Success,
1667,Office,67594 Swift Spurs,9870908623,01272026074652448,Success,
14007,Office,356 Arielle Coves,8931627680,01272026074652448,Success,
1667,Office,56957 7th Avenue,9894855367,01272026074652448,Success,
14007,Office,4035 Megane Inlet,6000789509,01272026074652448,Success,
1667,Office,52599 Violet Ranch,6502094374,01272026074652448,Success,
14007,Office,623 Justyn Plains,4658782343,01272026074652448,Success,
1667,Office,335 Blick Passage,2301629217,01272026074652448,Success,
14007,Office,371 Sammie Run,8231257170,01272026074652448,Success,
1667,Office,8042 Pierre Lights,5813807309,01272026074652448,Success,
14007,Office,21532 Jackson Street,2421731410,01272026074652448,Success,
1667,Office,6421 Swift Gardens,8414597442,01272026074652448,Success,
14007,Office,59196 Huels Stream,1184506304,01272026074652448,Success,
1667,Office,772 W Broadway Street,7985361960,01272026074652448,Success,
14007,Office,8374 Bria Row,7895441895,01272026074652448,Success,
1667,Office,232 Meadow Close,8139783306,01272026074652448,Success,
14007,Office,5888 Marquardt Orchard,3319278205,01272026074652448,Success,
1667,Office,727 Lynch Fork,2613604023,01272026074652448,Success,
14007,Office,6276 Deborah Meadow,6202259028,01272026074652448,Success,
1667,Office,1893 Elsa Route,4226741921,01272026074652448,Success,
14007,Office,9649 Emil Throughway,5493162338,01272026074652448,Success,
1667,Office,17308 Elm Road,3388511502,01272026074652448,Success,
14007,Office,71226 Lubowitz Mall,1447695302,01272026074652448,Success,
1667,Office,8177 W High Street,9806222065,01272026074652448,Success,
14007,Office,19802 The Paddock,6299853570,01272026074652448,Success,
1667,Office,576 S Broad Street,3125172893,01272026074652448,Success,
14007,Office,628 King Street,5996991282,01272026074652448,Success,
1667,Office,5904 Michale Highway,2479903415,01272026074652448,Success,
14007,Office,17347 Durward Valleys,8848301427,01272026074652448,Success,
1667,Office,7588 Jaylin Forge,8864199983,01272026074652448,Success,
14007,Office,8849 Greenholt Hill,2090376672,01272026074652448,Success,
1667,Office,3391 S Main,3656064084,01272026074652448,Success,
14007,Office,8120 Henry Street,3385901283,01272026074652448,Success,
1667,Office,2950 Western Road,5571565363,01272026074652448,Success,
14007,Office,62621 Barrows Drives,7578697202,01272026074652448,Success,
1667,Office,8673 Oak Drive,2321888760,01272026074652448,Success,
14007,Office,7873 Church Hill,1196806509,01272026074652448,Success,
1667,Office,59587 Roob Rapids,1192563100,01272026074652448,Success,
14007,Office,300 N Lincoln Street,5282867635,01272026074652448,Success,
1667,Office,5288 Jakubowski Manors,2381219336,01272026074652448,Success,
14007,Office,8519 Rice Radial,3620223464,01272026074652448,Success,
1667,Office,60415 Gleason Locks,1388490185,01272026074652448,Success,
14007,Office,965 Theresa Brook,6327232462,01272026074652448,Success,
1667,Office,527 Friesen Fort,6679444681,01272026074652448,Success,
14007,Office,538 Elta Plains,2369319144,01272026074652448,Success,
1667,Office,24666 Nicolas Forks,6025396317,01272026074652448,Success,
14007,Office,45366 S Franklin Street,7417442182,01272026074652448,Success,
1667,Office,13397 Wiegand Road,4763729445,01272026074652448,Success,
14007,Office,234 Harmony Route,4986781122,01272026074652448,Success,
1667,Office,972 Herzog Road,5298660021,01272026074652448,Success,
14007,Office,368 Poplar Avenue,2138359391,01272026074652448,Success,
1667,Office,76039 Friesen Estates,1289527005,01272026074652448,Success,
14007,Office,377 The Lane,7331831810,01272026074652448,Success,
1667,Office,312 Beech Close,6463791778,01272026074652448,Success,
14007,Office,8727 Eudora Coves,7057146461,01272026074652448,Success,
1667,Office,3453 Derwent Close,6792252521,01272026074652448,Success,
14007,Office,285 W 9th Street,3896941832,01272026074652448,Success,
1667,Office,43475 Jedidiah Course,6181332330,01272026074652448,Success,
14007,Office,8224 Jacobson Expressway,3913314062,01272026074652448,Success,
1667,Office,378 Erdman Park,8586436607,01272026074652448,Success,
14007,Office,7586 Mathew Brooks,5122231658,01272026074652448,Success,
1667,Office,317 Raleigh Mountains,3971553011,01272026074652448,Success,
14007,Office,9680 E North Street,6364837254,01272026074652448,Success,
1667,Office,4261 Ward Camp,7960774123,01272026074652448,Success,
14007,Office,93707 Sheridan Prairie,4129704439,01272026074652448,Success,
1667,Office,2160 Hagenes Park,9846777322,01272026074652448,Success,
14007,Office,8156 Roberta Fork,6594875759,01272026074652448,Success,
1667,Office,5430 Cassin View,9835696383,01272026074652448,Success,
14007,Office,9166 Poplar Road,8206053519,01272026074652448,Success,
1667,Office,77216 Bulah Brooks,7822699631,01272026074652448,Success,
14007,Office,7770 W Union Street,9070148032,01272026074652448,Success,
1667,Office,586 Dorthy Flats,1688526629,01272026074652448,Success,
14007,Office,805 Marietta Center,3468225774,01272026074652448,Success,
1667,Office,69699 Block Rapids,7484513949,01272026074652448,Success,
14007,Office,6428 Marjolaine Brook,2848329916,01272026074652448,Success,
1667,Office,9843 Eldridge Point,2259440102,01272026074652448,Success,
14007,Office,78302 Barton Road,5942145511,01272026074652448,Success,
1667,Office,1005 Kreiger Roads,9400449150,01272026074652448,Success,
14007,Office,5442 S 4th Street,4172886406,01272026074652448,Success,
1667,Office,311 Justine Spurs,3551989439,01272026074652448,Success,
14007,Office,596 Station Street,1358602013,01272026074652448,Success,
1667,Office,97369 University Avenue,1544211220,01272026074652448,Success,
14007,Office,2888 Elta Stravenue,2243589773,01272026074652448,Success,
1667,Office,4305 Cortez Stravenue,5437547826,01272026074652448,Success,
14007,Office,274 Nolan Park,8099878994,01272026074652448,Success,
1667,Office,624 Reichel Common,8272586672,01272026074652448,Success,
14007,Office,868 Chloe Mountains,7287601417,01272026074652448,Success,
1667,Office,4088 Jaskolski Club,4510987800,01272026074652448,Success,
14007,Office,97119 Jacky Streets,9039052456,01272026074652448,Success,
1667,Office,24448 Poplar Avenue,7351449771,01272026074652448,Success,
14007,Office,984 Turner Estate,1281666511,01272026074652448,Success,
1667,Office,9071 Lucinda Prairie,4907400371,01272026074652448,Success,
14007,Office,619 Lafayette Dale,4654816984,01272026074652448,Success,
1667,Office,52287 Mayer Rapids,1784514328,01272026074652448,Success,
14007,Office,55283 Darrick Loaf,8013201962,01272026074652448,Success,
1667,Office,52046 Rau Junction,8972709174,01272026074652448,Success,
14007,Office,6020 Yew Tree Close,1280527396,01272026074652448,Success,
1667,Office,485 E Grand Avenue,9996201142,01272026074652448,Success,
14007,Office,350 Third Street,6232385585,01272026074652448,Success,
1667,Office,40518 E Central Avenue,9067619820,01272026074652448,Success,
14007,Office,6845 7th Street,7572436729,01272026074652448,Success,
1667,Office,99571 Considine Fort,7829923566,01272026074652448,Success,
14007,Office,3070 Kohler Falls,5539721211,01272026074652448,Success,
1667,Office,9859 Dora Inlet,7392023784,01272026074652448,Success,
14007,Office,9374 Jaylen Center,7215097134,01272026074652448,Success,
1667,Office,7836 Celestino Shore,9650288620,01272026074652448,Success,
14007,Office,913 Gardner Viaduct,5603098346,01272026074652448,Success,
1667,Office,64619 Federico Wells,5234768431,01272026074652448,Success,
14007,Office,877 Abbigail Island,4246436630,01272026074652448,Success,
1667,Office,5505 Cemetery Road,5367882185,01272026074652448,Success,
14007,Office,895 N Locust Street,9477236162,01272026074652448,Success,
1667,Office,96985 Jonas Light,1905290691,01272026074652448,Success,
14007,Office,5384 Dixie Loaf,9498039372,01272026074652448,Success,
1667,Office,65884 Rusty Lock,4903155893,01272026074652448,Success,
14007,Office,26811 Homenick Passage,9752107810,01272026074652448,Success,
1667,Office,5081 E Bridge Street,3324909937,01272026074652448,Success,
14007,Office,220 Bosco Walks,6763907671,01272026074652448,Success,
1667,Office,516 Alvera Hills,4325413504,01272026074652448,Success,
14007,Office,972 Vandervort Motorway,9852273699,01272026074652448,Success,
1667,Office,69414 Honeysuckle Close,6191231240,01272026074652448,Success,
14007,Office,7716 South Street,8235471278,01272026074652448,Success,
1667,Office,97598 Harrison Underpass,6199057337,01272026074652448,Success,
14007,Office,53357 6th Street,8765625469,01272026074652448,Success,
1667,Office,3130 Third Avenue,9231577621,01272026074652448,Success,
14007,Office,46339 Heller Lock,5791726444,01272026074652448,Success,
1667,Office,70077 Meadow Drive,8658853723,01272026074652448,Success,
14007,Office,524 Waverley Road,4969657879,01272026074652448,Success,
1667,Office,68342 Amanda View,7283285876,01272026074652448,Success,
14007,Office,71682 Coty Streets,5326756315,01272026074652448,Success,
1667,Office,215 Ryan Street,4787129669,01272026074652448,Success,
14007,Office,86441 Central Street,5784164857,01272026074652448,Success,
1667,Office,3105 Johathan Ford,3335548543,01272026074652448,Success,
14007,Office,66787 Shanahan Shoal,3379353925,01272026074652448,Success,
1667,Office,28861 Kautzer Spring,8150293081,01272026074652448,Success,
14007,Office,1979 Jackson Street,5653837867,01272026074652448,Success,
1667,Office,913 Rau Stream,9597051390,01272026074652448,Success,
14007,Office,58510 Jack Orchard,2785802096,01272026074652448,Success,
1667,Office,543 Marvin Expressway,4162402893,01272026074652448,Success,
14007,Office,984 Raynor Court,9525692501,01272026074652448,Success,
1667,Office,2483 Fahey Grove,1033882318,01272026074652448,Success,
14007,Office,939 Buckridge Rapid,3916654894,01272026074652448,Success,
1667,Office,35207 Angel Burg,6952773419,01272026074652448,Success,
14007,Office,38589 Tillman River,1582871221,01272026074652448,Success,
1667,Office,52734 W 1st Street,9053193657,01272026074652448,Success,
14007,Office,702 Albert Road,3347318568,01272026074652448,Success,
1667,Office,4551 Powlowski Inlet,9497997665,01272026074652448,Success,
14007,Office,67264 Carolanne Skyway,3669143579,01272026074652448,Success,
1667,Office,937 Windsor Avenue,8072633930,01272026074652448,Success,
14007,Office,40389 Milton Street,5819919552,01272026074652448,Success,
1667,Office,560 E River Road,6265003269,01272026074652448,Success,
14007,Office,3292 Kertzmann Path,9671813164,01272026074652448,Success,
1667,Office,3785 Halvorson Groves,7105144698,01272026074652448,Success,
14007,Office,88825 Kelsie Mountain,7177266111,01272026074652448,Success,
1667,Office,25727 Furman Bypass,5102417980,01272026074652448,Success,
14007,Office,9864 Earnestine Flats,2037567330,01272026074652448,Success,
1667,Office,1804 Lubowitz Glens,1334470677,01272026074652448,Success,
14007,Office,463 Sasha Green,8336219311,01272026074652448,Success,
1667,Office,73440 Wiza Avenue,5991063363,01272026074652448,Success,
14007,Office,667 Rectory Lane,3528459112,01272026074652448,Success,
1667,Office,941 Darrel Corners,8967070581,01272026074652448,Success,
14007,Office,67523 Lodge Close,3176834957,01272026074652448,Success,
1667,Office,4112 Raynor Pines,4690393790,01272026074652448,Success,
14007,Office,40232 W Maple Street,7211664082,01272026074652448,Success,
1667,Office,39790 Hillside,3258704850,01272026074652448,Success,
14007,Office,85659 Shields Lights,4689555133,01272026074652448,Success,
1667,Office,711 Meadow Way,3313745074,01272026074652448,Success,
14007,Office,3520 Guiseppe Mountains,4404335594,01272026074652448,Success,
1667,Office,21282 Boyle Rue,7200105185,01272026074652448,Success,
14007,Office,2990 Birch Close,9476196160,01272026074652448,Success,
1667,Office,9507 Stoney Lane,4153685579,01272026074652448,Success,
14007,Office,49886 Columbia Avenue,5044139506,01272026074652448,Success,
1667,Office,61208 Nolan Corner,5943186354,01272026074652448,Success,
14007,Office,884 Russell Street,3024553354,01272026074652448,Success,
1667,Office,6140 Juliana Forge,9412643929,01272026074652448,Success,
14007,Office,5352 Shanna Groves,1201832392,01272026074652448,Success,
1667,Office,229 Cathrine Villages,2088457310,01272026074652448,Success,
14007,Office,85583 College Street,7405489451,01272026074652448,Success,
1667,Office,41229 Kelton Shoal,5695907275,01272026074652448,Success,
14007,Office,964 N Lincoln Street,7833480665,01272026074652448,Success,
1667,Office,33592 Macejkovic Hollow,1058706893,01272026074652448,Success,
14007,Office,1314 Clifford Throughway,7016285166,01272026074652448,Success,
1667,Office,74898 Victoria Place,8540991282,01272026074652448,Success,
14007,Office,94510 Anjali Trail,2595493280,01272026074652448,Success,
1667,Office,2296 E River Road,1987687822,01272026074652448,Success,
14007,Office,98302 Brook Lane,8280899570,01272026074652448,Success,
1667,Office,34860 Patsy Ridge,2375190964,01272026074652448,Success,
14007,Office,82621 Zieme Skyway,4157195343,01272026074652448,Success,
1667,Office,93772 Albina Row,4622112440,01272026074652448,Success,
14007,Office,3080 The Croft,3585495559,01272026074652448,Success,
1667,Office,75105 Edwardo Orchard,4158103333,01272026074652448,Success,
14007,Office,321 Rosenbaum Rapid,6950694327,01272026074652448,Success,
1667,Office,554 Runte Causeway,3061379265,01272026074652448,Success,
14007,Office,77636 Halvorson Spring,5953957155,01272026074652448,Success,
1667,Office,372 Roberts Squares,7454642187,01272026074652448,Success,
14007,Office,32471 Ash Grove,3843847119,01272026074652448,Success,
1667,Office,380 W River Road,8048204427,01272026074652448,Success,
14007,Office,6993 Audreanne Manors,3473250716,01272026074652448,Success,
1667,Office,31662 Martin Luther King Jr Boulevard,7569715963,01272026074652448,Success,
14007,Office,697 Main Street S,5693955371,01272026074652448,Success,
1667,Office,34602 A Street,7461706805,01272026074652448,Success,
14007,Office,2606 Franecki Trace,6556627451,01272026074652448,Success,
1667,Office,395 Julia Lakes,9479739242,01272026074652448,Success,
14007,Office,240 Willow Street,7330519041,01272026074652448,Success,
1667,Office,73881 Kunze Walk,3072735029,01272026074652448,Success,
14007,Office,929 Emmitt View,7474876103,01272026074652448,Success,
1667,Office,2042 Jerome Row,3855305768,01272026074652448,Success,
14007,Office,1806 Anderson Plain,6660620457,01272026074652448,Success,
1667,Office,8867 Thompson Alley,3108255479,01272026074652448,Success,
14007,Office,57282 Stehr Circles,8952628412,01272026074652448,Success,
1667,Office,84161 Lueilwitz Union,2922552954,01272026074652448,Success,
14007,Office,670 Hauck Streets,8109878174,01272026074652448,Success,
1667,Office,88361 Sporer Cliffs,7137228618,01272026074652448,Success,
14007,Office,115 Joseph Run,5933407962,01272026074652448,Success,
1667,Office,3373 Elyssa Villages,3236527983,01272026074652448,Success,
14007,Office,353 Kuhn Shore,4785325488,01272026074652448,Success,
1667,Office,515 N 5th Street,3615304907,01272026074652448,Success,
14007,Office,8229 Macy Crest,5343314820,01272026074652448,Success,
1667,Office,170 O'Connell Point,6127099206,01272026074652448,Success,
14007,Office,8209 E Market Street,5306321503,01272026074652448,Success,
1667,Office,515 Josiah Islands,3368156716,01272026074652448,Success,
14007,Office,9663 Metz Keys,3572165859,01272026074652448,Success,
1667,Office,627 Muller Forest,1106796871,01272026074652448,Success,
14007,Office,77479 Leopold Grove,4611042799,01272026074652448,Success,
1667,Office,9565 Arvid Extensions,7491270482,01272026074652448,Success,
14007,Office,85383 Ash Close,8392005530,01272026074652448,Success,
1667,Office,14179 Stehr Orchard,7370341172,01272026074652448,Success,
14007,Office,5571 Market Place,9301792817,01272026074652448,Success,
1667,Office,3637 Lodge Lane,5640223269,01272026074652448,Success,
14007,Office,39296 Lebsack Crescent,4303584664,01272026074652448,Success,
1667,Office,1616 Forest Road,3220348738,01272026074652448,Success,
14007,Office,76001 Bradley Estates,2942927295,01272026074652448,Success,
1667,Office,3213 Shaina Forge,6715767253,01272026074652448,Success,
14007,Office,817 Birch Grove,8560018942,01272026074652448,Success,
1667,Office,9590 Sallie Throughway,6118012348,01272026074652448,Success,
14007,Office,8561 Water Lane,2426830181,01272026074652448,Success,
1667,Office,94719 Garnet Wall,3683561022,01272026074652448,Success,
14007,Office,1739 Beech Close,9156969721,01272026074652448,Success,
1667,Office,768 Bluebell Close,3994739606,01272026074652448,Success,
14007,Office,454 N Maple Street,7431542622,01272026074652448,Success,
1667,Office,39573 Grove Road,3483277969,01272026074652448,Success,
14007,Office,33136 Tillman Manors,6609282057,01272026074652448,Success,
1667,Office,518 Chestnut Street,3346781373,01272026074652448,Success,
14007,Office,86754 Adela Ranch,5123337974,01272026074652448,Success,
1667,Office,4796 Jenkins Lakes,9218330575,01272026074652448,Success,
14007,Office,6557 W 14th Street,4189645653,01272026074652448,Success,
1667,Office,2792 Waverley Road,6396075588,01272026074652448,Success,
14007,Office,51056 Glebe Close,9475723098,01272026074652448,Success,
1667,Office,1356 W 2nd Street,6273672422,01272026074652448,Success,
14007,Office,671 S East Street,8132869405,01272026074652448,Success,
1667,Office,1062 Auer Mission,4258322811,01272026074652448,Success,
14007,Office,63735 Jace Row,1656611229,01272026074652448,Success,
1667,Office,1030 Shanahan Grove,5098268412,01272026074652448,Success,
14007,Office,9588 S 10th Street,6157101965,01272026074652448,Success,
1667,Office,40675 Halvorson Cape,1113900597,01272026074652448,Success,
14007,Office,78166 Grant Unions,1585818626,01272026074652448,Success,
1667,Office,784 S Pine Street,3060615000,01272026074652448,Success,
14007,Office,121 Maple Road,4073586437,01272026074652448,Success,
1667,Office,964 River Road,9954732302,01272026074652448,Success,
14007,Office,734 Piper Course,2184987593,01272026074652448,Success,
1667,Office,926 N Jackson Street,1157787849,01272026074652448,Success,
14007,Office,637 Harrison Avenue,8922431814,01272026074652448,Success,
1667,Office,45030 N East Street,3560944861,01272026074652448,Success,
14007,Office,21540 Johns Ranch,7759915014,01272026074652448,Success,
1667,Office,702 Akeem Lakes,9354061480,01272026074652448,Success,
14007,Office,33027 Torphy Wall,8370027336,01272026074652448,Success,
1667,Office,9997 West Street,6998102250,01272026074652448,Success,
14007,Office,4942 Larson Well,4242291310,01272026074652448,Success,
1667,Office,59459 Kelly Brook,2934822620,01272026074652448,Success,
14007,Office,68152 Easter Shore,2540971030,01272026074652448,Success,
1667,Office,43118 Leannon Hollow,4475993163,01272026074652448,Success,
14007,Office,78538 Easton Lane,7124741941,01272026074652448,Success,
1667,Office,7879 Jakubowski Orchard,2397497413,01272026074652448,Success,
14007,Office,35430 W 5th Street,8191180786,01272026074652448,Success,
1667,Office,19322 Grady Walks,2048548832,01272026074652448,Success,
14007,Office,717 Hazle Overpass,4997118069,01272026074652448,Success,
1667,Office,159 Jessyca Expressway,1544522853,01272026074652448,Success,
14007,Office,5125 Talon Burgs,5353343838,01272026074652448,Success,
1667,Office,15818 Poplar Road,2276270690,01272026074652448,Success,
14007,Office,1275 Madison Avenue,7175410518,01272026074652448,Success,
1667,Office,878 The Woodlands,4439136437,01272026074652448,Success,
14007,Office,86385 Zoie Brook,3657159284,01272026074652448,Success,
1667,Office,632 Amanda Hill,6636024791,01272026074652448,Success,
14007,Office,60780 Delmer Skyway,9759804121,01272026074652448,Success,
1667,Office,1941 Judge Fall,2820929763,01272026074652448,Success,
14007,Office,45310 Felicita Route,7002381950,01272026074652448,Success,
1667,Office,4443 Cronin Summit,1620129071,01272026074652448,Success,
14007,Office,45451 Dicki Mountains,5555601682,01272026074652448,Success,
1667,Office,77940 Marsh Lane,9456348638,01272026074652448,Success,
14007,Office,8547 Garden Close,9509371322,01272026074652448,Success,
1667,Office,9071 Thelma Shoal,8622359550,01272026074652448,Success,
14007,Office,7049 Wilber Ways,4940022881,01272026074652448,Success,
1667,Office,372 Main Street S,5802900130,01272026074652448,Success,
14007,Office,587 Newell Shoal,1389908121,01272026074652448,Success,
1667,Office,913 Newton Road,6710704197,01272026074652448,Success,
14007,Office,6952 W River Road,8569766075,01272026074652448,Success,
1667,Office,82813 Sally Turnpike,6898404810,01272026074652448,Success,
14007,Office,629 Robel Meadows,4278238565,01272026074652448,Success,
1667,Office,71623 Jefferson Avenue,3274473553,01272026074652448,Success,
14007,Office,868 Hintz Glen,6657791685,01272026074652448,Success,
1667,Office,41014 Damon Point,6089598729,01272026074652448,Success,
14007,Office,287 E 8th Street,5754720123,01272026074652448,Success,
1667,Office,42950 Ebert Shores,9926153861,01272026074652448,Success,
14007,Office,10160 Runolfsdottir Forge,5110584454,01272026074652448,Success,
1667,Office,4434 Lesch Pine,6848921505,01272026074652448,Success,
14007,Office,7932 Marquardt Loaf,7352419668,01272026074652448,Success,
1667,Office,98056 Martin Luther King Boulevard,5678319727,01272026074652448,Success,
14007,Office,11144 Royal Trail,6012681945,01272026074652448,Success,
1667,Office,57130 Josh Brook,1189738787,01272026074652448,Success,
14007,Office,67187 Chapel Hill,3479601709,01272026074652448,Success,
1667,Office,3717 Sterling Glen,9413234522,01272026074652448,Success,
14007,Office,8926 Fay Lock,2628903157,01272026074652448,Success,
1667,Office,270 Hahn Fields,1235300383,01272026074652448,Success,
14007,Office,2146 Batz Cliff,2315689127,01272026074652448,Success,
1667,Office,893 Woodlands Avenue,9302894975,01272026074652448,Success,
14007,Office,5368 School Lane,5294431471,01272026074652448,Success,
1667,Office,73617 Oak Street,4416781148,01272026074652448,Success,
14007,Office,23865 Balistreri Springs,7574465227,01272026074652448,Success,
1667,Office,1890 Mellie Field,5299257373,01272026074652448,Success,
14007,Office,84016 Hilpert Mills,8582534171,01272026074652448,Success,
1667,Office,748 Samantha Mall,4728548502,01272026074652448,Success,
14007,Office,303 Robel Green,5321028529,01272026074652448,Success,
1667,Office,3399 Harvey Road,3185847509,01272026074652448,Success,
14007,Office,9300 Edd Ranch,6332937894,01272026074652448,Success,
1667,Office,542 Barrows Manors,9395238724,01272026074652448,Success,
14007,Office,208 Hermiston Union,3195168955,01272026074652448,Success,
1667,Office,3549 Connelly Lane,5056013482,01272026074652448,Success,
14007,Office,67464 Jon Corners,2612087575,01272026074652448,Success,
1667,Office,763 Maple Road,7162627314,01272026074652448,Success,
14007,Office,13512 Hoeger Plains,4544536498,01272026074652448,Success,
1667,Office,31910 Earline Falls,6286725389,01272026074652448,Success,
14007,Office,9126 Chapel Road,4739365083,01272026074652448,Success,
1667,Office,3675 Pinkie Ramp,7167016254,01272026074652448,Success,
14007,Office,3029 Toy Harbor,9605206491,01272026074652448,Success,
1667,Office,491 Lake Road,6448044958,01272026074652448,Success,
14007,Office,7178 Brown Cove,6313058317,01272026074652448,Success,
1667,Office,92825 Salisbury Road,5687674574,01272026074652448,Success,
14007,Office,816 Batz Terrace,6785266743,01272026074652448,Success,
1667,Office,134 Arlo Mountain,7515404536,01272026074652448,Success,
14007,Office,989 Ashton Mews,8930837635,01272026074652448,Success,
1667,Office,34244 Albion Street,1630725000,01272026074652448,Success,
14007,Office,6344 Klocko Pike,9077102825,01272026074652448,Success,
1667,Office,35704 Wehner Curve,2516068136,01272026074652448,Success,
14007,Office,588 W Market Street,2456413637,01272026074652448,Success,
1667,Office,3611 Jefferson Street,4127703304,01272026074652448,Success,
14007,Office,2858 Lubowitz Villages,2075817033,01272026074652448,Success,
1667,Office,457 Vicarage Road,9804389736,01272026074652448,Success,
14007,Office,750 Steuber Lock,5381914019,01272026074652448,Success,
1667,Office,62105 Parker Court,4923907719,01272026074652448,Success,
14007,Office,3840 Pollich Trafficway,1765719680,01272026074652448,Success,
1667,Office,52073 William Ferry,6743394751,01272026074652448,Success,
14007,Office,7488 Feest Crest,8700728506,01272026074652448,Success,
1667,Office,94630 Richie Garden,1890350410,01272026074652448,Success,
14007,Office,131 Langworth Lane,1463431930,01272026074652448,Success,
1667,Office,1979 Vicarage Road,3910228939,01272026074652448,Success,
14007,Office,7925 Ridge Road,6337513483,01272026074652448,Success,
1667,Office,2607 Orlando Junction,2585436948,01272026074652448,Success,
14007,Office,18909 The Grove,6495269988,01272026074652448,Success,
1667,Office,617 Ethelyn Junction,3677238963,01272026074652448,Success,
14007,Office,267 Mose Mill,8475100770,01272026074652448,Success,
1667,Office,6993 Oaklands,5371438495,01272026074652448,Success,
14007,Office,64367 Broad Lane,4995354513,01272026074652448,Success,
1667,Office,335 Norma Green,1128181149,01272026074652448,Success,
14007,Office,5405 Crooks Lane,5684202222,01272026074652448,Success,
1667,Office,80838 Diamond Via,1798238639,01272026074652448,Success,
14007,Office,13118 Sherman Oval,8952114091,01272026074652448,Success,
1667,Office,232 Trey View,5365159107,01272026074652448,Success,
14007,Office,150 N Park Street,5502062063,01272026074652448,Success,
1667,Office,1156 Cormier Ville,8615766668,01272026074652448,Success,
14007,Office,3508 McGlynn Ridge,7041803954,01272026074652448,Success,
1667,Office,2351 Bechtelar Square,1044907299,01272026074652448,Success,
14007,Office,22815 Moore Ridge,4709916652,01272026074652448,Success,
1667,Office,3198 Hayes Ranch,6836392579,01272026074652448,Success,
14007,Office,380 Bednar Field,8991801733,01272026074652448,Success,
1667,Office,526 Brooke Fork,1459281061,01272026074652448,Success,
14007,Office,54542 Jettie Courts,9208194253,01272026074652448,Success,
1667,Office,4723 Stanley Street,4429274861,01272026074652448,Success,
14007,Office,70553 Nelson Street,3771491824,01272026074652448,Success,
1667,Office,52920 Ettie Knoll,7202784061,01272026074652448,Success,
14007,Office,4196 Birch Avenue,8104368264,01272026074652448,Success,
1667,Office,28219 Angie Port,9808382493,01272026074652448,Success,
14007,Office,27931 Meadow Lane,3591996405,01272026074652448,Success,
1667,Office,979 Damaris Crest,2624575108,01272026074652448,Success,
14007,Office,22250 Howell Burg,8202229383,01272026074652448,Success,
1667,Office,344 Elm Close,2239630927,01272026074652448,Success,
14007,Office,770 N Main Street,1064740151,01272026074652448,Success,
1667,Office,140 Honeysuckle Close,8235217512,01272026074652448,Success,
14007,Office,47210 Mossie Forest,1777050881,01272026074652448,Success,
1667,Office,610 Jeramie Point,5821406112,01272026074652448,Success,
14007,Office,551 County Line Road,3874473383,01272026074652448,Success,
1667,Office,71538 West View,2868636639,01272026074652448,Success,
14007,Office,1434 Farrell Cliff,6548244232,01272026074652448,Success,
1667,Office,71871 Harrison Avenue,8540012756,01272026074652448,Success,
14007,Office,68089 Klocko Meadow,8296996778,01272026074652448,Success,
1667,Office,25316 Colby Wells,6096341770,01272026074652448,Success,
14007,Office,7829 Hammes Centers,7402552374,01272026074652448,Success,
1667,Office,8477 Gleason Creek,1336118576,01272026074652448,Success,
14007,Office,2847 Castle Close,8559329811,01272026074652448,Success,
1667,Office,5584 Sipes Centers,3409655494,01272026074652448,Success,
14007,Office,5542 Willow Road,2860588228,01272026074652448,Success,
1667,Office,3909 Della Orchard,1446391582,01272026074652448,Success,
14007,Office,5136 Benedict Valleys,4899662347,01272026074652448,Success,
1667,Office,814 Beryl Canyon,5993401861,01272026074652448,Success,
14007,Office,12371 Veum Terrace,6812206639,01272026074652448,Success,
1667,Office,87191 Fay Spur,7857325497,01272026074652448,Success,
14007,Office,41075 Highland Avenue,1057500592,01272026074652448,Success,
1667,Office,15501 Kuhlman Route,8451764910,01272026074652448,Success,
14007,Office,2931 Abigale Dam,2827620220,01272026074652448,Success,
1667,Office,830 Hintz Extension,1442419804,01272026074652448,Success,
14007,Office,14672 Broadway,2419748918,01272026074652448,Success,
1667,Office,68546 Kaitlin Lodge,4144568734,01272026074652448,Success,
14007,Office,727 Alexa Junctions,6595748166,01272026074652448,Success,
1667,Office,160 Maci Orchard,5499838356,01272026074652448,Success,
14007,Office,319 Stokes Meadows,7332095362,01272026074652448,Success,
1667,Office,164 Salisbury Road,7285378549,01272026074652448,Success,
14007,Office,139 Elnora Ferry,7863774017,01272026074652448,Success,
1667,Office,2881 N 8th Street,6877700076,01272026074652448,Success,
14007,Office,488 Corbin Pike,5084649937,01272026074652448,Success,
1667,Office,32385 Raphaelle Unions,6535142810,01272026074652448,Success,
14007,Office,70948 Richie Port,3024137680,01272026074652448,Success,
1667,Office,7730 Bud Ramp,3508213342,01272026074652448,Success,
14007,Office,6117 Valley Road,2720757608,01272026074652448,Success,
1667,Office,84946 Considine Rapids,3048375166,01272026074652448,Success,
14007,Office,1440 Natalie Garden,6896195848,01272026074652448,Success,
1667,Office,37841 Stamm Fall,9906052275,01272026074652448,Success,
14007,Office,4046 Jason Wells,8632388863,01272026074652448,Success,
1667,Office,41856 Mertz Corners,9917245780,01272026074652448,Success,
14007,Office,6213 Corwin Motorway,2971387198,01272026074652448,Success,
1667,Office,11873 Haag Streets,7536447408,01272026074652448,Success,
14007,Office,6303 Walton Flat,6921694716,01272026074652448,Success,
1667,Office,46369 Mary Parkway,1510100488,01272026074652448,Success,
14007,Office,26989 Smitham Track,7911529500,01272026074652448,Success,
1667,Office,71757 N Church Street,1045278213,01272026074652448,Success,
14007,Office,6605 Boyle Turnpike,6370246322,01272026074652448,Success,
1667,Office,13445 Vicente Tunnel,6895564693,01272026074652448,Success,
14007,Office,264 Cummerata Lakes,9953779761,01272026074652448,Success,
1667,Office,2500 Princes Street,1225458655,01272026074652448,Success,
14007,Office,2095 Kohler Spring,2274963427,01272026074652448,Success,
1667,Office,4469 Russel Skyway,9641585667,01272026074652448,Success,
14007,Office,409 Griffin Ville,9886697697,01272026074652448,Success,
1667,Office,43393 S Broadway Street,8158840406,01272026074652448,Success,
14007,Office,81769 Hermiston Park,8429705062,01272026074652448,Success,
1667,Office,326 Hill Road,9364977451,01272026074652448,Success,
14007,Office,5041 Bell Lane,2462917954,01272026074652448,Success,
1667,Office,421 Brandi Land,2989475531,01272026074652448,Success,
14007,Office,92079 Forest Road,9311016004,01272026074652448,Success,
1667,Office,29706 School Lane,2269884779,01272026074652448,Success,
14007,Office,626 E Front Street,3607405362,01272026074652448,Success,
1667,Office,7093 Washington Road,9893354216,01272026074652448,Success,
14007,Office,992 Bettye Square,4308337114,01272026074652448,Success,
1667,Office,99692 Gleichner Run,9294095996,01272026074652448,Success,
14007,Office,67179 Delia Shoal,6611271956,01272026074652448,Success,
1667,Office,41110 Green Street,2036338382,01272026074652448,Success,
14007,Office,15468 East Road,3273811027,01272026074652448,Success,
1667,Office,20016 Brekke Drives,1152081395,01272026074652448,Success,
14007,Office,854 Nikolaus Stravenue,3407846084,01272026074652448,Success,
1667,Office,94064 Maynard Common,3867195121,01272026074652448,Success,
14007,Office,77734 Demetrius Points,6967451863,01272026074652448,Success,
1667,Office,904 Washington Avenue,2963798006,01272026074652448,Success,
14007,Office,891 Adolphus Mountains,1948008223,01272026074652448,Success,
1667,Office,415 Alvena Mills,9003211164,01272026074652448,Success,
14007,Office,2429 Kshlerin Garden,3954800468,01272026074652448,Success,
1667,Office,549 Paris Rest,5086946807,01272026074652448,Success,
14007,Office,16649 Volkman Views,4893588710,01272026074652448,Success,
1667,Office,4781 Jaskolski Ville,5172826157,01272026074652448,Success,
14007,Office,61689 N Franklin Street,3862353686,01272026074652448,Success,
1667,Office,17059 Terence Cape,1037662310,01272026074652448,Success,
14007,Office,7435 Jonathan Drives,5453339176,01272026074652448,Success,
1667,Office,5112 The Ridings,9555437269,01272026074652448,Success,
14007,Office,944 Broadway Avenue,6977492254,01272026074652448,Success,
1667,Office,365 Alysha Via,8411422615,01272026074652448,Success,
14007,Office,1310 S Broad Street,9431317374,01272026074652448,Success,
1667,Office,92868 Opal Knoll,3779505769,01272026074652448,Success,
14007,Office,5501 Judah Fort,8011481424,01272026074652448,Success,
1667,Office,1541 Greenway,6963968205,01272026074652448,Success,
14007,Office,701 Favian Alley,9830252404,01272026074652448,Success,
1667,Office,43610 Bahringer Ramp,9179051040,01272026074652448,Success,
14007,Office,537 Sammy Mews,2522353323,01272026074652448,Success,
1667,Office,6477 S Mill Street,4668977713,01272026074652448,Success,
14007,Office,2834 S Mill Street,4470934174,01272026074652448,Success,
1667,Office,65369 Volkman Rue,4210746282,01272026074652448,Success,
14007,Office,2160 Cristian Knoll,3974091705,01272026074652448,Success,
1667,Office,78667 Doug Common,4851573789,01272026074652448,Success,
14007,Office,8854 Brianne Court,3168605048,01272026074652448,Success,
1667,Office,50975 Jonathon Fall,9269791184,01272026074652448,Success,
14007,Office,82595 Cortney Isle,4565951786,01272026074652448,Success,
1667,Office,30476 W 1st Street,4757270345,01272026074652448,Success,
14007,Office,775 Schroeder Parkways,3698427194,01272026074652448,Success,
1667,Office,68254 Locust Street,6727997676,01272026074652448,Success,
14007,Office,759 Jaleel Estate,2773684275,01272026074652448,Success,
1667,Office,76581 Mitchell Key,2303309459,01272026074652448,Success,
14007,Office,751 Armani Estates,1047423169,01272026074652448,Success,
1667,Office,93896 Dennis Lodge,5671318465,01272026074652448,Success,
14007,Office,81161 Macejkovic Lodge,3699878885,01272026074652448,Success,
1667,Office,291 Bette Drive,5207527293,01272026074652448,Success,
14007,Office,9692 N Chestnut Street,7127393920,01272026074652448,Success,
1667,Office,108 Upton Gateway,1438640844,01272026074652448,Success,
14007,Office,6035 Verna Isle,8180609395,01272026074652448,Success,
1667,Office,617 Dach Light,4951650090,01272026074652448,Success,
14007,Office,562 Jessyca Island,6506969351,01272026074652448,Success,
1667,Office,10508 Mittie Manor,6115449720,01272026074652448,Success,
14007,Office,6751 Beechwood Avenue,2195755376,01272026074652448,Success,
1667,Office,4799 E Elm Street,9944450813,01272026074652448,Success,
14007,Office,27548 Rectory Close,3569253734,01272026074652448,Success,
1667,Office,903 15th Street,7480806821,01272026074652448,Success,
14007,Office,10212 Wilderman View,8406036545,01272026074652448,Success,
1667,Office,20994 Eduardo Passage,9259463388,01272026074652448,Success,
14007,Office,352 Frida Brooks,5717643827,01272026074652448,Success,
1667,Office,62020 Keeling Islands,9471875619,01272026074652448,Success,
14007,Office,6388 Mosciski Field,7692429894,01272026074652448,Success,
1667,Office,523 Welch Square,3063109387,01272026074652448,Success,
14007,Office,249 W 4th Avenue,3121555803,01272026074652448,Success,
1667,Office,10200 The Sidings,9650639394,01272026074652448,Success,
14007,Office,951 Arturo Crossing,9316908836,01272026074652448,Success,
1667,Office,20080 Erling Highway,3402765250,01272026074652448,Success,
14007,Office,7819 Stewart Neck,7920263136,01272026074652448,Success,
1667,Office,12345 Kuhlman Corner,7786520198,01272026074652448,Success,
14007,Office,314 Ibrahim Mall,3729224948,01272026074652448,Success,
1667,Office,5187 West Street,5055397312,01272026074652448,Success,
14007,Office,17917 Gutmann Views,1771738882,01272026074652448,Success,
1667,Office,777 Harrison Street,3697089383,01272026074652448,Success,
14007,Office,4909 Powlowski Centers,1828471199,01272026074652448,Success,
1667,Office,678 Kuhic Common,3364114617,01272026074652448,Success,
14007,Office,386 3rd Street,2228158586,01272026074652448,Success,
1667,Office,69584 Joy Place,7553338360,01272026074652448,Success,
14007,Office,68753 Kulas Dale,7259671441,01272026074652448,Success,
1667,Office,5303 Princess Street,1608444529,01272026074652448,Success,
14007,Office,54166 E 11th Street,3900635014,01272026074652448,Success,
1667,Office,50347 Princess Street,8054244045,01272026074652448,Success,
14007,Office,2196 Norberto Avenue,2132419401,01272026074652448,Success,
1667,Office,36353 Curtis Courts,9236842325,01272026074652448,Success,
14007,Office,561 Kautzer Centers,7001580200,01272026074652448,Success,
1667,Office,913 County Road,9706948935,01272026074652448,Success,
14007,Office,3488 Blanda Underpass,6776727219,01272026074652448,Success,
1667,Office,1098 Kilback Brook,9462464467,01272026074652448,Success,
14007,Office,460 Tavares Hills,1842936250,01272026074652448,Success,
1667,Office,5371 Kathryn Dale,4402994054,01272026074652448,Success,
14007,Office,34377 E Broadway,4792411794,01272026074652448,Success,
1667,Office,7637 Donnelly Drives,9661698845,01272026074652448,Success,
14007,Office,12453 Garnet Views,8401133980,01272026074652448,Success,
1667,Office,687 Walter Crossing,6968392938,01272026074652448,Success,
14007,Office,4955 Bernhard Inlet,8899305481,01272026074652448,Success,
1667,Office,623 Gerhold Bridge,3229426319,01272026074652448,Success,
14007,Office,86396 Yost Drive,3481319803,01272026074652448,Success,
1667,Office,886 Holden Creek,9107519205,01272026074652448,Success,
14007,Office,473 Zemlak Grove,7261503303,01272026074652448,Success,
1667,Office,818 Ursula Dam,7527516263,01272026074652448,Success,
14007,Office,69745 Berry Dale,2648829939,01272026074652448,Success,
1667,Office,2156 S 1st Street,7237958373,01272026074652448,Success,
14007,Office,7536 Honeysuckle Close,8932387068,01272026074652448,Success,
1667,Office,178 Ernie View,9382968509,01272026074652448,Success,
14007,Office,7625 Laurence Walk,1932163660,01272026074652448,Success,
1667,Office,7629 Rae Landing,6611186166,01272026074652448,Success,
14007,Office,3716 Avenue Road,9140634559,01272026074652448,Success,
1667,Office,5684 Rowe Radial,1342084069,01272026074652448,Success,
14007,Office,63943 Berge Villages,3601586007,01272026074652448,Success,
1667,Office,271 South View,1970323693,01272026074652448,Success,
14007,Office,23199 Marlborough Road,7027508780,01272026074652448,Success,
1667,Office,5792 W Union Street,4011712769,01272026074652448,Success,
14007,Office,32729 North Avenue,1706789919,01272026074652448,Success,
1667,Office,74693 DuBuque Pines,4237241952,01272026074652448,Success,
14007,Office,29800 Kuhn Field,7205087977,01272026074652448,Success,
1667,Office,40814 Valley Road,9378601623,01272026074652448,Success,
14007,Office,17236 Upton Lock,6388809389,01272026074652448,Success,
1667,Office,1403 Sporer Overpass,8979455691,01272026074652448,Success,
14007,Office,32831 Wilkinson Rapid,3440564323,01272026074652448,Success,
1667,Office,806 Canal Street,3971829722,01272026074652448,Success,
14007,Office,5647 Willms Spurs,1197650949,01272026074652448,Success,
1667,Office,2498 Mayfield Road,9201276989,01272026074652448,Success,
14007,Office,35383 Hoppe Coves,6235890522,01272026074652448,Success,
1667,Office,4919 Jacobs Passage,3883738899,01272026074652448,Success,
14007,Office,89918 Jeffrey Unions,4627357514,01272026074652448,Success,
1667,Office,85685 N 9th Street,8318045972,01272026074652448,Success,
14007,Office,195 Grant Extensions,5539496833,01272026074652448,Success,
1667,Office,6381 Main,2675934854,01272026074652448,Success,
14007,Office,4322 Sawayn Highway,6283378142,01272026074652448,Success,
1667,Office,86574 W Main,4040383494,01272026074652448,Success,
14007,Office,68166 Ash Road,5973264044,01272026074652448,Success,
1667,Office,395 Washington Road,5873203233,01272026074652448,Success,
14007,Office,559 Hilll Station,2036251051,01272026074652448,Success,
1667,Office,97672 Fredrick Knoll,2655879396,01272026074652448,Success,
14007,Office,191 Labadie Springs,9013065367,01272026074652448,Success,
1667,Office,7821 Bernice Lights,6113572196,01272026074652448,Success,
14007,Office,95343 The Chase,3992859559,01272026074652448,Success,
1667,Office,432 Golden Flats,9060101280,01272026074652448,Success,
14007,Office,71884 Salisbury Road,9463342817,01272026074652448,Success,
1667,Office,50481 Kunze Run,6646351953,01272026074652448,Success,
14007,Office,499 Sycamore Close,1652619550,01272026074652448,Success,
1667,Office,3963 W 7th Street,2488869022,01272026074652448,Success,
14007,Office,7157 Bobby Passage,6543820519,01272026074652448,Success,
1667,Office,544 Dannie Loop,4350267808,01272026074652448,Success,
14007,Office,554 Boundary Road,2088994204,01272026074652448,Success,
1667,Office,917 Reinger Knolls,5347830205,01272026074652448,Success,
14007,Office,828 Aurelio Port,2796473708,01272026074652448,Success,
1667,Office,34684 Senger Glen,9305398582,01272026074652448,Success,
14007,Office,897 Elsa Highway,4684548017,01272026074652448,Success,
1667,Office,72776 Laurine Bypass,7655649509,01272026074652448,Success,
14007,Office,348 Harber Neck,1143211468,01272026074652448,Success,
1667,Office,765 Crown Street,2993083117,01272026074652448,Success,
14007,Office,58003 Koss Divide,8397503110,01272026074652448,Success,
1667,Office,9696 O'Reilly Mill,6663253296,01272026074652448,Success,
14007,Office,119 Lansdowne Road,6271082401,01272026074652448,Success,
1667,Office,2318 Torp Landing,3739245389,01272026074652448,Success,
14007,Office,18000 Tiffany Junction,2320393092,01272026074652448,Success,
1667,Office,7692 Hintz Burgs,8133101292,01272026074652448,Success,
14007,Office,7405 Lesley Courts,3056667840,01272026074652448,Success,
1667,Office,11021 Rahsaan Harbors,4295290175,01272026074652448,Success,
14007,Office,3798 Gracie Avenue,8839638082,01272026074652448,Success,
1667,Office,358 Murray Mount,1939225262,01272026074652448,Success,
14007,Office,759 Oak Street,6218760398,01272026074652448,Success,
1667,Office,9314 Washington Street,7816909068,01272026074652448,Success,
14007,Office,93530 Skiles Parkways,4178016184,01272026074652448,Success,
1667,Office,767 Legros Well,3030011646,01272026074652448,Success,
14007,Office,58892 Kieran Points,9031292833,01272026074652448,Success,
1667,Office,808 Kerluke Plains,4615010961,01272026074652448,Success,
14007,Office,135 Manor Close,1351860415,01272026074652448,Success,
1667,Office,2280 E State Street,7718650297,01272026074652448,Success,
14007,Office,677 The Grove,6670793105,01272026074652448,Success,
1667,Office,8159 Shields Parkways,4310002985,01272026074652448,Success,
14007,Office,61627 Kozey Trail,4354093236,01272026074652448,Success,
1667,Office,3811 North Road,4854846906,01272026074652448,Success,
14007,Office,77148 Novella Ways,7622321381,01272026074652448,Success,
1667,Office,17713 Dashawn Ville,8468054343,01272026074652448,Success,
14007,Office,84317 Marquardt Canyon,6509854627,01272026074652448,Success,
1667,Office,477 Manor Way,8465786568,01272026074652448,Success,
14007,Office,1953 Eunice Manor,8718983233,01272026074652448,Success,
1667,Office,1336 Ara Mill,2974331942,01272026074652448,Success,
14007,Office,56990 Bechtelar Estates,8911331033,01272026074652448,Success,
1667,Office,137 Amelia Brooks,4445259443,01272026074652448,Success,
14007,Office,84009 Edgar Streets,2902976426,01272026074652448,Success,
1667,Office,9500 N Chestnut Street,5678055758,01272026074652448,Success,
14007,Office,391 Becker Ramp,3307861001,01272026074652448,Success,
1667,Office,200 E Bridge Street,2466979184,01272026074652448,Success,
14007,Office,3907 Senger Motorway,6476661226,01272026074652448,Success,
1667,Office,122 Dan Shoal,3887744331,01272026074652448,Success,
14007,Office,41936 Camylle Course,3312617475,01272026074652448,Success,
1667,Office,351 Iva Ranch,8542226330,01272026074652448,Success,
14007,Office,1463 Eugene Knoll,8304286299,01272026074652448,Success,
1667,Office,376 S Bridge Street,3934300878,01272026074652448,Success,
14007,Office,1915 Nickolas Estates,4300536059,01272026074652448,Success,
1667,Office,441 The Grove,2844973503,01272026074652448,Success,
14007,Office,4913 Lynch Wall,5854780511,01272026074652448,Success,
1667,Office,333 West Avenue,9514052625,01272026074652448,Success,
14007,Office,998 Victoria Street,5650682507,01272026074652448,Success,
1667,Office,91201 Albion Street,4089218566,01272026074652448,Success,
14007,Office,30543 Porter Lakes,7600709793,01272026074652448,Success,
1667,Office,5277 Ratke Loaf,3975566694,01272026074652448,Success,
14007,Office,23417 Lenora Landing,9516808580,01272026074652448,Success,
1667,Office,6307 Keeling Crest,1187613494,01272026074652448,Success,
14007,Office,64197 Shannon Green,3011059792,01272026074652448,Success,
1667,Office,78990 Moore Burgs,7764530446,01272026074652448,Success,
14007,Office,975 Von Cliff,8958771574,01272026074652448,Success,
1667,Office,1677 Oxford Street,1229903473,01272026074652448,Success,
14007,Office,225 Martin Luther King Boulevard,3616600688,01272026074652448,Success,
1667,Office,24026 Aubrey Club,5724498780,01272026074652448,Success,
14007,Office,70309 Halie Square,2911848305,01272026074652448,Success,
1667,Office,4356 Alana Loop,8006574137,01272026074652448,Success,
14007,Office,345 Wehner Bypass,2398769706,01272026074652448,Success,
1667,Office,3749 Turcotte Spring,1335240043,01272026074652448,Success,
14007,Office,35315 Ward Vista,9428215778,01272026074652448,Success,
1667,Office,5001 Nelle Forks,9789439417,01272026074652448,Success,
14007,Office,831 VonRueden Isle,9606322862,01272026074652448,Success,
1667,Office,6261 Meadow Close,5863462949,01272026074652448,Success,
14007,Office,14668 Beechwood Avenue,9986592181,01272026074652448,Success,
1667,Office,3305 Vernice Junction,8892688274,01272026074652448,Success,
14007,Office,7751 Alexa Wall,3144286844,01272026074652448,Success,
1667,Office,401 Bradtke Key,4046599465,01272026074652448,Success,
14007,Office,672 Sammie Pine,6030679957,01272026074652448,Success,
1667,Office,521 Bednar Forks,4806052290,01272026074652448,Success,
14007,Office,379 Howard Street,2662495693,01272026074652448,Success,
1667,Office,2783 Boundary Road,9876361893,01272026074652448,Success,
14007,Office,87364 Gladstone Road,7212443261,01272026074652448,Success,
1667,Office,2475 Considine Mall,1749634903,01272026074652448,Success,
14007,Office,3711 Dalton Vista,1346309787,01272026074652448,Success,
1667,Office,442 Osborne Hill,4084726701,01272026074652448,Success,
14007,Office,7445 Veterans Memorial Highway,7801241873,01272026074652448,Success,
1667,Office,1447 3rd Avenue,8832000090,01272026074652448,Success,
14007,Office,9774 Laurel Close,5231099565,01272026074652448,Success,
1667,Office,8695 S West Street,9044724659,01272026074652448,Success,
14007,Office,98167 Hills Plaza,8811469206,01272026074652448,Success,
1667,Office,91714 Hane Hills,2984001582,01272026074652448,Success,
14007,Office,176 Friesen Flats,5868621949,01272026074652448,Success,
1667,Office,7160 Bauch Ford,8101526199,01272026074652448,Success,
14007,Office,7815 Erna Ranch,3854126543,01272026074652448,Success,
1667,Office,7076 First Avenue,1103985477,01272026074652448,Success,
14007,Office,8450 Roberts Burgs,2239850060,01272026074652448,Success,
1667,Office,4926 Derwent Close,4711920801,01272026074652448,Success,
14007,Office,4173 Merl Park,6033517239,01272026074652448,Success,
1667,Office,2715 Dale Street,7448309705,01272026074652448,Success,
14007,Office,4599 E 3rd Street,3515572608,01272026074652448,Success,
1667,Office,656 Estefania Plaza,7428395199,01272026074652448,Success,
14007,Office,45181 Williamson Radial,3531384073,01272026074652448,Success,
1667,Office,126 Noe Forges,6228451599,01272026074652448,Success,
14007,Office,58008 South Drive,4763521368,01272026074652448,Success,
1667,Office,86657 Wendell Causeway,2301078677,01272026074652448,Success,
14007,Office,186 Gaetano Crest,7244122882,01272026074652448,Success,
1667,Office,20419 Daugherty Mills,8775876931,01272026074652448,Success,
14007,Office,843 Stiedemann Avenue,4467158482,01272026074652448,Success,
1667,Office,7338 Logan Junctions,2304665881,01272026074652448,Success,
14007,Office,1609 Mya Squares,8271441393,01272026074652448,Success,
1667,Office,66038 Garrison Shores,7818350106,01272026074652448,Success,
14007,Office,7524 Fredrick Plain,4920338996,01272026074652448,Success,
1667,Office,10128 Marquardt Manors,2877885947,01272026074652448,Success,
14007,Office,285 W Washington Avenue,7296823626,01272026074652448,Success,
1667,Office,136 Shanahan Inlet,1898412044,01272026074652448,Success,
14007,Office,185 Heller Route,8392833452,01272026074652448,Success,
1667,Office,95313 Heather Close,6525173822,01272026074652448,Success,
14007,Office,722 Wellington Valley,3803239443,01272026074652448,Success,
1667,Office,3730 Alena Springs,4037587246,01272026074652448,Success,
14007,Office,8758 Pagac Ferry,9827094161,01272026074652448,Success,
1667,Office,1526 N 9th Street,8981837184,01272026074652448,Success,
14007,Office,59463 Tre Village,5131949712,01272026074652448,Success,
1667,Office,652 Kassulke Brooks,2202129676,01272026074652448,Success,
14007,Office,9942 Towne Route,1323022386,01272026074652448,Success,
1667,Office,5433 Flossie Estates,4392720170,01272026074652448,Success,
14007,Office,28795 Trantow Glen,1338898242,01272026074652448,Success,
1667,Office,4584 Hall Lane,7830997923,01272026074652448,Success,
14007,Office,778 Corwin Crest,3655170526,01272026074652448,Success,
1667,Office,36853 Yasmeen Drives,4384756915,01272026074652448,Success,
14007,Office,3830 Marianna Causeway,3094167687,01272026074652448,Success,
1667,Office,6019 Aufderhar Crossing,2835555486,01272026074652448,Success,
14007,Office,92417 Medhurst Street,3393108630,01272026074652448,Success,
1667,Office,60892 Cartwright Valley,2048154614,01272026074652448,Success,
14007,Office,9382 Wren Close,6332092060,01272026074652448,Success,
1667,Office,8818 Spruce Street,5560914891,01272026074652448,Success,
14007,Office,6026 Schiller Circle,4300344989,01272026074652448,Success,
1667,Office,2972 Lula Well,5777791940,01272026074652448,Success,
14007,Office,5932 Baylee Mission,3182302022,01272026074652448,Success,
1667,Office,294 Emard Plain,6713901896,01272026074652448,Success,
14007,Office,4313 E High Street,8738716356,01272026074652448,Success,
1667,Office,18625 N Main Avenue,1019375098,01272026074652448,Success,
14007,Office,10337 E 6th Street,4518643192,01272026074652448,Success,
1667,Office,28651 Lincoln Road,7736668939,01272026074652448,Success,
14007,Office,772 Jaylan Trafficway,6906337342,01272026074652448,Success,
1667,Office,4371 Dietrich Meadows,3771213930,01272026074652448,Success,
14007,Office,52001 Towne Rapid,1871054472,01272026074652448,Success,
1667,Office,61027 Leffler Forges,6909240078,01272026074652448,Success,
14007,Office,16136 Jarrett Lights,5753052613,01272026074652448,Success,
1667,Office,68140 Riverside,3337853528,01272026074652448,Success,
14007,Office,89447 Angeline Terrace,7049713928,01272026074652448,Success,
1667,Office,345 Calista Corner,2903221555,01272026074652448,Success,
14007,Office,9384 Robel Heights,2287428705,01272026074652448,Success,
1667,Office,7945 Tyler Cape,5792821288,01272026074652448,Success,
14007,Office,862 Holly Close,6558937441,01272026074652448,Success,
1667,Office,9343 Woodland Close,2754311907,01272026074652448,Success,
14007,Office,619 Johns Drive,5764348247,01272026074652448,Success,
1667,Office,7674 Huel Road,5453642103,01272026074652448,Success,
14007,Office,998 Katlynn Fort,6805414956,01272026074652448,Success,
1667,Office,37003 Margarette Throughway,2137999273,01272026074652448,Success,
14007,Office,55517 Brookside,9843698347,01272026074652448,Success,
1667,Office,6581 Chauncey Cove,2368394176,01272026074652448,Success,
14007,Office,84434 Martin Luther King Drive,5544107489,01272026074652448,Success,
1667,Office,5158 E 9th Street,2014215738,01272026074652448,Success,
14007,Office,3308 Clarendon Road,2862161131,01272026074652448,Success,
1667,Office,38849 McLaughlin Loaf,8492884282,01272026074652448,Success,
14007,Office,912 Church Close,3587625887,01272026074652448,Success,
1667,Office,9696 The Avenue,5514235109,01272026074652448,Success,
14007,Office,52011 Macejkovic Islands,3004765298,01272026074652448,Success,
1667,Office,5248 Fisher Mission,1210597574,01272026074652448,Success,
14007,Office,629 Botsford Gardens,8762009749,01272026074652448,Success,
1667,Office,1958 Bernita Keys,1004915734,01272026074652448,Success,
14007,Office,81187 Ahmad Glen,3319366760,01272026074652448,Success,
1667,Office,100 The Oval,1269340930,01272026074652448,Success,
14007,Office,91167 Chapel Close,1858398029,01272026074652448,Success,
1667,Office,2164 Denis Meadows,3582756035,01272026074652448,Success,
14007,Office,2999 Nolan Route,9316016242,01272026074652448,Success,
1667,Office,27105 Jeanie Centers,5766163454,01272026074652448,Success,
14007,Office,697 Ansley Extension,8227813392,01272026074652448,Success,
1667,Office,5970 Coleman Rapid,4987349506,01272026074652448,Success,
14007,Office,57794 E Broad Street,5899100771,01272026074652448,Success,
1667,Office,65231 Cherry Close,3507879242,01272026074652448,Success,
14007,Office,92089 Willow Drive,7126280511,01272026074652448,Success,
1667,Office,647 Rempel Manors,9564609991,01272026074652448,Success,
14007,Office,6478 Lang Crossing,8858203387,01272026074652448,Success,
1667,Office,5554 Jackson Street,3562291830,01272026074652448,Success,
14007,Office,3627 Wiley Walk,6374009713,01272026074652448,Success,
1667,Office,340 Meda Run,2450102048,01272026074652448,Success,
14007,Office,5748 Alena Greens,8238373201,01272026074652448,Success,
1667,Office,351 Streich Terrace,2170240656,01272026074652448,Success,
14007,Office,862 Loyal Cliffs,7657170514,01272026074652448,Success,
1667,Office,533 Herminio Crossing,7323237178,01272026074652448,Success,
14007,Office,947 John Unions,5789727475,01272026074652448,Success,
1667,Office,4994 W Church Street,2751921318,01272026074652448,Success,
14007,Office,178 Considine Stream,5747310873,01272026074652448,Success,
1667,Office,41796 Donnelly View,4128127533,01272026074652448,Success,
14007,Office,2323 Wren Close,4391964979,01272026074652448,Success,
1667,Office,616 Floyd Walk,6448358331,01272026074652448,Success,
14007,Office,4994 Raymond Wall,1054482086,01272026074652448,Success,
1667,Office,805 N Railroad Street,1656818477,01272026074652448,Success,
14007,Office,1111 S Walnut Street,8914841558,01272026074652448,Success,
1667,Office,4314 The Square,9822945799,01272026074652448,Success,
14007,Office,87291 Woodland Close,6194148046,01272026074652448,Success,
1667,Office,95705 3rd Avenue,3202785109,01272026074652448,Success,
14007,Office,89849 Quarry Lane,5612794371,01272026074652448,Success,
1667,Office,51340 Prospect Place,8979548909,01272026074652448,Success,
14007,Office,6083 Wunsch Mountains,5393475578,01272026074652448,Success,
1667,Office,32253 Bergnaum Pines,8749590668,01272026074652448,Success,
14007,Office,4765 Wiza Land,4387042865,01272026074652448,Success,
1667,Office,371 Mount Street,4403509013,01272026074652448,Success,
14007,Office,97632 Renee Station,5493930401,01272026074652448,Success,
1667,Office,8468 Miller Port,1161762253,01272026074652448,Success,
14007,Office,742 Roslyn Way,5173397471,01272026074652448,Success,
1667,Office,81417 Bernard Views,8162757799,01272026074652448,Success,
14007,Office,207 Barn Close,6261621165,01272026074652448,Success,
1667,Office,19994 Mark Light,7915606841,01272026074652448,Success,
14007,Office,759 Willow Close,9927393184,01272026074652448,Success,
1667,Office,597 Wilburn Points,6732841118,01272026074652448,Success,
14007,Office,60187 Jaren Grove,5321811290,01272026074652448,Success,
1667,Office,317 Chapel Hill,8045422038,01272026074652448,Success,
14007,Office,905 Martine Island,1139339091,01272026074652448,Success,
1667,Office,5932 Andrew Lock,9846731304,01272026074652448,Success,
14007,Office,202 Magali Knoll,4520623519,01272026074652448,Success,
1667,Office,7922 Wilber Expressway,2014224119,01272026074652448,Success,
14007,Office,787 N Harrison Street,3255181589,01272026074652448,Success,
1667,Office,37454 Swift Rapid,5382201785,01272026074652448,Success,
14007,Office,24185 Mavis Lodge,4338098578,01272026074652448,Success,
1667,Office,625 Hyatt Burgs,7127753700,01272026074652448,Success,
14007,Office,8926 Dale Street,9674612333,01272026074652448,Success,
1667,Office,3424 Waters Lane,4900400162,01272026074652448,Success,
14007,Office,72900 Nicolas Harbors,1264228882,01272026074652448,Success,
1667,Office,3393 Nikolaus Cove,9396353799,01272026074652448,Success,
14007,Office,21227 O'Reilly Squares,8077966108,01272026074652448,Success,
1667,Office,777 Florine Falls,1830151126,01272026074652448,Success,
14007,Office,61709 E State Street,5715905440,01272026074652448,Success,
1667,Office,3249 O'Connell Falls,4635746557,01272026074652448,Success,
14007,Office,703 Gleichner Flat,1318060380,01272026074652448,Success,
1667,Office,54360 Reilly Springs,5266332407,01272026074652448,Success,
14007,Office,24337 Laverna Estate,6919927901,01272026074652448,Success,
1667,Office,5335 Skiles Shoals,6921843794,01272026074652448,Success,
14007,Office,726 N Broad Street,6286211317,01272026074652448,Success,
1667,Office,5816 W Main,6690646210,01272026074652448,Success,
14007,Office,7814 Runolfsson Valleys,1364921312,01272026074652448,Success,
1667,Office,97260 Spencer Wall,6250665155,01272026074652448,Success,
14007,Office,8437 Jaime Fork,4170863179,01272026074652448,Success,
1667,Office,58159 W Elm Street,3008105341,01272026074652448,Success,
14007,Office,99881 Cruickshank Garden,7516462641,01272026074652448,Success,
1667,Office,12889 Yew Tree Close,4752189061,01272026074652448,Success,
14007,Office,76494 Evalyn Center,5752455131,01272026074652448,Success,
1667,Office,893 Union Street,8226141272,01272026074652448,Success,
14007,Office,1490 Little Expressway,2249303520,01272026074652448,Success,
1667,Office,76353 13th Street,3459686005,01272026074652448,Success,
14007,Office,730 Rashad Shoal,6938546856,01272026074652448,Success,
1667,Office,693 Walter Meadow,4926849771,01272026074652448,Success,
14007,Office,6348 Richmond Road,8816614369,01272026074652448,Success,
1667,Office,528 Heaney Forest,9662772890,01272026074652448,Success,
14007,Office,145 The Oaks,2078590494,01272026074652448,Success,
1667,Office,381 S Union Street,2545708271,01272026074652448,Success,
14007,Office,86176 Elijah Summit,1157009428,01272026074652448,Success,
1667,Office,43192 Corwin Haven,1418759986,01272026074652448,Success,
14007,Office,451 Stoltenberg Viaduct,8559125901,01272026074652448,Success,
1667,Office,9190 Antoinette Ferry,2724404663,01272026074652448,Success,
14007,Office,7829 Jamel Stravenue,1848074854,01272026074652448,Success,
1667,Office,8703 Xander Mall,5762652448,01272026074652448,Success,
14007,Office,406 Trinity Road,2969761114,01272026074652448,Success,
1667,Office,47351 Barton Road,7267475283,01272026074652448,Success,
14007,Office,41338 Sofia Centers,6170758297,01272026074652448,Success,
1667,Office,34871 W Union Street,4391085922,01272026074652448,Success,
14007,Office,5361 Abbott Fords,9021824343,01272026074652448,Success,
1667,Office,7448 Bridgette Fork,9481213984,01272026074652448,Success,
14007,Office,879 Bradtke Mews,8183644084,01272026074652448,Success,
1667,Office,1080 Konopelski Springs,2103180904,01272026074652448,Success,
14007,Office,6002 Lodge Lane,8227653176,01272026074652448,Success,
1667,Office,8029 Kris Rapid,1667648763,01272026074652448,Success,
14007,Office,2848 Asa Expressway,9487476989,01272026074652448,Success,
1667,Office,18668 Greenwood Road,1429383009,01272026074652448,Success,
14007,Office,16582 Lavada Junction,2492289799,01272026074652448,Success,
1667,Office,83120 Church Road,3651989822,01272026074652448,Success,
14007,Office,64313 S 1st Avenue,9400058918,01272026074652448,Success,
1667,Office,357 Central Avenue,5488739338,01272026074652448,Success,
14007,Office,3308 Paucek Crescent,5137127343,01272026074652448,Success,
1667,Office,9849 Alvena Union,1477137976,01272026074652448,Success,
14007,Office,37644 Braulio Knoll,2561125416,01272026074652448,Success,
1667,Office,701 Herta Forge,1813165359,01272026074652448,Success,
14007,Office,464 Annamae Rapids,7711686434,01272026074652448,Success,
1667,Office,629 Francisca Via,4692994106,01272026074652448,Success,
14007,Office,58406 Jaclyn Keys,6129255189,01272026074652448,Success,
1667,Office,618 Wisoky Center,9024198362,01272026074652448,Success,
14007,Office,4440 Fadel Freeway,7889839550,01272026074652448,Success,
1667,Office,53680 Gibson Skyway,6825894662,01272026074652448,Success,
14007,Office,1879 Jadyn Road,1276833755,01272026074652448,Success,
1667,Office,406 Yundt Plain,4201077307,01272026074652448,Success,
14007,Office,6306 Commerce Street,5608995607,01272026074652448,Success,
1667,Office,82569 Steuber View,6593797509,01272026074652448,Success,
14007,Office,636 N Front Street,1764257515,01272026074652448,Success,
1667,Office,28832 Gordon Street,7591137505,01272026074652448,Success,
14007,Office,380 Brandt Ville,4515311298,01272026074652448,Success,
1667,Office,612 Lincoln Avenue,1708818558,01272026074652448,Success,
14007,Office,87205 Toy Overpass,2822252802,01272026074652448,Success,
1667,Office,85303 Jena Plaza,4569521157,01272026074652448,Success,
14007,Office,16133 Lulu Inlet,9638213198,01272026074652448,Success,
1667,Office,961 N 7th Street,3867483042,01272026074652448,Success,
14007,Office,27112 Chester Road,6105499570,01272026074652448,Success,
1667,Office,5057 Fourth Avenue,1026708037,01272026074652448,Success,
14007,Office,64987 Koss Islands,2845465049,01272026074652448,Success,
1667,Office,815 Sandy Lane,4287116354,01272026074652448,Success,
14007,Office,5901 N Division Street,9624262338,01272026074652448,Success,
1667,Office,766 Westgate,3138784464,01272026074652448,Success,
14007,Office,8369 Crescent Road,7713049177,01272026074652448,Success,
1667,Office,66719 Wiza Ridges,1175288920,01272026074652448,Success,
14007,Office,68884 Aidan Club,6120486477,01272026074652448,Success,
1667,Office,32321 County Road,1143314377,01272026074652448,Success,
14007,Office,26408 Church View,4131744326,01272026074652448,Success,
1667,Office,12266 London Road,4694295726,01272026074652448,Success,
14007,Office,27174 S 14th Street,3531457642,01272026074652448,Success,
1667,Office,9182 Tennyson Road,8741253773,01272026074652448,Success,
14007,Office,26976 Bode Prairie,9647686249,01272026074652448,Success,
1667,Office,13097 Simeon Place,4323453214,01272026074652448,Success,
14007,Office,81298 Kreiger Forest,8025480033,01272026074652448,Success,
1667,Office,287 Jenkins Lodge,3122238013,01272026074652448,Success,
14007,Office,7645 Luna Fall,4559713700,01272026074652448,Success,
1667,Office,939 The Orchard,9873171681,01272026074652448,Success,
14007,Office,414 Wilfredo Mews,7298456004,01272026074652448,Success,
1667,Office,34737 Krista Cove,7343902490,01272026074652448,Success,
14007,Office,5639 Zechariah Lane,6634188675,01272026074652448,Success,
1667,Office,187 Lakin Coves,1677490751,01272026074652448,Success,
14007,Office,17666 Highfield Road,8060771654,01272026074652448,Success,
1667,Office,40063 Bramble Close,6001012471,01272026074652448,Success,
14007,Office,55334 North Street,9275841144,01272026074652448,Success,
1667,Office,239 Sedrick Tunnel,3502926311,01272026074652448,Success,
14007,Office,7495 McDermott Viaduct,1535147030,01272026074652448,Success,
1667,Office,7033 Considine Ports,5614860819,01272026074652448,Success,
14007,Office,290 Mosciski Coves,3988049981,01272026074652448,Success,
1667,Office,76712 Station Street,5087229634,01272026074652448,Success,
14007,Office,1418 Rau Landing,2474437482,01272026074652448,Success,
1667,Office,173 West Street,7059980413,01272026074652448,Success,
14007,Office,993 Vincenzo Rapid,3805542546,01272026074652448,Success,
1667,Office,85784 Watery Lane,2629154519,01272026074652448,Success,
14007,Office,1069 Ortiz Shoals,3496870133,01272026074652448,Success,
1667,Office,32897 Jermey Route,3235082863,01272026074652448,Success,
14007,Office,43142 Kirlin Falls,2702853162,01272026074652448,Success,
1667,Office,69190 Reichel Harbor,8830638955,01272026074652448,Success,
14007,Office,3908 Riverside,6816320060,01272026074652448,Success,
1667,Office,62164 Jayda Neck,4286179734,01272026074652448,Success,
14007,Office,92122 Herman Prairie,5459958451,01272026074652448,Success,
1667,Office,1930 Brice Trafficway,5948301833,01272026074652448,Success,
14007,Office,81536 Jayden Shores,5942501383,01272026074652448,Success,
1667,Office,543 Conroy Spurs,4351252528,01272026074652448,Success,
14007,Office,340 The Oaks,4265242362,01272026074652448,Success,
1667,Office,95287 S 1st Street,5445508128,01272026074652448,Success,
14007,Office,368 Church Walk,8992994884,01272026074652448,Success,
1667,Office,836 Kuhlman Lane,4643132584,01272026074652448,Success,
14007,Office,87071 Valley Road,5739790698,01272026074652448,Success,
1667,Office,7637 Frederique Shoal,5370241664,01272026074652448,Success,
14007,Office,32259 Collins Unions,8543950105,01272026074652448,Success,
1667,Office,5042 Lemke Loaf,8919608983,01272026074652448,Success,
14007,Office,703 Zboncak Fields,2286993659,01272026074652448,Success,
1667,Office,5804 Funk Gardens,3331196445,01272026074652448,Success,
14007,Office,32411 Eusebio River,4625627070,01272026074652448,Success,
1667,Office,162 Bridge Street,9550391715,01272026074652448,Success,
14007,Office,81900 Legros Park,1272556766,01272026074652448,Success,
1667,Office,9116 Enola Court,7707378155,01272026074652448,Success,
14007,Office,90554 Morar Pass,7346483899,01272026074652448,Success,
1667,Office,9637 Nya Village,8479230674,01272026074652448,Success,
14007,Office,8945 Marisol Walk,5172920383,01272026074652448,Success,
1667,Office,86677 Lansdowne Road,7702460682,01272026074652448,Success,
14007,Office,627 Tierra Lakes,7844502309,01272026074652448,Success,
1667,Office,596 Duke Street,7035031588,01272026074652448,Success,
14007,Office,13119 Orpha Ports,2679491838,01272026074652448,Success,
1667,Office,49725 Washington Avenue,8454088965,01272026074652448,Success,
14007,Office,71242 E Bridge Street,3186213627,01272026074652448,Success,
1667,Office,9882 Fredrick Overpass,7632270403,01272026074652448,Success,
14007,Office,255 6th Street,1241657014,01272026074652448,Success,
1667,Office,44849 Kacey Port,9908240514,01272026074652448,Success,
14007,Office,34739 W Broadway Street,7418834738,01272026074652448,Success,
1667,Office,321 Hall Street,4047119787,01272026074652448,Success,
14007,Office,70986 Stone Falls,6680100469,01272026074652448,Success,
1667,Office,897 Franecki Locks,2279476140,01272026074652448,Success,
14007,Office,1758 Sporer Trail,7267215274,01272026074652448,Success,
1667,Office,14348 Nolan Expressway,9755191336,01272026074652448,Success,
14007,Office,3014 Aurore Estates,8075040370,01272026074652448,Success,
1667,Office,35607 Allan Bypass,2794081604,01272026074652448,Success,
14007,Office,93529 Church Hill,3489494949,01272026074652448,Success,
1667,Office,2917 King Curve,3618137023,01272026074652448,Success,
14007,Office,812 West Lane,2353967541,01272026074652448,Success,
1667,Office,80608 Annetta Court,1814142751,01272026074652448,Success,
14007,Office,1178 Ullrich Ridge,2668250850,01272026074652448,Success,
1667,Office,963 Farrell Isle,5624827938,01272026074652448,Success,
14007,Office,3887 Kennedi Track,7947571525,01272026074652448,Success,
1667,Office,32740 Prospect Street,7677860598,01272026074652448,Success,
14007,Office,55887 Klein Centers,5208819551,01272026074652448,Success,
1667,Office,5535 Walter Trafficway,4770307584,01272026074652448,Success,
14007,Office,878 Brook Road,9699128196,01272026074652448,Success,
1667,Office,236 School Lane,6813931030,01272026074652448,Success,
14007,Office,48314 Baker Street,1799648365,01272026074652448,Success,
1667,Office,4118 Quitzon Ridges,6281484201,01272026074652448,Success,
14007,Office,5082 Roel Villages,5104363520,01272026074652448,Success,
1667,Office,656 E Bridge Street,4313623903,01272026074652448,Success,
14007,Office,34403 Lockman Neck,1651670794,01272026074652448,Success,
1667,Office,322 Sanford Creek,4060959003,01272026074652448,Success,
14007,Office,228 Franklin Street,8778878875,01272026074652448,Success,
1667,Office,86110 Alf Fall,9470863714,01272026074652448,Success,
14007,Office,38840 Padberg Estate,3129914324,01272026074652448,Success,
1667,Office,64638 Vicarage Close,4367078364,01272026074652448,Success,
14007,Office,2871 Simeon Bridge,5069426028,01272026074652448,Success,
1667,Office,77050 Penelope Route,3707900208,01272026074652448,Success,
14007,Office,61898 Green Lane,3972886077,01272026074652448,Success,
1667,Office,66069 Matteo Ridges,8862100375,01272026074652448,Success,
14007,Office,870 W State Street,5331214189,01272026074652448,Success,
1667,Office,64893 Isobel Station,5411950720,01272026074652448,Success,
14007,Office,355 Green Close,5603760968,01272026074652448,Success,
1667,Office,746 Randall Wall,2135311498,01272026074652448,Success,
14007,Office,84615 The Meadows,4597210227,01272026074652448,Success,
1667,Office,23326 Cameron Wall,4622456489,01272026074652448,Success,
14007,Office,34202 S Railroad Street,4833467642,01272026074652448,Success,
1667,Office,191 Bayer Overpass,6138822650,01272026074652448,Success,
14007,Office,4180 S Main,6157544357,01272026074652448,Success,
1667,Office,6920 State Line Road,3379275480,01272026074652448,Success,
14007,Office,6481 Franklin Avenue,9567281697,01272026074652448,Success,
1667,Office,5027 Kunze Mall,5705439249,01272026074652448,Success,
14007,Office,2082 Hintz Junctions,2451298087,01272026074652448,Success,
1667,Office,320 Lesly Common,8078190521,01272026074652448,Success,
14007,Office,1109 W 6th Street,5478952279,01272026074652448,Success,
1667,Office,3684 Breana Trafficway,4937512360,01272026074652448,Success,
14007,Office,10760 Vallie Ports,5264175013,01272026074652448,Success,
1667,Office,488 Church Street,8883537638,01272026074652448,Success,
14007,Office,422 E Center Street,3556739163,01272026074652448,Success,
1667,Office,4803 Halle Burgs,6339476265,01272026074652448,Success,
14007,Office,2628 Carter Crossroad,2959126618,01272026074652448,Success,
1667,Office,29096 Spring Gardens,2512708416,01272026074652448,Success,
14007,Office,630 Arlene Branch,8021542219,01272026074652448,Success,
1667,Office,6269 Nestor Ferry,9005051053,01272026074652448,Success,
14007,Office,33277 Saige Plaza,4592170434,01272026074652448,Success,
1667,Office,521 Broadway Street,9605979475,01272026074652448,Success,
14007,Office,9663 Market Place,5602435683,01272026074652448,Success,
1667,Office,779 Alfred Street,4869980511,01272026074652448,Success,
14007,Office,8062 Coronation Avenue,2473862240,01272026074652448,Success,
1667,Office,1475 Darrin Oval,5781370906,01272026074652448,Success,
14007,Office,412 Mertie Mount,7400017332,01272026074652448,Success,
1667,Office,362 Balmoral Road,2000193541,01272026074652448,Success,
14007,Office,91996 Zola Valley,3718556367,01272026074652448,Success,
1667,Office,6127 Cemetery Road,6045987831,01272026074652448,Success,
14007,Office,8526 Greenway,4955147988,01272026074652448,Success,
1667,Office,2235 Quigley Turnpike,9764188032,01272026074652448,Success,
14007,Office,155 Enrique Point,4859843877,01272026074652448,Success,
1667,Office,2433 Dave Villages,8505106735,01272026074652448,Success,
14007,Office,36065 Madonna Cape,6076794454,01272026074652448,Success,
1667,Office,8167 Willow Close,2899853894,01272026074652448,Success,
14007,Office,554 The Causeway,8559691871,01272026074652448,Success,
1667,Office,594 Derwent Close,3238767580,01272026074652448,Success,
14007,Office,2349 Cummerata Place,7043893036,01272026074652448,Success,
1667,Office,6079 Cedar Grove,6403127666,01272026074652448,Success,
14007,Office,604 South Avenue,8452387990,01272026074652448,Success,
1667,Office,1561 Birch Avenue,2669644088,01272026074652448,Success,
14007,Office,1427 The Limes,8967616368,01272026074652448,Success,
1667,Office,766 Tremblay Shore,6056317130,01272026074652448,Success,
14007,Office,65376 Monroe Street,4357332020,01272026074652448,Success,
1667,Office,98038 W 1st Street,2469350470,01272026074652448,Success,
14007,Office,220 Effertz Row,4203286421,01272026074652448,Success,
1667,Office,923 Northfield Road,8491130485,01272026074652448,Success,
14007,Office,258 Schinner Lock,5554997626,01272026074652448,Success,
1667,Office,459 Nolan Grove,9519907588,01272026074652448,Success,
14007,Office,68265 Raphael Viaduct,7243542621,01272026074652448,Success,
1667,Office,954 Willow Street,5388712968,01272026074652448,Success,
14007,Office,9889 Raul Land,8483688027,01272026074652448,Success,
1667,Office,137 Will Inlet,9506214795,01272026074652448,Success,
14007,Office,1953 Isidro View,1514616515,01272026074652448,Success,
1667,Office,2568 Westley Ramp,3625114275,01272026074652448,Success,
14007,Office,512 South Avenue,9185519082,01272026074652448,Success,
1667,Office,5889 Gordon Street,3264808288,01272026074652448,Success,
14007,Office,170 Rempel Crossing,8400498534,01272026074652448,Success,
1667,Office,7730 Champlin View,2773186372,01272026074652448,Success,
14007,Office,98461 Graham Loaf,1613884033,01272026074652448,Success,
1667,Office,30927 Metz Rapid,3512429606,01272026074652448,Success,
14007,Office,667 Brook Road,8574639046,01272026074652448,Success,
1667,Office,15261 W Grand Avenue,2090417226,01272026074652448,Success,
14007,Office,5059 Hand Groves,8875041911,01272026074652448,Success,
1667,Office,10439 Water Street,6883471446,01272026074652448,Success,
14007,Office,7977 Eda Loop,9741379308,01272026074652448,Success,
1667,Office,41738 Swift Row,8523767146,01272026074652448,Success,
14007,Office,59565 Nicolas Expressway,4967769272,01272026074652448,Success,
1667,Office,3591 Roman Way,2029476173,01272026074652448,Success,
14007,Office,227 Hermiston Center,5022316297,01272026074652448,Success,
1667,Office,608 Rasheed Shores,4240336016,01272026074652448,Success,
14007,Office,907 Aliza Tunnel,8762971830,01272026074652448,Success,
1667,Office,820 Bogan Brooks,1576756395,01272026074652448,Success,
14007,Office,79615 Stark Burg,9275881182,01272026074652448,Success,
1667,Office,382 Braun Light,1001096383,01272026074652448,Success,
14007,Office,6517 Marisa Inlet,4919887164,01272026074652448,Success,
1667,Office,3693 W Pine Street,3352263867,01272026074652448,Success,
14007,Office,1944 Hamill Track,5663009847,01272026074652448,Success,
1667,Office,8322 Yasmeen Manors,4927037548,01272026074652448,Success,
14007,Office,16114 Reichert Orchard,6605930953,01272026074652448,Success,
1667,Office,213 Shanahan Islands,3698602300,01272026074652448,Success,
14007,Office,289 Roman Road,1916601721,01272026074652448,Success,
1667,Office,7905 Hawthorn Close,2359229257,01272026074652448,Success,
14007,Office,58664 Sandrine Well,8160411230,01272026074652448,Success,
1667,Office,189 Effertz Shore,3561328854,01272026074652448,Success,
14007,Office,369 Omari Junctions,9417610019,01272026074652448,Success,
1667,Office,581 Palma Extension,3834128608,01272026074652448,Success,
14007,Office,765 Laurence Mall,2591809175,01272026074652448,Success,
1667,Office,2781 Muriel Branch,9595580289,01272026074652448,Success,
14007,Office,2650 Manuela Rapids,6101033410,01272026074652448,Success,
1667,Office,289 Bednar Underpass,4970334272,01272026074652448,Success,
14007,Office,50540 Gloucester Road,9099717204,01272026074652448,Success,
1667,Office,557 Cherry Close,6788388951,01272026074652448,Success,
14007,Office,93738 7th Avenue,6043627664,01272026074652448,Success,
1667,Office,59252 Sandy Lane,3050761226,01272026074652448,Success,
14007,Office,69289 Satterfield Orchard,4162198415,01272026074652448,Success,
1667,Office,608 Frami Court,3188820283,01272026074652448,Success,
14007,Office,380 Jaron Pine,1056191328,01272026074652448,Success,
1667,Office,689 Bode Manor,7757128773,01272026074652448,Success,
14007,Office,6792 Quinten Lake,8119205303,01272026074652448,Success,
1667,Office,245 Garnet View,6973264922,01272026074652448,Success,
14007,Office,2180 S Pine Street,4534056050,01272026074652448,Success,
1667,Office,61945 Dan Burgs,7041630691,01272026074652448,Success,
14007,Office,423 S 10th Street,3415287795,01272026074652448,Success,
1667,Office,182 Alessandra Pike,7673445332,01272026074652448,Success,
14007,Office,23290 Boehm Spurs,4865107004,01272026074652448,Success,
1667,Office,406 2nd Avenue,8231423839,01272026074652448,Success,
14007,Office,310 Schuyler Roads,5424348083,01272026074652448,Success,
1667,Office,42297 Bath Road,7635704581,01272026074652448,Success,
14007,Office,596 Paucek Station,1433110829,01272026074652448,Success,
1667,Office,7103 S Bridge Street,2077589592,01272026074652448,Success,
14007,Office,5986 North Road,4843284737,01272026074652448,Success,
1667,Office,16092 Henderson Courts,9749147224,01272026074652448,Success,
14007,Office,6784 Zulauf Plaza,5738022320,01272026074652448,Success,
1667,Office,681 Marjorie Knolls,4588156884,01272026074652448,Success,
14007,Office,7306 E Park Avenue,9727608574,01272026074652448,Success,
1667,Office,3006 N High Street,8066113315,01272026074652448,Success,
14007,Office,5856 Abbott Garden,6916890701,01272026074652448,Success,
1667,Office,8633 Nicolas Flats,3516889700,01272026074652448,Success,
14007,Office,8155 Rory Freeway,5383731427,01272026074652448,Success,
1667,Office,910 Raegan Ramp,4808950302,01272026074652448,Success,
14007,Office,2381 N Division Street,4902634555,01272026074652448,Success,
1667,Office,347 North Lane,6387874980,01272026074652448,Success,
14007,Office,2949 Dejuan Underpass,1845829262,01272026074652448,Success,
1667,Office,8033 Veterans Memorial Highway,4025509075,01272026074652448,Success,
14007,Office,391 Schoen Cove,9057252053,01272026074652448,Success,
1667,Office,8986 Castle Road,5472866308,01272026074652448,Success,
14007,Office,9031 Beach Road,2180147165,01272026074652448,Success,
1667,Office,448 Vine Street,5776586857,01272026074652448,Success,
14007,Office,59801 Breitenberg Circle,6604941539,01272026074652448,Success,
1667,Office,620 Aurore Glens,5910364064,01272026074652448,Success,
14007,Office,4874 Hilll Hill,4861000348,01272026074652448,Success,
1667,Office,956 Lue Point,4014523002,01272026074652448,Success,
14007,Office,2749 Tillman Corner,4686518772,01272026074652448,Success,
1667,Office,1960 E 11th Street,6040678187,01272026074652448,Success,
14007,Office,5747 Carolyn Mills,9983660097,01272026074652448,Success,
1667,Office,17562 America Loop,2035369951,01272026074652448,Success,
14007,Office,567 McKenzie Court,2896263689,01272026074652448,Success,
1667,Office,89159 Wellington Street,9863970901,01272026074652448,Success,
14007,Office,6345 Old State Road,7309441693,01272026074652448,Success,
1667,Office,9300 Chapel Street,1488748826,01272026074652448,Success,
14007,Office,98937 Stamm Oval,8715744719,01272026074652448,Success,
1667,Office,940 George Mill,3831301705,01272026074652448,Success,
14007,Office,328 Gleichner Neck,4135297404,01272026074652448,Success,
1667,Office,7127 Miller Roads,4462101424,01272026074652448,Success,
14007,Office,48148 Watsica Stream,4521767400,01272026074652448,Success,
1667,Office,75668 Abbey Road,8945200589,01272026074652448,Success,
14007,Office,1996 Garden Close,7213908129,01272026074652448,Success,
1667,Office,260 Ryan Hills,3718511032,01272026074652448,Success,
14007,Office,5947 Jonas Station,2249726076,01272026074652448,Success,
1667,Office,318 Heller Haven,5903793862,01272026074652448,Success,
14007,Office,87667 Willow Road,7681936003,01272026074652448,Success,
1667,Office,382 Luella Ranch,6735396186,01272026074652448,Success,
14007,Office,78149 King's Road,5221553857,01272026074652448,Success,
1667,Office,93240 Little Junctions,6181360266,01272026074652448,Success,
14007,Office,4508 Cole Land,4265043441,01272026074652448,Success,
1667,Office,8683 Johnathan Course,6261852760,01272026074652448,Success,
14007,Office,9041 Cedar Road,8241942697,01272026074652448,Success,
1667,Office,3624 S Broadway Street,4588394608,01272026074652448,Success,
14007,Office,4703 June Ranch,9465929089,01272026074652448,Success,
1667,Office,80999 Raegan Parkways,5580218674,01272026074652448,Success,
14007,Office,99022 Bernhard Mill,4050011417,01272026074652448,Success,
1667,Office,253 Pfannerstill Landing,8670846924,01272026074652448,Success,
14007,Office,3209 N Maple Street,6159809945,01272026074652448,Success,
1667,Office,446 Elsa Walk,5509978481,01272026074652448,Success,
14007,Office,5307 Beech Grove,6891669079,01272026074652448,Success,
1667,Office,85643 Lindgren Plains,2371548619,01272026074652448,Success,
14007,Office,817 Legros Gardens,2421848096,01272026074652448,Success,
1667,Office,87728 Ondricka Mission,7355960255,01272026074652448,Success,
14007,Office,3946 Powlowski Village,4060703577,01272026074652448,Success,
1667,Office,8878 The Rise,9249031370,01272026074652448,Success,
14007,Office,5792 McKenzie Underpass,2553188190,01272026074652448,Success,
1667,Office,63655 Ottis Stream,4692798058,01272026074652448,Success,
14007,Office,286 Orchard Road,2482676614,01272026074652448,Success,
1667,Office,49762 Bradtke Extension,8952954298,01272026074652448,Success,
14007,Office,844 Cremin Forges,7633009381,01272026074652448,Success,
1667,Office,654 Zieme Cliffs,1467268390,01272026074652448,Success,
14007,Office,89813 Steuber Parkway,4435096063,01272026074652448,Success,
1667,Office,5657 Lincoln Avenue,3614051325,01272026074652448,Success,
14007,Office,1292 Aron Crest,2276136984,01272026074652448,Success,
1667,Office,80512 Franco Manor,8581177961,01272026074652448,Success,
14007,Office,42004 Llewellyn Course,1640482859,01272026074652448,Success,
1667,Office,8516 Williamson Mountain,8481420561,01272026074652448,Success,
14007,Office,155 Daniel Manor,1101293957,01272026074652448,Success,
1667,Office,484 High Road,1855000712,01272026074652448,Success,
14007,Office,3355 Highfield Close,9005187332,01272026074652448,Success,
1667,Office,31156 Sterling Club,2061535255,01272026074652448,Success,
14007,Office,952 James Street,1916611641,01272026074652448,Success,
1667,Office,14402 Bechtelar Orchard,3722110890,01272026074652448,Success,
14007,Office,21372 Frami Union,9677147765,01272026074652448,Success,
1667,Office,4362 Gino Center,8163618442,01272026074652448,Success,
14007,Office,1500 Zemlak Fork,5274284684,01272026074652448,Success,
1667,Office,513 N Cedar Street,5301305643,01272026074652448,Success,
14007,Office,9266 W Oak Street,9540120803,01272026074652448,Success,
1667,Office,7828 Konopelski Lights,9028948437,01272026074652448,Success,
14007,Office,6530 Natalia Lock,7743980523,01272026074652448,Success,
1667,Office,72396 Johnston Center,2691634160,01272026074652448,Success,
14007,Office,27913 Lavon Vista,2706514695,01272026074652448,Success,
1667,Office,80793 Pinkie Orchard,9972770273,01272026074652448,Success,
14007,Office,714 Vandervort Falls,1521220713,01272026074652448,Success,
1667,Office,46007 Funk Prairie,6525198600,01272026074652448,Success,
14007,Office,63753 1st Avenue,7365764774,01272026074652448,Success,
1667,Office,24678 Keebler Dam,4579550244,01272026074652448,Success,
14007,Office,69925 West View,6595081448,01272026074652448,Success,
1667,Office,469 Armstrong Mill,5449637361,01272026074652448,Success,
14007,Office,5288 Franklin Road,5189266376,01272026074652448,Success,
1667,Office,7212 Maggio Branch,8847702079,01272026074652448,Success,
14007,Office,3034 Yvette Courts,1778982587,01272026074652448,Success,
1667,Office,1232 Station Road,3627211283,01272026074652448,Success,
14007,Office,6903 Kasandra Row,2767497201,01272026074652448,Success,
1667,Office,97370 N Broadway,9857128037,01272026074652448,Success,
14007,Office,3553 W 8th Street,6176379644,01272026074652448,Success,
1667,Office,54559 W River Road,6793204822,01272026074652448,Success,
14007,Office,76947 Grove Lane,3084368840,01272026074652448,Success,
1667,Office,274 McCullough Views,5428132526,01272026074652448,Success,
14007,Office,76479 Gordon Street,3618322141,01272026074652448,Success,
1667,Office,63005 N 2nd Street,8521595299,01272026074652448,Success,
14007,Office,5761 Maple Avenue,2787105205,01272026074652448,Success,
1667,Office,16784 Bailey Hollow,4018237411,01272026074652448,Success,
14007,Office,3381 Bradtke Valley,7917336836,01272026074652448,Success,
1667,Office,5532 Bartoletti Well,1982791154,01272026074652448,Success,
14007,Office,5013 Windermere Road,1096131903,01272026074652448,Success,
1667,Office,76548 Marguerite Drive,9793424038,01272026074652448,Success,
14007,Office,406 Purdy Land,8945175335,01272026074652448,Success,
1667,Office,7852 Schaden Mill,9087010830,01272026074652448,Success,
14007,Office,3168 Nathen Meadows,5639487802,01272026074652448,Success,
1667,Office,578 Baron Rue,8133766548,01272026074652448,Success,
14007,Office,33685 Pierce Harbors,1933163134,01272026074652448,Success,
1667,Office,45268 W Church Street,8633220778,01272026074652448,Success,
14007,Office,299 Elm Road,7725819674,01272026074652448,Success,
1667,Office,39583 N Main Avenue,8047361626,01272026074652448,Success,
14007,Office,203 Church Avenue,8412118635,01272026074652448,Success,
1667,Office,744 Frederick Drives,1255643731,01272026074652448,Success,
14007,Office,218 Gutkowski Extension,7288669354,01272026074652448,Success,
1667,Office,859 The Poplars,9851967321,01272026074652448,Success,
14007,Office,141 Cremin Stream,6789404604,01272026074652448,Success,
1667,Office,2671 Klocko Parkways,8495800679,01272026074652448,Success,
14007,Office,29042 South Drive,6496762825,01272026074652448,Success,
1667,Office,66944 Conor Light,8347943863,01272026074652448,Success,
14007,Office,191 Ana Mountains,4682837083,01272026074652448,Success,
1667,Office,945 Mylene Rapid,3601880544,01272026074652448,Success,
14007,Office,923 Barrows Mall,2741681050,01272026074652448,Success,
1667,Office,2526 Major Courts,5648576786,01272026074652448,Success,
14007,Office,606 Boyle Causeway,1685198900,01272026074652448,Success,
1667,Office,470 Paige Center,8676679366,01272026074652448,Success,
14007,Office,3500 Lesch Camp,5827657433,01272026074652448,Success,
1667,Office,306 Beech Drive,5866365900,01272026074652448,Success,
14007,Office,36042 Bartell Land,6931779710,01272026074652448,Success,
1667,Office,6530 Berta Via,7398259460,01272026074652448,Success,
14007,Office,6254 Columbia Avenue,3256026729,01272026074652448,Success,
1667,Office,558 Heller Throughway,6435227209,01272026074652448,Success,
14007,Office,1492 Amely Center,1933031309,01272026074652448,Success,
1667,Office,74386 Western Avenue,4518024540,01272026074652448,Success,
14007,Office,9852 N 9th Street,4422923190,01272026074652448,Success,
1667,Office,6229 MacGyver Route,2690351750,01272026074652448,Success,
14007,Office,60125 Weissnat Forks,5512076692,01272026074652448,Success,
1667,Office,704 Morris Highway,6511690766,01272026074652448,Success,
14007,Office,712 Schuppe Rapid,9994978504,01272026074652448,Success,
1667,Office,697 Matt Wall,8756483114,01272026074652448,Success,
14007,Office,966 Dooley Spring,7638872603,01272026074652448,Success,
1667,Office,47076 Daugherty Terrace,2210719893,01272026074652448,Success,
14007,Office,174 S 8th Street,8703362014,01272026074652448,Success,
1667,Office,73964 Eloise Corners,4198731462,01272026074652448,Success,
14007,Office,334 Adonis Harbors,5917567076,01272026074652448,Success,
1667,Office,45231 Bramley Close,9279245606,01272026074652448,Success,
14007,Office,8860 Waterloo Road,4910862911,01272026074652448,Success,
1667,Office,41203 Hilll Trafficway,6380924962,01272026074652448,Success,
14007,Office,801 Terry Oval,1938370651,01272026074652448,Success,
1667,Office,37077 W 14th Street,1337337646,01272026074652448,Success,
14007,Office,523 Viviane Creek,6752482288,01272026074652448,Success,
1667,Office,738 Jackie Dam,2905134892,01272026074652448,Success,
14007,Office,20551 Rippin Way,1245392808,01272026074652448,Success,
1667,Office,6771 Ziemann Lake,7107099479,01272026074652448,Success,
14007,Office,878 Jeff Extension,6610087895,01272026074652448,Success,
1667,Office,503 Chapel Hill,6419513410,01272026074652448,Success,
14007,Office,65637 Feest Course,3272974088,01272026074652448,Success,
1667,Office,92971 Elfrieda Cape,5034196447,01272026074652448,Success,
14007,Office,2186 Vincent Plain,8666183319,01272026074652448,Success,
1667,Office,28934 Vida Knolls,2323553861,01272026074652448,Success,
14007,Office,5589 Seamus Inlet,6455222982,01272026074652448,Success,
1667,Office,994 Bramley Close,8091780505,01272026074652448,Success,
14007,Office,55876 Gordon Landing,1022191755,01272026074652448,Success,
1667,Office,1750 River Street,3517861243,01272026074652448,Success,
14007,Office,5932 Yasmine Way,1158367101,01272026074652448,Success,
1667,Office,78889 Karli Light,6898168184,01272026074652448,Success,
14007,Office,336 York Road,3354954528,01272026074652448,Success,
1667,Office,318 Anne Hollow,1149963941,01272026074652448,Success,
14007,Office,85166 Swaniawski Flat,5271940448,01272026074652448,Success,
1667,Office,3889 Kuhn Village,2257815497,01272026074652448,Success,
14007,Office,89431 Nolan Expressway,3554652783,01272026074652448,Success,
1667,Office,4180 Grady Ways,8617275574,01272026074652448,Success,
14007,Office,2168 Castle Lane,1905805898,01272026074652448,Success,
1667,Office,709 Jamarcus Grove,6794765354,01272026074652448,Success,
14007,Office,4014 Rudy Well,8266740094,01272026074652448,Success,
1667,Office,7651 Robb Springs,7961581422,01272026074652448,Success,
14007,Office,25312 Hugh Terrace,1238447448,01272026074652448,Success,
1667,Office,33783 Hartmann Ports,2454648092,01272026074652448,Success,
14007,Office,96223 Manor Drive,2536683839,01272026074652448,Success,
1667,Office,6497 Jerrod Drive,7216921726,01272026074652448,Success,
14007,Office,750 Lindgren Pine,1730378626,01272026074652448,Success,
1667,Office,742 Talbot Road,9612137557,01272026074652448,Success,
14007,Office,28186 Clinton Street,2503879901,01272026074652448,Success,
1667,Office,32764 1st Street,4916112370,01272026074652448,Success,
14007,Office,79430 Rolfson Ways,4562106821,01272026074652448,Success,
1667,Office,322 Bruen Wall,5514305853,01272026074652448,Success,
14007,Office,246 Bret Inlet,3539842797,01272026074652448,Success,
1667,Office,11931 Ferry Shores,2722386525,01272026074652448,Success,
14007,Office,44754 Hettinger Field,1873134180,01272026074652448,Success,
1667,Office,301 Billie Curve,1559192920,01272026074652448,Success,
14007,Office,4086 Chestnut Street,1964641053,01272026074652448,Success,
1667,Office,621 Reinhold Brook,3520345108,01272026074652448,Success,
14007,Office,68854 Ona Station,8968942844,01272026074652448,Success,
1667,Office,2235 Yundt Springs,4646501372,01272026074652448,Success,
14007,Office,376 Rice Extensions,8454442783,01272026074652448,Success,
1667,Office,93068 McKenzie Causeway,1933399987,01272026074652448,Success,
14007,Office,633 Katrine Place,2627745957,01272026074652448,Success,
1667,Office,4171 Chapel Street,5696062365,01272026074652448,Success,
14007,Office,895 River Street,5358662298,01272026074652448,Success,
1667,Office,13400 Reilly Crossroad,4264025867,01272026074652448,Success,
14007,Office,27279 Medhurst Divide,8815583676,01272026074652448,Success,
1667,Office,578 Laurine Crest,5155916691,01272026074652448,Success,
14007,Office,82659 Greenholt Branch,7188833886,01272026074652448,Success,
1667,Office,24911 Anita Parkway,7885049896,01272026074652448,Success,
14007,Office,92332 Vladimir Circles,4096656151,01272026074652448,Success,
1667,Office,15742 Grant Street,9547034951,01272026074652448,Success,
14007,Office,184 Adan Via,8932137924,01272026074652448,Success,
1667,Office,2300 S Railroad Street,8439406555,01272026074652448,Success,
14007,Office,88419 Moore Well,9821593366,01272026074652448,Success,
1667,Office,677 Corkery Loaf,7092534118,01272026074652448,Success,
14007,Office,231 Grimes Rest,6129380448,01272026074652448,Success,
1667,Office,4996 Ash Close,5605632760,01272026074652448,Success,
14007,Office,92096 Renner Fall,9475088123,01272026074652448,Success,
1667,Office,5708 Smith Trafficway,6153633530,01272026074652448,Success,
14007,Office,831 Willow Road,3563034067,01272026074652448,Success,
1667,Office,219 Margarita Loop,5369525661,01272026074652448,Success,
14007,Office,61223 Woodland Close,6114362159,01272026074652448,Success,
1667,Office,33489 W Bridge Street,3662897082,01272026074652448,Success,
14007,Office,4777 Constantin Mews,8378152852,01272026074652448,Success,
1667,Office,78361 Maggio Pines,2808601894,01272026074652448,Success,
14007,Office,79943 Gleason Shore,7866471547,01272026074652448,Success,
1667,Office,1639 Alfonzo Views,1061150829,01272026074652448,Success,
14007,Office,40132 Rogahn Field,3245928188,01272026074652448,Success,
1667,Office,24121 Waelchi Crest,6035071349,01272026074652448,Success,
14007,Office,395 Block Extensions,8700001632,01272026074652448,Success,
1667,Office,97691 Lourdes Rest,8498262805,01272026074652448,Success,
14007,Office,865 Marlborough Road,1074039560,01272026074652448,Success,
1667,Office,8972 Freddie Fields,2714073858,01272026074652448,Success,
14007,Office,24427 Maggio Meadows,7994529693,01272026074652448,Success,
1667,Office,35201 Dach Spur,8172803717,01272026074652448,Success,
14007,Office,48265 Blick Neck,6265859128,01272026074652448,Success,
1667,Office,8619 Roxane Expressway,8818551129,01272026074652448,Success,
14007,Office,3142 Jarret Ranch,4079678113,01272026074652448,Success,
1667,Office,6447 Hilario Divide,1239633133,01272026074652448,Success,
14007,Office,88937 Hilll Stravenue,3928325174,01272026074652448,Success,
1667,Office,21181 Adam Extensions,9641781845,01272026074652448,Success,
14007,Office,4579 Dwight Dam,4350049552,01272026074652448,Success,
1667,Office,59072 Tillman Forges,3068801964,01272026074652448,Success,
14007,Office,9026 Steuber Underpass,2076917860,01272026074652448,Success,
1667,Office,74969 Wilbert Row,4865990528,01272026074652448,Success,
14007,Office,38354 Mayert Light,3368966733,01272026074652448,Success,
1667,Office,3339 Carter Summit,5799590269,01272026074652448,Success,
14007,Office,85680 Wyman Ranch,8331336139,01272026074652448,Success,
1667,Office,36413 Porter Brook,4683336359,01272026074652448,Success,
14007,Office,2920 E 12th Street,1220145936,01272026074652448,Success,
1667,Office,93510 Jefferson Street,8612322282,01272026074652448,Success,
14007,Office,28953 Giovanni Groves,9787521043,01272026074652448,Success,
1667,Office,873 Victoria Place,3082539253,01272026074652448,Success,
14007,Office,47886 Schmitt Curve,4369513886,01272026074652448,Success,
1667,Office,6375 Sauer Rue,5684209151,01272026074652448,Success,
14007,Office,1136 Jarrod Pass,7932813255,01272026074652448,Success,
1667,Office,277 Mina Course,7180230097,01272026074652448,Success,
14007,Office,7139 Leonor Villages,8818209113,01272026074652448,Success,
1667,Office,933 N College Street,8467862631,01272026074652448,Success,
14007,Office,2697 Crown Street,4064625085,01272026074652448,Success,
1667,Office,87835 Orn Run,9486205236,01272026074652448,Success,
14007,Office,944 Selmer Walks,3143398333,01272026074652448,Success,
1667,Office,39917 Volkman Parkways,9796439505,01272026074652448,Success,
14007,Office,5251 Swift Hollow,6741646752,01272026074652448,Success,
1667,Office,469 Beech Drive,3674669611,01272026074652448,Success,
14007,Office,56495 Lee Street,7165644910,01272026074652448,Success,
1667,Office,5197 Rogahn Views,1599148693,01272026074652448,Success,
14007,Office,1510 Elnora Row,7318006852,01272026074652448,Success,
1667,Office,66497 Waverley Road,4466431975,01272026074652448,Success,
14007,Office,33972 Pasquale Canyon,9216046731,01272026074652448,Success,
1667,Office,52269 Manor Drive,4059813043,01272026074652448,Success,
14007,Office,713 12th Street,5426740098,01272026074652448,Success,
1667,Office,393 Adams Loaf,1336066310,01272026074652448,Success,
14007,Office,77273 12th Street,1301584152,01272026074652448,Success,
1667,Office,852 Rosario Harbor,1133257991,01272026074652448,Success,
14007,Office,726 Trycia Manors,5557636644,01272026074652448,Success,
1667,Office,58900 Clair Grove,3600776455,01272026074652448,Success,
14007,Office,495 Donnelly Pine,1959124084,01272026074652448,Success,
1667,Office,245 E Grand Avenue,2999331202,01272026074652448,Success,
14007,Office,528 Lizeth Burgs,9613513328,01272026074652448,Success,
1667,Office,30060 Fadel Lights,3096708118,01272026074652448,Success,
14007,Office,82935 Stoney Lane,4775542747,01272026074652448,Success,
1667,Office,51464 Mellie Shoals,9693402089,01272026074652448,Success,
14007,Office,825 Katarina Trafficway,5090204055,01272026074652448,Success,
1667,Office,1380 N 4th Street,7553454155,01272026074652448,Success,
14007,Office,4596 Rebecca Ranch,1344226206,01272026074652448,Success,
1667,Office,77783 Leannon Lodge,1678073818,01272026074652448,Success,
14007,Office,51288 11th Street,2703857139,01272026074652448,Success,
1667,Office,4255 Queen Place,3391410900,01272026074652448,Success,
14007,Office,19251 Lucious Streets,2325993686,01272026074652448,Success,
1667,Office,825 Beulah Island,9344298463,01272026074652448,Success,
14007,Office,415 Park Street,8649193520,01272026074652448,Success,
1667,Office,85729 Peter Forges,5230958277,01272026074652448,Success,
14007,Office,702 Carlotta Rapids,7221159955,01272026074652448,Success,
1667,Office,4288 Manor Drive,3627671720,01272026074652448,Success,
14007,Office,1009 Upton Manors,5787881303,01272026074652448,Success,
1667,Office,184 N Union Street,7071083158,01272026074652448,Success,
14007,Office,786 Cordelia Plain,6467822276,01272026074652448,Success,
1667,Office,6270 Littel Center,4743449160,01272026074652448,Success,
14007,Office,255 Fritsch Canyon,7090648728,01272026074652448,Success,
1667,Office,73407 S Central Avenue,4084190463,01272026074652448,Success,
14007,Office,19728 Rohan Fort,9965338571,01272026074652448,Success,
1667,Office,410 Cummings Camp,2802392433,01272026074652448,Success,
14007,Office,55180 Esta Flat,4666490909,01272026074652448,Success,
1667,Office,68019 Manor Gardens,1434531451,01272026074652448,Success,
14007,Office,362 Jarrett Run,1251813912,01272026074652448,Success,
1667,Office,340 Hodkiewicz Prairie,7282989174,01272026074652448,Success,
14007,Office,461 E Pine Street,8588842279,01272026074652448,Success,
1667,Office,92055 Freeda Haven,1926652900,01272026074652448,Success,
14007,Office,203 Will Lights,7760569335,01272026074652448,Success,
1667,Office,5018 Lesch Vista,9972560396,01272026074652448,Success,
14007,Office,81211 6th Avenue,3151109933,01272026074652448,Success,
1667,Office,2027 Jubilee Close,6758282511,01272026074652448,Success,
14007,Office,2265 Casper Highway,5470600795,01272026074652448,Success,
1667,Office,4002 Koss Crossing,8116891990,01272026074652448,Success,
14007,Office,676 Oak Road,9307041361,01272026074652448,Success,
1667,Office,596 Maximillian Mill,8977599959,01272026074652448,Success,
14007,Office,779 Donnell Canyon,8635322253,01272026074652448,Success,
1667,Office,813 Isobel Overpass,3634514560,01272026074652448,Success,
14007,Office,41700 Dusty Loaf,5880765466,01272026074652448,Success,
1667,Office,78235 Brooklyn Neck,9077853007,01272026074652448,Success,
14007,Office,266 Connor Corners,3856508026,01272026074652448,Success,
1667,Office,3450 Bednar Fort,2682987126,01272026074652448,Success,
14007,Office,94113 Conn Keys,1715303761,01272026074652448,Success,
1667,Office,495 Leuschke Ridges,2240752326,01272026074652448,Success,
14007,Office,8897 Feeney Circle,2878724766,01272026074652448,Success,
1667,Office,686 Levi Field,7935833815,01272026074652448,Success,
14007,Office,62624 Herzog Centers,6949162417,01272026074652448,Success,
1667,Office,1860 Morissette Meadow,9552181356,01272026074652448,Success,
14007,Office,38289 Ryan Stravenue,1572233462,01272026074652448,Success,
1667,Office,34426 Eliezer Unions,2385634605,01272026074652448,Success,
14007,Office,9833 Feeney Neck,6891277422,01272026074652448,Success,
1667,Office,878 George Street,2697408181,01272026074652448,Success,
14007,Office,69541 Raynor Crest,7129775062,01272026074652448,Success,
1667,Office,967 Jordane Trail,4681519896,01272026074652448,Success,
14007,Office,544 College Street,3027604674,01272026074652448,Success,
1667,Office,4819 Bramble Close,4128270463,01272026074652448,Success,
14007,Office,513 W Grand Avenue,5106826817,01272026074652448,Success,
1667,Office,506 Brycen Skyway,5185092714,01272026074652448,Success,
14007,Office,4564 Hegmann Groves,9532524218,01272026074652448,Success,
1667,Office,9470 Lynch Crest,4807484184,01272026074652448,Success,
14007,Office,147 Stroman Wells,8191382846,01272026074652448,Success,
1667,Office,431 Bernhard Summit,4402919074,01272026074652448,Success,
14007,Office,6047 The Poplars,7383931249,01272026074652448,Success,
1667,Office,2256 Bernhard Isle,9834235693,01272026074652448,Success,
14007,Office,41308 Jaskolski Dale,6110807775,01272026074652448,Success,
1667,Office,976 Mayfield Road,5971320995,01272026074652448,Success,
14007,Office,78615 Tromp Heights,3067553126,01272026074652448,Success,
1667,Office,277 E Main,9254913723,01272026074652448,Success,
14007,Office,161 Nola Fall,4735067529,01272026074652448,Success,
1667,Office,956 Woodland Road,3161913676,01272026074652448,Success,
14007,Office,894 West Street,4087144002,01272026074652448,Success,
1667,Office,721 Cassin Plain,5082762061,01272026074652448,Success,
14007,Office,2686 Gloucester Road,5513134843,01272026074652448,Success,
1667,Office,363 Howell Garden,2869191952,01272026074652448,Success,
14007,Office,33344 Demetrius Flat,1299728780,01272026074652448,Success,
1667,Office,58782 Crona Meadow,9131419827,01272026074652448,Success,
14007,Office,811 Church Path,5341015414,01272026074652448,Success,
1667,Office,36242 Runolfsdottir Landing,4461135561,01272026074652448,Success,
14007,Office,9877 Alfredo Corner,4497049206,01272026074652448,Success,
1667,Office,3537 E Cedar Street,2083826320,01272026074652448,Success,
14007,Office,6942 Mill Close,1158387389,01272026074652448,Success,
1667,Office,7574 Crist Mills,9818617344,01272026074652448,Success,
14007,Office,5834 W Main,6127742170,01272026074652448,Success,
1667,Office,355 N Franklin Street,6379386349,01272026074652448,Success,
14007,Office,29374 Old Road,9235131372,01272026074652448,Success,
1667,Office,5564 Ariel Union,6281261248,01272026074652448,Success,
14007,Office,654 School Lane,7200993096,01272026074652448,Success,
1667,Office,246 14th Street,1525765155,01272026074652448,Success,
14007,Office,764 Barton Mountains,9175538742,01272026074652448,Success,
1667,Office,686 Cummerata Bridge,6489282175,01272026074652448,Success,
14007,Office,675 Boyer Falls,3746943877,01272026074652448,Success,
1667,Office,79116 Windmill Close,8347869615,01272026074652448,Success,
14007,Office,243 Gunner Burg,8441641324,01272026074652448,Success,
1667,Office,55471 Dale Street,9976648418,01272026074652448,Success,
14007,Office,93543 Ward Glens,9390143694,01272026074652448,Success,
1667,Office,62718 Rowan Fort,3441026867,01272026074652448,Success,
14007,Office,5276 Beahan Throughway,2406920097,01272026074652448,Success,
1667,Office,45066 Jalen Lodge,9667354411,01272026074652448,Success,
14007,Office,5963 Jon Extensions,3851292666,01272026074652448,Success,
1667,Office,1277 Flossie Road,5055891506,01272026074652448,Success,
14007,Office,842 Doyle Junctions,5590299575,01272026074652448,Success,
1667,Office,2705 S College Street,4474753168,01272026074652448,Success,
14007,Office,30386 S Pine Street,5963963178,01272026074652448,Success,
1667,Office,49749 Emilio Lake,2863565521,01272026074652448,Success,
14007,Office,675 Maegan Centers,6776773490,01272026074652448,Success,
1667,Office,36469 Yew Tree Close,2842128847,01272026074652448,Success,
14007,Office,64151 Nikolaus Ways,2764644741,01272026074652448,Success,
1667,Office,217 Dayton Hollow,3902949760,01272026074652448,Success,
14007,Office,58670 Kris Throughway,7248999079,01272026074652448,Success,
1667,Office,15481 Hermiston Fields,8593214281,01272026074652448,Success,
14007,Office,5609 Division Street,1589190961,01272026074652448,Success,
1667,Office,4957 Fadel Divide,9750056940,01272026074652448,Success,
14007,Office,366 Bahringer Greens,1836035591,01272026074652448,Success,
1667,Office,540 Kozey Meadows,6565285018,01272026074652448,Success,
14007,Office,686 The Ridgeway,1323623168,01272026074652448,Success,
1667,Office,58370 Helga Via,7845194233,01272026074652448,Success,
14007,Office,5313 Koelpin Overpass,9040853139,01272026074652448,Success,
1667,Office,84155 Cristina Cliff,6941143599,01272026074652448,Success,
14007,Office,2210 Brisa Underpass,6364587892,01272026074652448,Success,
1667,Office,4010 Doug Harbor,2185502208,01272026074652448,Success,
14007,Office,11799 Bergstrom Glens,3129311723,01272026074652448,Success,
1667,Office,311 Sean Gardens,6193705234,01272026074652448,Success,
14007,Office,6014 Nico Common,2846486720,01272026074652448,Success,
1667,Office,2732 Dickinson Plain,7875135010,01272026074652448,Success,
14007,Office,76701 Ferry Knolls,4807570816,01272026074652448,Success,
1667,Office,96047 Damion Coves,6199066808,01272026074652448,Success,
14007,Office,12079 Orn Gardens,2252293960,01272026074652448,Success,
1667,Office,8422 Hammes Spurs,6644827039,01272026074652448,Success,
14007,Office,848 The Mews,8739555267,01272026074652448,Success,
1667,Office,26560 O'Conner Groves,6634230377,01272026074652448,Success,
14007,Office,830 White Union,3878202759,01272026074652448,Success,
1667,Office,3889 Kassandra Drive,8873273507,01272026074652448,Success,
14007,Office,19244 West Lane,5964019721,01272026074652448,Success,
1667,Office,623 6th Avenue,6028311394,01272026074652448,Success,
14007,Office,953 Park View,5455721402,01272026074652448,Success,
1667,Office,3446 Frederick Oval,7116091442,01272026074652448,Success,
14007,Office,93460 Watsica Center,2506917894,01272026074652448,Success,
1667,Office,849 Virgil Square,3640373339,01272026074652448,Success,
14007,Office,421 McLaughlin Views,6573584425,01272026074652448,Success,
1667,Office,7991 Mayfield Road,4335514798,01272026074652448,Success,
14007,Office,819 Vladimir Mall,1506492936,01272026074652448,Success,
1667,Office,45422 Jaskolski Forges,1300175700,01272026074652448,Success,
14007,Office,33413 Leon Passage,5551311689,01272026074652448,Success,
1667,Office,899 Hill Road,3491390600,01272026074652448,Success,
14007,Office,792 Purdy Grove,9443741982,01272026074652448,Success,
1667,Office,5204 S Monroe Street,4497124819,01272026074652448,Success,
14007,Office,94671 W Elm Street,1546876196,01272026074652448,Success,
1667,Office,501 Schulist Avenue,9830163852,01272026074652448,Success,
14007,Office,16536 Oleta Dale,3757884355,01272026074652448,Success,
1667,Office,2973 Hazel Grove,7810330627,01272026074652448,Success,
14007,Office,13087 Hahn Gateway,1706631372,01272026074652448,Success,
1667,Office,417 Golden Rest,8510322097,01272026074652448,Success,
14007,Office,95597 Madison Avenue,1970175557,01272026074652448,Success,
1667,Office,9545 Schuster Rapid,3320574883,01272026074652448,Success,
14007,Office,735 William Street,1868221619,01272026074652448,Success,
1667,Office,7445 S 2nd Street,9837071281,01272026074652448,Success,
14007,Office,73931 Hillside Road,3839130225,01272026074652448,Success,
1667,Office,22385 Thiel Extensions,6434596753,01272026074652448,Success,
14007,Office,51106 Damon Pass,3371885894,01272026074652448,Success,
1667,Office,85206 Clay Point,8723551021,01272026074652448,Success,
14007,Office,220 Cade Village,9989217441,01272026074652448,Success,
1667,Office,3827 N Jackson Street,8127298818,01272026074652448,Success,
14007,Office,5376 Daugherty Fort,8406453298,01272026074652448,Success,
1667,Office,5997 Giovani Tunnel,2272359277,01272026074652448,Success,
14007,Office,52622 Crist Creek,6960276056,01272026074652448,Success,
1667,Office,5040 Koch Shoals,5068049074,01272026074652448,Success,
14007,Office,9709 Ratke Course,1682852379,01272026074652448,Success,
1667,Office,995 Helmer Freeway,3518686242,01272026074652448,Success,
14007,Office,647 Cow Lane,6053841766,01272026074652448,Success,
1667,Office,5516 Dickens Stream,5323815515,01272026074652448,Success,
14007,Office,6837 Edwina Rue,7068903523,01272026074652448,Success,
1667,Office,4213 Hodkiewicz Forest,5437605635,01272026074652448,Success,
14007,Office,71105 Tudor Close,5354130603,01272026074652448,Success,
1667,Office,76995 Lehner Extension,2345366060,01272026074652448,Success,
14007,Office,602 Heller Trail,3631526475,01272026074652448,Success,
1667,Office,1247 Swaniawski Points,4590719349,01272026074652448,Success,
14007,Office,4561 Orchard Street,6564547388,01272026074652448,Success,
1667,Office,33225 S 8th Street,7415106164,01272026074652448,Success,
14007,Office,425 Joyce Parkways,8411168388,01272026074652448,Success,
1667,Office,3344 Hilbert Falls,3347344099,01272026074652448,Success,
14007,Office,15604 E 6th Street,3973101033,01272026074652448,Success,
1667,Office,97274 Helga Plaza,7029089935,01272026074652448,Success,
14007,Office,574 Nikolaus Court,9622213779,01272026074652448,Success,
1667,Office,3184 Langosh Views,4207309340,01272026074652448,Success,
14007,Office,3227 Wintheiser Ferry,7990493928,01272026074652448,Success,
1667,Office,4525 2nd Avenue,1483960591,01272026074652448,Success,
14007,Office,452 Beier Row,5090576146,01272026074652448,Success,
1667,Office,615 A Street,7105516972,01272026074652448,Success,
14007,Office,561 Runte Station,7460168525,01272026074652448,Success,
1667,Office,50502 Windler Dam,1369006838,01272026074652448,Success,
14007,Office,35705 Hagenes Corner,8175554942,01272026074652448,Success,
1667,Office,783 Delaney Brook,6735060294,01272026074652448,Success,
14007,Office,553 Hahn Dam,2019433545,01272026074652448,Success,
1667,Office,8723 Ash Grove,3446917517,01272026074652448,Success,
14007,Office,22827 Russel Light,9318777276,01272026074652448,Success,
1667,Office,556 Martin Luther King Boulevard,3421649352,01272026074652448,Success,
14007,Office,23786 Haag Falls,5529315669,01272026074652448,Success,
1667,Office,4056 Paula Park,1810653901,01272026074652448,Success,
14007,Office,449 Dietrich Pines,5985962740,01272026074652448,Success,
1667,Office,5768 MacGyver Ferry,6056267386,01272026074652448,Success,
14007,Office,2292 O'Reilly Parkways,9176861500,01272026074652448,Success,
1667,Office,62687 Coty Plains,1816560022,01272026074652448,Success,
14007,Office,5971 Kohler Underpass,1518084769,01272026074652448,Success,
1667,Office,6101 Elliott Walks,9677113507,01272026074652448,Success,
14007,Office,749 East Street,6246487246,01272026074652448,Success,
1667,Office,885 Maggio Point,6845244533,01272026074652448,Success,
14007,Office,27380 Viva Freeway,8168716770,01272026074652448,Success,
1667,Office,14254 N High Street,1757719377,01272026074652448,Success,
14007,Office,773 Lang Villages,2035993442,01272026074652448,Success,
1667,Office,307 Talbot Road,6032147330,01272026074652448,Success,
14007,Office,2964 Zoey Motorway,1608850095,01272026074652448,Success,
1667,Office,68003 Batz Summit,7613355193,01272026074652448,Success,
14007,Office,885 Torey Street,8335313454,01272026074652448,Success,
1667,Office,485 Vicarage Lane,6936850891,01272026074652448,Success,
14007,Office,7525 S Center Street,4224665190,01272026074652448,Success,
1667,Office,889 Garnett Neck,8246227890,01272026074652448,Success,
14007,Office,2950 Natasha Ports,8454041330,01272026074652448,Success,
1667,Office,362 Union Avenue,9596742556,01272026074652448,Success,
14007,Office,752 The Oaks,9076617803,01272026074652448,Success,
1667,Office,519 Margaretta Shore,7328334570,01272026074652448,Success,
14007,Office,95051 Saige Pines,8180066865,01272026074652448,Success,
1667,Office,7776 Kris Causeway,4738793367,01272026074652448,Success,
14007,Office,680 Adolph Mills,3550006739,01272026074652448,Success,
1667,Office,4235 E Washington Street,2229215105,01272026074652448,Success,
14007,Office,6986 E 14th Street,3292088022,01272026074652448,Success,
1667,Office,7122 E Church Street,8780381000,01272026074652448,Success,
14007,Office,23216 Mohr Wall,8719154132,01272026074652448,Success,
1667,Office,21855 Kelvin Mount,7669489706,01272026074652448,Success,
14007,Office,70297 DuBuque Stream,7025821113,01272026074652448,Success,
1667,Office,72475 W Elm Street,2206928971,01272026074652448,Success,
14007,Office,3111 Windmill Close,1343660176,01272026074652448,Success,
1667,Office,4266 Turner Ranch,2868241328,01272026074652448,Success,
14007,Office,855 Railroad Avenue,4256688423,01272026074652448,Success,
1667,Office,63808 Petra Coves,3963463321,01272026074652448,Success,
14007,Office,2770 Meadow Lane,5361146904,01272026074652448,Success,
1667,Office,33161 Torphy Freeway,5364415213,01272026074652448,Success,
14007,Office,227 Barrett Way,1214044664,01272026074652448,Success,
1667,Office,963 Davis Street,4087895370,01272026074652448,Success,
14007,Office,648 Oscar Run,7872353661,01272026074652448,Success,
1667,Office,1571 Rau Crossroad,7877735478,01272026074652448,Success,
14007,Office,668 Schuppe Streets,7615166191,01272026074652448,Success,
1667,Office,9381 DuBuque Forest,8519129859,01272026074652448,Success,
14007,Office,53834 Woodland Road,8880003066,01272026074652448,Success,
1667,Office,161 Deondre Shores,5136590415,01272026074652448,Success,
14007,Office,1027 Bergstrom Walks,1243160506,01272026074652448,Success,
1667,Office,9758 Lubowitz Drives,7571126513,01272026074652448,Success,
14007,Office,94046 Upton Lane,8547364737,01272026074652448,Success,
1667,Office,8483 Elenor Lake,3350350559,01272026074652448,Success,
14007,Office,46578 Lindgren Grove,6429022810,01272026074652448,Success,
1667,Office,16681 Jacobi Fall,4165647157,01272026074652448,Success,
14007,Office,9020 Aiyana Ford,1003804795,01272026074652448,Success,
1667,Office,160 Bosco Highway,2169051795,01272026074652448,Success,
14007,Office,125 Greenholt Terrace,2554199176,01272026074652448,Success,
1667,Office,16450 Lucie Key,3206216440,01272026074652448,Success,
14007,Office,1001 Kristin Estates,1183737891,01272026074652448,Success,
1667,Office,770 Lexie Lake,9789773733,01272026074652448,Success,
14007,Office,184 Center Road,2703482583,01272026074652448,Success,
1667,Office,90588 Amani Drive,2927999153,01272026074652448,Success,
14007,Office,69549 Lebsack Drive,7319777181,01272026074652448,Success,
1667,Office,9773 Beech Drive,6913326701,01272026074652448,Success,
14007,Office,92579 Isaias Valleys,3051864626,01272026074652448,Success,
1667,Office,7788 Christop Via,8345516658,01272026074652448,Success,
14007,Office,5533 Kris Crossing,6686368552,01272026074652448,Success,
1667,Office,37279 Riverside Drive,5173150472,01272026074652448,Success,
14007,Office,8804 Commercial Road,4029283400,01272026074652448,Success,
1667,Office,962 E 2nd Street,2574225413,01272026074652448,Success,
14007,Office,4704 Kaden Motorway,6117879676,01272026074652448,Success,
1667,Office,9725 E 4th Street,9352925153,01272026074652448,Success,
14007,Office,4387 Conrad Island,6862036011,01272026074652448,Success,
1667,Office,82776 State Line Road,4781920944,01272026074652448,Success,
14007,Office,295 Jody Circle,8222228789,01272026074652448,Success,
1667,Office,777 11th Street,3753755722,01272026074652448,Success,
14007,Office,2028 Cross Street,1772285445,01272026074652448,Success,
1667,Office,6703 6th Street,7658215477,01272026074652448,Success,
14007,Office,150 Randi Lodge,8967674560,01272026074652448,Success,
1667,Office,84088 Arnold Fork,4497456638,01272026074652448,Success,
14007,Office,39644 Marques Shore,5400830536,01272026074652448,Success,
1667,Office,23704 Locust Street,9805765265,01272026074652448,Success,
14007,Office,46763 Gleason Motorway,7770335829,01272026074652448,Success,
1667,Office,528 School Lane,3419696613,01272026074652448,Success,
14007,Office,113 E South Street,1974418033,01272026074652448,Success,
1667,Office,34091 Lind Pine,3142192486,01272026074652448,Success,
14007,Office,30534 Zboncak Court,7258936862,01272026074652448,Success,
1667,Office,595 Watsica Crossing,7975366185,01272026074652448,Success,
14007,Office,9125 Ullrich Vista,3512051195,01272026074652448,Success,
1667,Office,1213 N Broadway,1624220577,01272026074652448,Success,
14007,Office,59171 S 4th Street,4966678301,01272026074652448,Success,
1667,Office,74910 Franey Dam,7291980300,01272026074652448,Success,
14007,Office,59128 Martin Luther King Jr Boulevard,2530856055,01272026074652448,Success,
1667,Office,350 Rath Ports,8601994706,01272026074652448,Success,
14007,Office,5714 Halvorson Turnpike,9061323072,01272026074652448,Success,
1667,Office,32953 Dickens Vista,1629928194,01272026074652448,Success,
14007,Office,315 Lavon Loaf,8687154268,01272026074652448,Success,
1667,Office,824 Demond Harbor,7135500974,01272026074652448,Success,
14007,Office,16914 Wilderman Park,9342081876,01272026074652448,Success,
1667,Office,69411 Bramley Close,5750732736,01272026074652448,Success,
14007,Office,54562 Quarry Lane,3929368387,01272026074652448,Success,
1667,Office,90086 Mill Lane,6791587681,01272026074652448,Success,
14007,Office,7957 Eunice Tunnel,5727398153,01272026074652448,Success,
1667,Office,7170 Gorczany Way,4333026566,01272026074652448,Success,
14007,Office,19676 Meadow Close,7909130840,01272026074652448,Success,
1667,Office,7515 Elisa Shores,5702882667,01272026074652448,Success,
14007,Office,4171 Nakia Plaza,3426511180,01272026074652448,Success,
1667,Office,632 Maple Road,4851860353,01272026074652448,Success,
14007,Office,1010 Nichole Union,2071260827,01272026074652448,Success,
1667,Office,536 Kerluke Harbor,6443825546,01272026074652448,Success,
14007,Office,35370 Anabelle Shoals,2556201602,01272026074652448,Success,
1667,Office,2866 Nathanial Keys,3131298289,01272026074652448,Success,
14007,Office,55013 Hickory Street,5504697015,01272026074652448,Success,
1667,Office,432 Daren Freeway,7488840349,01272026074652448,Success,
14007,Office,90900 Willow Drive,9565248633,01272026074652448,Success,
1667,Office,11423 Stamm Hills,7648633750,01272026074652448,Success,
14007,Office,91155 School Road,3188258935,01272026074652448,Success,
1667,Office,50555 Aditya Burgs,3043576846,01272026074652448,Success,
14007,Office,8031 Belmont Road,7672369425,01272026074652448,Success,
1667,Office,1168 Cade Motorway,6515069262,01272026074652448,Success,
14007,Office,82718 Quigley Rue,3500542769,01272026074652448,Success,
1667,Office,34242 Darien Light,7120285126,01272026074652448,Success,
14007,Office,8248 Chapel Hill,6827030350,01272026074652448,Success,
1667,Office,9273 Kari Port,6396040286,01272026074652448,Success,
14007,Office,1557 S 3rd Street,1739629386,01272026074652448,Success,
1667,Office,989 Jay Summit,1399347858,01272026074652448,Success,
14007,Office,24617 Hackett Passage,5706649241,01272026074652448,Success,
1667,Office,660 Medhurst Place,6694534005,01272026074652448,Success,
14007,Office,89268 Merritt Centers,9787535666,01272026074652448,Success,
1667,Office,779 The Copse,3581159255,01272026074652448,Success,
14007,Office,177 Daniel Field,3405606583,01272026074652448,Success,
1667,Office,441 Lime Grove,3309701601,01272026074652448,Success,
14007,Office,38128 Kulas Falls,6358874169,01272026074652448,Success,
1667,Office,522 Chris Well,2308291162,01272026074652448,Success,
14007,Office,4433 Sycamore Street,1129198061,01272026074652448,Success,
1667,Office,66343 Durgan Curve,2655110745,01272026074652448,Success,
14007,Office,996 Hermiston Canyon,1705972051,01272026074652448,Success,
1667,Office,76446 Arnulfo Common,1018433645,01272026074652448,Success,
14007,Office,1540 Chauncey Rapids,1910570814,01272026074652448,Success,
1667,Office,7846 Orchard Lane,3690654359,01272026074652448,Success,
14007,Office,23095 Tamia Underpass,8533036604,01272026074652448,Success,
1667,Office,75602 Neoma Green,6163956387,01272026074652448,Success,
14007,Office,1331 Tennyson Road,8274355448,01272026074652448,Success,
1667,Office,6943 Tito Center,1328103469,01272026074652448,Success,
14007,Office,8911 Davon Club,5557679720,01272026074652448,Success,
1667,Office,623 E Front Street,2948646212,01272026074652448,Success,
14007,Office,216 Brett Hills,5208268830,01272026074652448,Success,
1667,Office,386 Nolan Point,9306245295,01272026074652448,Success,
14007,Office,38992 W North Street,5862907432,01272026074652448,Success,
1667,Office,82258 Tillman Loop,6125841795,01272026074652448,Success,
14007,Office,369 Sanford Union,3153687475,01272026074652448,Success,
1667,Office,86765 Magnolia Wells,3844980270,01272026074652448,Success,
14007,Office,52878 Rogahn Freeway,3364051075,01272026074652448,Success,
1667,Office,6761 Cross Street,5254979669,01272026074652448,Success,
14007,Office,368 Jacklyn Manors,3821402922,01272026074652448,Success,
1667,Office,939 Schmeler Greens,1909601016,01272026074652448,Success,
14007,Office,1783 Main,1851164245,01272026074652448,Success,
1667,Office,98787 Elm Road,6062578588,01272026074652448,Success,
14007,Office,9790 Trinity Road,2177375227,01272026074652448,Success,
1667,Office,5877 Blick Vista,3952589046,01272026074652448,Success,
14007,Office,889 Carter Cape,5662280972,01272026074652448,Success,
1667,Office,235 Doyle Plain,9464411520,01272026074652448,Success,
14007,Office,53739 Kautzer Circle,1504869540,01272026074652448,Success,
1667,Office,44817 Angeline Row,3203544957,01272026074652448,Success,
14007,Office,28849 O'Keefe Summit,9025314672,01272026074652448,Success,
1667,Office,1293 Krajcik Glens,6572092442,01272026074652448,Success,
14007,Office,94558 Torrey Trafficway,4412681539,01272026074652448,Success,
1667,Office,976 Skylar Via,2335185423,01272026074652448,Success,
14007,Office,550 Aglae Mill,2364232106,01272026074652448,Success,
1667,Office,11723 Robyn Glens,8807871010,01272026074652448,Success,
14007,Office,705 Boehm Summit,1726642630,01272026074652448,Success,
1667,Office,48474 Dillon Bypass,7804290556,01272026074652448,Success,
14007,Office,540 Broad Street,1083792860,01272026074652448,Success,
1667,Office,38859 Church Lane,4780748265,01272026074652448,Success,
14007,Office,2026 Spring Gardens,7897427520,01272026074652448,Success,
1667,Office,4323 Shawna Park,1828813395,01272026074652448,Success,
14007,Office,81945 Church Street,4390723375,01272026074652448,Success,
1667,Office,93061 Micah Common,6632182565,01272026074652448,Success,
14007,Office,338 Schmidt Flats,7326231738,01272026074652448,Success,
1667,Office,27800 First Street,6743504803,01272026074652448,Success,
14007,Office,75684 Unique Parks,7600501227,01272026074652448,Success,
1667,Office,26485 Nadia Mall,8589879738,01272026074652448,Success,
14007,Office,174 Ward Station,8187036962,01272026074652448,Success,
1667,Office,3721 Rolfson Trace,2546316679,01272026074652448,Success,
14007,Office,53055 Justyn Walk,6834236727,01272026074652448,Success,
1667,Office,3847 Ondricka Stream,4068548396,01272026074652448,Success,
14007,Office,8149 Roberts Cliffs,9132679438,01272026074652448,Success,
1667,Office,63561 O'Keefe Causeway,3584471320,01272026074652448,Success,
14007,Office,4711 Kub Falls,1161742710,01272026074652448,Success,
1667,Office,80137 Elm Grove,8544080540,01272026074652448,Success,
14007,Office,99287 Shanahan Overpass,6052315935,01272026074652448,Success,
1667,Office,346 Schimmel Circle,8945545885,01272026074652448,Success,
14007,Office,5424 Dashawn Bridge,1071398482,01272026074652448,Success,
1667,Office,4391 E Broadway,1771388774,01272026074652448,Success,
14007,Office,459 Eudora Garden,5130060615,01272026074652448,Success,
1667,Office,1231 Eriberto Land,2140536163,01272026074652448,Success,
14007,Office,12729 S Mill Street,6302778258,01272026074652448,Success,
1667,Office,612 Welch Mills,3643477686,01272026074652448,Success,
14007,Office,16658 Elm Grove,1073245034,01272026074652448,Success,
1667,Office,555 Kshlerin Forge,5465797934,01272026074652448,Success,
14007,Office,83281 E 10th Street,5369639141,01272026074652448,Success,
1667,Office,8767 Schimmel Station,1329339456,01272026074652448,Success,
14007,Office,7147 Windermere Road,2929486659,01272026074652448,Success,
1667,Office,4257 S Mill Street,8361088073,01272026074652448,Success,
14007,Office,989 Russel Trace,4582844377,01272026074652448,Success,
1667,Office,31022 N 7th Street,4319259367,01272026074652448,Success,
14007,Office,50889 Howell Club,7516040179,01272026074652448,Success,
1667,Office,161 Loy Skyway,8778915902,01272026074652448,Success,
14007,Office,54175 Dooley Center,2722611286,01272026074652448,Success,
1667,Office,9532 Madyson Light,6103061688,01272026074652448,Success,
14007,Office,445 Carlo Court,4612098651,01272026074652448,Success,
1667,Office,966 Hartmann Villages,5851292984,01272026074652448,Success,
14007,Office,4703 McLaughlin Terrace,2834251862,01272026074652448,Success,
1667,Office,37512 E South Street,6631869406,01272026074652448,Success,
14007,Office,86774 Tyra Place,1712256954,01272026074652448,Success,
1667,Office,292 Lueilwitz Crossing,2296640586,01272026074652448,Success,
14007,Office,86720 Jane Burgs,5119540175,01272026074652448,Success,
1667,Office,6130 Noelia Loaf,1593322568,01272026074652448,Success,
14007,Office,315 Prospect Avenue,4200522234,01272026074652448,Success,
1667,Office,23679 Mraz Shore,9307759517,01272026074652448,Success,
14007,Office,274 Will Cape,3220737108,01272026074652448,Success,
1667,Office,9685 Highland Avenue,6996891779,01272026074652448,Success,
14007,Office,65899 Connor Street,6592538077,01272026074652448,Success,
1667,Office,542 Kautzer Trafficway,8117285891,01272026074652448,Success,
14007,Office,1737 Church Road,1557761628,01272026074652448,Success,
1667,Office,978 Von Unions,8191436250,01272026074652448,Success,
14007,Office,44972 Ondricka Field,1425787501,01272026074652448,Success,
1667,Office,397 South Street,9907605781,01272026074652448,Success,
14007,Office,98076 Riverside Drive,6669175130,01272026074652448,Success,
1667,Office,36740 Howell Causeway,2233373513,01272026074652448,Success,
14007,Office,614 Mireille Courts,7744505298,01272026074652448,Success,
1667,Office,9828 Spring Gardens,9718568959,01272026074652448,Success,
14007,Office,5995 Mittie Mount,1852056762,01272026074652448,Success,
1667,Office,59884 Koby Parks,9273639415,01272026074652448,Success,
14007,Office,35288 Fiona Land,4350106914,01272026074652448,Success,
1667,Office,8597 Drake Crest,8716825717,01272026074652448,Success,
14007,Office,6168 Rice Ways,2518632466,01272026074652448,Success,
1667,Office,36010 Lurline Fort,6726590589,01272026074652448,Success,
14007,Office,73035 Hahn Fork,4012849692,01272026074652448,Success,
1667,Office,86166 Kiley Expressway,4968798037,01272026074652448,Success,
14007,Office,32446 Haag Burgs,2279628207,01272026074652448,Success,
1667,Office,2840 Walker Isle,7561623001,01272026074652448,Success,
14007,Office,4560 Market Street,6591432897,01272026074652448,Success,
1667,Office,42065 Durgan Parkways,7861592835,01272026074652448,Success,
14007,Office,88034 Sierra Well,9031474888,01272026074652448,Success,
1667,Office,8716 Andreane Hollow,1458197950,01272026074652448,Success,
14007,Office,93367 Martin Luther King Jr Boulevard,6601704374,01272026074652448,Success,
1667,Office,27442 W Grand Avenue,4229233901,01272026074652448,Success,
14007,Office,8175 Manor Road,3304480904,01272026074652448,Success,
1667,Office,26744 Yost Club,7114611082,01272026074652448,Success,
14007,Office,10766 Robel Court,2526444669,01272026074652448,Success,
1667,Office,3975 Amya Spring,6871982998,01272026074652448,Success,
14007,Office,1553 Dayna Throughway,6132776413,01272026074652448,Success,
1667,Office,7503 Jarrett Dale,1322131420,01272026074652448,Success,
14007,Office,1683 10th Street,8522042740,01272026074652448,Success,
1667,Office,82418 Clyde Crossroad,3149008688,01272026074652448,Success,
14007,Office,3670 Bradford Knolls,9022248487,01272026074652448,Success,
1667,Office,5786 Kane Forge,7992642164,01272026074652448,Success,
14007,Office,96755 Robel Underpass,5472067755,01272026074652448,Success,
1667,Office,95308 Fritsch Parks,5024445151,01272026074652448,Success,
14007,Office,681 Lucas Trafficway,4372472050,01272026074652448,Success,
1667,Office,4235 Hilpert Run,9406545591,01272026074652448,Success,
14007,Office,678 Glover Lock,1463349288,01272026074652448,Success,
1667,Office,659 North Street,4747931394,01272026074652448,Success,
14007,Office,43980 Beech Road,6543291557,01272026074652448,Success,
1667,Office,340 Nikolaus Lights,7682548189,01272026074652448,Success,
14007,Office,5407 Lehner Points,7608169020,01272026074652448,Success,
1667,Office,66047 S Broadway Street,4268254957,01272026074652448,Success,
14007,Office,12364 Tyson Ford,6956254292,01272026074652448,Success,
1667,Office,678 Charles Avenue,8011610892,01272026074652448,Success,
14007,Office,72616 Ali Keys,5292530508,01272026074652448,Success,
1667,Office,5055 Elena Bridge,6464470211,01272026074652448,Success,
14007,Office,3538 West Avenue,6220811707,01272026074652448,Success,
1667,Office,681 Koss Fork,4778871159,01272026074652448,Success,
14007,Office,70860 E Jackson Street,6843480048,01272026074652448,Success,
1667,Office,9378 Schowalter Brooks,8486314645,01272026074652448,Success,
14007,Office,615 Marvin Stravenue,7769050277,01272026074652448,Success,
1667,Office,706 Roel Lake,5040489270,01272026074652448,Success,
14007,Office,80347 McLaughlin Forest,8550588212,01272026074652448,Success,
1667,Office,9722 E Grand Avenue,6792563784,01272026074652448,Success,
14007,Office,884 Giovanni Pine,1894901632,01272026074652448,Success,
1667,Office,990 Dale Street,3477405230,01272026074652448,Success,
14007,Office,1394 Boehm Villages,1494288590,01272026074652448,Success,
1667,Office,1674 Valley Road,8526411505,01272026074652448,Success,
14007,Office,4122 Anderson Squares,9822995999,01272026074652448,Success,
1667,Office,7713 Darwin Mill,1406556660,01272026074652448,Success,
14007,Office,575 Shanahan Divide,4102463508,01272026074652448,Success,
1667,Office,75261 Lesch Inlet,2093524034,01272026074652448,Success,
14007,Office,102 Clifton Road,5186194781,01272026074652448,Success,
1667,Office,7853 E River Road,1270524280,01272026074652448,Success,
14007,Office,2987 Volkman Gateway,6956154894,01272026074652448,Success,
1667,Office,4706 Lincoln Highway,6400194735,01272026074652448,Success,
14007,Office,36084 Russel Falls,4057080187,01272026074652448,Success,
1667,Office,439 Adams Avenue,3572800730,01272026074652448,Success,
14007,Office,651 Ondricka Flats,5644662504,01272026074652448,Success,
1667,Office,2259 Halvorson Rapid,9267545857,01272026074652448,Success,
14007,Office,69506 Hettinger Via,5984078039,01272026074652448,Success,
1667,Office,458 Gerhold Haven,9500716944,01272026074652448,Success,
14007,Office,93776 Wren Close,3295799731,01272026074652448,Success,
1667,Office,2466 Jayde Oval,6027076255,01272026074652448,Success,
14007,Office,3549 N 7th Street,2482097524,01272026074652448,Success,
1667,Office,7261 Cremin Circle,7691346391,01272026074652448,Success,
14007,Office,492 Herman Ridge,7911640056,01272026074652448,Success,
1667,Office,529 W Monroe Street,2671209164,01272026074652448,Success,
14007,Office,6941 Jessyca Greens,3323726795,01272026074652448,Success,
1667,Office,654 Bradtke Mills,4734915637,01272026074652448,Success,
14007,Office,39242 Metz Unions,2479714919,01272026074652448,Success,
1667,Office,47655 College Street,1549528097,01272026074652448,Success,
14007,Office,8883 Manor Gardens,5955899587,01272026074652448,Success,
1667,Office,509 N Center Street,2344031252,01272026074652448,Success,
14007,Office,67723 Herman River,3140963698,01272026074652448,Success,
1667,Office,6642 Prospect Street,1487979055,01272026074652448,Success,
14007,Office,87374 Rubye Port,6294543023,01272026074652448,Success,
1667,Office,65538 Viviane Springs,8317583948,01272026074652448,Success,
14007,Office,27292 Goyette Ramp,5171099259,01272026074652448,Success,
1667,Office,76705 Johns Keys,4484183498,01272026074652448,Success,
14007,Office,1432 Main Road,5252088419,01272026074652448,Success,
1667,Office,49420 Quitzon Canyon,5150062818,01272026074652448,Success,
14007,Office,38415 Laverna Bridge,6280997367,01272026074652448,Success,
1667,Office,19041 Drake Neck,2510466440,01272026074652448,Success,
14007,Office,624 Sanford Alley,2305017828,01272026074652448,Success,
1667,Office,3945 Forest Avenue,8917452337,01272026074652448,Success,
14007,Office,260 E 11th Street,4295435156,01272026074652448,Success,
1667,Office,48820 N 7th Street,5996535644,01272026074652448,Success,
14007,Office,620 Jeramie Green,7661686472,01272026074652448,Success,
1667,Office,582 Schaefer Falls,2540822003,01272026074652448,Success,
14007,Office,6064 Oak Lane,4148226277,01272026074652448,Success,
1667,Office,640 Wellington Road,4866711951,01272026074652448,Success,
14007,Office,21697 Kling Crescent,5571928276,01272026074652448,Success,
1667,Office,794 MacGyver Trail,7260470041,01272026074652448,Success,
14007,Office,13372 Turcotte Walk,3829084198,01272026074652448,Success,
1667,Office,89748 Little Mills,5863917527,01272026074652448,Success,
14007,Office,647 Birdie Throughway,5608838884,01272026074652448,Success,
1667,Office,52235 E Broad Street,6226629323,01272026074652448,Success,
14007,Office,72409 Larson Streets,7585057886,01272026074652448,Success,
1667,Office,342 Wisozk Way,6622036142,01272026074652448,Success,
14007,Office,92483 Moen Ridge,7044264346,01272026074652448,Success,
1667,Office,836 S College Street,8753194031,01272026074652448,Success,
14007,Office,394 W Franklin Street,4910856659,01272026074652448,Success,
1667,Office,348 Nightingale Close,7118030586,01272026074652448,Success,
14007,Office,6077 Ernestina Shore,5379667744,01272026074652448,Success,
1667,Office,50358 Jeffry Cliffs,5730641597,01272026074652448,Success,
14007,Office,772 Tower Road,5022497553,01272026074652448,Success,
1667,Office,28514 Aryanna Lights,7884202549,01272026074652448,Success,
14007,Office,33256 Woodlands,8440881759,01272026074652448,Success,
1667,Office,82708 Schowalter Track,7474589392,01272026074652448,Success,
14007,Office,70095 Franklin Street,7274697937,01272026074652448,Success,
1667,Office,234 Cydney Spring,8703194729,01272026074652448,Success,
14007,Office,404 Nikolas Street,4396688686,01272026074652448,Success,
1667,Office,706 N Pine Street,3452742953,01272026074652448,Success,
14007,Office,77568 Donnie Oval,6426164365,01272026074652448,Success,
1667,Office,4043 Mayer Shore,6720530426,01272026074652448,Success,
14007,Office,7014 Gordon Road,2585343662,01272026074652448,Success,
1667,Office,3740 Borer Route,6612607215,01272026074652448,Success,
14007,Office,93802 S Bridge Street,1887925461,01272026074652448,Success,
1667,Office,112 N Center Street,7448859373,01272026074652448,Success,
14007,Office,41762 Columbia Avenue,1510918019,01272026074652448,Success,
1667,Office,29578 Dicki Well,1413359505,01272026074652448,Success,
14007,Office,323 Oak Avenue,1089763262,01272026074652448,Success,
1667,Office,904 Meadow Way,1939717047,01272026074652448,Success,
14007,Office,9953 Dach Place,1198198319,01272026074652448,Success,
1667,Office,18155 Washington Street,5909476746,01272026074652448,Success,
14007,Office,61739 Deontae Stravenue,9466808302,01272026074652448,Success,
1667,Office,67562 Carter Alley,2149998935,01272026074652448,Success,
14007,Office,788 Constance Rapids,1405544138,01272026074652448,Success,
1667,Office,7535 Sipes Inlet,5811528529,01272026074652448,Success,
14007,Office,36774 Castle Close,7643230913,01272026074652448,Success,
1667,Office,82035 Ova Rest,1264825485,01272026074652448,Success,
14007,Office,13507 Kenna Avenue,4574456191,01272026074652448,Success,
1667,Office,701 Hazel Grove,1179206100,01272026074652448,Success,
14007,Office,869 Garett Gateway,8488274432,01272026074652448,Success,
1667,Office,226 Gusikowski Passage,3353942490,01272026074652448,Success,
14007,Office,80572 S Monroe Street,5724069116,01272026074652448,Success,
1667,Office,21054 Block Mountains,7169294456,01272026074652448,Success,
14007,Office,655 Christiansen Green,8617109937,01272026074652448,Success,
1667,Office,9308 Marquardt Prairie,2779993783,01272026074652448,Success,
14007,Office,659 Langworth Greens,9327345417,01272026074652448,Success,
1667,Office,83187 Poplar Road,5392111563,01272026074652448,Success,
14007,Office,683 Kristy Harbors,3305619718,01272026074652448,Success,
1667,Office,4253 Fisher Squares,1334726523,01272026074652448,Success,
14007,Office,91653 N Harrison Street,5588993640,01272026074652448,Success,
1667,Office,24274 Lehner Tunnel,4033279069,01272026074652448,Success,
14007,Office,266 Lesch Views,8796231424,01272026074652448,Success,
1667,Office,60527 Grace Station,3012958277,01272026074652448,Success,
14007,Office,41881 Moen Brook,7719866655,01272026074652448,Success,
1667,Office,98209 Bechtelar Forks,6155104606,01272026074652448,Success,
14007,Office,4178 Fiona Hills,9177457019,01272026074652448,Success,
1667,Office,41394 Mueller Route,4651844993,01272026074652448,Success,
14007,Office,8055 Josue Key,5042949917,01272026074652448,Success,
1667,Office,235 Mohr Green,6068194867,01272026074652448,Success,
14007,Office,2608 Dayton Islands,2509366147,01272026074652448,Success,
1667,Office,192 Wren Close,8085606399,01272026074652448,Success,
14007,Office,877 The Fairway,5267810320,01272026074652448,Success,
1667,Office,34699 Oak Lane,8643190281,01272026074652448,Success,
14007,Office,40409 Aubrey Crescent,9568414245,01272026074652448,Success,
1667,Office,2984 Strosin Lock,2422373719,01272026074652448,Success,
14007,Office,262 Tudor Close,9311645692,01272026074652448,Success,
1667,Office,7648 Well Lane,4617558642,01272026074652448,Success,
14007,Office,5263 E 10th Street,3054545949,01272026074652448,Success,
1667,Office,895 Fadel Rapid,7288818617,01272026074652448,Success,
14007,Office,520 The Croft,6893820109,01272026074652448,Success,
1667,Office,2076 S Oak Street,6673406658,01272026074652448,Success,
14007,Office,19555 Botsford Knolls,6970440977,01272026074652448,Success,
1667,Office,553 Schowalter Highway,2395351656,01272026074652448,Success,
14007,Office,29134 E Walnut Street,7758874230,01272026074652448,Success,
1667,Office,65570 Huels Views,9865792744,01272026074652448,Success,
14007,Office,13713 Bins Trace,4000986863,01272026074652448,Success,
1667,Office,355 Mayer Camp,9946840767,01272026074652448,Success,
14007,Office,7135 Quigley Forges,4592856851,01272026074652448,Success,
1667,Office,3074 Trey Gateway,4996554465,01272026074652448,Success,
14007,Office,290 N Church Street,5129601487,01272026074652448,Success,
1667,Office,221 Poplar Close,3232998861,01272026074652448,Success,
14007,Office,577 Ursula Parkway,2145398189,01272026074652448,Success,
1667,Office,556 The Beeches,7058394811,01272026074652448,Success,
14007,Office,659 Gutkowski Ports,5897033907,01272026074652448,Success,
1667,Office,6804 Gordon Road,6711305075,01272026074652448,Success,
14007,Office,101 Lorenz Heights,6966181237,01272026074652448,Success,
1667,Office,615 Field Lane,8794309792,01272026074652448,Success,
14007,Office,840 Lonie Cliffs,6696859292,01272026074652448,Success,
1667,Office,74398 W 6th Avenue,9737529721,01272026074652448,Success,
14007,Office,91768 Middle Street,6457345919,01272026074652448,Success,
1667,Office,8278 Burley Circle,1842149309,01272026074652448,Success,
14007,Office,60917 E Park Avenue,4770595540,01272026074652448,Success,
1667,Office,1734 Martin Luther King Jr Boulevard,9000777745,01272026074652448,Success,
14007,Office,837 Jacobi Center,6607096536,01272026074652448,Success,
1667,Office,749 N Oak Street,6745489191,01272026074652448,Success,
14007,Office,69213 Cassandre Port,3330001997,01272026074652448,Success,
1667,Office,452 Beer Light,4669173844,01272026074652448,Success,
14007,Office,900 Pasquale Turnpike,7757395039,01272026074652448,Success,
1667,Office,8244 Adolfo Corner,4023033093,01272026074652448,Success,
14007,Office,7688 Huel Freeway,3511860637,01272026074652448,Success,
1667,Office,26405 Elena Crossing,2490765539,01272026074652448,Success,
14007,Office,701 Lilyan Parkways,2579952807,01272026074652448,Success,
1667,Office,83931 Bartoletti Valley,5134016291,01272026074652448,Success,
14007,Office,937 Janice Point,8045107136,01272026074652448,Success,
1667,Office,295 Grand Avenue,6582079046,01272026074652448,Success,
14007,Office,575 Johns Courts,9224173523,01272026074652448,Success,
1667,Office,82356 Lizzie Run,6768661102,01272026074652448,Success,
14007,Office,451 Queenie Parkway,3859137328,01272026074652448,Success,
1667,Office,76838 Wilkinson Hills,2451650090,01272026074652448,Success,
14007,Office,17013 Dickens Heights,5510433770,01272026074652448,Success,
1667,Office,53130 Cassin Streets,4749870437,01272026074652448,Success,
14007,Office,283 Wood Lane,7321022057,01272026074652448,Success,
1667,Office,2764 Alaina Hills,4800250749,01272026074652448,Success,
14007,Office,4881 Balmoral Road,8384749583,01272026074652448,Success,
1667,Office,7492 Trisha Centers,5152862928,01272026074652448,Success,
14007,Office,542 Prohaska Burg,4366693909,01272026074652448,Success,
1667,Office,8070 Mraz Garden,7853607189,01272026074652448,Success,
14007,Office,9594 E Washington Street,7309312254,01272026074652448,Success,
1667,Office,11095 Wyman Roads,2863300548,01272026074652448,Success,
14007,Office,969 E Walnut Street,1826091461,01272026074652448,Success,
1667,Office,29355 N Broadway,9438102614,01272026074652448,Success,
14007,Office,8580 S Division Street,7518210741,01272026074652448,Success,
1667,Office,794 Fletcher Glen,1867655433,01272026074652448,Success,
14007,Office,377 Callie Mills,5132517846,01272026074652448,Success,
1667,Office,9315 Abbigail Forest,9033753947,01272026074652448,Success,
14007,Office,57891 The Crescent,8354938510,01272026074652448,Success,
1667,Office,54873 Schuster Greens,6770393532,01272026074652448,Success,
14007,Office,3835 Botsford Wells,9509929782,01272026074652448,Success,
1667,Office,761 Yundt Union,8943113559,01272026074652448,Success,
14007,Office,72314 S Broadway Street,5242257878,01272026074652448,Success,
1667,Office,25473 S Market Street,6003963659,01272026074652448,Success,
14007,Office,755 Valentina Ways,6036189618,01272026074652448,Success,
1667,Office,885 Arturo Drive,1667444457,01272026074652448,Success,
14007,Office,2244 Field Lane,2086240939,01272026074652448,Success,
1667,Office,87087 Jaiden Flats,6556413272,01272026074652448,Success,
14007,Office,8267 Irwin Corners,6449549071,01272026074652448,Success,
1667,Office,261 Hertha Rest,2791815600,01272026074652448,Success,
14007,Office,944 Edwin Fall,2194579809,01272026074652448,Success,
1667,Office,7486 Schinner View,5033854870,01272026074652448,Success,
14007,Office,644 Sipes Harbor,7071010492,01272026074652448,Success,
1667,Office,7305 The Hawthorns,3775504388,01272026074652448,Success,
14007,Office,308 Jarret Circles,2761400958,01272026074652448,Success,
1667,Office,99596 Konopelski Shoals,4712293941,01272026074652448,Success,
14007,Office,31555 Marc Lights,4497885975,01272026074652448,Success,
1667,Office,53221 William Park,2166612434,01272026074652448,Success,
14007,Office,99720 E Main,2512095695,01272026074652448,Success,
1667,Office,61231 Birch Grove,3061358052,01272026074652448,Success,
14007,Office,842 Muller Springs,2103737149,01272026074652448,Success,
1667,Office,7115 E 7th Street,6463118349,01272026074652448,Success,
14007,Office,48484 Marsh Lane,3682029768,01272026074652448,Success,
1667,Office,9469 The Limes,8207450838,01272026074652448,Success,
14007,Office,2052 Colten Spring,2191808612,01272026074652448,Success,
1667,Office,875 Dee Glen,7842152563,01272026074652448,Success,
14007,Office,6204 Raynor Expressway,7308511073,01272026074652448,Success,
1667,Office,109 Romaine Plains,2918577169,01272026074652448,Success,
14007,Office,25580 Camren Meadow,8278882441,01272026074652448,Success,
1667,Office,8631 Church Road,4523863697,01272026074652448,Success,
14007,Office,80233 Veum Views,6775614729,01272026074652448,Success,
1667,Office,7121 Lakin Shoals,8256442302,01272026074652448,Success,
14007,Office,8428 E Church Street,9348720767,01272026074652448,Success,
1667,Office,54203 Hahn Villages,4505885256,01272026074652448,Success,
14007,Office,5456 Chapel Close,2027712973,01272026074652448,Success,
1667,Office,491 Cassin Manors,3067124719,01272026074652448,Success,
14007,Office,7354 Feil Burgs,2595649169,01272026074652448,Success,
1667,Office,39417 Bert Harbors,5499434284,01272026074652448,Success,
14007,Office,2788 Sipes Heights,1632754834,01272026074652448,Success,
1667,Office,130 Birch Road,5745449011,01272026074652448,Success,
14007,Office,8910 Blick Knolls,1572592118,01272026074652448,Success,
1667,Office,423 Bridge Road,3627320414,01272026074652448,Success,
14007,Office,23978 McLaughlin Overpass,6137908867,01272026074652448,Success,
1667,Office,3342 Field Lane,5045200361,01272026074652448,Success,
14007,Office,9449 W Washington Avenue,9666878276,01272026074652448,Success,
1667,Office,188 W Franklin Street,3687151544,01272026074652448,Success,
14007,Office,6164 Garrick Rapids,9535786288,01272026074652448,Success,
1667,Office,2793 Cordell Radial,2490059678,01272026074652448,Success,
14007,Office,86166 Hessel Junctions,3317117418,01272026074652448,Success,
1667,Office,2345 Vicarage Lane,6936213420,01272026074652448,Success,
14007,Office,739 Glebe Close,4451975624,01272026074652448,Success,
1667,Office,3894 Littel Hollow,5456833898,01272026074652448,Success,
14007,Office,15441 Langosh Parks,2468281587,01272026074652448,Success,
1667,Office,4893 W Main Street,7935977522,01272026074652448,Success,
14007,Office,20137 State Line Road,7278469001,01272026074652448,Success,
1667,Office,714 The Ridgeway,3596661028,01272026074652448,Success,
14007,Office,194 Wellington Street,3069459425,01272026074652448,Success,
1667,Office,1045 Herbert Hollow,9102496669,01272026074652448,Success,
14007,Office,517 E 11th Street,3421783892,01272026074652448,Success,
1667,Office,8670 Tennyson Road,1979120662,01272026074652448,Success,
14007,Office,652 Juniper Close,9946335472,01272026074652448,Success,
1667,Office,5234 Flatley Stream,2557062854,01272026074652448,Success,
14007,Office,29124 Ryann Brooks,6096328940,01272026074652448,Success,
1667,Office,54507 Cummings Branch,9674639688,01272026074652448,Success,
14007,Office,7220 Garden Street,4439468887,01272026074652448,Success,
1667,Office,614 Sawayn Turnpike,9506955616,01272026074652448,Success,
14007,Office,20870 Powlowski Estate,2482448008,01272026074652448,Success,
1667,Office,84671 East Avenue,9008709564,01272026074652448,Success,
14007,Office,9230 Anderson Wall,5905984195,01272026074652448,Success,
1667,Office,50727 Bernard Wall,5800688863,01272026074652448,Success,
14007,Office,7130 Torphy Plaza,8064210118,01272026074652448,Success,
1667,Office,34095 Sycamore Street,6312593117,01272026074652448,Success,
14007,Office,104 Willow Street,7962480265,01272026074652448,Success,
1667,Office,69827 Roxane Harbors,8975904143,01272026074652448,Success,
14007,Office,5497 Buford Club,4217844444,01272026074652448,Success,
1667,Office,2532 Luis Courts,6973259405,01272026074652448,Success,
14007,Office,29144 Sporer Causeway,9736498984,01272026074652448,Success,
1667,Office,1638 Jessika Corners,3747582311,01272026074652448,Success,
14007,Office,98967 N East Street,3439634205,01272026074652448,Success,
1667,Office,1181 3rd Street,9739961462,01272026074652448,Success,
14007,Office,78334 Violet Lakes,5754465660,01272026074652448,Success,
1667,Office,1415 Mraz Parkway,9631171964,01272026074652448,Success,
14007,Office,234 Peyton Key,1387662953,01272026074652448,Success,
1667,Office,57937 London Road,5558711416,01272026074652448,Success,
14007,Office,23971 Jovan Overpass,7537732631,01272026074652448,Success,
1667,Office,72371 W 3rd Street,1801382415,01272026074652448,Success,
14007,Office,63628 Oma Row,7099431696,01272026074652448,Success,
1667,Office,8540 Roberts Heights,4467799282,01272026074652448,Success,
14007,Office,4155 Norma Burg,1862109908,01272026074652448,Success,
1667,Office,6002 O'Keefe Shoal,3257363550,01272026074652448,Success,
14007,Office,906 Reichert Shoal,2158347472,01272026074652448,Success,
1667,Office,8464 South View,8007556373,01272026074652448,Success,
14007,Office,872 Stark Trace,7626430998,01272026074652448,Success,
1667,Office,752 Adams Street,1238834039,01272026074652448,Success,
14007,Office,36217 Hahn Fields,1834448596,01272026074652448,Success,
1667,Office,59702 Kerluke Club,5064691841,01272026074652448,Success,
14007,Office,65984 Iliana Vista,8651362863,01272026074652448,Success,
1667,Office,14746 Flossie Throughway,4827499715,01272026074652448,Success,
14007,Office,656 Commercial Road,2165427586,01272026074652448,Success,
1667,Office,91482 Kunze Vista,3819886316,01272026074652448,Success,
14007,Office,348 W Market Street,2223052131,01272026074652448,Success,
1667,Office,228 Mann Crest,4398416665,01272026074652448,Success,
14007,Office,785 Kenny Junction,8609113156,01272026074652448,Success,
1667,Office,55310 S Jefferson Street,1465332449,01272026074652448,Success,
14007,Office,948 Niko Meadows,8069159162,01272026074652448,Success,
1667,Office,10423 Schiller Harbor,3372990661,01272026074652448,Success,
14007,Office,177 Schiller Ports,3842691204,01272026074652448,Success,
1667,Office,3255 Spring Street,5840508075,01272026074652448,Success,
14007,Office,431 Reymundo Keys,8137431087,01272026074652448,Success,
1667,Office,879 Karlee Pass,2882268171,01272026074652448,Success,
14007,Office,7482 Reichel Expressway,1736186094,01272026074652448,Success,
1667,Office,3364 Salisbury Road,8784656993,01272026074652448,Success,
14007,Office,5109 Dickens Fork,1192055161,01272026074652448,Success,
1667,Office,30378 The Orchard,3158101184,01272026074652448,Success,
14007,Office,200 Kali Divide,6966647145,01272026074652448,Success,
1667,Office,420 Lindsey Divide,9101642080,01272026074652448,Success,
14007,Office,994 Roberto Path,7649387145,01272026074652448,Success,
1667,Office,2441 Howard Road,3566867570,01272026074652448,Success,
14007,Office,669 Dibbert River,6818814521,01272026074652448,Success,
1667,Office,73707 Willms Mews,2994515769,01272026074652448,Success,
14007,Office,6514 Stracke Junction,4709937934,01272026074652448,Success,
1667,Office,663 6th Avenue,6500042849,01272026074652448,Success,
14007,Office,73536 Konopelski Light,1026346122,01272026074652448,Success,
1667,Office,9706 Kuhlman Centers,9808904779,01272026074652448,Success,
14007,Office,4612 Windsor Drive,8337217525,01272026074652448,Success,
1667,Office,6214 Kiehn Crossing,8810282582,01272026074652448,Success,
14007,Office,141 Labadie Junctions,4502597987,01272026074652448,Success,
1667,Office,484 Emmy Turnpike,2632901515,01272026074652448,Success,
14007,Office,9628 Ankunding Mews,5392416293,01272026074652448,Success,
1667,Office,737 W 4th Avenue,4912158291,01272026074652448,Success,
14007,Office,96571 Dedrick Rest,3996790096,01272026074652448,Success,
1667,Office,7911 Hudson Highway,6820081945,01272026074652448,Success,
14007,Office,5666 Kathlyn Cape,3030511973,01272026074652448,Success,
1667,Office,78777 Peyton Via,1112087019,01272026074652448,Success,
14007,Office,229 Upton Pines,6430355274,01272026074652448,Success,
1667,Office,7941 Gabrielle Ports,1469227052,01272026074652448,Success,
14007,Office,982 Lia Trafficway,8117414460,01272026074652448,Success,
1667,Office,2346 N Monroe Street,6230585748,01272026074652448,Success,
14007,Office,8026 Cummerata Plain,9180870192,01272026074652448,Success,
1667,Office,44633 Stanley Villages,8057276302,01272026074652448,Success,
14007,Office,37365 W Monroe Street,1348859572,01272026074652448,Success,
1667,Office,22216 Tracy Isle,9637298868,01272026074652448,Success,
14007,Office,3350 Ash Grove,4898802424,01272026074652448,Success,
1667,Office,63514 Pacocha Place,6766690143,01272026074652448,Success,
14007,Office,61604 Jacobson Tunnel,2673715880,01272026074652448,Success,
1667,Office,6588 Jaskolski Unions,2126738181,01272026074652448,Success,
14007,Office,96267 Talbot Road,7682970634,01272026074652448,Success,
1667,Office,8169 Luther Knolls,5096785724,01272026074652448,Success,
14007,Office,875 Greenwood Road,5027395151,01272026074652448,Success,
1667,Office,522 Nat Spurs,8355311352,01272026074652448,Success,
14007,Office,67288 Ines Spur,3110650993,01272026074652448,Success,
1667,Office,6603 The Grove,8517173802,01272026074652448,Success,
14007,Office,550 Lynch Flat,6887928768,01272026074652448,Success,
1667,Office,8598 Kingfisher Close,5295087274,01272026074652448,Success,
14007,Office,1363 W 2nd Street,8539585484,01272026074652448,Success,
1667,Office,20086 Chaim Pine,9976754634,01272026074652448,Success,
14007,Office,9918 W Walnut Street,8672689623,01272026074652448,Success,
1667,Office,72722 St Mary's Road,3844069612,01272026074652448,Success,
14007,Office,7703 Ophelia Light,9011392387,01272026074652448,Success,
1667,Office,1089 King Terrace,2368066815,01272026074652448,Success,
14007,Office,49714 Rice Common,6154041377,01272026074652448,Success,
1667,Office,9248 Fairfield Road,8130691969,01272026074652448,Success,
14007,Office,99941 Wood Lane,9932088950,01272026074652448,Success,
1667,Office,9045 Volkman Terrace,4257131242,01272026074652448,Success,
14007,Office,83389 Depot Street,3274162846,01272026074652448,Success,
1667,Office,4671 Wolff Light,8332318886,01272026074652448,Success,
14007,Office,247 Russel Parkway,9892430316,01272026074652448,Success,
1667,Office,48471 Teagan Squares,6057586304,01272026074652448,Success,
14007,Office,40821 Jones Branch,3813839700,01272026074652448,Success,
1667,Office,975 Nitzsche Streets,7273677866,01272026074652448,Success,
14007,Office,241 Derby Road,5235586434,01272026074652448,Success,
1667,Office,83990 Deron Lodge,6810884643,01272026074652448,Success,
14007,Office,612 Amalia Views,4946425785,01272026074652448,Success,
1667,Office,60409 Flatley Highway,8704683755,01272026074652448,Success,
14007,Office,331 Alene Viaduct,8313650374,01272026074652448,Success,
1667,Office,628 Johnson Tunnel,8660233712,01272026074652448,Success,
14007,Office,351 Floy Mountains,5074592674,01272026074652448,Success,
1667,Office,866 Hortense Mews,4362082094,01272026074652448,Success,
14007,Office,577 Toy Union,4325484620,01272026074652448,Success,
1667,Office,3391 Moen Ways,5849579891,01272026074652448,Success,
14007,Office,1294 Leonard Views,3035651861,01272026074652448,Success,
1667,Office,1317 Reinger Lights,7629606307,01272026074652448,Success,
14007,Office,4275 Koch Club,5258283448,01272026074652448,Success,
1667,Office,73039 Borer Mill,7825769912,01272026074652448,Success,
14007,Office,30651 Naomie Street,7055540855,01272026074652448,Success,
1667,Office,641 Elm Street,6655016060,01272026074652448,Success,
14007,Office,281 N Walnut Street,6313837447,01272026074652448,Success,
1667,Office,803 Hill Road,3751219487,01272026074652448,Success,
14007,Office,21156 Emory Expressway,6493509565,01272026074652448,Success,
1667,Office,12891 Emard Coves,2370596840,01272026074652448,Success,
14007,Office,78584 Rosendo Way,2744555396,01272026074652448,Success,
1667,Office,3256 S Front Street,6158670843,01272026074652448,Success,
14007,Office,192 Clarendon Road,2058622475,01272026074652448,Success,
1667,Office,2924 Casandra Station,9168396894,01272026074652448,Success,
14007,Office,75572 Hillside Avenue,5963805020,01272026074652448,Success,
1667,Office,5256 Burley Overpass,5206951370,01272026074652448,Success,
14007,Office,269 DuBuque Neck,2151807905,01272026074652448,Success,
1667,Office,7164 Wuckert Trace,9503427314,01272026074652448,Success,
14007,Office,86053 Kovacek Hollow,5387509606,01272026074652448,Success,
1667,Office,203 Tania Trail,3183563459,01272026074652448,Success,
14007,Office,53128 Castle Lane,9715945776,01272026074652448,Success,
1667,Office,98556 Tremblay Extension,9399774762,01272026074652448,Success,
14007,Office,5136 Satterfield Prairie,2775017417,01272026074652448,Success,
1667,Office,266 Aufderhar Vista,1733435085,01272026074652448,Success,
14007,Office,353 S Jackson Street,7393118245,01272026074652448,Success,
1667,Office,5209 Doyle Trace,8340337802,01272026074652448,Success,
14007,Office,85262 Kameron Mews,1263796829,01272026074652448,Success,
1667,Office,8980 Becker Overpass,9778015241,01272026074652448,Success,
14007,Office,7164 E Broad Street,8739508493,01272026074652448,Success,
1667,Office,433 Highfield Avenue,9936136003,01272026074652448,Success,
14007,Office,226 E Market Street,7721830733,01272026074652448,Success,
1667,Office,6107 Hackett Highway,9358024064,01272026074652448,Success,
14007,Office,331 Howell Circles,6684963769,01272026074652448,Success,
1667,Office,11822 E State Street,5994651098,01272026074652448,Success,
14007,Office,8689 Garnet Well,2929245536,01272026074652448,Success,
1667,Office,8999 Talbot Road,8053897699,01272026074652448,Success,
14007,Office,6604 W Broadway Street,5072004025,01272026074652448,Success,
1667,Office,536 Liberty Street,9690625465,01272026074652448,Success,
14007,Office,5374 Cora Mountains,7162485038,01272026074652448,Success,
1667,Office,11076 Torphy Divide,5867489247,01272026074652448,Success,
14007,Office,969 Lowell Cliff,7550339607,01272026074652448,Success,
1667,Office,620 Kayden Radial,1867487305,01272026074652448,Success,
14007,Office,6084 Bramley Close,8946658762,01272026074652448,Success,
1667,Office,502 Kshlerin Common,9483300926,01272026074652448,Success,
14007,Office,427 Luna Viaduct,4142425832,01272026074652448,Success,
1667,Office,377 Aurelia Views,4360017636,01272026074652448,Success,
14007,Office,8630 Ankunding Knoll,6491324258,01272026074652448,Success,
1667,Office,2709 Woodside,3064092444,01272026074652448,Success,
14007,Office,98548 Tracey Manors,8294851721,01272026074652448,Success,
1667,Office,72906 Witting Springs,5483194407,01272026074652448,Success,
14007,Office,12843 Harrison Street,6621489645,01272026074652448,Success,
1667,Office,34492 Garden Close,7682773532,01272026074652448,Success,
14007,Office,5896 Main Street W,1020852014,01272026074652448,Success,
1667,Office,91882 Olson Vista,5083945499,01272026074652448,Success,
14007,Office,2103 Jerald Port,6192738803,01272026074652448,Success,
1667,Office,155 The Paddock,9706941850,01272026074652448,Success,
14007,Office,27457 Harris Islands,8013312953,01272026074652448,Success,
1667,Office,807 Oaklands,2694635410,01272026074652448,Success,
14007,Office,1505 Kovacek Squares,1937808959,01272026074652448,Success,
1667,Office,709 Oak Road,9828817424,01272026074652448,Success,
14007,Office,450 Chapel Road,3503500969,01272026074652448,Success,
1667,Office,229 Ondricka Crest,9741947485,01272026074652448,Success,
14007,Office,239 Ernestina Cape,6511722508,01272026074652448,Success,
1667,Office,57737 W Union Street,6419649043,01272026074652448,Success,
14007,Office,197 Velda Underpass,8754084946,01272026074652448,Success,
1667,Office,2004 Martin Luther King Boulevard,8179535959,01272026074652448,Success,
14007,Office,3693 Richmond Close,3749963394,01272026074652448,Success,
1667,Office,7800 Savion Course,7887557992,01272026074652448,Success,
14007,Office,9368 Hazel Roads,4531701889,01272026074652448,Success,
1667,Office,84249 Old Lane,3634295368,01272026074652448,Success,
14007,Office,470 Albert Road,4427969141,01272026074652448,Success,
1667,Office,64561 Mount Pleasant,1073519169,01272026074652448,Success,
14007,Office,512 Wyman Circle,2679663224,01272026074652448,Success,
1667,Office,7637 Laverne Mountains,5920164039,01272026074652448,Success,
14007,Office,75421 Gulgowski Underpass,7202845099,01272026074652448,Success,
1667,Office,711 Keeling Corner,3303601634,01272026074652448,Success,
14007,Office,123 Sheila Hills,3450404072,01272026074652448,Success,
1667,Office,9791 Estelle Mill,3623853589,01272026074652448,Success,
14007,Office,22809 Orchard Street,7183944328,01272026074652448,Success,
1667,Office,373 Tyler Forges,3408094592,01272026074652448,Success,
14007,Office,64993 Broadway,7101936765,01272026074652448,Success,
1667,Office,9325 Danika Creek,4204298479,01272026074652448,Success,
14007,Office,358 O'Keefe Cape,7732623564,01272026074652448,Success,
1667,Office,372 S Union Street,8798551380,01272026074652448,Success,
14007,Office,600 E State Street,2706191266,01272026074652448,Success,
1667,Office,4674 Ethel Keys,9986608388,01272026074652448,Success,
14007,Office,97512 Bergstrom Gardens,4907723232,01272026074652448,Success,
1667,Office,4672 Abbey Valleys,1571714552,01272026074652448,Success,
14007,Office,190 Green Street,5095776487,01272026074652448,Success,
1667,Office,4344 Gorczany Pine,8948495166,01272026074652448,Success,
14007,Office,484 Roberts Court,8512665187,01272026074652448,Success,
1667,Office,6388 Garett Ville,1462370394,01272026074652448,Success,
14007,Office,942 Trace Bypass,1498591575,01272026074652448,Success,
1667,Office,792 Noelia Pines,7440319802,01272026074652448,Success,
14007,Office,171 Clifton Road,9528008957,01272026074652448,Success,
1667,Office,1720 South Avenue,9256254102,01272026074652448,Success,
14007,Office,6971 W Lake Street,9698166472,01272026074652448,Success,
1667,Office,974 William Street,2202093229,01272026074652448,Success,
14007,Office,33157 Davin Stream,1581234242,01272026074652448,Success,
1667,Office,282 Friesen Junction,5813192516,01272026074652448,Success,
14007,Office,1891 Reinger Fields,7509962003,01272026074652448,Success,
1667,Office,69834 Willow Drive,8478970085,01272026074652448,Success,
14007,Office,7370 E Union Street,5435720193,01272026074652448,Success,
1667,Office,445 Annamae Dam,6349426532,01272026074652448,Success,
14007,Office,6921 Jaskolski Valley,7078187765,01272026074652448,Success,
1667,Office,87708 Rae Motorway,6342003045,01272026074652448,Success,
14007,Office,37414 Oxford Street,1799931236,01272026074652448,Success,
1667,Office,148 Cremin Street,5025567630,01272026074652448,Success,
14007,Office,13370 N Poplar Street,3501887321,01272026074652448,Success,
1667,Office,319 West Lane,2050463136,01272026074652448,Success,
14007,Office,41082 Herzog Pine,7175767162,01272026074652448,Success,
1667,Office,596 Naomi Hills,6641913532,01272026074652448,Success,
14007,Office,704 Cherry Close,6921585917,01272026074652448,Success,
1667,Office,764 Barn Close,3406524122,01272026074652448,Success,
14007,Office,1946 Cecelia Route,8151216039,01272026074652448,Success,
1667,Office,42321 Elvis Lakes,7192434890,01272026074652448,Success,
14007,Office,6165 Liberty Street,1576555797,01272026074652448,Success,
1667,Office,8734 Russel Course,2849998481,01272026074652448,Success,
14007,Office,59871 Precious Via,3222141945,01272026074652448,Success,
1667,Office,905 Keebler Place,8666984630,01272026074652448,Success,
14007,Office,277 Fermin Drive,9618078221,01272026074652448,Success,
1667,Office,473 E Franklin Street,9595706302,01272026074652448,Success,
14007,Office,693 Vicarage Close,9466630047,01272026074652448,Success,
1667,Office,96263 Piper Fork,2319303343,01272026074652448,Success,
14007,Office,27671 Elm Close,9856547785,01272026074652448,Success,
1667,Office,51250 Commercial Road,3812580527,01272026074652448,Success,
14007,Office,54753 Strosin Roads,4821531608,01272026074652448,Success,
1667,Office,29304 Jackson Avenue,2054858924,01272026074652448,Success,
14007,Office,7000 Alexys Overpass,3065667564,01272026074652448,Success,
1667,Office,71090 Philip Plains,6439637516,01272026074652448,Success,
14007,Office,678 Emmett Brook,2688919448,01272026074652448,Success,
1667,Office,7118 W Central Avenue,6423299994,01272026074652448,Success,
14007,Office,3974 Kerluke Circle,9985562340,01272026074652448,Success,
1667,Office,311 Brook Lane,3785707923,01272026074652448,Success,
14007,Office,4618 The Fairway,7617008172,01272026074652448,Success,
1667,Office,3348 Zieme Mission,5911370164,01272026074652448,Success,
14007,Office,7856 S 7th Street,8869056636,01272026074652448,Success,
1667,Office,51952 Warren Road,6293929624,01272026074652448,Success,
14007,Office,101 Dovie Harbor,8012836627,01272026074652448,Success,
1667,Office,9008 Yoshiko Lake,4934310395,01272026074652448,Success,
14007,Office,6153 Brakus Ridges,1363716966,01272026074652448,Success,
1667,Office,416 Borer Village,7873107160,01272026074652448,Success,
14007,Office,78191 King Row,1883992237,01272026074652448,Success,
1667,Office,1338 Kirlin Plains,7089391197,01272026074652448,Success,
14007,Office,107 Schaden Lodge,6331685927,01272026074652448,Success,
1667,Office,8849 Briana Glens,4842323975,01272026074652448,Success,
14007,Office,5876 Anahi Inlet,7866564866,01272026074652448,Success,
1667,Office,33622 Elouise View,6028521976,01272026074652448,Success,
14007,Office,568 Goyette Ferry,7261137252,01272026074652448,Success,
1667,Office,553 Madison Street,4432252740,01272026074652448,Success,
14007,Office,280 Grange Road,8992794561,01272026074652448,Success,
1667,Office,29444 Dulce Isle,4221126092,01272026074652448,Success,
14007,Office,8198 Schuster Keys,4101148360,01272026074652448,Success,
1667,Office,31534 Trantow Stream,3976172299,01272026074652448,Success,
14007,Office,8574 Oxford Street,3633942998,01272026074652448,Success,
1667,Office,901 Aletha Rue,7230985943,01272026074652448,Success,
14007,Office,526 Main Street S,4267614829,01272026074652448,Success,
1667,Office,37085 Janiya Court,7363507371,01272026074652448,Success,
14007,Office,1791 Marjory Street,4638577759,01272026074652448,Success,
1667,Office,680 Upton Village,3424738021,01272026074652448,Success,
14007,Office,377 Rocky Summit,2342526802,01272026074652448,Success,
1667,Office,581 Heloise Course,2893507860,01272026074652448,Success,
14007,Office,60138 Domenica Freeway,7302489944,01272026074652448,Success,
1667,Office,10603 W Walnut Street,1884649923,01272026074652448,Success,
14007,Office,27536 Davis Street,9996342488,01272026074652448,Success,
1667,Office,983 Dina Viaduct,9689995708,01272026074652448,Success,
14007,Office,34124 W Franklin Street,4835650319,01272026074652448,Success,
1667,Office,159 Beech Close,9903471107,01272026074652448,Success,
14007,Office,1393 Nathanial Island,5088197228,01272026074652448,Success,
1667,Office,83341 Millie Field,1012031358,01272026074652448,Success,
14007,Office,2255 Silver Street,6031396474,01272026074652448,Success,
1667,Office,6900 Zoe Isle,3059287496,01272026074652448,Success,
14007,Office,52672 Bessie Throughway,8370920506,01272026074652448,Success,
1667,Office,2864 Fritsch Haven,8279752985,01272026074652448,Success,
14007,Office,5819 Torp Harbors,3974953716,01272026074652448,Success,
1667,Office,55892 Hilpert Ville,7815590025,01272026074652448,Success,
14007,Office,75498 Carroll Stream,6428766145,01272026074652448,Success,
1667,Office,2977 Mayer Wall,7126788982,01272026074652448,Success,
14007,Office,1503 Eugene Fork,6119510601,01272026074652448,Success,
1667,Office,33945 Pauline Radial,5402315564,01272026074652448,Success,
14007,Office,2865 Effertz Lane,1075964091,01272026074652448,Success,
1667,Office,27096 Reichert Gardens,7773863386,01272026074652448,Success,
14007,Office,845 Ritchie Wall,1863894315,01272026074652448,Success,
1667,Office,660 Mara Overpass,4943707109,01272026074652448,Success,
14007,Office,72605 Castle Road,7922978375,01272026074652448,Success,
1667,Office,41024 Alma Street,5422250003,01272026074652448,Success,
14007,Office,9806 Kathleen Freeway,8551090859,01272026074652448,Success,
1667,Office,68195 Jules Haven,8303875287,01272026074652448,Success,
14007,Office,64022 Windsor Drive,4762278599,01272026074652448,Success,
1667,Office,972 Emory Landing,6017216846,01272026074652448,Success,
14007,Office,64944 Camila Neck,8625914570,01272026074652448,Success,
1667,Office,1274 Abbott Parkways,6037073577,01272026074652448,Success,
14007,Office,75194 S Chestnut Street,3650472548,01272026074652448,Success,
1667,Office,560 N Lincoln Street,4782954437,01272026074652448,Success,
14007,Office,795 Roel Inlet,5075488650,01272026074652448,Success,
1667,Office,7333 Glebe Close,3851740452,01272026074652448,Success,
14007,Office,4219 Ash Grove,1423709860,01272026074652448,Success,
1667,Office,6597 Vincenzo Burgs,4123049146,01272026074652448,Success,
14007,Office,159 Franecki Turnpike,4106394231,01272026074652448,Success,
1667,Office,7337 Chapel Street,6886046144,01272026074652448,Success,
14007,Office,2211 Riverside Avenue,5734361355,01272026074652448,Success,
1667,Office,76819 Railroad Street,4759990420,01272026074652448,Success,
14007,Office,170 S Center Street,8530119586,01272026074652448,Success,
1667,Office,6660 Mueller Lake,5831747998,01272026074652448,Success,
14007,Office,9751 Mayra Light,5720269576,01272026074652448,Success,
1667,Office,7432 Spring Street,6788361745,01272026074652448,Success,
14007,Office,20146 E Franklin Street,5183837032,01272026074652448,Success,
1667,Office,220 Lorine Mountains,8543832879,01272026074652448,Success,
14007,Office,222 Julian Curve,2357803221,01272026074652448,Success,
1667,Office,731 Tania Parks,6228232466,01272026074652448,Success,
14007,Office,6655 Rau Field,9415249947,01272026074652448,Success,
1667,Office,12874 Lemke Track,8539630659,01272026074652448,Success,
14007,Office,9119 Waelchi Parks,7269270406,01272026074652448,Success,
1667,Office,137 Grand Avenue,9793314135,01272026074652448,Success,
14007,Office,709 N Locust Street,5313465584,01272026074652448,Success,
1667,Office,716 Windsor Close,2056221166,01272026074652448,Success,
14007,Office,22419 N High Street,8442797708,01272026074652448,Success,
1667,Office,260 MacGyver Mall,6024660315,01272026074652448,Success,
14007,Office,6603 Hauck Parkways,9827802972,01272026074652448,Success,
1667,Office,40558 Carleton Lodge,7717151398,01272026074652448,Success,
14007,Office,240 Danika Via,3427189453,01272026074652448,Success,
1667,Office,416 Skyline Drive,8366064841,01272026074652448,Success,
14007,Office,189 Hills Road,5165082082,01272026074652448,Success,
1667,Office,408 Fairfield Road,4704204511,01272026074652448,Success,
14007,Office,8715 W Elm Street,9547460636,01272026074652448,Success,
1667,Office,19035 Chestnut Close,3454410322,01272026074652448,Success,
14007,Office,1681 Julio Road,3239675461,01272026074652448,Success,
1667,Office,7939 S Bridge Street,8194848966,01272026074652448,Success,
14007,Office,93060 Woodrow Trail,8824407450,01272026074652448,Success,
1667,Office,513 Maxime Shore,2791765012,01272026074652448,Success,
14007,Office,695 Ortiz Oval,1833749608,01272026074652448,Success,
1667,Office,41938 McKenzie Mews,7127993600,01272026074652448,Success,
14007,Office,35194 Heller Orchard,1429485683,01272026074652448,Success,
1667,Office,648 Bogisich Walks,5061243883,01272026074652448,Success,
14007,Office,765 Darrion Skyway,2790757395,01272026074652448,Success,
1667,Office,36040 Carleton Estates,5059863099,01272026074652448,Success,
14007,Office,26691 Eino Creek,9797713478,01272026074652448,Success,
1667,Office,55949 Schmidt Roads,6837092896,01272026074652448,Success,
14007,Office,4056 W Broadway Avenue,7591957718,01272026074652448,Success,
1667,Office,1947 Edison Path,5176601165,01272026074652448,Success,
14007,Office,8195 Kuhn Underpass,8577686966,01272026074652448,Success,
1667,Office,223 Smitham Corners,9815006160,01272026074652448,Success,
14007,Office,536 Rohan Pines,8568003767,01272026074652448,Success,
1667,Office,920 12th Street,2072776626,01272026074652448,Success,
14007,Office,99113 Lawrence Street,3720602277,01272026074652448,Success,
1667,Office,6338 Vicenta Trace,1201237121,01272026074652448,Success,
14007,Office,42336 S 8th Street,6157372411,01272026074652448,Success,
1667,Office,765 Jaylin Place,1419220716,01272026074652448,Success,
14007,Office,4683 Ernestine Glens,8966593589,01272026074652448,Success,
1667,Office,3599 Rogahn Place,8858852891,01272026074652448,Success,
14007,Office,4122 Kautzer Valley,7448213650,01272026074652448,Success,
1667,Office,818 Riverside,3687768090,01272026074652448,Success,
14007,Office,769 Rippin Ramp,3267349246,01272026074652448,Success,
1667,Office,66769 Manchester Road,7734866478,01272026074652448,Success,
14007,Office,78191 Oakfield Road,1249913663,01272026074652448,Success,
1667,Office,57351 Boundary Road,3831281868,01272026074652448,Success,
14007,Office,43656 Asa Stream,3356319756,01272026074652448,Success,
1667,Office,9057 Otilia Park,7542714554,01272026074652448,Success,
14007,Office,9388 Beer Forge,7433302177,01272026074652448,Success,
1667,Office,739 Anthony Green,5791102365,01272026074652448,Success,
14007,Office,2350 Brook Street,3116067219,01272026074652448,Success,
1667,Office,9145 S Union Street,5923965898,01272026074652448,Success,
14007,Office,3070 Runolfsson Fort,4136127896,01272026074652448,Success,
1667,Office,178 Well Lane,3100840176,01272026074652448,Success,
14007,Office,2598 Lincoln Highway,7544865810,01272026074652448,Success,
1667,Office,854 Witting Parkway,5496169375,01272026074652448,Success,
14007,Office,690 Bayer Ridges,9490345738,01272026074652448,Success,
1667,Office,1234 Myah Rapids,8219869800,01272026074652448,Success,
14007,Office,84109 N Franklin Street,1314182126,01272026074652448,Success,
1667,Office,17456 April Common,8175219607,01272026074652448,Success,
14007,Office,12728 Bailey Shoal,8540404524,01272026074652448,Success,
1667,Office,15114 Schulist Parkways,5508680501,01272026074652448,Success,
14007,Office,855 Conn Pine,4534719617,01272026074652448,Success,
1667,Office,1849 Warren Close,8791745831,01272026074652448,Success,
14007,Office,296 Rubye Overpass,6240427918,01272026074652448,Success,
1667,Office,16986 The Fairway,1503168562,01272026074652448,Success,
14007,Office,4530 Carrie Walk,2237608640,01272026074652448,Success,
1667,Office,3433 Lindgren Parkways,4878267774,01272026074652448,Success,
14007,Office,20829 Lang Row,8734168339,01272026074652448,Success,
1667,Office,966 Curtis Ramp,6792402469,01272026074652448,Success,
14007,Office,97569 North Road,7455132528,01272026074652448,Success,
1667,Office,2424 Windmill Lane,1783790608,01272026074652448,Success,
14007,Office,53848 Water Lane,3285532978,01272026074652448,Success,
1667,Office,546 Madge Mills,7779193011,01272026074652448,Success,
14007,Office,7284 Cheyanne Meadows,1910407963,01272026074652448,Success,
1667,Office,867 Rosemarie Ranch,1102552760,01272026074652448,Success,
14007,Office,21264 Nelson Green,3083637314,01272026074652448,Success,
1667,Office,533 E 11th Street,8807763577,01272026074652448,Success,
14007,Office,21088 Josie Drive,5634180593,01272026074652448,Success,
1667,Office,5665 Quigley Locks,2412959122,01272026074652448,Success,
14007,Office,37758 Walsh Hills,9225944254,01272026074652448,Success,
1667,Office,7104 Buckridge Heights,8377059003,01272026074652448,Success,
14007,Office,898 Krajcik Knoll,7436684935,01272026074652448,Success,
1667,Office,429 Rippin Heights,8708943028,01272026074652448,Success,
14007,Office,407 Steuber Ferry,2679096304,01272026074652448,Success,
1667,Office,61439 Estella Mews,9677814584,01272026074652448,Success,
14007,Office,21867 Spinka Branch,9156528910,01272026074652448,Success,
1667,Office,69292 Highland Avenue,9054953058,01272026074652448,Success,
14007,Office,31249 Jaeden Stream,4434886476,01272026074652448,Success,
1667,Office,53128 Yost Views,2758257236,01272026074652448,Success,
14007,Office,29281 Main Street,3513813276,01272026074652448,Success,
1667,Office,283 Ryleigh Port,3012462757,01272026074652448,Success,
14007,Office,46336 Araceli Ridges,5974969997,01272026074652448,Success,
1667,Office,784 James Street,8021485303,01272026074652448,Success,
14007,Office,36209 Morissette Inlet,5975777588,01272026074652448,Success,
1667,Office,5733 Douglas Road,9990676246,01272026074652448,Success,
14007,Office,1734 Jacques Divide,8040830135,01272026074652448,Success,
1667,Office,8475 Hyatt Vista,8373224613,01272026074652448,Success,
14007,Office,371 Elliot Common,6941096342,01272026074652448,Success,
1667,Office,170 Favian Island,2340583362,01272026074652448,Success,
14007,Office,1651 Shanahan Roads,1638029476,01272026074652448,Success,
1667,Office,7108 Elody Heights,3015337851,01272026074652448,Success,
14007,Office,892 Maud Parks,7130705476,01272026074652448,Success,
1667,Office,2763 Swaniawski Passage,9270177422,01272026074652448,Success,
14007,Office,30572 Marley Locks,5565536325,01272026074652448,Success,
1667,Office,866 Kling Flats,3940029150,01272026074652448,Success,
14007,Office,2646 Gina Flats,7388450522,01272026074652448,Success,
1667,Office,89545 Eriberto Bypass,8936595460,01272026074652448,Success,
14007,Office,4080 Mante Lakes,6994130800,01272026074652448,Success,
1667,Office,116 Dianna Corners,5446965023,01272026074652448,Success,
14007,Office,3947 Augustus Divide,1904897479,01272026074652448,Success,
1667,Office,89452 West Street,6626458957,01272026074652448,Success,
14007,Office,9279 Annamae Island,4104516546,01272026074652448,Success,
1667,Office,38550 Raynor Park,6077965530,01272026074652448,Success,
14007,Office,825 Mount Street,3305029589,01272026074652448,Success,
1667,Office,82453 Marshall Mews,4768063993,01272026074652448,Success,
14007,Office,51019 E 6th Avenue,6406019954,01272026074652448,Success,
1667,Office,270 Senger Lock,6608192683,01272026074652448,Success,
14007,Office,3389 Hirthe Cove,3626340186,01272026074652448,Success,
1667,Office,88283 N Division Street,1392519206,01272026074652448,Success,
14007,Office,5247 Anderson Plains,5732221070,01272026074652448,Success,
1667,Office,80261 Martin Creek,6826488932,01272026074652448,Success,
14007,Office,7108 King Street,4930134208,01272026074652448,Success,
1667,Office,712 Christophe Ways,6272697660,01272026074652448,Success,
14007,Office,53891 Washington Street,5080176218,01272026074652448,Success,
1667,Office,6475 The Ridgeway,5550767469,01272026074652448,Success,
14007,Office,58224 Church View,8188070513,01272026074652448,Success,
1667,Office,934 Ferry Road,4798388608,01272026074652448,Success,
14007,Office,7519 Tillman Keys,1936003880,01272026074652448,Success,
1667,Office,47157 E Jefferson Street,5815362657,01272026074652448,Success,
14007,Office,4448 Schimmel Hollow,9956121313,01272026074652448,Success,
1667,Office,2334 Jast Creek,9124939066,01272026074652448,Success,
14007,Office,74358 Martin Luther King Jr Boulevard,8009937352,01272026074652448,Success,
1667,Office,5587 Herman Lane,2615244811,01272026074652448,Success,
14007,Office,88637 Quigley Mountain,5626404090,01272026074652448,Success,
1667,Office,857 Hand Light,7434746960,01272026074652448,Success,
14007,Office,436 Schmitt Landing,5789670931,01272026074652448,Success,
1667,Office,68306 Alta Neck,5574018396,01272026074652448,Success,
14007,Office,7928 Thiel Mission,5680053529,01272026074652448,Success,
1667,Office,352 Bay Street,1913123175,01272026074652448,Success,
14007,Office,58601 Jabari Coves,9801437241,01272026074652448,Success,
1667,Office,3259 Kieran Lock,8135115835,01272026074652448,Success,
14007,Office,8112 Cherry Street,9463700756,01272026074652448,Success,
1667,Office,50116 Lula Points,8892377238,01272026074652448,Success,
14007,Office,10002 Feest Point,2593468624,01272026074652448,Success,
1667,Office,1431 Botsford Forges,4486393195,01272026074652448,Success,
14007,Office,704 Douglas Road,5192420121,01272026074652448,Success,
1667,Office,18596 Gracie Skyway,6968544317,01272026074652448,Success,
14007,Office,50851 Jayme Spur,5540514008,01272026074652448,Success,
1667,Office,90892 Bogisich Ferry,4497163940,01272026074652448,Success,
14007,Office,832 Myra Overpass,3713041197,01272026074652448,Success,
1667,Office,18102 Reichel Springs,7728559058,01272026074652448,Success,
14007,Office,99277 Raina Fords,7972953332,01272026074652448,Success,
1667,Office,42591 River Road,7103303775,01272026074652448,Success,
14007,Office,94145 Vandervort Freeway,3692679883,01272026074652448,Success,
1667,Office,12477 Milton Street,9770724812,01272026074652448,Success,
14007,Office,868 Lakin Streets,2926604228,01272026074652448,Success,
1667,Office,630 Parisian Pass,8267081194,01272026074652448,Success,
14007,Office,6144 Alverta Pine,9760420440,01272026074652448,Success,
1667,Office,17862 Victoria Place,3914600277,01272026074652448,Success,
14007,Office,67363 Dach Ranch,4006917673,01272026074652448,Success,
1667,Office,541 Jewell Club,1120897842,01272026074652448,Success,
14007,Office,594 Sabryna Causeway,4507215513,01272026074652448,Success,
1667,Office,215 Low Road,4862575328,01272026074652448,Success,
14007,Office,5751 Main Road,8674114327,01272026074652448,Success,
1667,Office,74237 Stokes Way,4823226752,01272026074652448,Success,
14007,Office,6503 Hoeger Path,2169202014,01272026074652448,Success,
1667,Office,533 Ila Locks,1631110882,01272026074652448,Success,
14007,Office,4892 Justus Centers,9490723485,01272026074652448,Success,
1667,Office,868 Audrey Views,6652824992,01272026074652448,Success,
14007,Office,85689 Mills Crest,1670835970,01272026074652448,Success,
1667,Office,6693 Shanahan Common,6180062921,01272026074652448,Success,
14007,Office,6746 Klocko Knoll,6094006163,01272026074652448,Success,
1667,Office,32924 N College Street,3758482425,01272026074652448,Success,
14007,Office,8718 State Line Road,2230059166,01272026074652448,Success,
1667,Office,1140 Koss Views,7076185535,01272026074652448,Success,
14007,Office,78536 Hayes Creek,1248218475,01272026074652448,Success,
1667,Office,5730 Bryana Shoal,9028708641,01272026074652448,Success,
14007,Office,429 Miller Prairie,7995234562,01272026074652448,Success,
1667,Office,27091 Seth Bridge,4656117980,01272026074652448,Success,
14007,Office,8087 Boyle Squares,6088054701,01272026074652448,Success,
1667,Office,3563 Erdman Groves,5805387724,01272026074652448,Success,
14007,Office,8762 Eleazar Rapid,5680916446,01272026074652448,Success,
1667,Office,84066 The Croft,4862640678,01272026074652448,Success,
14007,Office,92512 Francesca Meadows,2825032869,01272026074652448,Success,
1667,Office,73783 Adrain Mount,9549130532,01272026074652448,Success,
14007,Office,373 Estelle Square,1909276836,01272026074652448,Success,
1667,Office,825 Leuschke Skyway,8088690757,01272026074652448,Success,
14007,Office,785 Gislason Valleys,2911481485,01272026074652448,Success,
1667,Office,671 W 10th Street,9616430672,01272026074652448,Success,
14007,Office,7944 Clifton Road,8528575318,01272026074652448,Success,
1667,Office,1523 Hettinger Cliff,9328941845,01272026074652448,Success,
14007,Office,88933 Jennings Creek,8422609435,01272026074652448,Success,
1667,Office,5347 Lueilwitz Cape,4182059637,01272026074652448,Success,
14007,Office,37244 Leuschke Mount,8305305793,01272026074652448,Success,
1667,Office,6519 Holly Close,6835381528,01272026074652448,Success,
14007,Office,3617 Nelson Road,9406481593,01272026074652448,Success,
1667,Office,9383 S Main Avenue,3462300757,01272026074652448,Success,
14007,Office,96864 James Street,5320156597,01272026074652448,Success,
1667,Office,547 Cameron Spur,3337438591,01272026074652448,Success,
14007,Office,83932 Purdy Dam,5492297643,01272026074652448,Success,
1667,Office,812 Zakary Motorway,2590797937,01272026074652448,Success,
14007,Office,497 Princes Street,1667645980,01272026074652448,Success,
1667,Office,10019 Marvin Wall,1185286412,01272026074652448,Success,
14007,Office,294 Rolfson Road,3840263141,01272026074652448,Success,
1667,Office,264 Nina Spring,5069158227,01272026074652448,Success,
14007,Office,32690 Cloyd Pines,3621816056,01272026074652448,Success,
1667,Office,735 Lincoln Road,5801513450,01272026074652448,Success,
14007,Office,7398 W River Road,9838882530,01272026074652448,Success,
1667,Office,53931 Ottis Passage,3177731052,01272026074652448,Success,
14007,Office,3509 Destin Fords,5843410008,01272026074652448,Success,
1667,Office,96846 N Center Street,6120549631,01272026074652448,Success,
14007,Office,3645 Marcelino Bypass,6430889795,01272026074652448,Success,
1667,Office,7508 Catherine Place,4420549836,01272026074652448,Success,
14007,Office,3371 Williamson Haven,7491612468,01272026074652448,Success,
1667,Office,3276 Waelchi Throughway,8951874429,01272026074652448,Success,
14007,Office,5155 Jamal Valley,8143152401,01272026074652448,Success,
1667,Office,812 Enoch Pike,8536501696,01272026074652448,Success,
14007,Office,67279 N Union Street,6527806437,01272026074652448,Success,
1667,Office,90681 N Harrison Street,9404401244,01272026074652448,Success,
14007,Office,31984 Damien Mountains,9988974023,01272026074652448,Success,
1667,Office,952 Brown Green,1523707137,01272026074652448,Success,
14007,Office,909 Anderson Canyon,8839023344,01272026074652448,Success,
1667,Office,5781 Amelie Run,1899769587,01272026074652448,Success,
14007,Office,86830 The Oaks,8527722697,01272026074652448,Success,
1667,Office,4774 Neha Lake,9583975971,01272026074652448,Success,
14007,Office,1944 Louvenia Squares,3214050199,01272026074652448,Success,
1667,Office,965 Second Avenue,3838691370,01272026074652448,Success,
14007,Office,1676 Tressie Union,9890522446,01272026074652448,Success,
1667,Office,937 Presley Circle,6132859734,01272026074652448,Success,
14007,Office,18760 Emilio Fork,3879734632,01272026074652448,Success,
1667,Office,9132 Hahn Village,2338412088,01272026074652448,Success,
14007,Office,41076 Darryl Ford,6299317562,01272026074652448,Success,
1667,Office,131 The Chase,9784368157,01272026074652448,Success,
14007,Office,56279 Spinka Drives,4689258904,01272026074652448,Success,
1667,Office,714 Levi Mall,5393179554,01272026074652448,Success,
14007,Office,167 Schimmel Spur,4972512943,01272026074652448,Success,
1667,Office,6502 Walker Harbor,9026464957,01272026074652448,Success,
14007,Office,84424 Morar Hills,6460038493,01272026074652448,Success,
1667,Office,741 Mckenzie Oval,5487702642,01272026074652448,Success,
14007,Office,13964 Greenville Road,7575735595,01272026074652448,Success,
1667,Office,925 Herman Common,7128081382,01272026074652448,Success,
14007,Office,2848 Hillside Road,9630963426,01272026074652448,Success,
1667,Office,5630 Legros Parks,8405678403,01272026074652448,Success,
14007,Office,1479 Streich Mall,4838250704,01272026074652448,Success,
1667,Office,190 Mitchell Point,8971654495,01272026074652448,Success,
14007,Office,2255 Jefferson Avenue,5411277329,01272026074652448,Success,
1667,Office,264 Feil Grove,3856399161,01272026074652448,Success,
14007,Office,2083 Annamae Stream,9813653239,01272026074652448,Success,
1667,Office,121 Garry Avenue,8336665216,01272026074652448,Success,
14007,Office,768 Ambrose Curve,8188404900,01272026074652448,Success,
1667,Office,754 S Monroe Street,4160732101,01272026074652448,Success,
14007,Office,334 Union Avenue,8933106320,01272026074652448,Success,
1667,Office,321 Molly Divide,5098287201,01272026074652448,Success,
14007,Office,49453 Corkery Lake,7282732198,01272026074652448,Success,
1667,Office,470 Senger Turnpike,6198379041,01272026074652448,Success,
14007,Office,26693 Quitzon Harbors,9890446361,01272026074652448,Success,
1667,Office,192 Vernie Causeway,4203126965,01272026074652448,Success,
14007,Office,792 E 3rd Street,8929328278,01272026074652448,Success,
1667,Office,4760 Prospect Street,1458229121,01272026074652448,Success,
14007,Office,578 W Washington Avenue,2727086873,01272026074652448,Success,
1667,Office,79283 Howe Ridge,7628712920,01272026074652448,Success,
14007,Office,13090 Smith Street,4314108968,01272026074652448,Success,
1667,Office,118 Schumm Avenue,6415483350,01272026074652448,Success,
14007,Office,627 Stamm Cliffs,2632616227,01272026074652448,Success,
1667,Office,52047 Meadow View,4076707499,01272026074652448,Success,
14007,Office,6663 12th Street,3325991976,01272026074652448,Success,
1667,Office,667 Davion Hill,5721562990,01272026074652448,Success,
14007,Office,5257 Schmeler Fort,4333284615,01272026074652448,Success,
1667,Office,680 West End,8504522803,01272026074652448,Success,
14007,Office,8203 Fay Loop,7700969072,01272026074652448,Success,
1667,Office,88703 Princes Street,2318397216,01272026074652448,Success,
14007,Office,29732 Retta Row,5109024899,01272026074652448,Success,
1667,Office,7740 Adriel Fall,2123724062,01272026074652448,Success,
14007,Office,193 Christiansen Locks,2128226575,01272026074652448,Success,
1667,Office,9407 Margarita Forges,9518965733,01272026074652448,Success,
14007,Office,346 Beahan Drives,5270069875,01272026074652448,Success,
1667,Office,398 Kunze Pine,7896781234,01272026074652448,Success,
14007,Office,146 Dakota Roads,6107253206,01272026074652448,Success,
1667,Office,9579 Jackie Isle,6496203825,01272026074652448,Success,
14007,Office,78661 Fay Isle,2673695788,01272026074652448,Success,
1667,Office,676 West Plains,8554125468,01272026074652448,Success,
14007,Office,770 E Front Street,8595727011,01272026074652448,Success,
1667,Office,973 Morton Lock,8873537056,01272026074652448,Success,
14007,Office,47083 S Jackson Street,2015277173,01272026074652448,Success,
1667,Office,810 Lake Drive,4977160873,01272026074652448,Success,
14007,Office,83302 Cassin Fort,9875683368,01272026074652448,Success,
1667,Office,10016 Roman Way,2490657519,01272026074652448,Success,
14007,Office,6557 Bruen Dam,5107345248,01272026074652448,Success,
1667,Office,9822 Ratke Throughway,5983863511,01272026074652448,Success,
14007,Office,6152 Jensen Club,6763963313,01272026074652448,Success,
1667,Office,8133 Rolfson Crescent,8057951889,01272026074652448,Success,
14007,Office,915 The Poplars,7882217162,01272026074652448,Success,
1667,Office,178 Pat Rue,5512454697,01272026074652448,Success,
14007,Office,313 Bernardo Square,6117986455,01272026074652448,Success,
1667,Office,85041 Ledner Curve,3354093388,01272026074652448,Success,
14007,Office,27198 Wisozk Heights,5219948673,01272026074652448,Success,
1667,Office,27206 Nyah Track,3676275391,01272026074652448,Success,
14007,Office,274 Cruickshank Burgs,9545423131,01272026074652448,Success,
1667,Office,70510 Ferry Flat,1684004610,01272026074652448,Success,
14007,Office,56074 Eulalia Fall,2737025752,01272026074652448,Success,
1667,Office,35726 Dennis Parkway,7657820236,01272026074652448,Success,
14007,Office,2143 Telly Green,4453040713,01272026074652448,Success,
1667,Office,4074 Keagan Orchard,5135921341,01272026074652448,Success,
14007,Office,2842 Ondricka Throughway,5376748218,01272026074652448,Success,
1667,Office,5701 Fritsch Mall,3855407157,01272026074652448,Success,
14007,Office,4318 Halvorson Mall,1202361462,01272026074652448,Success,
1667,Office,874 Gleason Dam,9079665682,01272026074652448,Success,
14007,Office,9612 Hall Street,4976692012,01272026074652448,Success,
1667,Office,5650 Alta Village,1655537323,01272026074652448,Success,
14007,Office,9585 Runte Crest,8199209074,01272026074652448,Success,
1667,Office,88707 Anthony Squares,6501809181,01272026074652448,Success,
14007,Office,938 Maxine Union,6774083430,01272026074652448,Success,
1667,Office,2521 Coronation Road,2014569068,01272026074652448,Success,
14007,Office,970 White Landing,3486383435,01272026074652448,Success,
1667,Office,8610 Lang Landing,5950281421,01272026074652448,Success,
14007,Office,8048 Deckow Loop,7267347074,01272026074652448,Success,
1667,Office,145 Maia Canyon,3945034141,01272026074652448,Success,
14007,Office,5539 Valley Road,2789534042,01272026074652448,Success,
1667,Office,5535 Pacocha Grove,2387623496,01272026074652448,Success,
14007,Office,419 Savanah Divide,8505902821,01272026074652448,Success,
1667,Office,76387 Madison Trace,5824586864,01272026074652448,Success,
14007,Office,708 Rodriguez Bypass,2349644082,01272026074652448,Success,
1667,Office,689 Poplar Avenue,9335764579,01272026074652448,Success,
14007,Office,21139 Kuvalis Junctions,5933711102,01272026074652448,Success,
1667,Office,5786 Oxford Road,7333692437,01272026074652448,Success,
14007,Office,670 Emerson Islands,5316650750,01272026074652448,Success,
1667,Office,12562 August Coves,6288329706,01272026074652448,Success,
14007,Office,55953 Leannon Wall,8769975296,01272026074652448,Success,
1667,Office,7497 Laurel Close,4264816631,01272026074652448,Success,
14007,Office,20718 Aufderhar Points,9152581392,01272026074652448,Success,
1667,Office,2529 Johns Inlet,2161061264,01272026074652448,Success,
14007,Office,40927 Crist Flat,2382894181,01272026074652448,Success,
1667,Office,52945 Wisoky Circles,2784624337,01272026074652448,Success,
14007,Office,836 Kirlin Union,1413599122,01272026074652448,Success,
1667,Office,59749 Hane Garden,6302930183,01272026074652448,Success,
14007,Office,7177 Rolfson Centers,6614657322,01272026074652448,Success,
1667,Office,311 James Street,6422716727,01272026074652448,Success,
14007,Office,1719 Crona Track,1219310065,01272026074652448,Success,
1667,Office,9553 Maple Street,8292929723,01272026074652448,Success,
14007,Office,73596 Cynthia Mews,5467986184,01272026074652448,Success,
1667,Office,8209 Lesch Well,4141140092,01272026074652448,Success,
14007,Office,4178 Mohammed Trafficway,3939658402,01272026074652448,Success,
1667,Office,77130 Berge Mount,9979614010,01272026074652448,Success,
14007,Office,30736 River Street,9407093780,01272026074652448,Success,
1667,Office,9268 Susana Ferry,5657397615,01272026074652448,Success,
14007,Office,388 A Street,8699743823,01272026074652448,Success,
1667,Office,520 Buster Isle,8983040740,01272026074652448,Success,
14007,Office,78949 Albany Road,1084364237,01272026074652448,Success,
1667,Office,4518 Jaycee Greens,2286112299,01272026074652448,Success,
14007,Office,61516 Leann Centers,1918378707,01272026074652448,Success,
1667,Office,81709 Kertzmann Rue,5106065866,01272026074652448,Success,
14007,Office,99381 Baumbach Ridges,4880592096,01272026074652448,Success,
1667,Office,23812 Estell Orchard,3015475017,01272026074652448,Success,
14007,Office,140 Adams Street,9801209167,01272026074652448,Success,
1667,Office,7305 Stark Inlet,4407532546,01272026074652448,Success,
14007,Office,54959 Maryam Court,5699836858,01272026074652448,Success,
1667,Office,155 Cummings Dam,6239308465,01272026074652448,Success,
14007,Office,66455 Cummings Circle,8445059983,01272026074652448,Success,
1667,Office,8629 Bechtelar Keys,2930144620,01272026074652448,Success,
14007,Office,246 E 8th Street,8747409771,01272026074652448,Success,
1667,Office,9745 Nathaniel Parkways,6424666436,01272026074652448,Success,
14007,Office,924 Donna Grove,3799607166,01272026074652448,Success,
1667,Office,9609 Heaney Skyway,6205427372,01272026074652448,Success,
14007,Office,69420 Sycamore Street,2796391844,01272026074652448,Success,
1667,Office,106 Doug Garden,1648219015,01272026074652448,Success,
14007,Office,26083 The Paddocks,6295096514,01272026074652448,Success,
1667,Office,6046 Zboncak Views,6248252123,01272026074652448,Success,
14007,Office,10541 Daisy Knolls,9074874196,01272026074652448,Success,
1667,Office,5879 Anibal Skyway,4068594998,01272026074652448,Success,
14007,Office,617 S Bridge Street,9500334261,01272026074652448,Success,
1667,Office,9959 W South Street,6063755429,01272026074652448,Success,
14007,Office,89227 Romaine Ranch,9884867341,01272026074652448,Success,
1667,Office,50753 Rickie Garden,6802211054,01272026074652448,Success,
14007,Office,7751 Bridget Isle,3286932455,01272026074652448,Success,
1667,Office,39500 Graham Loop,8611557399,01272026074652448,Success,
14007,Office,16817 Orchard Street,3541937495,01272026074652448,Success,
1667,Office,3829 S East Street,9036346506,01272026074652448,Success,
14007,Office,12135 Lake Street,1331150991,01272026074652448,Success,
1667,Office,2495 Green Lane,4947117150,01272026074652448,Success,
14007,Office,38666 Agustin Manor,6726307169,01272026074652448,Success,
1667,Office,7861 Laney Summit,8633587182,01272026074652448,Success,
14007,Office,45428 Morgan Ville,5497526913,01272026074652448,Success,
1667,Office,4632 Hoppe Hills,7283052481,01272026074652448,Success,
14007,Office,62424 Maggio Drive,1887956715,01272026074652448,Success,
1667,Office,39910 Kutch Divide,3611001452,01272026074652448,Success,
14007,Office,171 Harvey Meadows,6896931060,01272026074652448,Success,
1667,Office,52788 N 6th Street,5362481807,01272026074652448,Success,
14007,Office,8853 Christophe Inlet,3426592030,01272026074652448,Success,
1667,Office,97334 Broad Lane,6594884497,01272026074652448,Success,
14007,Office,2083 Anne Extensions,5096157607,01272026074652448,Success,
1667,Office,48256 County Road,8743257754,01272026074652448,Success,
14007,Office,89963 Botsford Fort,6619361588,01272026074652448,Success,
1667,Office,753 Oak Road,1968240748,01272026074652448,Success,
14007,Office,98667 Kavon Passage,3168084036,01272026074652448,Success,
1667,Office,6638 Lynch Heights,4354084278,01272026074652448,Success,
14007,Office,7092 King Turnpike,4607416108,01272026074652448,Success,
1667,Office,518 Kara Loop,2133012006,01272026074652448,Success,
14007,Office,54705 Bernhard Fork,4707813896,01272026074652448,Success,
1667,Office,15193 Grayson Club,5458043862,01272026074652448,Success,
14007,Office,783 Estella Crest,2462237837,01272026074652448,Success,
1667,Office,2317 Tiara Cape,1250836579,01272026074652448,Success,
14007,Office,5979 Micaela Mission,4455532710,01272026074652448,Success,
1667,Office,6827 Jalon Harbor,9388004805,01272026074652448,Success,
14007,Office,7160 Everett Branch,6951652575,01272026074652448,Success,
1667,Office,497 Chestnut Grove,4902450444,01272026074652448,Success,
14007,Office,4785 Hand Junctions,7584778783,01272026074652448,Success,
1667,Office,84606 Nadia Trafficway,2453126675,01272026074652448,Success,
14007,Office,54233 The Lane,1246126304,01272026074652448,Success,
1667,Office,3046 E South Street,6603707438,01272026074652448,Success,
14007,Office,20954 Locust Street,8456392945,01272026074652448,Success,
1667,Office,987 Simeon River,9160295201,01272026074652448,Success,
14007,Office,7283 Depot Street,4354013094,01272026074652448,Success,
1667,Office,76190 West Extension,2963653132,01272026074652448,Success,
14007,Office,33072 Cronin Camp,1445157132,01272026074652448,Success,
1667,Office,6693 Johnny Grove,7490839379,01272026074652448,Success,
14007,Office,256 Emard Mill,7735936734,01272026074652448,Success,
1667,Office,8398 E Park Avenue,1585634630,01272026074652448,Success,
14007,Office,74735 Weimann Extension,3906352812,01272026074652448,Success,
1667,Office,73509 Meta Prairie,3728590219,01272026074652448,Success,
14007,Office,733 Matt Trail,8872041649,01272026074652448,Success,
1667,Office,41112 Oak Street,5891766339,01272026074652448,Success,
14007,Office,6756 Christiansen Hollow,5016474502,01272026074652448,Success,
1667,Office,8902 Fahey Coves,5208147550,01272026074652448,Success,
14007,Office,83271 Howell Mount,3817985448,01272026074652448,Success,
1667,Office,343 Clare Falls,3366602822,01272026074652448,Success,
14007,Office,51172 Geovanni Hollow,7291767314,01272026074652448,Success,
1667,Office,2952 Bruce Haven,5961522695,01272026074652448,Success,
14007,Office,14894 Hansen Way,4195274168,01272026074652448,Success,
1667,Office,784 5th Street,8867170755,01272026074652448,Success,
14007,Office,32157 State Line Road,1450148251,01272026074652448,Success,
1667,Office,1166 Kilback Ramp,9323266285,01272026074652448,Success,
14007,Office,243 Cross Lane,9290522403,01272026074652448,Success,
1667,Office,94157 Clyde Freeway,8414624918,01272026074652448,Success,
14007,Office,429 Kiehn Gateway,5759044959,01272026074652448,Success,
1667,Office,1727 Gladstone Road,1779973323,01272026074652448,Success,
14007,Office,924 Beier Point,4316018918,01272026074652448,Success,
1667,Office,37422 Vandervort Rest,5695493961,01272026074652448,Success,
14007,Office,33784 Buckingham Road,9617006861,01272026074652448,Success,
1667,Office,8962 Jerad Cliff,9005852277,01272026074652448,Success,
14007,Office,143 Sauer Cliff,3265818001,01272026074652448,Success,
1667,Office,599 Oxford Street,8577209821,01272026074652448,Success,
14007,Office,44335 Rosenbaum Place,9144164723,01272026074652448,Success,
1667,Office,2888 Ayden Hill,8443126502,01272026074652448,Success,
14007,Office,221 Rectory Lane,2318456583,01272026074652448,Success,
1667,Office,8535 Yasmeen Grove,5165693922,01272026074652448,Success,
14007,Office,31621 Bethel Ramp,7226259312,01272026074652448,Success,
1667,Office,26683 The Mews,1464257763,01272026074652448,Success,
14007,Office,8893 Giovanni Wells,4119629845,01272026074652448,Success,
1667,Office,452 Kenya Meadow,2552770558,01272026074652448,Success,
14007,Office,70982 Daugherty Pike,4469490979,01272026074652448,Success,
1667,Office,7498 The Crescent,3942796767,01272026074652448,Success,
14007,Office,551 Kuvalis Stravenue,5975214591,01272026074652448,Success,
1667,Office,3255 Cordell Groves,1876050844,01272026074652448,Success,
14007,Office,66956 Smitham Freeway,7776395718,01272026074652448,Success,
1667,Office,286 Sandringham Road,5038834833,01272026074652448,Success,
14007,Office,19744 Holly Close,6149453220,01272026074652448,Success,
1667,Office,1573 Coy Camp,7421873024,01272026074652448,Success,
14007,Office,6294 Santos Divide,6740769490,01272026074652448,Success,
1667,Office,1901 Schaefer Cove,9618272114,01272026074652448,Success,
14007,Office,153 Magnus Haven,7119091316,01272026074652448,Success,
1667,Office,24274 Ari Landing,4153399348,01272026074652448,Success,
14007,Office,1054 Grady Way,7908619644,01272026074652448,Success,
1667,Office,84144 W Main,3685421468,01272026074652448,Success,
14007,Office,1462 Champlin Views,1272243090,01272026074652448,Success,
1667,Office,24937 Muller Skyway,4825418059,01272026074652448,Success,
14007,Office,112 Wellington Street,4197680357,01272026074652448,Success,
1667,Office,1074 Kiehn Manors,9630684237,01272026074652448,Success,
14007,Office,3797 Greenfelder Dale,8192328718,01272026074652448,Success,
1667,Office,730 East Road,1549166072,01272026074652448,Success,
14007,Office,2003 Jennie Spring,1982724655,01272026074652448,Success,
1667,Office,6209 Bernadette Locks,8418000507,01272026074652448,Success,
14007,Office,12529 Victoria Mill,5234410559,01272026074652448,Success,
1667,Office,824 Jamil Hills,1616765751,01272026074652448,Success,
14007,Office,90490 Keebler Pines,7428551004,01272026074652448,Success,
1667,Office,395 Lincoln Street,6520224551,01272026074652448,Success,
14007,Office,13694 Cedar Avenue,4099427556,01272026074652448,Success,
1667,Office,46135 Sipes Crossing,9649576472,01272026074652448,Success,
14007,Office,7654 Cooper Camp,6906677406,01272026074652448,Success,
1667,Office,871 Hickle Knolls,8528887150,01272026074652448,Success,
14007,Office,799 Jaime Mall,3952683102,01272026074652448,Success,
1667,Office,28072 Water Lane,8071600437,01272026074652448,Success,
14007,Office,5422 Veda Spur,2692283895,01272026074652448,Success,
1667,Office,83292 Manor Close,1167998955,01272026074652448,Success,
14007,Office,6705 Prohaska Flat,7706198721,01272026074652448,Success,
1667,Office,1561 Woodland Close,1179863981,01272026074652448,Success,
14007,Office,4188 Noelia Fords,8312820490,01272026074652448,Success,
1667,Office,564 Vivian Hollow,8471517072,01272026074652448,Success,
14007,Office,92638 Bramble Close,7192482910,01272026074652448,Success,
1667,Office,95067 Simonis Cape,5434303101,01272026074652448,Success,
14007,Office,578 Wehner Circle,4359050763,01272026074652448,Success,
1667,Office,3489 Donnie Well,7351432385,01272026074652448,Success,
14007,Office,1528 Jaime Plaza,4212198116,01272026074652448,Success,
1667,Office,616 Deckow Lake,8571800577,01272026074652448,Success,
14007,Office,650 The Paddocks,2507954398,01272026074652448,Success,
1667,Office,26679 Liberty Street,9404915187,01272026074652448,Success,
14007,Office,3258 Gibson Fall,7928122521,01272026074652448,Success,
1667,Office,541 Libby Meadows,5529717116,01272026074652448,Success,
14007,Office,78212 E State Street,3589203660,01272026074652448,Success,
1667,Office,5043 W Broad Street,9067431752,01272026074652448,Success,
14007,Office,717 Ullrich Lock,8045974190,01272026074652448,Success,
1667,Office,157 Johns Highway,3216670176,01272026074652448,Success,
14007,Office,2332 Justina Well,5050672336,01272026074652448,Success,
1667,Office,5978 Hulda Crest,7283642627,01272026074652448,Success,
14007,Office,604 Rowan Close,5327233661,01272026074652448,Success,
1667,Office,41460 Clay Lane,7588718465,01272026074652448,Success,
14007,Office,186 Abshire Parks,5878937717,01272026074652448,Success,
1667,Office,7720 11th Street,9517570177,01272026074652448,Success,
14007,Office,96324 Randal Cliffs,3691163982,01272026074652448,Success,
1667,Office,79083 Oliver Lights,5722707006,01272026074652448,Success,
14007,Office,6072 Carroll View,5142319242,01272026074652448,Success,
1667,Office,60249 Westley Mountain,7343229570,01272026074652448,Success,
14007,Office,807 Kutch Lodge,8222452994,01272026074652448,Success,
1667,Office,73933 Hillside,6035822100,01272026074652448,Success,
14007,Office,466 Quigley Village,4660793759,01272026074652448,Success,
1667,Office,63281 Vicarage Close,3176421378,01272026074652448,Success,
14007,Office,1417 Diana Ways,4455843309,01272026074652448,Success,
1667,Office,45472 Harris Place,9838086149,01272026074652448,Success,
14007,Office,9690 Daija Views,5889209799,01272026074652448,Success,
1667,Office,8404 Central Avenue,2412748267,01272026074652448,Success,
14007,Office,7105 Jakubowski Union,1585412909,01272026074652448,Success,
1667,Office,729 Peggie Ports,8276592832,01272026074652448,Success,
14007,Office,6427 Reilly Underpass,2730273686,01272026074652448,Success,
1667,Office,2058 Verla Grove,5743209867,01272026074652448,Success,
14007,Office,71532 Madilyn Burgs,9099427333,01272026074652448,Success,
1667,Office,826 North Lane,2091331914,01272026074652448,Success,
14007,Office,70349 Alma Street,7145412989,01272026074652448,Success,
1667,Office,3861 Morar Dam,2137142467,01272026074652448,Success,
14007,Office,863 Ratke Passage,3475273051,01272026074652448,Success,
1667,Office,4881 8th Street,3690507520,01272026074652448,Success,
14007,Office,52393 Okuneva Ranch,4296167093,01272026074652448,Success,
1667,Office,7587 Rebeca Drives,5777522635,01272026074652448,Success,
14007,Office,1595 Price Light,7074311181,01272026074652448,Success,
1667,Office,69190 Sigrid Junctions,1387808310,01272026074652448,Success,
14007,Office,32352 The Spinney,7335370530,01272026074652448,Success,
1667,Office,6072 Zemlak Haven,3896931148,01272026074652448,Success,
14007,Office,351 Boyer Skyway,3257628307,01272026074652448,Success,
1667,Office,490 Holly Orchard,3275663343,01272026074652448,Success,
14007,Office,7223 Reilly Union,8532259217,01272026074652448,Success,
1667,Office,505 Kerluke Viaduct,1044652866,01272026074652448,Success,
14007,Office,8000 Turcotte Inlet,8566917453,01272026074652448,Success,
1667,Office,7362 Susan Point,2992822112,01272026074652448,Success,
14007,Office,85341 Trycia Motorway,1674952098,01272026074652448,Success,
1667,Office,922 Wehner Flat,8112474185,01272026074652448,Success,
14007,Office,110 Elm Close,6343737845,01272026074652448,Success,
1667,Office,319 Aufderhar Park,5952669920,01272026074652448,Success,
14007,Office,24022 E Water Street,9001405036,01272026074652448,Success,
1667,Office,575 Reichert Well,1236363513,01272026074652448,Success,
14007,Office,1500 S Park Street,2993028404,01272026074652448,Success,
1667,Office,2562 Marcella Lodge,8124654881,01272026074652448,Success,
14007,Office,82784 S Market Street,1937075414,01272026074652448,Success,
1667,Office,898 N 8th Street,2384137249,01272026074652448,Success,
14007,Office,3446 Rutherford Skyway,6637798428,01272026074652448,Success,
1667,Office,9207 Morar Square,8988853461,01272026074652448,Success,
14007,Office,20005 The Fairway,4419373620,01272026074652448,Success,
1667,Office,8992 Sandy Lane,9053646815,01272026074652448,Success,
14007,Office,969 Beech Close,1495370069,01272026074652448,Success,
1667,Office,12427 Marcella Ville,9711122482,01272026074652448,Success,
14007,Office,54226 Eden Lane,5103040351,01272026074652448,Success,
1667,Office,680 Ondricka Lock,9511617952,01272026074652448,Success,
14007,Office,7170 St Mary's Close,2297736079,01272026074652448,Success,
1667,Office,7090 Hazel Grove,8482070434,01272026074652448,Success,
14007,Office,8285 O'Connell Springs,6201580478,01272026074652448,Success,
1667,Office,737 Wilmer Pass,3922543790,01272026074652448,Success,
14007,Office,427 Hayes Well,5204471211,01272026074652448,Success,
1667,Office,681 A Street,8334163686,01272026074652448,Success,
14007,Office,241 Saige Circles,7004477271,01272026074652448,Success,
1667,Office,67864 Medhurst Pine,9991469745,01272026074652448,Success,
14007,Office,17779 Hill Road,9993229010,01272026074652448,Success,
1667,Office,88963 Abernathy Creek,8268828421,01272026074652448,Success,
14007,Office,197 Mayfield Road,4565336700,01272026074652448,Success,
1667,Office,3536 Manor Close,3374649986,01272026074652448,Success,
14007,Office,10882 13th Street,8237478745,01272026074652448,Success,
1667,Office,100 13th Street,2772357875,01272026074652448,Success,
14007,Office,65484 Gleason Forks,7948646017,01272026074652448,Success,
1667,Office,3943 Brenda Well,4560176203,01272026074652448,Success,
14007,Office,450 Wyman Gardens,4355058694,01272026074652448,Success,
1667,Office,4813 Douglas Skyway,9180021132,01272026074652448,Success,
14007,Office,541 Predovic Tunnel,4919189804,01272026074652448,Success,
1667,Office,274 15th Street,4810327109,01272026074652448,Success,
14007,Office,5490 Mill Close,8899939346,01272026074652448,Success,
1667,Office,838 Sanford Ways,1276062407,01272026074652448,Success,
14007,Office,472 Schamberger Ridges,7661646664,01272026074652448,Success,
1667,Office,38872 Frami Pines,1956482487,01272026074652448,Success,
14007,Office,7546 Ebert Lodge,8044020253,01272026074652448,Success,
1667,Office,8996 Talia Spur,6658475413,01272026074652448,Success,
14007,Office,910 Bogisich Underpass,6893745511,01272026074652448,Success,
1667,Office,957 Cambridge Street,6227999961,01272026074652448,Success,
14007,Office,9081 Theodora Alley,8308797039,01272026074652448,Success,
1667,Office,116 Veum Pine,3819395304,01272026074652448,Success,
14007,Office,471 Russel Ford,3829561514,01272026074652448,Success,
1667,Office,3015 Noelia Burgs,3177106560,01272026074652448,Success,
14007,Office,267 Fourth Avenue,3645137570,01272026074652448,Success,
1667,Office,1022 Well Lane,5654102600,01272026074652448,Success,
14007,Office,6130 Hackett Circles,8872319477,01272026074652448,Success,
1667,Office,7305 Derwent Close,9827213259,01272026074652448,Success,
14007,Office,691 Savannah Mill,8065509840,01272026074652448,Success,
1667,Office,830 S 4th Street,9701995310,01272026074652448,Success,
14007,Office,3955 Heidenreich Corners,5436853223,01272026074652448,Success,
1667,Office,85978 Chapel Street,2854284388,01272026074652448,Success,
14007,Office,818 Grady Union,5708621850,01272026074652448,Success,
1667,Office,7472 Blick Junctions,4394183403,01272026074652448,Success,
14007,Office,9473 Myra Ports,6300548217,01272026074652448,Success,
1667,Office,5779 Blanca Vista,2170460629,01272026074652448,Success,
14007,Office,3408 Madie Ranch,2092029481,01272026074652448,Success,
1667,Office,178 Rau Skyway,9846495502,01272026074652448,Success,
14007,Office,7501 Elenora Fort,8526531015,01272026074652448,Success,
1667,Office,2740 Noe Run,9073357195,01272026074652448,Success,
14007,Office,65021 Wilderman Inlet,7558462664,01272026074652448,Success,
1667,Office,409 Garnet Parkway,9995236041,01272026074652448,Success,
14007,Office,92576 Annalise Extensions,2277192175,01272026074652448,Success,
1667,Office,916 A Street,2445698346,01272026074652448,Success,
14007,Office,24065 Schiller Prairie,4822025551,01272026074652448,Success,
1667,Office,25189 Kub Rue,9461656143,01272026074652448,Success,
14007,Office,4404 America Dam,3164623834,01272026074652448,Success,
1667,Office,868 Stark Shore,8025537123,01272026074652448,Success,
14007,Office,995 Rhiannon Extensions,6276871087,01272026074652448,Success,
1667,Office,50539 Elvie Springs,1357057050,01272026074652448,Success,
14007,Office,37869 Pleasant Street,6598881355,01272026074652448,Success,
1667,Office,42223 Ova Parkway,5074619226,01272026074652448,Success,
14007,Office,8906 Parisian Circles,4802121651,01272026074652448,Success,
1667,Office,513 S Jackson Street,8724074190,01272026074652448,Success,
14007,Office,2532 Gordon Streets,8011618939,01272026074652448,Success,
1667,Office,2061 Rahul Pass,6038817451,01272026074652448,Success,
14007,Office,705 Commercial Road,3246345567,01272026074652448,Success,
1667,Office,65889 Viola Extension,4721270410,01272026074652448,Success,
14007,Office,24907 Isidro Valleys,6888860264,01272026074652448,Success,
1667,Office,321 Icie Fort,5683859669,01272026074652448,Success,
14007,Office,6682 W 2nd Street,3927645212,01272026074652448,Success,
1667,Office,553 The Orchard,3491638602,01272026074652448,Success,
14007,Office,932 8th Street,9203551280,01272026074652448,Success,
1667,Office,2445 Tromp Centers,5918031406,01272026074652448,Success,
14007,Office,1278 Mandy Branch,7709470036,01272026074652448,Success,
1667,Office,81170 Westfield Road,4788125872,01272026074652448,Success,
14007,Office,86796 Wood Street,1688363540,01272026074652448,Success,
1667,Office,4633 Shea Ville,4981109360,01272026074652448,Success,
14007,Office,5568 E State Street,4139059113,01272026074652448,Success,
1667,Office,2972 Manor Gardens,7523104086,01272026074652448,Success,
14007,Office,267 Garnett Brook,5296685007,01272026074652448,Success,
1667,Office,33457 S Main,7199101891,01272026074652448,Success,
14007,Office,801 S Jackson Street,3279379267,01272026074652448,Success,
1667,Office,15359 Kent Road,4963473424,01272026074652448,Success,
14007,Office,5799 Hoppe Pass,5780033187,01272026074652448,Success,
1667,Office,8944 Deckow Ville,7208065380,01272026074652448,Success,
14007,Office,4257 Braden Fort,9995455734,01272026074652448,Success,
1667,Office,2962 Fay Burgs,1259555033,01272026074652448,Success,
14007,Office,8512 Moor Lane,2745669983,01272026074652448,Success,
1667,Office,12633 Derick Run,9289056312,01272026074652448,Success,
14007,Office,45996 Durgan Fort,2547096144,01272026074652448,Success,
1667,Office,31321 Ibrahim Ford,5385480156,01272026074652448,Success,
14007,Office,332 Kiehn Fall,3036563354,01272026074652448,Success,
1667,Office,5589 Cedar Road,1214169070,01272026074652448,Success,
14007,Office,9102 Holly Close,1423267956,01272026074652448,Success,
1667,Office,23180 Conrad Shore,7607950953,01272026074652448,Success,
14007,Office,138 Berge Road,6047053515,01272026074652448,Success,
1667,Office,50320 N 9th Street,6234636782,01272026074652448,Success,
14007,Office,3173 Lehner Rest,4300640883,01272026074652448,Success,
1667,Office,8237 S Jackson Street,6045719729,01272026074652448,Success,
14007,Office,134 Meadow Close,1940587466,01272026074652448,Success,
1667,Office,8998 Madison Street,8407442214,01272026074652448,Success,
14007,Office,55759 E Grand Avenue,8153311430,01272026074652448,Success,
1667,Office,45557 Willow Drive,6533050711,01272026074652448,Success,
14007,Office,41045 Macejkovic Highway,6020678458,01272026074652448,Success,
1667,Office,2421 Powlowski Valleys,2530673780,01272026074652448,Success,
14007,Office,67260 Wilkinson Shores,6439802411,01272026074652448,Success,
1667,Office,864 Lockman Crest,2827781468,01272026074652448,Success,
14007,Office,227 Sipes Road,6139546191,01272026074652448,Success,
1667,Office,63433 Field Lane,4160871466,01272026074652448,Success,
14007,Office,3711 Airport Road,7933245085,01272026074652448,Success,
1667,Office,6922 Nicolas Corners,9790215278,01272026074652448,Success,
14007,Office,83055 Theodora Villages,4745213355,01272026074652448,Success,
1667,Office,5649 Lyric Drives,1197490392,01272026074652448,Success,
14007,Office,7357 Delta Pine,2220839134,01272026074652448,Success,
1667,Office,81261 June Meadow,9943380324,01272026074652448,Success,
14007,Office,6410 Robel Grove,7073153601,01272026074652448,Success,
1667,Office,884 Roman Junctions,4951802833,01272026074652448,Success,
14007,Office,824 Mraz Ranch,2131549996,01272026074652448,Success,
1667,Office,7719 The Paddocks,9593344132,01272026074652448,Success,
14007,Office,4021 Isabelle Shoal,1972699281,01272026074652448,Success,
1667,Office,7057 N State Street,1583494585,01272026074652448,Success,
14007,Office,1218 Konopelski View,5987412347,01272026074652448,Success,
1667,Office,577 E 11th Street,8257181586,01272026074652448,Success,
14007,Office,9046 Osinski Passage,3594700659,01272026074652448,Success,
1667,Office,52446 Water Lane,1437588679,01272026074652448,Success,
14007,Office,9909 Farm Close,7908583987,01272026074652448,Success,
1667,Office,5825 Emmerich Neck,1708080777,01272026074652448,Success,
14007,Office,579 Augustus Ranch,9378376232,01272026074652448,Success,
1667,Office,4083 Klein Row,2544613524,01272026074652448,Success,
14007,Office,5521 Luettgen Squares,2770789346,01272026074652448,Success,
1667,Office,72032 Morissette Loaf,1264116930,01272026074652448,Success,
14007,Office,12634 Mitchell Street,3825997555,01272026074652448,Success,
1667,Office,81300 Oxford Street,4352674157,01272026074652448,Success,
14007,Office,13810 Blanda Keys,3742305039,01272026074652448,Success,
1667,Office,52383 Davis Motorway,5070387628,01272026074652448,Success,
14007,Office,11778 Gleason Expressway,9839980516,01272026074652448,Success,
1667,Office,25791 Beatty Shoal,3717915445,01272026074652448,Success,
14007,Office,9389 Vinnie Coves,4735988214,01272026074652448,Success,
1667,Office,651 Toy Trafficway,4090398878,01272026074652448,Success,
14007,Office,2947 Shanelle Extensions,7919955880,01272026074652448,Success,
1667,Office,50140 Lancaster Road,8543012250,01272026074652448,Success,
14007,Office,736 Howard Road,1591276846,01272026074652448,Success,
1667,Office,42451 Sydni Landing,7417088095,01272026074652448,Success,
14007,Office,7143 N State Street,5680671314,01272026074652448,Success,
1667,Office,64047 Gutmann Lock,4788792553,01272026074652448,Success,
14007,Office,756 Marty Trace,4194318120,01272026074652448,Success,
1667,Office,440 School Road,6937818581,01272026074652448,Success,
14007,Office,1947 Kristofer Walks,1399928307,01272026074652448,Success,
1667,Office,72972 N 2nd Street,5930577768,01272026074652448,Success,
14007,Office,12662 Jast Walks,2688895181,01272026074652448,Success,
1667,Office,40636 Krajcik Throughway,9577305171,01272026074652448,Success,
14007,Office,91085 Renner Loop,7383046014,01272026074652448,Success,
1667,Office,968 Woodlands Road,9306370311,01272026074652448,Success,
14007,Office,48691 Donato Mall,1097165666,01272026074652448,Success,
1667,Office,39419 Mitchell Squares,4074392467,01272026074652448,Success,
14007,Office,8957 Court Street,3269192319,01272026074652448,Success,
1667,Office,94842 Cristobal Divide,9760893481,01272026074652448,Success,
14007,Office,882 Albany Road,3807525830,01272026074652448,Success,
1667,Office,6318 Anya Manors,2365377215,01272026074652448,Success,
14007,Office,87910 Elwin Parkway,5522055623,01272026074652448,Success,
1667,Office,2313 Railroad Avenue,8537729687,01272026074652448,Success,
14007,Office,63957 Howell Park,3889598598,01272026074652448,Success,
1667,Office,4863 16th Street,5267896465,01272026074652448,Success,
14007,Office,377 Wood Lane,5881347232,01272026074652448,Success,
1667,Office,6502 Old Road,4897305925,01272026074652448,Success,
14007,Office,79608 Hilll Heights,4549933130,01272026074652448,Success,
1667,Office,683 Gianni Oval,6043938793,01272026074652448,Success,
14007,Office,1019 Reagan Loaf,6628655077,01272026074652448,Success,
1667,Office,66250 Hagenes Mount,1939475459,01272026074652448,Success,
14007,Office,338 Bergnaum Manors,9307942663,01272026074652448,Success,
1667,Office,154 Heaney Fords,2278077455,01272026074652448,Success,
14007,Office,3343 N Church Street,1606555048,01272026074652448,Success,
1667,Office,27175 South Road,9837529176,01272026074652448,Success,
14007,Office,811 Sophie Isle,7122475853,01272026074652448,Success,
1667,Office,84267 Cliff Road,2595966814,01272026074652448,Success,
14007,Office,205 Mona Keys,1065333629,01272026074652448,Success,
1667,Office,367 Jaylon Stravenue,3262997389,01272026074652448,Success,
14007,Office,425 Carlos Cliffs,6638063727,01272026074652448,Success,
1667,Office,299 Nasir Trail,8235829632,01272026074652448,Success,
14007,Office,38447 Loma Heights,4457883339,01272026074652448,Success,
1667,Office,4449 Emmet Green,3240176539,01272026074652448,Success,
14007,Office,4907 Mulberry Street,7017359875,01272026074652448,Success,
1667,Office,2789 N 2nd Street,7756556618,01272026074652448,Success,
14007,Office,455 Savion Cliffs,1554818434,01272026074652448,Success,
1667,Office,6678 Kuhic River,3970133760,01272026074652448,Success,
14007,Office,2573 Liana Grove,5964542461,01272026074652448,Success,
1667,Office,832 Caitlyn Loaf,3815536801,01272026074652448,Success,
14007,Office,9874 Aubree Inlet,3332229815,01272026074652448,Success,
1667,Office,6605 Barn Close,1488260043,01272026074652448,Success,
14007,Office,3340 N Maple Street,1013599620,01272026074652448,Success,
1667,Office,8374 W Franklin Street,2242580552,01272026074652448,Success,
14007,Office,1971 Connelly Shoal,9410153238,01272026074652448,Success,
1667,Office,7684 Amari Forges,8318169741,01272026074652448,Success,
14007,Office,804 Green Drives,1570802658,01272026074652448,Success,
1667,Office,4338 Wisoky Streets,2632259701,01272026074652448,Success,
14007,Office,974 Martina Squares,6493783695,01272026074652448,Success,
1667,Office,5155 Charles Street,5746240143,01272026074652448,Success,
14007,Office,733 Oaklands,4026805506,01272026074652448,Success,
1667,Office,668 Roob Curve,5021173692,01272026074652448,Success,
14007,Office,828 King Key,8527833578,01272026074652448,Success,
1667,Office,2229 Quinten Locks,7645508466,01272026074652448,Success,
14007,Office,2928 Lizeth Place,3874014024,01272026074652448,Success,
1667,Office,2415 Wehner Circle,5833765488,01272026074652448,Success,
14007,Office,1933 Harber Harbors,8982797565,01272026074652448,Success,
1667,Office,7059 Alek Freeway,5812215382,01272026074652448,Success,
14007,Office,616 Trey Underpass,3353586439,01272026074652448,Success,
1667,Office,4516 Bode Valleys,6930401560,01272026074652448,Success,
14007,Office,7638 Nelson Street,7146335210,01272026074652448,Success,
1667,Office,46178 Oakfield Road,4121833795,01272026074652448,Success,
14007,Office,44750 McClure Camp,4303201479,01272026074652448,Success,
1667,Office,164 Crescent Road,5203793852,01272026074652448,Success,
14007,Office,78514 Kutch River,5098708746,01272026074652448,Success,
1667,Office,89896 Lake Street,3122044787,01272026074652448,Success,
14007,Office,25575 Trinity Road,8302345648,01272026074652448,Success,
1667,Office,776 S Broadway Street,5488259894,01272026074652448,Success,
14007,Office,990 McCullough Hollow,4636208246,01272026074652448,Success,
1667,Office,4111 Kunze Fields,5683224908,01272026074652448,Success,
14007,Office,41450 Luettgen Prairie,2817164116,01272026074652448,Success,
1667,Office,268 Dedrick Ranch,6662505753,01272026074652448,Success,
14007,Office,2532 Sauer Valleys,1851392390,01272026074652448,Success,
1667,Office,56362 Mayer Land,3312079454,01272026074652448,Success,
14007,Office,177 W 4th Street,1391382473,01272026074652448,Success,
1667,Office,269 Prospect Road,6232447134,01272026074652448,Success,
14007,Office,821 Leif Bridge,8052829661,01272026074652448,Success,
1667,Office,30657 Beatty Ferry,3080877467,01272026074652448,Success,
14007,Office,922 Jean Streets,1298435810,01272026074652448,Success,
1667,Office,3001 N Broadway Street,6074812008,01272026074652448,Success,
14007,Office,687 Broadway Street,6956874421,01272026074652448,Success,
1667,Office,620 Bashirian Roads,9284038655,01272026074652448,Success,
14007,Office,40736 E Water Street,9294287605,01272026074652448,Success,
1667,Office,86286 Neha Parkway,5194000321,01272026074652448,Success,
14007,Office,54417 Ritchie Club,6209630672,01272026074652448,Success,
1667,Office,781 Bartoletti Alley,1546758547,01272026074652448,Success,
14007,Office,588 Deborah Ramp,6096245606,01272026074652448,Success,
1667,Office,3575 Prince Hills,8182494981,01272026074652448,Success,
14007,Office,165 Destiney Cove,3925168875,01272026074652448,Success,
1667,Office,3919 Olson Spurs,6369915982,01272026074652448,Success,
14007,Office,7738 Bernier Path,8548813790,01272026074652448,Success,
1667,Office,96836 Stroman Track,3511955282,01272026074652448,Success,
14007,Office,867 Feeney Summit,6088407092,01272026074652448,Success,
1667,Office,3206 Turner Squares,3189458782,01272026074652448,Success,
14007,Office,2927 S Broadway,5163017740,01272026074652448,Success,
1667,Office,21100 Pietro Center,1246242391,01272026074652448,Success,
14007,Office,800 Cleveland Path,2419137725,01272026074652448,Success,
1667,Office,38674 Gorczany Manor,2308370422,01272026074652448,Success,
14007,Office,9317 Jacinthe Mill,2962193087,01272026074652448,Success,
1667,Office,434 Gabe Crossroad,1068254627,01272026074652448,Success,
14007,Office,308 Kulas Mountains,2325153818,01272026074652448,Success,
1667,Office,112 Keeling Points,7523232629,01272026074652448,Success,
14007,Office,810 Towne Groves,6388427506,01272026074652448,Success,
1667,Office,3348 Highfield Avenue,1852414562,01272026074652448,Success,
14007,Office,9658 Glebe Close,8200132518,01272026074652448,Success,
1667,Office,303 Feest Heights,8674100142,01272026074652448,Success,
14007,Office,9502 Cruickshank Curve,1159583853,01272026074652448,Success,
1667,Office,89452 Buckridge Groves,7767818565,01272026074652448,Success,
14007,Office,4137 Milton Street,8466521994,01272026074652448,Success,
1667,Office,746 Elsa Square,1357527292,01272026074652448,Success,
14007,Office,100 Clement Plains,2930399259,01272026074652448,Success,
1667,Office,27584 Claud Circles,5646243680,01272026074652448,Success,
14007,Office,759 Bryon Crest,7713932747,01272026074652448,Success,
1667,Office,9202 Dach Walk,1035569477,01272026074652448,Success,
14007,Office,17287 Market Place,2905048901,01272026074652448,Success,
1667,Office,25032 Melvin Unions,6063632535,01272026074652448,Success,
14007,Office,699 Rickie Inlet,8160483406,01272026074652448,Success,
1667,Office,9550 Wiza Key,8547975627,01272026074652448,Success,
14007,Office,9685 Metz Freeway,3396286113,01272026074652448,Success,
1667,Office,3896 Birch Avenue,8138132608,01272026074652448,Success,
14007,Office,55428 Dach Falls,7302697104,01272026074652448,Success,
1667,Office,22386 Princess Club,7729232680,01272026074652448,Success,
14007,Office,33813 Watery Lane,2412080874,01272026074652448,Success,
1667,Office,28726 Gorczany Light,7573660403,01272026074652448,Success,
14007,Office,738 Renner Court,8095621771,01272026074652448,Success,
1667,Office,2519 Jacobi Courts,8888943129,01272026074652448,Success,
14007,Office,7975 Koss Bypass,8211054205,01272026074652448,Success,
1667,Office,195 Rodriguez Passage,7005001477,01272026074652448,Success,
14007,Office,8713 E Main,8637710525,01272026074652448,Success,
1667,Office,8312 Skiles Meadow,3455642277,01272026074652448,Success,
14007,Office,9798 Elmore Mountains,8673969644,01272026074652448,Success,
1667,Office,325 Kameron Dale,2762673392,01272026074652448,Success,
14007,Office,54397 Reichel Junctions,2841182756,01272026074652448,Success,
1667,Office,99876 Ankunding Estate,6458148686,01272026074652448,Success,
14007,Office,9503 Holly Close,5442925923,01272026074652448,Success,
1667,Office,59466 Bedford Road,4856647876,01272026074652448,Success,
14007,Office,1606 E 6th Avenue,4774939394,01272026074652448,Success,
1667,Office,983 Percival Ville,5249082480,01272026074652448,Success,
14007,Office,545 Price Hills,2996765228,01272026074652448,Success,
1667,Office,806 Alden Valley,8372610505,01272026074652448,Success,
14007,Office,614 Kunde Manors,4666640074,01272026074652448,Success,
1667,Office,8608 Medhurst Glens,4440662712,01272026074652448,Success,
14007,Office,317 Western Avenue,1054187901,01272026074652448,Success,
1667,Office,323 Sim Meadow,2661847435,01272026074652448,Success,
14007,Office,283 Gunnar Meadows,9592906494,01272026074652448,Success,
1667,Office,1388 S Broadway,5525367134,01272026074652448,Success,
14007,Office,27484 Zboncak Flat,6133730670,01272026074652448,Success,
1667,Office,75962 Manor Drive,7613326397,01272026074652448,Success,
14007,Office,536 Raynor Gardens,7774266226,01272026074652448,Success,
1667,Office,91770 Gutmann Ferry,6103790349,01272026074652448,Success,
14007,Office,13264 Bauch Light,2991273202,01272026074652448,Success,
1667,Office,6800 West Lane,2562069533,01272026074652448,Success,
14007,Office,6794 E Main,3879512788,01272026074652448,Success,
1667,Office,11141 Forest Road,7401916636,01272026074652448,Success,
14007,Office,415 Mayfield Road,8050491896,01272026074652448,Success,
1667,Office,659 S Jackson Street,4446935576,01272026074652448,Success,
14007,Office,3679 Kub Villages,6997624058,01272026074652448,Success,
1667,Office,11861 Mitchell Path,9305313655,01272026074652448,Success,
14007,Office,64371 Frontage Road,7344437379,01272026074652448,Success,
1667,Office,2382 Angelina Via,1885334005,01272026074652448,Success,
14007,Office,83138 Kings Highway,2565678987,01272026074652448,Success,
1667,Office,2819 Derwent Close,9496280201,01272026074652448,Success,
14007,Office,118 Cummerata Cliffs,1332163013,01272026074652448,Success,
1667,Office,97877 Hessel Club,1710161591,01272026074652448,Success,
14007,Office,918 Amara Courts,3911491713,01272026074652448,Success,
1667,Office,8874 The Limes,9452601692,01272026074652448,Success,
14007,Office,901 W Union Street,7891400517,01272026074652448,Success,
1667,Office,491 Dale Highway,6683765672,01272026074652448,Success,
14007,Office,3073 Layla Glen,8071484062,01272026074652448,Success,
1667,Office,7740 Maple Close,5590902840,01272026074652448,Success,
14007,Office,84270 W Broad Street,9970793693,01272026074652448,Success,
1667,Office,10115 Lamont Mission,6448973987,01272026074652448,Success,
14007,Office,2617 Lincoln Street,5086372339,01272026074652448,Success,
1667,Office,828 Hettinger Meadows,8969649250,01272026074652448,Success,
14007,Office,4538 S 9th Street,7043714427,01272026074652448,Success,
1667,Office,982 Jasen Garden,9076167215,01272026074652448,Success,
14007,Office,58571 Kareem Views,1548300162,01272026074652448,Success,
1667,Office,506 Marcella Ridges,1272044358,01272026074652448,Success,
14007,Office,885 Tatum River,1509173800,01272026074652448,Success,
1667,Office,95513 Laurel Close,9195584505,01272026074652448,Success,
14007,Office,979 W Elm Street,1754738034,01272026074652448,Success,
1667,Office,127 Lesch Lights,8110380577,01272026074652448,Success,
14007,Office,26990 Warren Close,3487161724,01272026074652448,Success,
1667,Office,9531 Oak Drive,4911937134,01272026074652448,Success,
14007,Office,9563 Forrest Parkways,7553727829,01272026074652448,Success,
1667,Office,699 Lyda Circles,9420657265,01272026074652448,Success,
14007,Office,7706 Brown Ridge,4580918884,01272026074652448,Success,
1667,Office,3139 Vicarage Lane,9876406559,01272026074652448,Success,
14007,Office,4721 W 3rd Street,8841376910,01272026074652448,Success,
1667,Office,76044 Conn Ways,9456378641,01272026074652448,Success,
14007,Office,805 Considine Ports,2274157122,01272026074652448,Success,
1667,Office,7757 Bergnaum Shores,8622460463,01272026074652448,Success,
14007,Office,3216 Tennyson Road,3152511257,01272026074652448,Success,
1667,Office,512 Zboncak Glens,9204523673,01272026074652448,Success,
14007,Office,103 N Washington Avenue,1563512443,01272026074652448,Success,
1667,Office,411 Sanford Wall,4784413152,01272026074652448,Success,
14007,Office,55485 Gulgowski Extensions,2911687965,01272026074652448,Success,
1667,Office,8705 Rasheed Course,5132075567,01272026074652448,Success,
14007,Office,5036 Doyle Stream,4697776072,01272026074652448,Success,
1667,Office,160 Ruecker Tunnel,6524057913,01272026074652448,Success,
14007,Office,9838 Lind Way,6925696522,01272026074652448,Success,
1667,Office,8839 W 6th Avenue,6458044397,01272026074652448,Success,
14007,Office,809 Shania Gardens,4148970749,01272026074652448,Success,
1667,Office,182 Haylie Ways,3843429759,01272026074652448,Success,
14007,Office,3516 Koelpin Ridge,3142500193,01272026074652448,Success,
1667,Office,299 Keven Streets,2027589539,01272026074652448,Success,
14007,Office,229 Alana Bridge,1085446296,01272026074652448,Success,
1667,Office,732 Delta Harbors,7164361749,01272026074652448,Success,
14007,Office,5778 Feeney Union,6775294369,01272026074652448,Success,
1667,Office,93305 Hills Cliff,3074807961,01272026074652448,Success,
14007,Office,51283 Belle Landing,2499583022,01272026074652448,Success,
1667,Office,7359 Cleveland Manors,6638912110,01272026074652448,Success,
14007,Office,90293 Emmanuelle Mountains,4133585173,01272026074652448,Success,
1667,Office,48736 Graham Well,1067438884,01272026074652448,Success,
14007,Office,733 W 6th Street,9119867298,01272026074652448,Success,
1667,Office,8824 Lillian Port,6679031047,01272026074652448,Success,
14007,Office,99383 VonRueden Valleys,3202841075,01272026074652448,Success,
1667,Office,7201 Cedar Close,3242973749,01272026074652448,Success,
14007,Office,354 E Maple Street,1274186819,01272026074652448,Success,
1667,Office,47583 Devonte Brooks,5661983449,01272026074652448,Success,
14007,Office,246 Glebe Close,4839208976,01272026074652448,Success,
1667,Office,118 Wiegand Lake,1953265430,01272026074652448,Success,
14007,Office,242 Maximo Ridges,3034395302,01272026074652448,Success,
1667,Office,6761 Marlborough Road,1863408452,01272026074652448,Success,
14007,Office,816 Eriberto Plains,9025358452,01272026074652448,Success,
1667,Office,7194 Lancaster Road,9339491356,01272026074652448,Success,
14007,Office,97544 Daniel Parkways,1982830098,01272026074652448,Success,
1667,Office,153 Morar Manors,9017508895,01272026074652448,Success,
