AgreementId,AddressType,Address,MobileNumber,WorkRequestId,UploadStatus,ErrorMessage
14007,Office,717 N 9th Street,3080743560,02042026051150874,Success,
1667,Office,8567 Koch Mall,7271685332,02042026051150874,Success,
14007,Office,750 Mireya Union,2411533592,02042026051150874,Success,
1667,Office,449 Zaria Canyon,3055054520,02042026051150874,Success,
14007,Office,67097 McCullough Loop,2243119127,02042026051150874,Success,
1667,Office,581 Smith Lock,5002712824,02042026051150874,Success,
14007,Office,255 Mann Row,8565832070,02042026051150874,Success,
1667,Office,66949 Ruth Streets,2301328782,02042026051150874,Success,
14007,Office,130 Otilia Fork,4208983791,02042026051150874,Success,
1667,Office,35053 Aron Orchard,6494012318,02042026051150874,Success,
14007,Office,7862 Osinski Hollow,1129591836,02042026051150874,Success,
1667,Office,5082 Forest Avenue,5925133973,02042026051150874,Success,
14007,Office,375 Cedar Street,6438103440,02042026051150874,Success,
1667,Office,780 Old State Road,6231472505,02042026051150874,Success,
14007,Office,6063 Hawthorn Close,3029467748,02042026051150874,Success,
1667,Office,62231 Alexis Canyon,7294692746,02042026051150874,Success,
14007,Office,443 Tyler Union,4656750501,02042026051150874,Success,
1667,Office,403 W Union Street,2181562646,02042026051150874,Success,
14007,Office,39802 The Drive,6003239046,02042026051150874,Success,
1667,Office,160 Edgardo Groves,3336904132,02042026051150874,Success,
14007,Office,2881 Lemke Shoals,9503683105,02042026051150874,Success,
1667,Office,929 Erica Junction,9010392716,02042026051150874,Success,
14007,Office,873 Rutherford Meadows,9503702909,02042026051150874,Success,
1667,Office,66637 Hilpert Mount,3997387420,02042026051150874,Success,
14007,Office,217 Dallas Vista,5893840542,02042026051150874,Success,
1667,Office,696 Farrell Crescent,1437066290,02042026051150874,Success,
14007,Office,2688 Pamela Mountains,1708573317,02042026051150874,Success,
1667,Office,179 Pearl Street,9457708472,02042026051150874,Success,
14007,Office,18685 Volkman Route,7330430828,02042026051150874,Success,
1667,Office,7785 Orchard Street,3767099609,02042026051150874,Success,
14007,Office,83869 Meadow Way,2042298237,02042026051150874,Success,
1667,Office,8224 S Main Street,4679426433,02042026051150874,Success,
14007,Office,11210 Hank Dale,9459675633,02042026051150874,Success,
1667,Office,220 Hazel Grove,6919597002,02042026051150874,Success,
14007,Office,41979 Annamae Center,9207607050,02042026051150874,Success,
1667,Office,4224 Johns Orchard,3029783249,02042026051150874,Success,
14007,Office,250 S 1st Street,6398954559,02042026051150874,Success,
1667,Office,30449 Hazle Trail,2823044763,02042026051150874,Success,
14007,Office,78181 Walker Ramp,4892801802,02042026051150874,Success,
1667,Office,81690 Howe Corner,4140695912,02042026051150874,Success,
14007,Office,3008 Dare Avenue,1084783341,02042026051150874,Success,
1667,Office,66802 Euclid Avenue,2256264024,02042026051150874,Success,
14007,Office,48971 Holly Close,4568311755,02042026051150874,Success,
1667,Office,6285 Heidenreich Mall,6859158552,02042026051150874,Success,
14007,Office,32502 Old Road,6934688713,02042026051150874,Success,
1667,Office,3002 Flatley Lodge,4088076089,02042026051150874,Success,
14007,Office,434 Dark Lane,8765499615,02042026051150874,Success,
1667,Office,759 Woodside Road,8668524623,02042026051150874,Success,
14007,Office,524 Enrique Throughway,7621521476,02042026051150874,Success,
1667,Office,335 O'Hara Coves,9958620860,02042026051150874,Success,
14007,Office,14735 Johns Camp,9660705300,02042026051150874,Success,
1667,Office,91768 Herzog Turnpike,6224935756,02042026051150874,Success,
14007,Office,1803 E Union Street,3993284272,02042026051150874,Success,
1667,Office,8528 Block Lake,6997515369,02042026051150874,Success,
14007,Office,6298 Wilson Views,6479849853,02042026051150874,Success,
1667,Office,570 Sauer Alley,4537979117,02042026051150874,Success,
14007,Office,738 The Hawthorns,4220352528,02042026051150874,Success,
1667,Office,8289 N Broadway,2321330679,02042026051150874,Success,
14007,Office,5021 Winifred Ferry,5392955433,02042026051150874,Success,
1667,Office,3332 E Front Street,3378281163,02042026051150874,Success,
14007,Office,8452 Gulgowski Freeway,8866720856,02042026051150874,Success,
1667,Office,899 O'Connell Glens,2311778131,02042026051150874,Success,
14007,Office,587 McKenzie Ridge,4313596825,02042026051150874,Success,
1667,Office,85842 Ella Mills,3980518547,02042026051150874,Success,
14007,Office,8448 Lawrence Street,7025194508,02042026051150874,Success,
1667,Office,346 Vicarage Close,1598030018,02042026051150874,Success,
14007,Office,49332 Lemke Heights,9856987613,02042026051150874,Success,
1667,Office,81945 South Avenue,6124569734,02042026051150874,Success,
14007,Office,16149 Willow Close,1080920167,02042026051150874,Success,
1667,Office,7715 Manchester Road,1509820749,02042026051150874,Success,
14007,Office,87206 Hamill Forest,5717553030,02042026051150874,Success,
1667,Office,637 E 10th Street,2859614824,02042026051150874,Success,
14007,Office,65285 Cassin Islands,4842134542,02042026051150874,Success,
1667,Office,266 Goldner Greens,7978851974,02042026051150874,Success,
14007,Office,806 Pouros Fort,5001250318,02042026051150874,Success,
1667,Office,27495 Adolfo Route,5274792127,02042026051150874,Success,
14007,Office,7779 Farrell Plain,5778726766,02042026051150874,Success,
1667,Office,169 Dayton Mountains,5984094520,02042026051150874,Success,
14007,Office,1582 Nelson Walks,1025777852,02042026051150874,Success,
1667,Office,41280 Maybell Court,4615586197,02042026051150874,Success,
14007,Office,373 Ferry Greens,7931748462,02042026051150874,Success,
1667,Office,91899 Gage Ranch,5990350449,02042026051150874,Success,
14007,Office,814 Altenwerth Dam,9421035286,02042026051150874,Success,
1667,Office,3431 Aiyana Center,2188695876,02042026051150874,Success,
14007,Office,17505 Tower Road,6826465118,02042026051150874,Success,
1667,Office,6898 Bath Road,9680286752,02042026051150874,Success,
14007,Office,408 The Croft,4863343759,02042026051150874,Success,
1667,Office,1747 Ziemann Terrace,7026932529,02042026051150874,Success,
14007,Office,280 Hillside Road,3117845508,02042026051150874,Success,
1667,Office,732 W 3rd Street,7291101702,02042026051150874,Success,
14007,Office,1849 Greenway,9750259844,02042026051150874,Success,
1667,Office,7880 Gutmann Vista,3905628477,02042026051150874,Success,
14007,Office,419 Wyman Grove,9434555238,02042026051150874,Success,
1667,Office,264 Micaela Shores,4574897597,02042026051150874,Success,
14007,Office,61933 Lavon Mall,9179533678,02042026051150874,Success,
1667,Office,80583 Alexzander Crossing,9814150128,02042026051150874,Success,
14007,Office,2667 Floyd Row,5649911363,02042026051150874,Success,
1667,Office,52771 Deondre Shore,4365029505,02042026051150874,Success,
14007,Office,87563 Douglas Harbor,3888591253,02042026051150874,Success,
1667,Office,20615 E South Street,4525587075,02042026051150874,Success,
14007,Office,6792 Wintheiser Route,5670982735,02042026051150874,Success,
1667,Office,3176 Littel Ranch,4436182502,02042026051150874,Success,
14007,Office,695 Alfonso Manors,3966250929,02042026051150874,Success,
1667,Office,245 Church Hill,9937307276,02042026051150874,Success,
14007,Office,95797 School Close,9299212077,02042026051150874,Success,
1667,Office,9384 Ian Trace,5853447266,02042026051150874,Success,
14007,Office,4524 Depot Street,1111226950,02042026051150874,Success,
1667,Office,4812 The Spinney,2425568483,02042026051150874,Success,
14007,Office,597 Heath Road,4106636392,02042026051150874,Success,
1667,Office,22046 Franey Ranch,1985355057,02042026051150874,Success,
14007,Office,353 The Grange,5641765470,02042026051150874,Success,
1667,Office,2906 The Copse,4151653691,02042026051150874,Success,
14007,Office,62847 The Poplars,4911083631,02042026051150874,Success,
1667,Office,74727 Wellington Street,4964642601,02042026051150874,Success,
14007,Office,414 Cassin Burgs,2374080665,02042026051150874,Success,
1667,Office,20080 Kohler Garden,8381174760,02042026051150874,Success,
14007,Office,155 Crown Street,8020500865,02042026051150874,Success,
1667,Office,6104 Marks Glens,3890756967,02042026051150874,Success,
14007,Office,67704 Jerde Parkway,2519516843,02042026051150874,Success,
1667,Office,4252 Rippin Ford,7282932182,02042026051150874,Success,
14007,Office,304 Billie Corners,6462497479,02042026051150874,Success,
1667,Office,5205 Bluebell Close,3990574714,02042026051150874,Success,
14007,Office,5738 Ridge Road,5693213502,02042026051150874,Success,
1667,Office,749 Demetris Rapid,5341334184,02042026051150874,Success,
14007,Office,2361 Georgette Causeway,4950610983,02042026051150874,Success,
1667,Office,317 Becker Ramp,1303065583,02042026051150874,Success,
14007,Office,646 Doyle Corner,6347509973,02042026051150874,Success,
1667,Office,5641 Halvorson Shoals,1257027324,02042026051150874,Success,
14007,Office,7153 Sawayn Pine,7962227415,02042026051150874,Success,
1667,Office,383 Orion Light,4468862526,02042026051150874,Success,
14007,Office,7724 Chapel Hill,4132483299,02042026051150874,Success,
1667,Office,14397 Alayna Loop,9859647993,02042026051150874,Success,
14007,Office,885 Beach Road,2026825388,02042026051150874,Success,
1667,Office,611 Hand Hills,3668262931,02042026051150874,Success,
14007,Office,84779 S Union Street,6442339392,02042026051150874,Success,
1667,Office,6960 Market Square,8895557440,02042026051150874,Success,
14007,Office,229 Holly Divide,3002630548,02042026051150874,Success,
1667,Office,93155 Ariel Landing,2710874055,02042026051150874,Success,
14007,Office,1258 Keeling Hill,8716800005,02042026051150874,Success,
1667,Office,3586 Belmont Road,6256191559,02042026051150874,Success,
14007,Office,63883 Camden Plains,2195247268,02042026051150874,Success,
1667,Office,1541 Warren Road,6895669123,02042026051150874,Success,
14007,Office,1379 Modesto Trace,2370635991,02042026051150874,Success,
1667,Office,7937 Champlin Junctions,4977614035,02042026051150874,Success,
14007,Office,5941 Marcelle Field,3462500587,02042026051150874,Success,
1667,Office,154 Vicarage Close,6640025542,02042026051150874,Success,
14007,Office,321 The Spinney,7551689573,02042026051150874,Success,
1667,Office,3892 The Ridgeway,2062869078,02042026051150874,Success,
14007,Office,69004 Herta Spurs,3861148380,02042026051150874,Success,
1667,Office,69922 Ash Street,7223190291,02042026051150874,Success,
14007,Office,32677 Toy Lodge,4002050312,02042026051150874,Success,
1667,Office,210 Adams Avenue,2448239492,02042026051150874,Success,
14007,Office,725 Pine Close,1059409654,02042026051150874,Success,
1667,Office,912 Frances Street,9601953853,02042026051150874,Success,
14007,Office,6395 Hayes Estates,7065903298,02042026051150874,Success,
1667,Office,97718 Willow Grove,9666205575,02042026051150874,Success,
14007,Office,60377 Samantha Brook,6506887607,02042026051150874,Success,
1667,Office,90812 Mount Pleasant,4353223744,02042026051150874,Success,
14007,Office,302 Arielle Plains,3384460959,02042026051150874,Success,
1667,Office,441 Martin Luther King Jr Boulevard,8316039954,02042026051150874,Success,
14007,Office,6590 W Maple Street,2239469325,02042026051150874,Success,
1667,Office,854 N 7th Street,7897443550,02042026051150874,Success,
14007,Office,126 Hans Route,6105762263,02042026051150874,Success,
1667,Office,86911 Stephania Fields,5632823238,02042026051150874,Success,
14007,Office,83465 Anne Landing,6557765244,02042026051150874,Success,
1667,Office,48043 W Pine Street,3526218325,02042026051150874,Success,
14007,Office,447 Jackson Street,1535545066,02042026051150874,Success,
1667,Office,66111 E Franklin Street,8377013906,02042026051150874,Success,
14007,Office,99094 Yundt Lakes,3974933095,02042026051150874,Success,
1667,Office,89179 Pfeffer Well,5462196842,02042026051150874,Success,
14007,Office,901 Castle Road,4046590082,02042026051150874,Success,
1667,Office,5778 N Main Street,3899205145,02042026051150874,Success,
14007,Office,83883 E High Street,1389493515,02042026051150874,Success,
1667,Office,457 Rath Groves,4719662628,02042026051150874,Success,
14007,Office,63526 Lake Drive,8199456435,02042026051150874,Success,
1667,Office,463 E Broadway Street,5975113014,02042026051150874,Success,
14007,Office,7707 Stiedemann Meadow,5954084512,02042026051150874,Success,
1667,Office,3476 Cullen Crescent,2004471669,02042026051150874,Success,
14007,Office,396 Goyette Parkways,1439057843,02042026051150874,Success,
1667,Office,75924 Alvis Dale,2825585938,02042026051150874,Success,
14007,Office,4858 Craig Way,9173246396,02042026051150874,Success,
1667,Office,55097 Albert Road,2787939036,02042026051150874,Success,
14007,Office,19602 Chestnut Grove,2072432855,02042026051150874,Success,
1667,Office,545 Elmira Shore,1933323912,02042026051150874,Success,
14007,Office,5866 Myrtice Lakes,7037599199,02042026051150874,Success,
1667,Office,75884 Honeysuckle Close,3704192722,02042026051150874,Success,
14007,Office,27016 Talbot Road,2236474844,02042026051150874,Success,
1667,Office,2639 Elwyn Corner,9288651238,02042026051150874,Success,
14007,Office,73815 Craig Tunnel,3961149965,02042026051150874,Success,
1667,Office,8407 Beau Pines,3161059182,02042026051150874,Success,
14007,Office,82611 Willow Close,4518976842,02042026051150874,Success,
1667,Office,54081 West View,2528286700,02042026051150874,Success,
14007,Office,786 High Street,1618903692,02042026051150874,Success,
1667,Office,176 Bridget Crescent,9440320877,02042026051150874,Success,
14007,Office,2660 Howell Ramp,2546552752,02042026051150874,Success,
1667,Office,75203 Vidal Lake,3795215152,02042026051150874,Success,
14007,Office,397 Lincoln Highway,4644491548,02042026051150874,Success,
1667,Office,26172 S Elm Street,3900263024,02042026051150874,Success,
14007,Office,97446 N Union Street,7418499191,02042026051150874,Success,
1667,Office,3126 Pink Island,3064422531,02042026051150874,Success,
14007,Office,47124 Leffler Isle,4331029790,02042026051150874,Success,
1667,Office,8305 Francis Haven,7260452644,02042026051150874,Success,
14007,Office,4832 10th Street,2693193859,02042026051150874,Success,
1667,Office,2844 Wren Close,8821075169,02042026051150874,Success,
14007,Office,977 Annette Trail,2856217066,02042026051150874,Success,
1667,Office,851 S Water Street,7481737591,02042026051150874,Success,
14007,Office,4111 Bartholome Mills,8027519377,02042026051150874,Success,
1667,Office,632 Emilio Crest,1192996796,02042026051150874,Success,
14007,Office,72821 The Beeches,2680542345,02042026051150874,Success,
1667,Office,662 Loma Orchard,5942910108,02042026051150874,Success,
14007,Office,9854 Vanessa Overpass,7974086841,02042026051150874,Success,
1667,Office,71034 Claremont Road,6212115358,02042026051150874,Success,
14007,Office,672 Anderson Village,9091959146,02042026051150874,Success,
1667,Office,512 Melba Loop,4669666082,02042026051150874,Success,
14007,Office,64678 Grayce Meadows,9979201332,02042026051150874,Success,
1667,Office,351 Haley Forest,2565476350,02042026051150874,Success,
14007,Office,4492 Fermin Plains,2483095214,02042026051150874,Success,
1667,Office,7065 Emmet Freeway,1982262557,02042026051150874,Success,
14007,Office,682 Jadon Cove,9908369807,02042026051150874,Success,
1667,Office,9580 N Church Street,9505770917,02042026051150874,Success,
14007,Office,17576 Adams Street,5644308656,02042026051150874,Success,
1667,Office,9058 Keeling Estates,1410345286,02042026051150874,Success,
14007,Office,88682 Main Street N,7756521386,02042026051150874,Success,
1667,Office,431 N 4th Street,7960004239,02042026051150874,Success,
14007,Office,9203 Hickle Corners,2067262948,02042026051150874,Success,
1667,Office,926 Norfolk Road,5449800742,02042026051150874,Success,
14007,Office,67306 Sasha Turnpike,2958560616,02042026051150874,Success,
1667,Office,97815 W 14th Street,7234038357,02042026051150874,Success,
14007,Office,617 Poplar Street,4087011617,02042026051150874,Success,
1667,Office,5524 Mariela Knoll,9119221811,02042026051150874,Success,
14007,Office,87773 Russell Street,6437177098,02042026051150874,Success,
1667,Office,146 S 9th Street,3561077103,02042026051150874,Success,
14007,Office,449 Runolfsson Grove,9132578754,02042026051150874,Success,
1667,Office,20063 Nitzsche Stream,5380457208,02042026051150874,Success,
14007,Office,97211 Vada Alley,3156783721,02042026051150874,Success,
1667,Office,82843 Greyson Coves,1936354385,02042026051150874,Success,
14007,Office,98197 Schoen Passage,9796645939,02042026051150874,Success,
1667,Office,22672 Grady Ridges,5597706598,02042026051150874,Success,
14007,Office,690 Dach Unions,3329789868,02042026051150874,Success,
1667,Office,3509 Chestnut Street,3402141448,02042026051150874,Success,
14007,Office,8247 Kendrick Drives,6017369977,02042026051150874,Success,
1667,Office,675 Morissette Fort,4250993513,02042026051150874,Success,
14007,Office,292 Milford Grove,7382790929,02042026051150874,Success,
1667,Office,2103 Brooke Ranch,1775816112,02042026051150874,Success,
14007,Office,67090 Josefina Trafficway,7217545946,02042026051150874,Success,
1667,Office,824 W Division Street,8013806800,02042026051150874,Success,
14007,Office,754 Kylee Mountains,4221230035,02042026051150874,Success,
1667,Office,16741 Jacinto Passage,6422012912,02042026051150874,Success,
14007,Office,918 E 1st Street,2042530229,02042026051150874,Success,
1667,Office,993 Abbott Underpass,4629383796,02042026051150874,Success,
14007,Office,2306 Kohler Trafficway,3135356603,02042026051150874,Success,
1667,Office,4800 Fisher Village,2677343920,02042026051150874,Success,
14007,Office,545 Feest Spurs,7133541852,02042026051150874,Success,
1667,Office,1601 Brook Road,3041777152,02042026051150874,Success,
14007,Office,7018 Daugherty Garden,8399555106,02042026051150874,Success,
1667,Office,5804 Runolfsson Divide,9324550034,02042026051150874,Success,
14007,Office,90503 N Court Street,3740947821,02042026051150874,Success,
1667,Office,519 Lime Grove,2315304178,02042026051150874,Success,
14007,Office,218 The Avenue,9028557162,02042026051150874,Success,
1667,Office,818 Ankunding Trafficway,6318092454,02042026051150874,Success,
14007,Office,19908 Jaydon Creek,6125314726,02042026051150874,Success,
1667,Office,73689 Joyce Forest,3163816497,02042026051150874,Success,
14007,Office,7919 Orchard Drive,3844625183,02042026051150874,Success,
1667,Office,7645 S Front Street,5118899478,02042026051150874,Success,
14007,Office,85338 S Broad Street,1902702735,02042026051150874,Success,
1667,Office,192 Mueller Parks,9167563970,02042026051150874,Success,
14007,Office,27887 Berneice Field,9643245345,02042026051150874,Success,
1667,Office,7020 7th Street,5774411983,02042026051150874,Success,
14007,Office,199 Koepp Avenue,8666003411,02042026051150874,Success,
1667,Office,7792 Boehm Key,2205342121,02042026051150874,Success,
14007,Office,9749 Lucinda Terrace,9045716289,02042026051150874,Success,
1667,Office,928 Cruz Mills,4626890208,02042026051150874,Success,
14007,Office,1876 Auer Fall,4548718141,02042026051150874,Success,
1667,Office,210 Rohan Ferry,6693413320,02042026051150874,Success,
14007,Office,4129 Everett Curve,7608035098,02042026051150874,Success,
1667,Office,153 Nathan Camp,2876203904,02042026051150874,Success,
14007,Office,1733 Batz Avenue,4587865162,02042026051150874,Success,
1667,Office,7079 Orland Lakes,6562458512,02042026051150874,Success,
14007,Office,38869 Hills Crossroad,4487680137,02042026051150874,Success,
1667,Office,616 Langosh Springs,3494054092,02042026051150874,Success,
14007,Office,47289 E Washington Street,8368211426,02042026051150874,Success,
1667,Office,760 Skiles Place,3135374740,02042026051150874,Success,
14007,Office,654 Reta Overpass,6872896458,02042026051150874,Success,
1667,Office,57179 Birch Grove,5045381994,02042026051150874,Success,
14007,Office,3137 Zboncak Place,9057065645,02042026051150874,Success,
1667,Office,335 Kurtis Avenue,2274462876,02042026051150874,Success,
14007,Office,563 Gerlach Falls,5037769345,02042026051150874,Success,
1667,Office,17759 Armstrong Garden,3866063420,02042026051150874,Success,
14007,Office,1667 Elvera Plains,5570173126,02042026051150874,Success,
1667,Office,27680 Bartoletti Brook,8471851773,02042026051150874,Success,
14007,Office,73677 Abdullah Squares,3318221303,02042026051150874,Success,
1667,Office,921 Roselyn Villages,6237434815,02042026051150874,Success,
14007,Office,61661 Aglae Knolls,9050489774,02042026051150874,Success,
1667,Office,200 Maybelle Rest,1037139037,02042026051150874,Success,
14007,Office,397 Ridge Road,2861671693,02042026051150874,Success,
1667,Office,3292 Hintz Place,6529411417,02042026051150874,Success,
14007,Office,29052 Larson Ville,7711910101,02042026051150874,Success,
1667,Office,851 Langworth Junction,7702810836,02042026051150874,Success,
14007,Office,732 Lincoln Street,2018402469,02042026051150874,Success,
1667,Office,581 Aida Shore,5566934708,02042026051150874,Success,
14007,Office,998 Lubowitz Harbor,9857120085,02042026051150874,Success,
1667,Office,8049 Hintz Harbors,2173455959,02042026051150874,Success,
14007,Office,92733 Dessie Forges,2911872593,02042026051150874,Success,
1667,Office,35466 O'Connell Shore,7015367366,02042026051150874,Success,
14007,Office,561 Dominic Valleys,9603780903,02042026051150874,Success,
1667,Office,723 Otis Landing,8764871347,02042026051150874,Success,
14007,Office,5226 E Franklin Street,8959617012,02042026051150874,Success,
1667,Office,2555 Pound Lane,8266627774,02042026051150874,Success,
14007,Office,48950 Marty Mills,7776254342,02042026051150874,Success,
1667,Office,156 Bath Street,5744283853,02042026051150874,Success,
14007,Office,9824 Lionel Common,2404513502,02042026051150874,Success,
1667,Office,9893 Jammie Mall,7847823795,02042026051150874,Success,
14007,Office,1494 Raynor Coves,2922574405,02042026051150874,Success,
1667,Office,425 Olaf Parkways,1524890405,02042026051150874,Success,
14007,Office,972 New Street,5934646503,02042026051150874,Success,
1667,Office,3650 N Elm Street,1470150694,02042026051150874,Success,
14007,Office,19620 Bethany Passage,9081068170,02042026051150874,Success,
1667,Office,45279 Joe Junction,2857433634,02042026051150874,Success,
14007,Office,9293 Rectory Lane,2047489352,02042026051150874,Success,
1667,Office,729 Anjali Cove,5824303501,02042026051150874,Success,
14007,Office,75267 Schinner Points,3219600494,02042026051150874,Success,
1667,Office,151 Chance Harbor,8780572032,02042026051150874,Success,
14007,Office,96715 Kay Track,1668247760,02042026051150874,Success,
1667,Office,6643 Jacinthe Route,4752575048,02042026051150874,Success,
14007,Office,92488 S 6th Street,1241615057,02042026051150874,Success,
1667,Office,7906 Wilderman Estates,5292206727,02042026051150874,Success,
14007,Office,531 Petra Shoal,9772699784,02042026051150874,Success,
1667,Office,460 Bridge Road,7522380395,02042026051150874,Success,
14007,Office,9293 Turner Meadow,2877908882,02042026051150874,Success,
1667,Office,5310 Forest Road,5486564588,02042026051150874,Success,
14007,Office,758 Bauch Fields,8750133347,02042026051150874,Success,
1667,Office,2309 The Meadows,3936177080,02042026051150874,Success,
14007,Office,953 W Market Street,6403869378,02042026051150874,Success,
1667,Office,6060 Nicolas Point,4669415458,02042026051150874,Success,
14007,Office,922 Castle Close,8696268585,02042026051150874,Success,
1667,Office,1894 Halvorson Light,3692743877,02042026051150874,Success,
14007,Office,8579 Washington Street,8778198790,02042026051150874,Success,
1667,Office,749 Windler Haven,1302180769,02042026051150874,Success,
14007,Office,138 W Grand Avenue,7508627581,02042026051150874,Success,
1667,Office,9106 Flo Shoals,1481745823,02042026051150874,Success,
14007,Office,6230 Larson River,2205495564,02042026051150874,Success,
1667,Office,885 S Broadway Street,1459470415,02042026051150874,Success,
14007,Office,19459 Schneider Tunnel,7010493117,02042026051150874,Success,
1667,Office,6760 Grove Road,2533654124,02042026051150874,Success,
14007,Office,41562 Grove Lane,8054109759,02042026051150874,Success,
1667,Office,99122 Donato Harbors,5291974735,02042026051150874,Success,
14007,Office,53461 E Jefferson Street,8016672505,02042026051150874,Success,
1667,Office,12349 Alexanne Fort,6148228982,02042026051150874,Success,
14007,Office,572 Castle Street,9308180588,02042026051150874,Success,
1667,Office,15786 Zackery Gardens,7792778402,02042026051150874,Success,
14007,Office,4410 Vicarage Road,1748034056,02042026051150874,Success,
1667,Office,399 Davis Street,6201192480,02042026051150874,Success,
14007,Office,17159 Muller Forge,4676706346,02042026051150874,Success,
1667,Office,5261 Main Street N,7864711369,02042026051150874,Success,
14007,Office,62076 Elisha Port,3706983147,02042026051150874,Success,
1667,Office,8121 Rutherford Park,4947674996,02042026051150874,Success,
14007,Office,34127 North Street,8691321708,02042026051150874,Success,
1667,Office,63663 Betsy Via,1151392210,02042026051150874,Success,
14007,Office,199 The Grove,1839020065,02042026051150874,Success,
1667,Office,16070 Marvin Oval,9436431016,02042026051150874,Success,
14007,Office,738 Harvey Place,6746597292,02042026051150874,Success,
1667,Office,568 Gerlach Branch,2033894477,02042026051150874,Success,
14007,Office,321 Esteban Junction,9110473808,02042026051150874,Success,
1667,Office,3545 Larch Close,9301992328,02042026051150874,Success,
14007,Office,338 Kiley Shore,8267243093,02042026051150874,Success,
1667,Office,58884 Giles Island,6540924593,02042026051150874,Success,
14007,Office,17765 Main Road,5316824528,02042026051150874,Success,
1667,Office,96936 Hansen Crest,4930824011,02042026051150874,Success,
14007,Office,77460 Arnaldo Crossing,2651306919,02042026051150874,Success,
1667,Office,16660 Yundt Gateway,9683347503,02042026051150874,Success,
14007,Office,765 Marcella Isle,7805430638,02042026051150874,Success,
1667,Office,322 Ilene Extension,5013702295,02042026051150874,Success,
14007,Office,379 Dare Row,5359403078,02042026051150874,Success,
1667,Office,8947 Reta Via,8228776453,02042026051150874,Success,
14007,Office,2418 Johnson Mills,2351657618,02042026051150874,Success,
1667,Office,817 Dortha Prairie,9419245780,02042026051150874,Success,
14007,Office,89990 Domingo Park,2930554698,02042026051150874,Success,
1667,Office,2532 Locust Street,5172079206,02042026051150874,Success,
14007,Office,65569 Marques Fort,7111824418,02042026051150874,Success,
1667,Office,4453 Purdy Trace,3915982185,02042026051150874,Success,
14007,Office,204 Yadira Field,9558378363,02042026051150874,Success,
1667,Office,1657 The Chase,3774888022,02042026051150874,Success,
14007,Office,93817 Emmanuelle Viaduct,4629162771,02042026051150874,Success,
1667,Office,62075 Lester Drives,4079964102,02042026051150874,Success,
14007,Office,27267 Shakira Gardens,4111662650,02042026051150874,Success,
1667,Office,10266 Elza Greens,9458850859,02042026051150874,Success,
14007,Office,4123 Delbert Shores,8944213858,02042026051150874,Success,
1667,Office,95616 Aubrey Squares,9445887175,02042026051150874,Success,
14007,Office,177 Wellington Street,1457446702,02042026051150874,Success,
1667,Office,17494 Adams Avenue,5149980941,02042026051150874,Success,
14007,Office,6304 Hayes Dale,5339850803,02042026051150874,Success,
1667,Office,63185 Common Lane,1953008387,02042026051150874,Success,
14007,Office,735 Steuber Circle,7182546523,02042026051150874,Success,
1667,Office,5446 Bednar Passage,7509132214,02042026051150874,Success,
14007,Office,728 Laurie Ranch,8797955067,02042026051150874,Success,
1667,Office,5929 N Main,8277507205,02042026051150874,Success,
14007,Office,16086 Arely Parkway,9223240892,02042026051150874,Success,
1667,Office,893 E Broadway,6254211287,02042026051150874,Success,
14007,Office,4508 Gislason Plaza,9623768397,02042026051150874,Success,
1667,Office,88435 Conn Vista,4459071468,02042026051150874,Success,
14007,Office,37530 N Church Street,2124299247,02042026051150874,Success,
1667,Office,71608 Turcotte Meadow,2012226343,02042026051150874,Success,
14007,Office,65722 Ferry Skyway,1617382790,02042026051150874,Success,
1667,Office,8005 Jackson Freeway,8488559659,02042026051150874,Success,
14007,Office,5470 Wellington Road,2856675765,02042026051150874,Success,
1667,Office,944 Murray Ville,8068680674,02042026051150874,Success,
14007,Office,38129 Park Place,4397165346,02042026051150874,Success,
1667,Office,4738 Bednar Dam,5811155685,02042026051150874,Success,
14007,Office,508 Alden Underpass,4285906733,02042026051150874,Success,
1667,Office,4657 Okuneva Plaza,8167738327,02042026051150874,Success,
14007,Office,4961 Fredy Parkway,3538697553,02042026051150874,Success,
1667,Office,6628 N East Street,5207919018,02042026051150874,Success,
14007,Office,33720 Barton Club,2073043981,02042026051150874,Success,
1667,Office,5834 Lesch Loop,2029799461,02042026051150874,Success,
14007,Office,69156 Emile Parks,4832857781,02042026051150874,Success,
1667,Office,67024 Feest Branch,4642355141,02042026051150874,Success,
14007,Office,3379 E 8th Street,6440192400,02042026051150874,Success,
1667,Office,78827 Chester Road,6665319266,02042026051150874,Success,
14007,Office,727 E Water Street,2894190596,02042026051150874,Success,
1667,Office,51372 Albert Road,7198468238,02042026051150874,Success,
14007,Office,31484 Brown Rue,2666135413,02042026051150874,Success,
1667,Office,2525 Cormier Row,7744593184,02042026051150874,Success,
14007,Office,52290 E Main,1737650274,02042026051150874,Success,
1667,Office,43322 Mauricio Ramp,5072649619,02042026051150874,Success,
14007,Office,20389 Davis Junctions,6528525436,02042026051150874,Success,
1667,Office,1074 Leannon Square,2270173420,02042026051150874,Success,
14007,Office,386 Langosh Fall,6737078162,02042026051150874,Success,
1667,Office,960 Ruthie Creek,5886551523,02042026051150874,Success,
14007,Office,2188 Jaclyn Club,9090275455,02042026051150874,Success,
1667,Office,671 Shawna Ports,9646705796,02042026051150874,Success,
14007,Office,7166 Paucek Islands,9162614372,02042026051150874,Success,
1667,Office,415 Sipes Meadow,7893938371,02042026051150874,Success,
14007,Office,679 Coronation Road,2277475543,02042026051150874,Success,
1667,Office,5300 Marks Haven,1532374699,02042026051150874,Success,
14007,Office,8526 Morar Ville,3263856782,02042026051150874,Success,
1667,Office,78109 Solon Manor,2633168044,02042026051150874,Success,
14007,Office,6149 South Drive,8260629430,02042026051150874,Success,
1667,Office,919 Union Avenue,4951654084,02042026051150874,Success,
14007,Office,5635 Cary Plains,1566993005,02042026051150874,Success,
1667,Office,205 Winnifred Glen,5985185848,02042026051150874,Success,
14007,Office,42315 S 14th Street,6943780926,02042026051150874,Success,
1667,Office,6423 Guillermo Lights,5092757707,02042026051150874,Success,
14007,Office,49507 Boyle Knolls,8873458861,02042026051150874,Success,
1667,Office,6337 Elton Way,2848254225,02042026051150874,Success,
14007,Office,4857 Vicarage Road,7089370247,02042026051150874,Success,
1667,Office,593 Rollin Harbor,2869696775,02042026051150874,Success,
14007,Office,88661 Ashley Views,1767569092,02042026051150874,Success,
1667,Office,4472 O'Hara Mill,2362224186,02042026051150874,Success,
14007,Office,4718 Wuckert Valley,2098022446,02042026051150874,Success,
1667,Office,939 W 7th Street,9825323234,02042026051150874,Success,
14007,Office,625 The Copse,9358605923,02042026051150874,Success,
1667,Office,928 S 3rd Street,6609883854,02042026051150874,Success,
14007,Office,6068 Stiedemann Walks,6579414904,02042026051150874,Success,
1667,Office,917 Princess Land,3167287361,02042026051150874,Success,
14007,Office,825 Harvey Extension,7252693309,02042026051150874,Success,
1667,Office,84551 Wuckert Greens,3902653950,02042026051150874,Success,
14007,Office,26995 Waelchi Centers,3581224106,02042026051150874,Success,
1667,Office,62683 Kade Overpass,1639480775,02042026051150874,Success,
14007,Office,5196 Huels Crest,2618448723,02042026051150874,Success,
1667,Office,7727 Eliseo Cliffs,7028295884,02042026051150874,Success,
14007,Office,276 Darrion Skyway,9524675072,02042026051150874,Success,
1667,Office,89288 Phoebe Mews,3177669314,02042026051150874,Success,
14007,Office,16743 Romaguera Mall,8640389591,02042026051150874,Success,
1667,Office,58461 Mozelle Fields,5504190113,02042026051150874,Success,
14007,Office,6780 N Harrison Street,1321698817,02042026051150874,Success,
1667,Office,58620 S Franklin Street,6649672331,02042026051150874,Success,
14007,Office,85838 Haylee Greens,5499391943,02042026051150874,Success,
1667,Office,5592 The Ridings,8862235024,02042026051150874,Success,
14007,Office,456 Heather Close,7138001454,02042026051150874,Success,
1667,Office,1496 Pagac Lake,1143592052,02042026051150874,Success,
14007,Office,7318 W Maple Street,7010292397,02042026051150874,Success,
1667,Office,1386 Alex Island,2974258344,02042026051150874,Success,
14007,Office,99092 Kozey Dam,1675284487,02042026051150874,Success,
1667,Office,6806 Kacey Alley,2331287643,02042026051150874,Success,
14007,Office,46453 S 2nd Street,6597835202,02042026051150874,Success,
1667,Office,900 Gillian Cape,1049684116,02042026051150874,Success,
14007,Office,96090 Connelly Row,1089097948,02042026051150874,Success,
1667,Office,57274 West Street,3014379703,02042026051150874,Success,
14007,Office,8067 Isaiah Loaf,2489803605,02042026051150874,Success,
1667,Office,42612 Glen River,5732987183,02042026051150874,Success,
14007,Office,5357 W Elm Street,7315123424,02042026051150874,Success,
1667,Office,707 Wallace Villages,6975703010,02042026051150874,Success,
14007,Office,25284 Gordon Street,7488529716,02042026051150874,Success,
1667,Office,920 Dejuan Mall,8810000376,02042026051150874,Success,
14007,Office,8062 Pleasant Street,3855536878,02042026051150874,Success,
1667,Office,8904 Cyril Dam,7508947183,02042026051150874,Success,
14007,Office,955 Windermere Road,8546172467,02042026051150874,Success,
1667,Office,393 Wilderman Cove,8473832250,02042026051150874,Success,
14007,Office,30773 E 1st Street,6215606965,02042026051150874,Success,
1667,Office,48464 O'Kon Row,6564189484,02042026051150874,Success,
14007,Office,91484 5th Street,7863691565,02042026051150874,Success,
1667,Office,434 Crist Cape,5482880608,02042026051150874,Success,
14007,Office,70675 Federico Crest,8928018453,02042026051150874,Success,
1667,Office,91037 Pine Street,5136254357,02042026051150874,Success,
14007,Office,15054 Levi Rue,6598500403,02042026051150874,Success,
1667,Office,390 Chance Estates,9969958375,02042026051150874,Success,
14007,Office,48333 Octavia Roads,1234742033,02042026051150874,Success,
1667,Office,21921 Swift Fork,4973992719,02042026051150874,Success,
14007,Office,54026 Veum Run,6760974687,02042026051150874,Success,
1667,Office,1005 Cherry Street,8985647915,02042026051150874,Success,
14007,Office,91913 Jast Ferry,7981070592,02042026051150874,Success,
1667,Office,62832 N 7th Street,7183006683,02042026051150874,Success,
14007,Office,754 Prosacco Ports,2564695043,02042026051150874,Success,
1667,Office,9380 O'Conner Knoll,1185995791,02042026051150874,Success,
14007,Office,72418 Schroeder Island,9413932807,02042026051150874,Success,
1667,Office,345 Church View,2018575187,02042026051150874,Success,
14007,Office,86697 Arjun Tunnel,9215943134,02042026051150874,Success,
1667,Office,507 Beech Close,3715211693,02042026051150874,Success,
14007,Office,3780 Daphne Divide,1226402751,02042026051150874,Success,
1667,Office,8032 O'Hara Mount,3032814524,02042026051150874,Success,
14007,Office,88126 Hill Road,2358690445,02042026051150874,Success,
1667,Office,486 Dena Crescent,7792351756,02042026051150874,Success,
14007,Office,742 Bernita Fork,5011589202,02042026051150874,Success,
1667,Office,723 Missouri Passage,8603199952,02042026051150874,Success,
14007,Office,16363 Carroll Circles,5279124321,02042026051150874,Success,
1667,Office,6063 Tyshawn Inlet,7203277185,02042026051150874,Success,
14007,Office,2725 Wilkinson Ports,8334286643,02042026051150874,Success,
1667,Office,619 Lemke Via,3052493988,02042026051150874,Success,
14007,Office,64178 St Mary's Road,9189574303,02042026051150874,Success,
1667,Office,7496 Albert Road,2706163425,02042026051150874,Success,
14007,Office,75020 Kelley Union,3776946802,02042026051150874,Success,
1667,Office,41824 Spinka Lodge,8167045362,02042026051150874,Success,
14007,Office,89064 The Crescent,7176710818,02042026051150874,Success,
1667,Office,3052 Buckridge Walk,7401246974,02042026051150874,Success,
14007,Office,9461 Lazaro Fork,9436230076,02042026051150874,Success,
1667,Office,4687 Carroll Light,4142116144,02042026051150874,Success,
14007,Office,256 Reid Brook,1778027750,02042026051150874,Success,
1667,Office,77714 Jewell Ville,6738603163,02042026051150874,Success,
14007,Office,477 Lubowitz Trafficway,8174419254,02042026051150874,Success,
1667,Office,36371 Pacocha Union,9133289496,02042026051150874,Success,
14007,Office,338 Alene Plains,5236048849,02042026051150874,Success,
1667,Office,8884 Golden Mission,5290428394,02042026051150874,Success,
14007,Office,9820 St George's Road,4637180382,02042026051150874,Success,
1667,Office,39250 Beech Close,4995667248,02042026051150874,Success,
14007,Office,163 Virgie Key,9058648516,02042026051150874,Success,
1667,Office,4418 Dach Turnpike,6396826207,02042026051150874,Success,
14007,Office,4692 Dietrich Pike,6077367168,02042026051150874,Success,
1667,Office,6070 Third Street,5075735802,02042026051150874,Success,
14007,Office,6346 McClure Mount,2700326733,02042026051150874,Success,
1667,Office,7542 Hilpert Glens,3718701053,02042026051150874,Success,
14007,Office,672 North Road,7447878222,02042026051150874,Success,
1667,Office,6313 Mayert Motorway,5970727337,02042026051150874,Success,
14007,Office,192 Tillman Locks,6730348353,02042026051150874,Success,
1667,Office,89748 Prospect Avenue,7111555244,02042026051150874,Success,
14007,Office,52760 Rogelio Brook,6292967123,02042026051150874,Success,
1667,Office,3745 Schinner Viaduct,8393578894,02042026051150874,Success,
14007,Office,2419 Towne Cliff,1965909336,02042026051150874,Success,
1667,Office,9763 Smith Locks,6383521309,02042026051150874,Success,
14007,Office,4112 Vida Course,3425461595,02042026051150874,Success,
1667,Office,1968 Gislason Island,8147947971,02042026051150874,Success,
14007,Office,399 Adele Crossroad,4163354973,02042026051150874,Success,
1667,Office,623 Maverick Walks,9440569093,02042026051150874,Success,
14007,Office,5430 Coronation Avenue,3151754903,02042026051150874,Success,
1667,Office,5292 Kling Station,5740657593,02042026051150874,Success,
14007,Office,11385 Grant Street,1421821914,02042026051150874,Success,
1667,Office,141 Predovic Meadow,1453191031,02042026051150874,Success,
14007,Office,9530 Weissnat Expressway,7825808834,02042026051150874,Success,
1667,Office,6469 Shakira Knolls,3114772964,02042026051150874,Success,
14007,Office,36457 Pascale Ramp,9426230649,02042026051150874,Success,
1667,Office,28723 Green Falls,2362997159,02042026051150874,Success,
14007,Office,3320 Cassin Lakes,4680034963,02042026051150874,Success,
1667,Office,772 Freeda Causeway,6739690150,02042026051150874,Success,
14007,Office,1561 Osvaldo Views,5226540892,02042026051150874,Success,
1667,Office,43494 Larkin Branch,4811069852,02042026051150874,Success,
14007,Office,1677 Dicki Haven,9875822793,02042026051150874,Success,
1667,Office,96799 W Grand Avenue,7982802117,02042026051150874,Success,
14007,Office,2713 Kirlin Isle,2395455500,02042026051150874,Success,
1667,Office,602 N High Street,7099984071,02042026051150874,Success,
14007,Office,767 O'Hara Alley,1716558501,02042026051150874,Success,
1667,Office,75309 Helene Expressway,5370369502,02042026051150874,Success,
14007,Office,81485 Jaylan Station,9487559345,02042026051150874,Success,
1667,Office,44640 Myrtice Dale,3137170760,02042026051150874,Success,
14007,Office,6504 Albert Road,8931068128,02042026051150874,Success,
1667,Office,738 Lake Road,3108082613,02042026051150874,Success,
14007,Office,78510 Dare Shores,7712553708,02042026051150874,Success,
1667,Office,1861 Runolfsson Neck,9985197340,02042026051150874,Success,
14007,Office,4689 Wunsch Street,4000715064,02042026051150874,Success,
1667,Office,42964 O'Keefe Divide,7800681037,02042026051150874,Success,
14007,Office,684 Jacobson Roads,6493905625,02042026051150874,Success,
1667,Office,653 Swift Road,7647957797,02042026051150874,Success,
14007,Office,487 2nd Avenue,1763015949,02042026051150874,Success,
1667,Office,1773 Leuschke Lock,8357933385,02042026051150874,Success,
14007,Office,67283 Bergnaum Lights,1833335545,02042026051150874,Success,
1667,Office,56509 Cambridge Street,3909691935,02042026051150874,Success,
14007,Office,76634 Ernestina Lake,8802207556,02042026051150874,Success,
1667,Office,4089 Greenfelder Underpass,1587453302,02042026051150874,Success,
14007,Office,32344 Cummings Center,8760503559,02042026051150874,Success,
1667,Office,457 Luciano Trace,3652455191,02042026051150874,Success,
14007,Office,925 Emilie Harbor,1401539074,02042026051150874,Success,
1667,Office,1021 Emile Ford,9182710916,02042026051150874,Success,
14007,Office,76752 S Union Street,7805706163,02042026051150874,Success,
1667,Office,552 Ignatius Center,4023963319,02042026051150874,Success,
14007,Office,55842 Bahringer Fort,7254634756,02042026051150874,Success,
1667,Office,5870 Aliyah Park,5523643174,02042026051150874,Success,
14007,Office,4197 Barrows Summit,3820147699,02042026051150874,Success,
1667,Office,8547 Devon Ramp,6715836354,02042026051150874,Success,
14007,Office,28655 2nd Street,3397031744,02042026051150874,Success,
1667,Office,3808 Bay Street,7515928218,02042026051150874,Success,
14007,Office,1047 O'Hara Villages,1428312878,02042026051150874,Success,
1667,Office,11055 Strosin Estates,5798858065,02042026051150874,Success,
14007,Office,71499 Bergnaum Centers,8713492857,02042026051150874,Success,
1667,Office,50963 Hilll Points,8666980557,02042026051150874,Success,
14007,Office,3026 Aleen Lakes,7833438013,02042026051150874,Success,
1667,Office,2315 Woodlands Close,9692530176,02042026051150874,Success,
14007,Office,30503 S 8th Street,7646815784,02042026051150874,Success,
1667,Office,835 Rosendo Causeway,9718870725,02042026051150874,Success,
14007,Office,481 Abdul Radial,2828015936,02042026051150874,Success,
1667,Office,648 Armand Common,3780304791,02042026051150874,Success,
14007,Office,9249 Nia Stravenue,4485418189,02042026051150874,Success,
1667,Office,17432 Fore Street,8892653290,02042026051150874,Success,
14007,Office,404 Pinfold Lane,6174774215,02042026051150874,Success,
1667,Office,282 Manor Drive,6081987955,02042026051150874,Success,
14007,Office,35800 E Elm Street,4767060563,02042026051150874,Success,
1667,Office,92835 Zieme Ports,6970907043,02042026051150874,Success,
14007,Office,4390 Marianna Highway,1808091253,02042026051150874,Success,
1667,Office,33646 Gracie Haven,2052094168,02042026051150874,Success,
14007,Office,269 Sydnee Lakes,2845775776,02042026051150874,Success,
1667,Office,734 Ernesto Circle,5850147743,02042026051150874,Success,
14007,Office,60271 Bode Oval,8499527065,02042026051150874,Success,
1667,Office,2442 Garnet Fort,7307400243,02042026051150874,Success,
14007,Office,11389 Veum Locks,7690448517,02042026051150874,Success,
1667,Office,74841 Adams Street,1391475166,02042026051150874,Success,
14007,Office,3723 Lillian Mission,6609990574,02042026051150874,Success,
1667,Office,6123 Thora Pike,4320461324,02042026051150874,Success,
14007,Office,462 Vesta Junctions,2039475150,02042026051150874,Success,
1667,Office,698 Russell Street,2404394090,02042026051150874,Success,
14007,Office,497 Zulauf Light,1045307612,02042026051150874,Success,
1667,Office,51936 The Croft,2970713334,02042026051150874,Success,
14007,Office,655 Valentina Ways,7793365457,02042026051150874,Success,
1667,Office,487 Hilll Ferry,3357121487,02042026051150874,Success,
14007,Office,726 S 6th Street,9980869956,02042026051150874,Success,
1667,Office,156 Oliver Ports,7912483669,02042026051150874,Success,
14007,Office,9165 Ariane Well,2377431105,02042026051150874,Success,
1667,Office,3447 Oberbrunner Junction,5644695660,02042026051150874,Success,
14007,Office,6112 Waterside,7944483640,02042026051150874,Success,
1667,Office,9594 Sandrine Loaf,4686266314,02042026051150874,Success,
14007,Office,339 Prospect Street,2172302907,02042026051150874,Success,
1667,Office,77177 Sienna Groves,8863832844,02042026051150874,Success,
14007,Office,4577 Shaniya Fords,7041729057,02042026051150874,Success,
1667,Office,8080 O'Kon Ramp,3622999894,02042026051150874,Success,
14007,Office,2592 Commercial Street,9409681738,02042026051150874,Success,
1667,Office,7268 Cherry Close,6410087602,02042026051150874,Success,
14007,Office,86335 N Court Street,5436245796,02042026051150874,Success,
1667,Office,66469 N 9th Street,2489731624,02042026051150874,Success,
14007,Office,64086 Blick Ridge,4273972484,02042026051150874,Success,
1667,Office,47679 Doyle Path,1369749568,02042026051150874,Success,
14007,Office,13929 Reynolds Valleys,1803403015,02042026051150874,Success,
1667,Office,4035 Willow Drive,5405925892,02042026051150874,Success,
14007,Office,56542 Mary Street,7800787171,02042026051150874,Success,
1667,Office,49606 Witting Drives,5471686284,02042026051150874,Success,
14007,Office,114 Arlie Rue,7823171229,02042026051150874,Success,
1667,Office,342 South Drive,7522409818,02042026051150874,Success,
14007,Office,9854 Kovacek Flats,5409281271,02042026051150874,Success,
1667,Office,55312 Wellington Street,9615354348,02042026051150874,Success,
14007,Office,55387 S 3rd Street,3914684261,02042026051150874,Success,
1667,Office,378 Oak Avenue,9553879746,02042026051150874,Success,
14007,Office,2833 Fahey Shoal,8671195550,02042026051150874,Success,
1667,Office,605 Izaiah Centers,4433994343,02042026051150874,Success,
14007,Office,73489 Goldner Key,6898867701,02042026051150874,Success,
1667,Office,2730 Yost Key,7825899398,02042026051150874,Success,
14007,Office,164 N Jefferson Street,9630045795,02042026051150874,Success,
1667,Office,12662 Magali Run,9255837491,02042026051150874,Success,
14007,Office,56012 Robel Rest,6807875810,02042026051150874,Success,
1667,Office,1191 Cassin Causeway,1076615409,02042026051150874,Success,
14007,Office,371 Walter Views,2164147964,02042026051150874,Success,
1667,Office,410 Hettinger Keys,1773501024,02042026051150874,Success,
14007,Office,872 W 4th Avenue,9495007193,02042026051150874,Success,
1667,Office,2697 Miller Canyon,9837477901,02042026051150874,Success,
14007,Office,62647 Windmill Close,4543652363,02042026051150874,Success,
1667,Office,370 Market Street,1636966414,02042026051150874,Success,
14007,Office,1599 Kilback Mews,8179885170,02042026051150874,Success,
1667,Office,50125 Balistreri Islands,9864459387,02042026051150874,Success,
14007,Office,93271 Swaniawski Course,7913337335,02042026051150874,Success,
1667,Office,87254 Marlborough Road,4280075946,02042026051150874,Success,
14007,Office,723 Oak Street,4473020875,02042026051150874,Success,
1667,Office,1573 Court Street,5309884570,02042026051150874,Success,
14007,Office,8313 Christelle Parks,3767757592,02042026051150874,Success,
1667,Office,22445 Welch Forge,3283665154,02042026051150874,Success,
14007,Office,5996 Jimmie Throughway,1811276630,02042026051150874,Success,
1667,Office,6930 W 9th Street,1503167898,02042026051150874,Success,
14007,Office,9731 Kailey Manors,8355350536,02042026051150874,Success,
1667,Office,1994 S Maple Street,4103620477,02042026051150874,Success,
14007,Office,376 Audreanne Lights,5035081290,02042026051150874,Success,
1667,Office,54009 Mozelle Bridge,6592521941,02042026051150874,Success,
14007,Office,2077 Roman Way,4568452390,02042026051150874,Success,
1667,Office,300 Woodlands,8378778424,02042026051150874,Success,
14007,Office,27653 Cassin Roads,4300584457,02042026051150874,Success,
1667,Office,74479 Abbott Courts,8548954907,02042026051150874,Success,
14007,Office,77642 Hamill Haven,5649252421,02042026051150874,Success,
1667,Office,5896 Waterloo Road,3700916304,02042026051150874,Success,
14007,Office,49322 Hackett Unions,7386599531,02042026051150874,Success,
1667,Office,47356 Mikayla Ridges,9440599551,02042026051150874,Success,
14007,Office,4857 Mervin Pass,7220759376,02042026051150874,Success,
1667,Office,4303 Russel Rapid,3254449822,02042026051150874,Success,
14007,Office,57530 McLaughlin Forges,8956276613,02042026051150874,Success,
1667,Office,2235 Randi Keys,5737104658,02042026051150874,Success,
14007,Office,7654 Douglas Forest,8372020969,02042026051150874,Success,
1667,Office,989 S Jefferson Street,9968911467,02042026051150874,Success,
14007,Office,812 Will Corners,8247609575,02042026051150874,Success,
1667,Office,32174 Wuckert Walks,5338147726,02042026051150874,Success,
14007,Office,19174 Kutch Bridge,7344535728,02042026051150874,Success,
1667,Office,4787 Schiller Corners,2377862126,02042026051150874,Success,
14007,Office,9227 Schumm Spur,9959415712,02042026051150874,Success,
1667,Office,247 Goodwin Path,1810312015,02042026051150874,Success,
14007,Office,3006 Emard Fields,7570382513,02042026051150874,Success,
1667,Office,9375 Keeling Course,7657878246,02042026051150874,Success,
14007,Office,956 Waelchi Mountains,5140657273,02042026051150874,Success,
1667,Office,197 Sheridan Fort,6446889365,02042026051150874,Success,
14007,Office,597 Micah Forge,7392516418,02042026051150874,Success,
1667,Office,1829 W 2nd Street,3606501332,02042026051150874,Success,
14007,Office,313 Zoey View,4689547009,02042026051150874,Success,
1667,Office,30145 Monty Dale,1926497124,02042026051150874,Success,
14007,Office,301 W Division Street,7089620194,02042026051150874,Success,
1667,Office,779 Donnelly Ferry,3576169748,02042026051150874,Success,
14007,Office,758 Hoppe Underpass,3320480447,02042026051150874,Success,
1667,Office,8197 Euclid Avenue,8030814175,02042026051150874,Success,
14007,Office,306 15th Street,9558302513,02042026051150874,Success,
1667,Office,18571 Jaskolski Spring,8707890170,02042026051150874,Success,
14007,Office,5724 Fanny Trafficway,1728511841,02042026051150874,Success,
1667,Office,16580 Stanton Shore,3478564843,02042026051150874,Success,
14007,Office,1830 Rowan Drive,1547037426,02042026051150874,Success,
1667,Office,25651 Moore Field,4804497327,02042026051150874,Success,
14007,Office,89011 Locust Street,8702409649,02042026051150874,Success,
1667,Office,834 Larson Plain,1061948838,02042026051150874,Success,
14007,Office,529 Silver Street,2649348748,02042026051150874,Success,
1667,Office,59303 Spencer Vista,7170019833,02042026051150874,Success,
14007,Office,9064 Jacobs Rapids,2174958598,02042026051150874,Success,
1667,Office,61870 Albion Street,1249596153,02042026051150874,Success,
14007,Office,49909 Armstrong Knoll,4147735077,02042026051150874,Success,
1667,Office,190 Romaine Brook,4912724704,02042026051150874,Success,
14007,Office,8893 Remington Springs,6307770140,02042026051150874,Success,
1667,Office,64729 Clinton Divide,6414458535,02042026051150874,Success,
14007,Office,61760 Division Street,8595393788,02042026051150874,Success,
1667,Office,76010 S Broad Street,8543803613,02042026051150874,Success,
14007,Office,1024 Gutmann Union,8984941507,02042026051150874,Success,
1667,Office,874 Dicki Ferry,5041213808,02042026051150874,Success,
14007,Office,933 E 8th Street,6563668441,02042026051150874,Success,
1667,Office,882 E 9th Street,7962160958,02042026051150874,Success,
14007,Office,824 Block Corners,3501666451,02042026051150874,Success,
1667,Office,890 Stracke Oval,3128080931,02042026051150874,Success,
14007,Office,26827 Cambridge Street,7611780159,02042026051150874,Success,
1667,Office,22204 Derby Road,8081184535,02042026051150874,Success,
14007,Office,1820 S Broadway,2374267074,02042026051150874,Success,
1667,Office,854 Hazel Grove,1083137444,02042026051150874,Success,
14007,Office,829 Kaley Plain,1724071042,02042026051150874,Success,
1667,Office,52956 Ankunding Wall,4943647214,02042026051150874,Success,
14007,Office,223 Langworth Path,2175998765,02042026051150874,Success,
1667,Office,559 South Drive,7028826614,02042026051150874,Success,
14007,Office,90291 The Causeway,7632638757,02042026051150874,Success,
1667,Office,187 Stoney Lane,4693519446,02042026051150874,Success,
14007,Office,9817 Lakin Knoll,7936056098,02042026051150874,Success,
1667,Office,890 Loren Isle,4813461170,02042026051150874,Success,
14007,Office,975 Sawayn Circle,9724609434,02042026051150874,Success,
1667,Office,58615 Alexandria Coves,9357923064,02042026051150874,Success,
14007,Office,10912 Windermere Road,9074720904,02042026051150874,Success,
1667,Office,181 Mount Street,1067903917,02042026051150874,Success,
14007,Office,430 Third Street,9534570302,02042026051150874,Success,
1667,Office,37935 Hudson Club,5117067331,02042026051150874,Success,
14007,Office,45839 McKenzie Manor,6410050844,02042026051150874,Success,
1667,Office,856 Dale Street,7761817763,02042026051150874,Success,
14007,Office,56479 Assunta Track,2442552080,02042026051150874,Success,
1667,Office,6391 Highfield Avenue,3304862280,02042026051150874,Success,
14007,Office,8656 Schmeler Drives,1876063280,02042026051150874,Success,
1667,Office,598 Ebert Lake,7641860254,02042026051150874,Success,
14007,Office,85954 Altenwerth Corners,5393041645,02042026051150874,Success,
1667,Office,822 N Locust Street,2347788949,02042026051150874,Success,
14007,Office,3945 Greenholt Heights,1568343092,02042026051150874,Success,
1667,Office,97395 Gislason Divide,3656504489,02042026051150874,Success,
14007,Office,932 The Beeches,9722210790,02042026051150874,Success,
1667,Office,61492 Moriah Mountains,5142017427,02042026051150874,Success,
14007,Office,6862 Grove Road,5142287322,02042026051150874,Success,
1667,Office,160 Pascale Lane,4924287386,02042026051150874,Success,
14007,Office,3714 Murray Plaza,5987811702,02042026051150874,Success,
1667,Office,481 Isidro Manor,2773147409,02042026051150874,Success,
14007,Office,206 Hand Walk,5632481362,02042026051150874,Success,
1667,Office,8767 Isadore Gardens,4111790442,02042026051150874,Success,
14007,Office,61187 Old Road,8826344405,02042026051150874,Success,
1667,Office,3085 Devonte Meadow,1743802262,02042026051150874,Success,
14007,Office,45223 Wuckert Skyway,6845059685,02042026051150874,Success,
1667,Office,336 N Broad Street,8305040469,02042026051150874,Success,
14007,Office,719 W 7th Street,9008748268,02042026051150874,Success,
1667,Office,821 Kamren Tunnel,7555741431,02042026051150874,Success,
14007,Office,78744 Heidi Views,1907747332,02042026051150874,Success,
1667,Office,65756 Macejkovic Drive,3495315690,02042026051150874,Success,
14007,Office,49859 Albion Street,4470046735,02042026051150874,Success,
1667,Office,97733 W Washington Avenue,1352347901,02042026051150874,Success,
14007,Office,507 Lang Summit,3428113847,02042026051150874,Success,
1667,Office,4172 Cornelius Run,7126719481,02042026051150874,Success,
14007,Office,4826 Cole Prairie,7399916999,02042026051150874,Success,
1667,Office,5075 Cronin Pike,1746810265,02042026051150874,Success,
14007,Office,4455 Hayes Rue,2370270810,02042026051150874,Success,
1667,Office,5453 Washington Avenue,3078756018,02042026051150874,Success,
14007,Office,18893 Pouros Villages,1345278805,02042026051150874,Success,
1667,Office,377 Pfeffer Orchard,6269080171,02042026051150874,Success,
14007,Office,920 Julius Centers,4995565566,02042026051150874,Success,
1667,Office,53196 W Central Avenue,9842293929,02042026051150874,Success,
14007,Office,25114 Grange Road,1153719530,02042026051150874,Success,
1667,Office,7263 Winnifred Drive,6972584377,02042026051150874,Success,
14007,Office,373 Letitia Throughway,6925621084,02042026051150874,Success,
1667,Office,65849 Prohaska Plaza,3714591567,02042026051150874,Success,
14007,Office,2181 St John's Road,1105793808,02042026051150874,Success,
1667,Office,82639 Hermann Fords,9388289935,02042026051150874,Success,
14007,Office,3148 Juniper Close,9605337125,02042026051150874,Success,
1667,Office,689 Victoria Road,6916856404,02042026051150874,Success,
14007,Office,1460 Union Avenue,9878106765,02042026051150874,Success,
1667,Office,543 Michel Valley,8129455761,02042026051150874,Success,
14007,Office,999 Darrell Throughway,7505517907,02042026051150874,Success,
1667,Office,5096 The Laurels,4463281510,02042026051150874,Success,
14007,Office,98346 Witting Harbors,6425928541,02042026051150874,Success,
1667,Office,3319 Parker Glen,8846551201,02042026051150874,Success,
14007,Office,41013 Larkin Haven,4585688782,02042026051150874,Success,
1667,Office,44076 Norene Fall,4744620176,02042026051150874,Success,
14007,Office,201 Willms Pike,1880627229,02042026051150874,Success,
1667,Office,68428 Prospect Road,9578827036,02042026051150874,Success,
14007,Office,4487 E Broadway,7477241249,02042026051150874,Success,
1667,Office,43041 Mathew Cove,8436494450,02042026051150874,Success,
14007,Office,598 Anissa Manor,5356576319,02042026051150874,Success,
1667,Office,6084 Daniel Dale,7932859444,02042026051150874,Success,
14007,Office,52767 Eddie View,3304704716,02042026051150874,Success,
1667,Office,79030 Pouros Junctions,9747273330,02042026051150874,Success,
14007,Office,683 Schimmel Lodge,5869543335,02042026051150874,Success,
1667,Office,9379 E Broad Street,5506496372,02042026051150874,Success,
14007,Office,5466 Liberty Street,6932319305,02042026051150874,Success,
1667,Office,1110 Shania Mountains,2316496211,02042026051150874,Success,
14007,Office,56456 Hilpert Bypass,7658257647,02042026051150874,Success,
1667,Office,948 Stanton Dale,4818607906,02042026051150874,Success,
14007,Office,67646 Veterans Memorial Drive,3291443663,02042026051150874,Success,
1667,Office,98389 Wilhelm Forest,6465252734,02042026051150874,Success,
14007,Office,5570 Queenie Gateway,4069080408,02042026051150874,Success,
1667,Office,64792 Norbert Square,5593151427,02042026051150874,Success,
14007,Office,1829 Lizzie Street,6045162143,02042026051150874,Success,
1667,Office,222 Fausto Ford,9984770696,02042026051150874,Success,
14007,Office,8114 Greenville Road,4128986472,02042026051150874,Success,
1667,Office,3831 Bill Grove,1555417465,02042026051150874,Success,
14007,Office,939 Schmidt Run,2849698090,02042026051150874,Success,
1667,Office,222 Keara Point,6820301555,02042026051150874,Success,
14007,Office,8523 Leffler Ville,1301112145,02042026051150874,Success,
1667,Office,9673 Lincoln Street,4866370842,02042026051150874,Success,
14007,Office,222 Considine Parkways,1058830635,02042026051150874,Success,
1667,Office,2640 Lawrence Street,6619151874,02042026051150874,Success,
14007,Office,10920 Stanton Hills,7829362717,02042026051150874,Success,
1667,Office,26659 Hahn Courts,5870654831,02042026051150874,Success,
14007,Office,42974 Mill Close,4902405381,02042026051150874,Success,
1667,Office,94037 Bartell Run,2535746955,02042026051150874,Success,
14007,Office,269 Pacocha Club,8746124231,02042026051150874,Success,
1667,Office,536 S Jefferson Street,8743875256,02042026051150874,Success,
14007,Office,21658 McCullough Row,9179829307,02042026051150874,Success,
1667,Office,3842 Laurianne Fork,7150161028,02042026051150874,Success,
14007,Office,28356 Forest Avenue,7301272604,02042026051150874,Success,
1667,Office,52444 Lowe Walk,6248310433,02042026051150874,Success,
14007,Office,13633 Herzog Isle,3973198101,02042026051150874,Success,
1667,Office,8475 Ryder Parkway,8485177147,02042026051150874,Success,
14007,Office,13608 Padberg Junction,9111288458,02042026051150874,Success,
1667,Office,60283 Ewell Station,2492705249,02042026051150874,Success,
14007,Office,1214 Amara Field,5239636328,02042026051150874,Success,
1667,Office,6171 Mayer Cliffs,6663066872,02042026051150874,Success,
14007,Office,2251 W Park Street,7429478677,02042026051150874,Success,
1667,Office,496 Champlin Fords,2326971585,02042026051150874,Success,
14007,Office,36989 Carmel Stream,7036352971,02042026051150874,Success,
1667,Office,2859 London Road,2285068046,02042026051150874,Success,
14007,Office,13931 W 14th Street,3987544447,02042026051150874,Success,
1667,Office,73717 Abbey Road,9688149144,02042026051150874,Success,
14007,Office,75285 Ritchie Glen,9202058625,02042026051150874,Success,
1667,Office,76079 E State Street,1258867725,02042026051150874,Success,
14007,Office,4368 Kovacek Orchard,6894033226,02042026051150874,Success,
1667,Office,5023 Nikolaus Dam,4553975686,02042026051150874,Success,
14007,Office,32537 Jenkins Haven,5520568822,02042026051150874,Success,
1667,Office,78621 Princess Manors,7670188567,02042026051150874,Success,
14007,Office,6359 The Mews,5131343896,02042026051150874,Success,
1667,Office,5714 Rice Stravenue,1438419512,02042026051150874,Success,
14007,Office,4830 Mayer Estate,8581169292,02042026051150874,Success,
1667,Office,8040 Leonor Forge,9139762350,02042026051150874,Success,
14007,Office,486 Oakfield Road,1882759603,02042026051150874,Success,
1667,Office,96587 Myrtie Fords,6493152323,02042026051150874,Success,
14007,Office,91912 Edison Union,1726198151,02042026051150874,Success,
1667,Office,84040 Angus Flats,5716293421,02042026051150874,Success,
14007,Office,98997 Gerda Center,4724410139,02042026051150874,Success,
1667,Office,5969 Mekhi Junctions,6707800222,02042026051150874,Success,
14007,Office,373 Carli Islands,4369135621,02042026051150874,Success,
1667,Office,475 Schmidt Meadow,1309646238,02042026051150874,Success,
14007,Office,61473 Von Rest,2401423467,02042026051150874,Success,
1667,Office,10092 Jaylan Flats,8643966023,02042026051150874,Success,
14007,Office,9766 Leopold Haven,4836936163,02042026051150874,Success,
1667,Office,911 Torey Union,5559426361,02042026051150874,Success,
14007,Office,383 Henry Street,2954663415,02042026051150874,Success,
1667,Office,4515 Prospect Road,1231653241,02042026051150874,Success,
14007,Office,6663 Angie Junction,2928089917,02042026051150874,Success,
1667,Office,40440 The Orchard,3869202717,02042026051150874,Success,
14007,Office,1071 Beech Road,1451548435,02042026051150874,Success,
1667,Office,922 The Willows,4121531871,02042026051150874,Success,
14007,Office,3058 Regan Radial,5079751243,02042026051150874,Success,
1667,Office,5903 Halvorson Flats,2229004434,02042026051150874,Success,
14007,Office,6107 Winston Ports,6631054492,02042026051150874,Success,
1667,Office,6081 Hermiston Park,3297833168,02042026051150874,Success,
14007,Office,999 Elenora Parkways,6965514794,02042026051150874,Success,
1667,Office,5618 Abel Pass,3147120110,02042026051150874,Success,
14007,Office,256 Balmoral Road,3963654925,02042026051150874,Success,
1667,Office,9895 Jefferson Street,4947737274,02042026051150874,Success,
14007,Office,65711 N Park Street,2576862103,02042026051150874,Success,
1667,Office,578 Al Mountain,8113167175,02042026051150874,Success,
14007,Office,78934 Tromp Wall,9396765766,02042026051150874,Success,
1667,Office,664 Vesta Lights,9273792367,02042026051150874,Success,
14007,Office,4627 Pearl Street,5755726055,02042026051150874,Success,
1667,Office,9017 Brenda Ridge,7713358298,02042026051150874,Success,
14007,Office,47833 Chapel Road,2471734667,02042026051150874,Success,
1667,Office,65930 Lisa Camp,8368812249,02042026051150874,Success,
14007,Office,2144 Chris Harbor,4487575763,02042026051150874,Success,
1667,Office,323 Parker Gateway,5664581231,02042026051150874,Success,
14007,Office,41921 Warren Road,1795008259,02042026051150874,Success,
1667,Office,99460 Dibbert Walk,5035044623,02042026051150874,Success,
14007,Office,855 Mueller Walk,5564600511,02042026051150874,Success,
1667,Office,590 State Line Road,6175025605,02042026051150874,Success,
14007,Office,6545 Kihn Bridge,9620681969,02042026051150874,Success,
1667,Office,16090 N 4th Street,4985608968,02042026051150874,Success,
14007,Office,787 Barton Road,9804933887,02042026051150874,Success,
1667,Office,97464 Oren Ranch,9562102622,02042026051150874,Success,
14007,Office,20209 Cummerata Walks,3311711246,02042026051150874,Success,
1667,Office,380 Jaylen Shoal,3581679203,02042026051150874,Success,
14007,Office,141 Veterans Memorial Highway,3860722696,02042026051150874,Success,
1667,Office,5619 Jodie Crossroad,4436382250,02042026051150874,Success,
14007,Office,5444 Jonathon Mews,8008965786,02042026051150874,Success,
1667,Office,503 Sporer Radial,8056871449,02042026051150874,Success,
14007,Office,6709 E Bridge Street,1670050619,02042026051150874,Success,
1667,Office,907 Schowalter Forest,2765865920,02042026051150874,Success,
14007,Office,769 Kautzer Throughway,9277038334,02042026051150874,Success,
1667,Office,4414 Old Road,7149611918,02042026051150874,Success,
14007,Office,44348 Hill Road,7654158161,02042026051150874,Success,
1667,Office,764 Dickens Place,3257446759,02042026051150874,Success,
14007,Office,85621 Jacobi Forks,5911423753,02042026051150874,Success,
1667,Office,517 Torp Skyway,8023955523,02042026051150874,Success,
14007,Office,45343 Howard Road,3128280040,02042026051150874,Success,
1667,Office,328 Mertz Glen,6589248321,02042026051150874,Success,
14007,Office,289 The Sidings,4175165011,02042026051150874,Success,
1667,Office,3009 Major Meadows,6519909409,02042026051150874,Success,
14007,Office,5775 St Andrews Close,7278150388,02042026051150874,Success,
1667,Office,9528 Cumberland Street,9947594580,02042026051150874,Success,
14007,Office,8849 Wilfredo Walks,8986204618,02042026051150874,Success,
1667,Office,6434 Manchester Road,7493953463,02042026051150874,Success,
14007,Office,527 Gutmann Forge,9461797779,02042026051150874,Success,
1667,Office,38074 Back Lane,1677430856,02042026051150874,Success,
14007,Office,963 Daugherty Forks,8150732431,02042026051150874,Success,
1667,Office,960 Barton Road,2218958671,02042026051150874,Success,
14007,Office,7162 1st Street,4569416606,02042026051150874,Success,
1667,Office,3882 North Avenue,2872894394,02042026051150874,Success,
14007,Office,503 Nitzsche Mountain,6373074707,02042026051150874,Success,
1667,Office,235 Oscar Greens,6633627394,02042026051150874,Success,
14007,Office,1403 Quigley Lane,7911438900,02042026051150874,Success,
1667,Office,6589 Hickle Unions,6216224151,02042026051150874,Success,
14007,Office,88967 Towne Knolls,8553839281,02042026051150874,Success,
1667,Office,4919 Weber Fords,5376345774,02042026051150874,Success,
14007,Office,59714 Cade Meadow,5273280314,02042026051150874,Success,
1667,Office,969 Meadow Way,9034386392,02042026051150874,Success,
14007,Office,328 Hawthorn Avenue,4102008945,02042026051150874,Success,
1667,Office,6275 Padberg Pike,9267484960,02042026051150874,Success,
14007,Office,187 Kessler Junctions,6318167165,02042026051150874,Success,
1667,Office,25595 Bo Crescent,3007027866,02042026051150874,Success,
14007,Office,5894 Bode Place,4045147333,02042026051150874,Success,
1667,Office,4303 Manor Gardens,9495737392,02042026051150874,Success,
14007,Office,9459 Nestor Gardens,5565314077,02042026051150874,Success,
1667,Office,9055 Emmy Plaza,8332037605,02042026051150874,Success,
14007,Office,895 Muller Trafficway,7713523406,02042026051150874,Success,
1667,Office,8803 Marvin Summit,8619120495,02042026051150874,Success,
14007,Office,81548 Marvin Glen,6770369151,02042026051150874,Success,
1667,Office,4533 Frontage Road,3646958799,02042026051150874,Success,
14007,Office,12026 Ash Grove,2595500541,02042026051150874,Success,
1667,Office,3645 2nd Avenue,3528110095,02042026051150874,Success,
14007,Office,969 Autumn Port,9062733615,02042026051150874,Success,
1667,Office,955 Kaylah Rapid,8677610717,02042026051150874,Success,
14007,Office,30424 Eleanore Street,2898693682,02042026051150874,Success,
1667,Office,677 Aaliyah Loaf,9102602923,02042026051150874,Success,
14007,Office,8548 East Street,2445594052,02042026051150874,Success,
1667,Office,558 Brakus Forge,3789521474,02042026051150874,Success,
14007,Office,4830 S 6th Street,9518484909,02042026051150874,Success,
1667,Office,750 Woodland Close,8667742066,02042026051150874,Success,
14007,Office,58289 Ridge Road,5550040718,02042026051150874,Success,
1667,Office,343 W Pine Street,1936907715,02042026051150874,Success,
14007,Office,91263 Aric Walk,1104419109,02042026051150874,Success,
1667,Office,77167 Dayna Fort,3100704657,02042026051150874,Success,
14007,Office,4785 Lela Shoals,6217812734,02042026051150874,Success,
1667,Office,5393 Victoria Road,2184428656,02042026051150874,Success,
14007,Office,9507 Central Street,7522696322,02042026051150874,Success,
1667,Office,56230 Cody Row,8135414414,02042026051150874,Success,
14007,Office,99166 Nightingale Close,9146941747,02042026051150874,Success,
1667,Office,57811 Carlos Union,2546191873,02042026051150874,Success,
14007,Office,827 Wilkinson Center,1383501036,02042026051150874,Success,
1667,Office,420 Art Forks,5146019543,02042026051150874,Success,
14007,Office,2685 S Church Street,7355933957,02042026051150874,Success,
1667,Office,70497 Abbott Courts,7937757133,02042026051150874,Success,
14007,Office,8365 Cathryn Green,1798219894,02042026051150874,Success,
1667,Office,27428 Erdman Pass,3507861847,02042026051150874,Success,
14007,Office,33471 W Main,3225596834,02042026051150874,Success,
1667,Office,44907 N Railroad Street,5018497328,02042026051150874,Success,
14007,Office,69032 Baumbach Pike,2589762469,02042026051150874,Success,
1667,Office,907 Senger Heights,1926916567,02042026051150874,Success,
14007,Office,7612 Douglas Road,6690663539,02042026051150874,Success,
1667,Office,469 Zena Courts,6110479922,02042026051150874,Success,
14007,Office,1344 Gerlach Camp,3882232227,02042026051150874,Success,
1667,Office,87112 W Broadway,8917163697,02042026051150874,Success,
14007,Office,2913 Collier Forge,8443778392,02042026051150874,Success,
1667,Office,9714 Cydney Flats,8526245640,02042026051150874,Success,
14007,Office,679 Irving Heights,1990800288,02042026051150874,Success,
1667,Office,5651 Kaya Terrace,7797950293,02042026051150874,Success,
14007,Office,9223 The Sidings,5005681813,02042026051150874,Success,
1667,Office,946 Mollie Plaza,9269463196,02042026051150874,Success,
14007,Office,9732 Birch Grove,5974836358,02042026051150874,Success,
1667,Office,2993 Woodlands Avenue,1407926972,02042026051150874,Success,
14007,Office,4201 S Union Street,7330954536,02042026051150874,Success,
1667,Office,7825 E Broadway Street,3491167578,02042026051150874,Success,
14007,Office,7448 Clarence Road,1641363048,02042026051150874,Success,
1667,Office,108 Franecki Wall,2398348322,02042026051150874,Success,
14007,Office,470 Franklin Street,7707122049,02042026051150874,Success,
1667,Office,3633 Lorine Mill,1892856421,02042026051150874,Success,
14007,Office,22095 Seamus View,8941578177,02042026051150874,Success,
1667,Office,10827 East Road,3898506888,02042026051150874,Success,
14007,Office,42304 Krajcik Track,7434229055,02042026051150874,Success,
1667,Office,987 Verlie Ridges,9672327566,02042026051150874,Success,
14007,Office,262 Koelpin Drive,2998557517,02042026051150874,Success,
1667,Office,94899 Walsh Mills,5417939033,02042026051150874,Success,
14007,Office,45068 Tremblay Field,5368325245,02042026051150874,Success,
1667,Office,98476 Blanca Trace,5406664691,02042026051150874,Success,
14007,Office,23369 Boundary Road,1842698004,02042026051150874,Success,
1667,Office,36658 Owen Via,2899609172,02042026051150874,Success,
14007,Office,399 Nitzsche Coves,1579067616,02042026051150874,Success,
1667,Office,5323 Riverside Avenue,8734498176,02042026051150874,Success,
14007,Office,4783 Corene Garden,4240043237,02042026051150874,Success,
1667,Office,86878 Adell Ways,3850003918,02042026051150874,Success,
14007,Office,99086 E Jackson Street,2957347233,02042026051150874,Success,
1667,Office,10306 Johnson Street,8800040582,02042026051150874,Success,
14007,Office,28795 Main Street E,8037856046,02042026051150874,Success,
1667,Office,954 Dena Crest,9098322016,02042026051150874,Success,
14007,Office,8780 W High Street,8935121000,02042026051150874,Success,
1667,Office,179 Levi Track,9940428618,02042026051150874,Success,
14007,Office,8957 Green Street,4562253912,02042026051150874,Success,
1667,Office,408 Larkin Wall,7304851508,02042026051150874,Success,
14007,Office,39346 O'Conner Knoll,8129007374,02042026051150874,Success,
1667,Office,393 Hammes Gateway,1488179688,02042026051150874,Success,
14007,Office,669 Chapel Close,6200284217,02042026051150874,Success,
1667,Office,88382 Mary Street,6975535270,02042026051150874,Success,
14007,Office,97083 Reanna Crossing,8814618477,02042026051150874,Success,
1667,Office,7827 Monte Plain,4262934051,02042026051150874,Success,
14007,Office,27491 Rhianna Course,2506182429,02042026051150874,Success,
1667,Office,87376 The Grove,5034178311,02042026051150874,Success,
14007,Office,316 Durgan Circle,4448652049,02042026051150874,Success,
1667,Office,4085 Hoeger Glens,1672106856,02042026051150874,Success,
14007,Office,38272 Willow Street,4961772024,02042026051150874,Success,
1667,Office,6965 Hermann Trail,1614694409,02042026051150874,Success,
14007,Office,6479 Coleman Circle,3019067996,02042026051150874,Success,
1667,Office,33281 Colt Stravenue,7139066044,02042026051150874,Success,
14007,Office,3851 Andre Throughway,3055920114,02042026051150874,Success,
1667,Office,1235 McClure Circles,2658165083,02042026051150874,Success,
14007,Office,8504 MacGyver Stream,8651587952,02042026051150874,Success,
1667,Office,231 Lincoln Street,8542567792,02042026051150874,Success,
14007,Office,75024 Norfolk Road,3798872264,02042026051150874,Success,
1667,Office,3624 Price Loaf,7001719231,02042026051150874,Success,
14007,Office,4235 Seth Path,2965442208,02042026051150874,Success,
1667,Office,39421 Bechtelar Tunnel,1483345227,02042026051150874,Success,
14007,Office,182 Margarita Circles,5779176868,02042026051150874,Success,
1667,Office,62489 Erdman Crescent,5508386491,02042026051150874,Success,
14007,Office,63056 Duncan Ridges,7482183884,02042026051150874,Success,
1667,Office,381 Vicarage Lane,8382805854,02042026051150874,Success,
14007,Office,42448 Tillman Fords,7207666261,02042026051150874,Success,
1667,Office,148 Klein Greens,9640046113,02042026051150874,Success,
14007,Office,362 N State Street,9366511233,02042026051150874,Success,
1667,Office,712 Francesca Cove,6333642169,02042026051150874,Success,
14007,Office,3007 Wiegand Pines,2099592117,02042026051150874,Success,
1667,Office,708 Clotilde Road,4283040229,02042026051150874,Success,
14007,Office,321 Elnora Trafficway,7425227160,02042026051150874,Success,
1667,Office,9352 Crescent Road,7652217155,02042026051150874,Success,
14007,Office,39156 Landen Forks,1576616657,02042026051150874,Success,
1667,Office,5235 Ashly Ridge,9482886288,02042026051150874,Success,
14007,Office,88035 N State Street,4991641693,02042026051150874,Success,
1667,Office,254 York Street,3775168657,02042026051150874,Success,
14007,Office,6227 Goldner Fords,3936493159,02042026051150874,Success,
1667,Office,278 Clarence Road,7887258028,02042026051150874,Success,
14007,Office,14186 Cruickshank Spring,1318276977,02042026051150874,Success,
1667,Office,584 Dixie Harbor,8075095194,02042026051150874,Success,
14007,Office,254 Market Street,6794296956,02042026051150874,Success,
1667,Office,2880 The Fairway,7420450882,02042026051150874,Success,
14007,Office,1610 Medhurst Trail,7840444755,02042026051150874,Success,
1667,Office,5743 Swaniawski Mills,3089888227,02042026051150874,Success,
14007,Office,42451 Bailey Loaf,6128767197,02042026051150874,Success,
1667,Office,16642 Broadway Avenue,4104903204,02042026051150874,Success,
14007,Office,65305 Satterfield Hollow,4952512988,02042026051150874,Success,
1667,Office,2423 Lemke Point,1235368841,02042026051150874,Success,
14007,Office,231 Howe Creek,4157225569,02042026051150874,Success,
1667,Office,368 W Broadway Avenue,4675040811,02042026051150874,Success,
14007,Office,326 Eve Ridges,8512550646,02042026051150874,Success,
1667,Office,36450 Simone Ville,5737529355,02042026051150874,Success,
14007,Office,982 Nader Tunnel,8477063697,02042026051150874,Success,
1667,Office,814 Riley Road,4735306681,02042026051150874,Success,
14007,Office,47969 Weber Plain,4912135750,02042026051150874,Success,
1667,Office,5347 Ethelyn Fields,1719643365,02042026051150874,Success,
14007,Office,716 E Cedar Street,5496972923,02042026051150874,Success,
1667,Office,98693 Hermann Locks,2273215434,02042026051150874,Success,
14007,Office,436 Florine Park,9395098586,02042026051150874,Success,
1667,Office,725 Schaden Estates,9859056200,02042026051150874,Success,
14007,Office,4433 Alexander Branch,5710764538,02042026051150874,Success,
1667,Office,193 McGlynn Club,2660791527,02042026051150874,Success,
14007,Office,2375 Jacobi Manor,1429697608,02042026051150874,Success,
1667,Office,83485 McClure Harbor,4414887824,02042026051150874,Success,
14007,Office,75750 Steuber Via,9662402497,02042026051150874,Success,
1667,Office,1900 West Road,2489091380,02042026051150874,Success,
14007,Office,467 Pleasant Street,4393431817,02042026051150874,Success,
1667,Office,314 Bluebell Close,6473040905,02042026051150874,Success,
14007,Office,9235 Janae Station,3854940196,02042026051150874,Success,
1667,Office,272 Tate Overpass,7390060680,02042026051150874,Success,
14007,Office,819 Barrows Meadow,2875405181,02042026051150874,Success,
1667,Office,719 Birch Avenue,8700762001,02042026051150874,Success,
14007,Office,79457 Dale Street,7000577884,02042026051150874,Success,
1667,Office,418 Beech Close,9651032007,02042026051150874,Success,
14007,Office,150 Luz Point,2181334422,02042026051150874,Success,
1667,Office,3396 Millie Freeway,7086092325,02042026051150874,Success,
14007,Office,258 Iva Parkway,6609109795,02042026051150874,Success,
1667,Office,504 Pfannerstill Ville,4938679869,02042026051150874,Success,
14007,Office,9597 Belmont Road,9338752092,02042026051150874,Success,
1667,Office,467 Tre View,7563370874,02042026051150874,Success,
14007,Office,32054 Williamson Plain,7606646835,02042026051150874,Success,
1667,Office,332 Mante Way,8321215553,02042026051150874,Success,
14007,Office,619 Woodlands Close,4457897548,02042026051150874,Success,
1667,Office,36230 Parkside,3883081138,02042026051150874,Success,
14007,Office,54846 Americo Neck,8130437150,02042026051150874,Success,
1667,Office,98364 Veronica Junction,1603021232,02042026051150874,Success,
14007,Office,6898 Kozey Lights,4008815592,02042026051150874,Success,
1667,Office,64111 Ankunding Spring,8855273180,02042026051150874,Success,
14007,Office,21590 Ferry Fall,4771610606,02042026051150874,Success,
1667,Office,91632 Wellington Street,5211536431,02042026051150874,Success,
14007,Office,2886 Waters Stream,8464061245,02042026051150874,Success,
1667,Office,638 Pacocha Gateway,2358026777,02042026051150874,Success,
14007,Office,65011 W 6th Street,6311916462,02042026051150874,Success,
1667,Office,584 Heath Road,2549289992,02042026051150874,Success,
14007,Office,557 Lincoln Street,2211145336,02042026051150874,Success,
1667,Office,385 Rolfson Pike,4716200054,02042026051150874,Success,
14007,Office,9011 Suzanne Forest,6458610603,02042026051150874,Success,
1667,Office,171 E Jefferson Street,9441110665,02042026051150874,Success,
14007,Office,126 E Jackson Street,8527619697,02042026051150874,Success,
1667,Office,3519 Stark Lakes,8878257344,02042026051150874,Success,
14007,Office,175 W 12th Street,3309745431,02042026051150874,Success,
1667,Office,2731 Greenholt Fall,2137052809,02042026051150874,Success,
14007,Office,943 Lowe Extensions,5866095439,02042026051150874,Success,
1667,Office,3056 Cherry Tree Close,9219103067,02042026051150874,Success,
14007,Office,2282 Talbot Road,8001414495,02042026051150874,Success,
1667,Office,820 Chyna Passage,1436349270,02042026051150874,Success,
14007,Office,842 Hickle Mills,2799960348,02042026051150874,Success,
1667,Office,497 Ratke Brooks,5436303629,02042026051150874,Success,
14007,Office,3497 Willow Grove,6681223803,02042026051150874,Success,
1667,Office,48827 Nightingale Close,5176731856,02042026051150874,Success,
14007,Office,43950 Ash Grove,7044211034,02042026051150874,Success,
1667,Office,8377 Braden Corners,5861251511,02042026051150874,Success,
14007,Office,4939 Bernier Manors,8660953986,02042026051150874,Success,
1667,Office,49673 Jose Estate,9842804531,02042026051150874,Success,
14007,Office,2118 Mae Lodge,6294542726,02042026051150874,Success,
1667,Office,55535 River Dale,9262309447,02042026051150874,Success,
14007,Office,5937 Neal Mills,1965235403,02042026051150874,Success,
1667,Office,251 Boyle Shoals,1930295493,02042026051150874,Success,
14007,Office,5461 Virgie Rest,5937039641,02042026051150874,Success,
1667,Office,26787 Anne Harbor,1113548612,02042026051150874,Success,
14007,Office,2934 N Division Street,7831357603,02042026051150874,Success,
1667,Office,8786 Wanda Brook,9861623915,02042026051150874,Success,
14007,Office,8003 Wolff Dam,4218416709,02042026051150874,Success,
1667,Office,411 Williamson View,9970214919,02042026051150874,Success,
14007,Office,4425 Josephine Extensions,9170149181,02042026051150874,Success,
1667,Office,360 Waelchi Spurs,7327314286,02042026051150874,Success,
14007,Office,11820 Park Crescent,9702822936,02042026051150874,Success,
1667,Office,27750 Littel Pines,9580638987,02042026051150874,Success,
14007,Office,8816 Jakubowski Lakes,5850651208,02042026051150874,Success,
1667,Office,1573 Hane Locks,3149631103,02042026051150874,Success,
14007,Office,75849 Denesik Pines,7047270840,02042026051150874,Success,
1667,Office,45107 Buckridge Keys,9372319088,02042026051150874,Success,
14007,Office,96121 Roman Drives,5967930111,02042026051150874,Success,
1667,Office,25715 Third Avenue,7675370376,02042026051150874,Success,
14007,Office,789 Bogan Burgs,9977756199,02042026051150874,Success,
1667,Office,918 Jay Oval,5497612989,02042026051150874,Success,
14007,Office,42405 Dawn Center,3344852137,02042026051150874,Success,
1667,Office,23034 Alek Road,5419669569,02042026051150874,Success,
14007,Office,71485 E 4th Avenue,7619797034,02042026051150874,Success,
1667,Office,3289 Quigley Fort,1885576557,02042026051150874,Success,
14007,Office,802 Demarcus Pass,9097854213,02042026051150874,Success,
1667,Office,4090 Anabelle Key,1160295733,02042026051150874,Success,
14007,Office,26746 Batz Ramp,3056144106,02042026051150874,Success,
1667,Office,821 Ledner View,4028159963,02042026051150874,Success,
14007,Office,397 Veterans Memorial Highway,1057704487,02042026051150874,Success,
1667,Office,548 E State Street,9235082742,02042026051150874,Success,
14007,Office,1377 Zaria Junction,2905926608,02042026051150874,Success,
1667,Office,668 Peyton Walk,4020498403,02042026051150874,Success,
14007,Office,2389 Koepp Expressway,4649118048,02042026051150874,Success,
1667,Office,521 N Poplar Street,1019659124,02042026051150874,Success,
14007,Office,15594 Paucek Course,3617811408,02042026051150874,Success,
1667,Office,6352 Odie Drives,9890469546,02042026051150874,Success,
14007,Office,11650 George Street,6202919716,02042026051150874,Success,
1667,Office,785 Haley Plain,5277817771,02042026051150874,Success,
14007,Office,3500 Middle Street,2320330291,02042026051150874,Success,
1667,Office,3183 The Crescent,9252523693,02042026051150874,Success,
14007,Office,39525 Zane Knolls,7214675638,02042026051150874,Success,
1667,Office,990 Max Groves,9279744133,02042026051150874,Success,
14007,Office,2589 Abelardo Overpass,9889050175,02042026051150874,Success,
1667,Office,3366 Third Street,5559453976,02042026051150874,Success,
14007,Office,488 E South Street,2762297341,02042026051150874,Success,
1667,Office,686 Cronin Fort,1912066126,02042026051150874,Success,
14007,Office,292 Collier Rapids,4845681852,02042026051150874,Success,
1667,Office,73089 Lang River,5835080267,02042026051150874,Success,
14007,Office,5260 Barry Locks,5013969703,02042026051150874,Success,
1667,Office,235 Collins Fords,7894444258,02042026051150874,Success,
14007,Office,27140 Kirlin Views,4383411862,02042026051150874,Success,
1667,Office,2804 Stokes Prairie,8725041134,02042026051150874,Success,
14007,Office,392 Swift Fall,2071947061,02042026051150874,Success,
1667,Office,4308 St Andrews Close,3301371678,02042026051150874,Success,
14007,Office,9870 Jefferson Street,3928318633,02042026051150874,Success,
1667,Office,5813 Haylie Mews,7403321102,02042026051150874,Success,
14007,Office,9855 E Cedar Street,6261695537,02042026051150874,Success,
1667,Office,726 Vincenzo Mountain,5396935792,02042026051150874,Success,
14007,Office,3548 Mount Street,6960434434,02042026051150874,Success,
1667,Office,8867 Katrina Port,8683218491,02042026051150874,Success,
14007,Office,890 Jeffrey Valley,2468853076,02042026051150874,Success,
1667,Office,43692 W 2nd Street,5894583618,02042026051150874,Success,
14007,Office,4164 Donnell Light,3798419751,02042026051150874,Success,
1667,Office,928 Franklin Road,9988173475,02042026051150874,Success,
14007,Office,689 Barn Close,3388249590,02042026051150874,Success,
1667,Office,9334 Marvin Field,9637061114,02042026051150874,Success,
14007,Office,81329 Gorczany Corner,6057890871,02042026051150874,Success,
1667,Office,688 E Union Street,1624171836,02042026051150874,Success,
14007,Office,4098 Harris Cape,8955165107,02042026051150874,Success,
1667,Office,4544 June Causeway,1549726714,02042026051150874,Success,
14007,Office,50056 The Oaks,1649446775,02042026051150874,Success,
1667,Office,91821 S 6th Street,8846894465,02042026051150874,Success,
14007,Office,6912 Lowe Hills,8243983385,02042026051150874,Success,
1667,Office,5495 Bode Path,2349437706,02042026051150874,Success,
14007,Office,276 N 5th Street,4339809986,02042026051150874,Success,
1667,Office,844 Rodriguez Centers,8320701569,02042026051150874,Success,
14007,Office,293 South Street,9276756262,02042026051150874,Success,
1667,Office,31750 Broad Lane,7066016800,02042026051150874,Success,
14007,Office,6190 Hillard Field,4507915416,02042026051150874,Success,
1667,Office,34318 Gordon Road,4172337696,02042026051150874,Success,
14007,Office,460 Destin Squares,5530359596,02042026051150874,Success,
1667,Office,1142 Lucinda Forges,8995232453,02042026051150874,Success,
14007,Office,8073 Maud Bridge,3496517175,02042026051150874,Success,
1667,Office,902 Dariana Canyon,7774327326,02042026051150874,Success,
14007,Office,39086 Cemetery Road,6145072417,02042026051150874,Success,
1667,Office,72497 Braun Springs,6814073912,02042026051150874,Success,
14007,Office,388 College Street,6066328659,02042026051150874,Success,
1667,Office,801 Odell Branch,6844186985,02042026051150874,Success,
14007,Office,862 Garrick Brook,2152976842,02042026051150874,Success,
1667,Office,24702 Torp Drives,9302040058,02042026051150874,Success,
14007,Office,39695 Mae Fords,4352783437,02042026051150874,Success,
1667,Office,98776 Hansen Coves,3675058318,02042026051150874,Success,
14007,Office,471 Wellington Estate,5452630059,02042026051150874,Success,
1667,Office,25058 Meadow Drive,3996676629,02042026051150874,Success,
14007,Office,7433 Ziemann Coves,5020955624,02042026051150874,Success,
1667,Office,60475 Mckenna Corner,9357929496,02042026051150874,Success,
14007,Office,5840 Carolina Land,8576945019,02042026051150874,Success,
1667,Office,4157 Riverside,1532555050,02042026051150874,Success,
14007,Office,573 Oakfield Road,8919182208,02042026051150874,Success,
1667,Office,7953 Castle Street,6953429054,02042026051150874,Success,
14007,Office,395 Lorenza Corner,2745549370,02042026051150874,Success,
1667,Office,57659 W Church Street,5289006119,02042026051150874,Success,
14007,Office,355 Barton Road,3067800638,02042026051150874,Success,
1667,Office,46425 Harber Crossing,7250266816,02042026051150874,Success,
14007,Office,7955 Lakin Flat,6584515249,02042026051150874,Success,
1667,Office,518 O'Kon Lakes,9044177378,02042026051150874,Success,
14007,Office,7059 Wuckert Motorway,4792391864,02042026051150874,Success,
1667,Office,843 Judd Manor,1728906673,02042026051150874,Success,
14007,Office,388 Bergstrom Forks,9520403686,02042026051150874,Success,
1667,Office,67358 Yazmin Orchard,9447488435,02042026051150874,Success,
14007,Office,459 Ruby Alley,6538489474,02042026051150874,Success,
1667,Office,5107 Ash Street,7138630106,02042026051150874,Success,
14007,Office,96247 Claudia Gateway,6453814967,02042026051150874,Success,
1667,Office,72413 Giovani Gateway,1293194472,02042026051150874,Success,
14007,Office,1369 Littel Stream,9116743054,02042026051150874,Success,
1667,Office,353 Hodkiewicz Summit,7762973091,02042026051150874,Success,
14007,Office,64388 Clifford Mission,4214659090,02042026051150874,Success,
1667,Office,88388 Jacobi Pike,8401763841,02042026051150874,Success,
14007,Office,2272 N Broadway Street,4426717419,02042026051150874,Success,
1667,Office,5645 Shields Streets,8657702678,02042026051150874,Success,
14007,Office,49773 Hermann Fork,1196587854,02042026051150874,Success,
1667,Office,8476 Oberbrunner Meadow,3232289236,02042026051150874,Success,
14007,Office,58180 Leonie Radial,7724543551,02042026051150874,Success,
1667,Office,887 Windsor Avenue,7108918400,02042026051150874,Success,
14007,Office,256 Orin Court,3077394900,02042026051150874,Success,
1667,Office,23665 Zoe Points,1286043315,02042026051150874,Success,
14007,Office,56888 New Street,2686032928,02042026051150874,Success,
1667,Office,959 W 2nd Street,8546366066,02042026051150874,Success,
14007,Office,285 Union Street,3003727004,02042026051150874,Success,
1667,Office,39563 Lorine Valleys,4766753494,02042026051150874,Success,
14007,Office,783 Florian Course,4226880927,02042026051150874,Success,
1667,Office,40815 Milton Street,4605762587,02042026051150874,Success,
14007,Office,860 Walker Extension,9404955798,02042026051150874,Success,
1667,Office,48146 Ruby Lane,4303997825,02042026051150874,Success,
14007,Office,995 Rebecca Pine,7674048378,02042026051150874,Success,
1667,Office,72515 S Main Street,4812618065,02042026051150874,Success,
14007,Office,1036 Homenick Cliffs,6630949140,02042026051150874,Success,
1667,Office,13636 Taurean Row,4957406762,02042026051150874,Success,
14007,Office,685 Marguerite Rue,8906391179,02042026051150874,Success,
1667,Office,905 Durgan Land,8513256812,02042026051150874,Success,
14007,Office,241 W 2nd Street,3926938020,02042026051150874,Success,
1667,Office,29528 Constantin Motorway,6669588176,02042026051150874,Success,
14007,Office,440 West Haven,1677444040,02042026051150874,Success,
1667,Office,37281 Carter Groves,1355141146,02042026051150874,Success,
14007,Office,2533 Cross Street,1748522584,02042026051150874,Success,
1667,Office,327 Maxwell Walk,4865831552,02042026051150874,Success,
14007,Office,4149 Bins Common,2072127610,02042026051150874,Success,
1667,Office,240 St Andrew's Road,6270105625,02042026051150874,Success,
14007,Office,2051 Alfonso Brook,7027008511,02042026051150874,Success,
1667,Office,64334 Chestnut Street,2587628581,02042026051150874,Success,
14007,Office,86457 Franklin Avenue,3541849881,02042026051150874,Success,
1667,Office,75216 Myrtice Cliffs,6236651010,02042026051150874,Success,
14007,Office,9721 Dean Way,1017332634,02042026051150874,Success,
1667,Office,363 Brown Greens,9788560795,02042026051150874,Success,
14007,Office,3283 Rowe Freeway,4065348691,02042026051150874,Success,
1667,Office,7189 Cremin Manor,8926626378,02042026051150874,Success,
14007,Office,764 Airport Road,3765692393,02042026051150874,Success,
1667,Office,927 Eulah Locks,1857738642,02042026051150874,Success,
14007,Office,35800 N Maple Street,6215595735,02042026051150874,Success,
1667,Office,1258 Thelma Manor,8406475737,02042026051150874,Success,
14007,Office,233 Lockman Mall,4226284818,02042026051150874,Success,
1667,Office,663 Delta Points,1039102759,02042026051150874,Success,
14007,Office,214 Jerde Gateway,7824237246,02042026051150874,Success,
1667,Office,2223 Langosh Keys,5662759449,02042026051150874,Success,
14007,Office,58218 Woodside Road,8389208497,02042026051150874,Success,
1667,Office,71993 Somerset Road,8258262782,02042026051150874,Success,
14007,Office,4169 W 4th Avenue,3116586412,02042026051150874,Success,
1667,Office,4651 N 7th Street,1241977273,02042026051150874,Success,
14007,Office,1235 Shania Harbors,5701827259,02042026051150874,Success,
1667,Office,65272 Castle Street,1590002862,02042026051150874,Success,
14007,Office,96432 Turcotte Point,1616885836,02042026051150874,Success,
1667,Office,3260 Winifred Avenue,9538148621,02042026051150874,Success,
14007,Office,2509 Hill Road,4851776191,02042026051150874,Success,
1667,Office,63593 Clifton Road,6569279430,02042026051150874,Success,
14007,Office,48757 Grady Streets,6522779382,02042026051150874,Success,
1667,Office,44215 Reichert Cape,4739928397,02042026051150874,Success,
14007,Office,22634 Bridge Street,6895233561,02042026051150874,Success,
1667,Office,22833 Elisha Lakes,6122528767,02042026051150874,Success,
14007,Office,8856 Abernathy Curve,4678548387,02042026051150874,Success,
1667,Office,78165 Feil Crossroad,8661686033,02042026051150874,Success,
14007,Office,935 E Center Street,3750552993,02042026051150874,Success,
1667,Office,412 Tyshawn Points,6754835813,02042026051150874,Success,
14007,Office,584 Schaden Drive,2132984699,02042026051150874,Success,
1667,Office,738 Arlie Mount,1226110500,02042026051150874,Success,
14007,Office,1466 Madison Forks,2834026023,02042026051150874,Success,
1667,Office,32717 Brycen Parks,9153207610,02042026051150874,Success,
14007,Office,457 Jacynthe Burg,8481918933,02042026051150874,Success,
1667,Office,4389 Brekke Camp,7396310156,02042026051150874,Success,
14007,Office,30532 Murray Skyway,2706322225,02042026051150874,Success,
1667,Office,24106 Holly Close,8659026724,02042026051150874,Success,
14007,Office,548 Walter Expressway,4066285080,02042026051150874,Success,
1667,Office,57176 Antonette Glen,1555216484,02042026051150874,Success,
14007,Office,35728 Volkman Course,7615358187,02042026051150874,Success,
1667,Office,1647 Dahlia Light,2022916485,02042026051150874,Success,
14007,Office,27323 Kingsway,7822872929,02042026051150874,Success,
1667,Office,290 Dickinson Circles,2956989502,02042026051150874,Success,
14007,Office,76899 Abshire Lights,8433542430,02042026051150874,Success,
1667,Office,2267 Mertz Ridge,7323978722,02042026051150874,Success,
14007,Office,75716 Fahey Meadows,9225543758,02042026051150874,Success,
1667,Office,240 Oxford Road,3388823987,02042026051150874,Success,
14007,Office,7836 Greenville Road,8385201693,02042026051150874,Success,
1667,Office,2799 Jonas Hill,7560639150,02042026051150874,Success,
14007,Office,96203 Price Prairie,4226458260,02042026051150874,Success,
1667,Office,54030 University Drive,1095485448,02042026051150874,Success,
14007,Office,5177 Mill Road,9282019018,02042026051150874,Success,
1667,Office,15969 Forest Avenue,2451244525,02042026051150874,Success,
14007,Office,13342 Shannon Estate,5357607950,02042026051150874,Success,
1667,Office,5488 Effertz Highway,2457167974,02042026051150874,Success,
14007,Office,94351 Tyrese Turnpike,7489398182,02042026051150874,Success,
1667,Office,758 Kemmer Crossing,5552774956,02042026051150874,Success,
14007,Office,5101 Chapel Road,2948871197,02042026051150874,Success,
1667,Office,144 Heller Parkways,9417530318,02042026051150874,Success,
14007,Office,702 Krajcik Forges,1130064791,02042026051150874,Success,
1667,Office,596 Mayer Squares,6890828055,02042026051150874,Success,
14007,Office,1613 Elda Ramp,8116008695,02042026051150874,Success,
1667,Office,675 Markus Ridge,4577169806,02042026051150874,Success,
14007,Office,9147 Mills Curve,8402235678,02042026051150874,Success,
1667,Office,728 Larson Trail,9864650835,02042026051150874,Success,
14007,Office,34933 Cale Rapids,9412752541,02042026051150874,Success,
1667,Office,414 The Oaks,7524960479,02042026051150874,Success,
14007,Office,640 S Union Street,7655291656,02042026051150874,Success,
1667,Office,3533 Eric Falls,6156345928,02042026051150874,Success,
14007,Office,34202 Lilyan Circles,4196617001,02042026051150874,Success,
1667,Office,872 Laurel Close,7847651768,02042026051150874,Success,
14007,Office,1855 Enid Fall,6821656559,02042026051150874,Success,
1667,Office,93836 Jaskolski Rest,6833774912,02042026051150874,Success,
14007,Office,399 Baumbach Causeway,2241103636,02042026051150874,Success,
1667,Office,34617 Reichel Keys,3402713661,02042026051150874,Success,
14007,Office,49037 Dennis Motorway,3614818225,02042026051150874,Success,
1667,Office,50970 Clifton Station,6027452390,02042026051150874,Success,
14007,Office,960 The Mount,1066371360,02042026051150874,Success,
1667,Office,932 South View,7703440571,02042026051150874,Success,
14007,Office,17460 Franklin Road,5496235686,02042026051150874,Success,
1667,Office,249 Church Path,8319156219,02042026051150874,Success,
14007,Office,14550 Paxton Common,8179997807,02042026051150874,Success,
1667,Office,796 Gavin Corner,9616710920,02042026051150874,Success,
14007,Office,316 Frami Cape,1593601102,02042026051150874,Success,
1667,Office,8545 Vella Cape,7985223100,02042026051150874,Success,
14007,Office,313 Mac Groves,8285194111,02042026051150874,Success,
1667,Office,4365 Koelpin Corner,8805419262,02042026051150874,Success,
14007,Office,543 8th Avenue,6354934766,02042026051150874,Success,
1667,Office,374 1st Street,7120784337,02042026051150874,Success,
14007,Office,491 3rd Street,4905265100,02042026051150874,Success,
1667,Office,856 Sipes Pines,6047606225,02042026051150874,Success,
14007,Office,191 Cody Parkway,8282238116,02042026051150874,Success,
1667,Office,95536 N 9th Street,4469153958,02042026051150874,Success,
14007,Office,32629 Megane Grove,3173806090,02042026051150874,Success,
1667,Office,9033 N 4th Street,7213285100,02042026051150874,Success,
14007,Office,52784 Lancaster Road,7043321789,02042026051150874,Success,
1667,Office,4522 Lind Rapid,1596820956,02042026051150874,Success,
14007,Office,1013 Main Road,9444860319,02042026051150874,Success,
1667,Office,967 Central Street,8372267931,02042026051150874,Success,
14007,Office,304 Lake Avenue,2504391657,02042026051150874,Success,
1667,Office,3947 Keenan Brook,3913867985,02042026051150874,Success,
14007,Office,72813 Walnut Close,2912071599,02042026051150874,Success,
1667,Office,4319 Kianna Plains,2558222854,02042026051150874,Success,
14007,Office,909 E 7th Street,8194179855,02042026051150874,Success,
1667,Office,57367 Turcotte Parkway,9151613601,02042026051150874,Success,
14007,Office,6763 Treutel Prairie,9023340007,02042026051150874,Success,
1667,Office,903 Mitchel Way,3274006071,02042026051150874,Success,
14007,Office,61544 Audie Lodge,8241794884,02042026051150874,Success,
1667,Office,987 N 6th Street,1724293741,02042026051150874,Success,
14007,Office,8643 W State Street,3331935824,02042026051150874,Success,
1667,Office,70377 Goldner Forges,2900350073,02042026051150874,Success,
14007,Office,32040 Rowland Forge,9105295287,02042026051150874,Success,
1667,Office,23092 Maple Drive,7357345917,02042026051150874,Success,
14007,Office,1303 Bruen Cape,1922881858,02042026051150874,Success,
1667,Office,68626 Woodlands Road,6090848713,02042026051150874,Success,
14007,Office,309 Bay Street,3686505346,02042026051150874,Success,
1667,Office,804 Cruickshank Grove,4756754334,02042026051150874,Success,
14007,Office,2724 Skiles Crossing,3186117888,02042026051150874,Success,
1667,Office,2556 W Union Street,1777276434,02042026051150874,Success,
14007,Office,97234 Hickle Extension,8947600837,02042026051150874,Success,
1667,Office,12720 Hayes Land,9073464441,02042026051150874,Success,
14007,Office,559 E 9th Street,3728277518,02042026051150874,Success,
1667,Office,49540 Ullrich Terrace,6988074415,02042026051150874,Success,
14007,Office,557 Nelson Road,4953508704,02042026051150874,Success,
1667,Office,5809 Stiedemann Freeway,8787254249,02042026051150874,Success,
14007,Office,79460 Grove Street,1751465443,02042026051150874,Success,
1667,Office,33569 Railroad Street,3163843614,02042026051150874,Success,
14007,Office,4356 Sauer Harbors,4386702454,02042026051150874,Success,
1667,Office,7551 Feil Forge,7459993575,02042026051150874,Success,
14007,Office,9860 Alena Corner,7219444555,02042026051150874,Success,
1667,Office,7239 Pfannerstill Brook,1207661780,02042026051150874,Success,
14007,Office,35107 N 2nd Street,5163254951,02042026051150874,Success,
1667,Office,955 Williamson Fork,4042810559,02042026051150874,Success,
14007,Office,9968 Rectory Lane,4752061017,02042026051150874,Success,
1667,Office,63224 Bergnaum Burg,5235148507,02042026051150874,Success,
14007,Office,6607 Rodriguez Gateway,4871548086,02042026051150874,Success,
1667,Office,6061 Armando Creek,6577936217,02042026051150874,Success,
14007,Office,333 Sallie Flat,4228764745,02042026051150874,Success,
1667,Office,2840 Thomas Rest,1408277351,02042026051150874,Success,
14007,Office,2336 Trinity Neck,2354091143,02042026051150874,Success,
1667,Office,23878 West View,1345277935,02042026051150874,Success,
14007,Office,9271 Sigurd Fords,4952012996,02042026051150874,Success,
1667,Office,600 E 11th Street,4972129615,02042026051150874,Success,
14007,Office,9714 Halvorson Mountain,8572518454,02042026051150874,Success,
1667,Office,4857 Brekke Isle,4530746602,02042026051150874,Success,
14007,Office,2932 Thaddeus Ways,3002174320,02042026051150874,Success,
1667,Office,43979 Jade Place,8458909446,02042026051150874,Success,
14007,Office,75429 Broadway Avenue,5499983650,02042026051150874,Success,
1667,Office,929 14th Street,9720969422,02042026051150874,Success,
14007,Office,120 Jacynthe Mountain,4832612443,02042026051150874,Success,
1667,Office,66701 Zboncak Creek,2721812443,02042026051150874,Success,
14007,Office,6200 Emmett Path,9992102914,02042026051150874,Success,
1667,Office,532 Graham Expressway,6123826791,02042026051150874,Success,
14007,Office,89698 Upton Crescent,2568744870,02042026051150874,Success,
1667,Office,563 Wolff Mount,4591696725,02042026051150874,Success,
14007,Office,76154 Highfield Close,4890613064,02042026051150874,Success,
1667,Office,60068 Archibald Valley,3984600766,02042026051150874,Success,
14007,Office,75649 McKenzie Groves,9371036396,02042026051150874,Success,
1667,Office,70280 The Copse,3805172862,02042026051150874,Success,
14007,Office,371 Kilback Manors,4103084236,02042026051150874,Success,
1667,Office,21271 N Elm Street,9111403864,02042026051150874,Success,
14007,Office,198 Allan Keys,7311284015,02042026051150874,Success,
1667,Office,40362 Hobart Junction,7222731891,02042026051150874,Success,
14007,Office,8788 Alisa Ranch,5785651470,02042026051150874,Success,
1667,Office,40715 Bechtelar Rue,9072216685,02042026051150874,Success,
14007,Office,9063 Lynch Parkways,1102225913,02042026051150874,Success,
1667,Office,6636 Weissnat Bypass,4621824429,02042026051150874,Success,
14007,Office,405 Allen Road,8259734957,02042026051150874,Success,
1667,Office,498 E Grand Avenue,3549354103,02042026051150874,Success,
14007,Office,89570 Rath Ridge,6895599889,02042026051150874,Success,
1667,Office,454 Isidro Union,3191278901,02042026051150874,Success,
14007,Office,1711 Madonna Land,2035423451,02042026051150874,Success,
1667,Office,12393 Dach Junctions,5987006296,02042026051150874,Success,
14007,Office,101 Audreanne Terrace,9102121990,02042026051150874,Success,
1667,Office,5216 Veterans Memorial Drive,1677825909,02042026051150874,Success,
14007,Office,3440 Rita Ridge,7468751766,02042026051150874,Success,
1667,Office,988 Victoria Road,6705815001,02042026051150874,Success,
14007,Office,403 Isabell Canyon,6502669521,02042026051150874,Success,
1667,Office,99898 Casey Terrace,6675796342,02042026051150874,Success,
14007,Office,6715 Wehner Lodge,1163940771,02042026051150874,Success,
1667,Office,13322 Schaden Heights,5507517341,02042026051150874,Success,
14007,Office,841 Evie Squares,1405232842,02042026051150874,Success,
1667,Office,340 Marianna Mountains,3076367734,02042026051150874,Success,
14007,Office,641 Niko Common,2587643466,02042026051150874,Success,
1667,Office,99048 Linda Fall,9066009775,02042026051150874,Success,
14007,Office,640 Blick Isle,7479128054,02042026051150874,Success,
1667,Office,903 Rowe Villages,6314212121,02042026051150874,Success,
14007,Office,22207 University Drive,4640982371,02042026051150874,Success,
1667,Office,8740 Park Road,2148726641,02042026051150874,Success,
14007,Office,504 Willms Greens,9810056219,02042026051150874,Success,
1667,Office,9294 W Elm Street,1298796616,02042026051150874,Success,
14007,Office,2543 Torp Shores,5355284932,02042026051150874,Success,
1667,Office,9967 Keshawn Row,1882375656,02042026051150874,Success,
14007,Office,4714 Creola Streets,9341748080,02042026051150874,Success,
1667,Office,82465 Benton Glen,2457414368,02042026051150874,Success,
14007,Office,87110 Salisbury Road,1037242390,02042026051150874,Success,
1667,Office,41614 Feest Brook,4443951796,02042026051150874,Success,
14007,Office,78606 Bartell Crescent,7288405266,02042026051150874,Success,
1667,Office,50964 Wilton Freeway,9468816596,02042026051150874,Success,
14007,Office,63172 Muller Drive,8555175788,02042026051150874,Success,
1667,Office,951 Jefferson Avenue,3320957035,02042026051150874,Success,
14007,Office,48841 Ward Streets,3793693937,02042026051150874,Success,
1667,Office,848 E Walnut Street,5297115186,02042026051150874,Success,
14007,Office,329 Christiansen Lights,9247424052,02042026051150874,Success,
1667,Office,8494 Verda Alley,5184884650,02042026051150874,Success,
14007,Office,84815 Cedar Avenue,3754865503,02042026051150874,Success,
1667,Office,4160 Hillside Avenue,6072983010,02042026051150874,Success,
14007,Office,2088 West End,9233051711,02042026051150874,Success,
1667,Office,295 Matt Shoal,9132839026,02042026051150874,Success,
14007,Office,52543 Beech Grove,4164290405,02042026051150874,Success,
1667,Office,3321 N Locust Street,3312882439,02042026051150874,Success,
14007,Office,916 S 2nd Street,8455303469,02042026051150874,Success,
1667,Office,3755 Dolores Shoals,2843966480,02042026051150874,Success,
14007,Office,131 Kade Path,7656218576,02042026051150874,Success,
1667,Office,243 W Walnut Street,1651984902,02042026051150874,Success,
14007,Office,5153 Kovacek River,6197389029,02042026051150874,Success,
1667,Office,4858 Lancaster Road,7261088106,02042026051150874,Success,
14007,Office,3739 Spring Gardens,3740212320,02042026051150874,Success,
1667,Office,8695 Vandervort Expressway,6475968042,02042026051150874,Success,
14007,Office,149 Jesse Harbor,1073525963,02042026051150874,Success,
1667,Office,4845 Tanya Greens,9123759765,02042026051150874,Success,
14007,Office,40524 Colt Ferry,3896904996,02042026051150874,Success,
1667,Office,29694 Hilpert Ford,6281452039,02042026051150874,Success,
14007,Office,275 Henriette Club,1980315786,02042026051150874,Success,
1667,Office,731 Maggie Drives,7294391753,02042026051150874,Success,
14007,Office,5459 Nicolas Orchard,1532258868,02042026051150874,Success,
1667,Office,294 Jerde Union,4102699150,02042026051150874,Success,
14007,Office,8293 Sipes Views,5791778027,02042026051150874,Success,
1667,Office,41885 Friesen Forest,2850988795,02042026051150874,Success,
14007,Office,45241 King's Road,3296168059,02042026051150874,Success,
1667,Office,13091 Hickle Light,9996538883,02042026051150874,Success,
14007,Office,975 Lelia Square,6217634042,02042026051150874,Success,
1667,Office,10757 Farrell Street,3955913064,02042026051150874,Success,
14007,Office,9229 Beatty Crest,8760625796,02042026051150874,Success,
1667,Office,521 W State Street,8457057594,02042026051150874,Success,
14007,Office,34425 Erdman Path,6026422414,02042026051150874,Success,
1667,Office,976 Crescent Road,2171138377,02042026051150874,Success,
14007,Office,86670 Walker Forks,7363912241,02042026051150874,Success,
1667,Office,5483 Ash Road,7236522665,02042026051150874,Success,
14007,Office,629 Dickens Orchard,5483365098,02042026051150874,Success,
1667,Office,23994 Rachelle Club,7467676021,02042026051150874,Success,
14007,Office,15652 Main Avenue,8789815334,02042026051150874,Success,
1667,Office,80824 Carol Plains,9695765282,02042026051150874,Success,
14007,Office,80521 Evan Brook,9707477160,02042026051150874,Success,
1667,Office,30153 Euclid Avenue,7574444190,02042026051150874,Success,
14007,Office,12907 Lake Avenue,7188241352,02042026051150874,Success,
1667,Office,8062 Funk Key,8297675749,02042026051150874,Success,
14007,Office,182 Collin Lock,5442138214,02042026051150874,Success,
1667,Office,29160 Adams Avenue,8286709363,02042026051150874,Success,
14007,Office,2597 Moore Square,4280476911,02042026051150874,Success,
1667,Office,95209 E 7th Street,1833109129,02042026051150874,Success,
14007,Office,935 Willow Drive,4010096302,02042026051150874,Success,
1667,Office,2871 Birch Road,1372088843,02042026051150874,Success,
14007,Office,927 Dietrich Divide,4828855325,02042026051150874,Success,
1667,Office,6120 Pearl Street,3131441052,02042026051150874,Success,
14007,Office,958 Daugherty Way,4648150389,02042026051150874,Success,
1667,Office,4201 Melvina Corner,7072848321,02042026051150874,Success,
14007,Office,8230 Torp Springs,9461380089,02042026051150874,Success,
1667,Office,15650 Fahey Trail,6698536184,02042026051150874,Success,
14007,Office,8312 Oberbrunner Park,5330914434,02042026051150874,Success,
1667,Office,131 Judah Wells,4553412968,02042026051150874,Success,
14007,Office,64132 Waterside,3001425795,02042026051150874,Success,
1667,Office,12971 Albin Garden,8973930334,02042026051150874,Success,
14007,Office,551 N Jackson Street,9955525333,02042026051150874,Success,
1667,Office,53476 Crona Unions,9947186919,02042026051150874,Success,
14007,Office,3837 Becker Grove,2220981961,02042026051150874,Success,
1667,Office,87136 South Drive,6307002445,02042026051150874,Success,
14007,Office,913 Leopoldo Stravenue,8542708583,02042026051150874,Success,
1667,Office,794 Green Close,8815939324,02042026051150874,Success,
14007,Office,303 Linnea Underpass,8733632714,02042026051150874,Success,
1667,Office,1936 O'Kon Locks,7335936386,02042026051150874,Success,
14007,Office,1653 Kelvin Views,4173662242,02042026051150874,Success,
1667,Office,7683 Green Plain,2012983965,02042026051150874,Success,
14007,Office,9096 Bernier Neck,5158874845,02042026051150874,Success,
1667,Office,33040 Bergnaum Bypass,3222488177,02042026051150874,Success,
14007,Office,7040 S Grand Avenue,4999685595,02042026051150874,Success,
1667,Office,219 Center Street,2051438554,02042026051150874,Success,
14007,Office,3102 Susie Radial,4857071432,02042026051150874,Success,
1667,Office,570 Kylee Points,8098364990,02042026051150874,Success,
14007,Office,7229 Weissnat Centers,5043009874,02042026051150874,Success,
1667,Office,99732 1st Street,2243335413,02042026051150874,Success,
14007,Office,474 Ash Close,2499788128,02042026051150874,Success,
1667,Office,1402 Lynch Ford,1155701324,02042026051150874,Success,
14007,Office,4314 Wendy Brook,4883301195,02042026051150874,Success,
1667,Office,40338 Erick Falls,8466193352,02042026051150874,Success,
14007,Office,67297 Medhurst Lights,2928308014,02042026051150874,Success,
1667,Office,28121 S Main Street,9984960349,02042026051150874,Success,
14007,Office,50444 Willy Cliff,6034210839,02042026051150874,Success,
1667,Office,94473 Katlynn Way,9363461069,02042026051150874,Success,
14007,Office,544 Oakfield Road,2664306667,02042026051150874,Success,
1667,Office,12533 Zackary Fork,6600643817,02042026051150874,Success,
14007,Office,753 Carmella Drive,6654300039,02042026051150874,Success,
1667,Office,239 Barton Stream,9962431904,02042026051150874,Success,
14007,Office,8883 Lueilwitz View,6668398514,02042026051150874,Success,
1667,Office,870 W South Street,1940323109,02042026051150874,Success,
14007,Office,6792 Morar Falls,6223930081,02042026051150874,Success,
1667,Office,875 Walker Landing,4405021345,02042026051150874,Success,
14007,Office,294 Fairfield Road,6063698921,02042026051150874,Success,
1667,Office,2933 Abigayle Inlet,2764105895,02042026051150874,Success,
14007,Office,4583 Cortney Roads,2293422254,02042026051150874,Success,
1667,Office,792 Theodore Brook,3837633791,02042026051150874,Success,
14007,Office,318 Koss Vista,6971405305,02042026051150874,Success,
1667,Office,41002 Johnson Street,7035165041,02042026051150874,Success,
14007,Office,3609 Nader Forge,1866616459,02042026051150874,Success,
1667,Office,9331 Hilpert Bridge,5136358177,02042026051150874,Success,
14007,Office,23356 Kohler Extensions,5128324120,02042026051150874,Success,
1667,Office,7738 Elaina Crest,3743932524,02042026051150874,Success,
14007,Office,518 Smith Street,9602777515,02042026051150874,Success,
1667,Office,461 Vincent Place,7771464687,02042026051150874,Success,
14007,Office,91292 Samir Junctions,7958078134,02042026051150874,Success,
1667,Office,6367 Adelbert Field,8950245010,02042026051150874,Success,
14007,Office,391 Holly Close,2101612719,02042026051150874,Success,
1667,Office,334 Memorial Drive,7415038794,02042026051150874,Success,
14007,Office,727 Hermann Dale,8961394492,02042026051150874,Success,
1667,Office,74024 Bailey Wall,9010047818,02042026051150874,Success,
14007,Office,3235 Woodlands Road,9076668701,02042026051150874,Success,
1667,Office,7374 Cassin Expressway,6198597161,02042026051150874,Success,
14007,Office,83700 Arlo Track,2644734204,02042026051150874,Success,
1667,Office,855 Gordon Street,3788273832,02042026051150874,Success,
14007,Office,7926 Bogisich Lake,4654428032,02042026051150874,Success,
1667,Office,938 Gussie Brooks,9423044760,02042026051150874,Success,
14007,Office,361 Adah Groves,9185461594,02042026051150874,Success,
1667,Office,63886 Bertram Forges,3297700475,02042026051150874,Success,
14007,Office,1710 Joanny Crescent,4793537056,02042026051150874,Success,
1667,Office,86962 Wehner Pines,1113830581,02042026051150874,Success,
14007,Office,629 Hills Mount,1958693332,02042026051150874,Success,
1667,Office,56060 Anne Station,3230995367,02042026051150874,Success,
14007,Office,263 London Road,1576604849,02042026051150874,Success,
1667,Office,2380 Hamill Ford,7943282213,02042026051150874,Success,
14007,Office,672 Hudson Mountains,8215085785,02042026051150874,Success,
1667,Office,2485 Priory Road,1277860709,02042026051150874,Success,
14007,Office,125 Kertzmann Heights,6687022473,02042026051150874,Success,
1667,Office,6020 Lonzo Center,1447122485,02042026051150874,Success,
14007,Office,6035 Ulices Expressway,5312095154,02042026051150874,Success,
1667,Office,562 Schultz Mission,8489043623,02042026051150874,Success,
14007,Office,1510 Betty Terrace,2438535537,02042026051150874,Success,
1667,Office,67978 Jaylon Forge,8022939616,02042026051150874,Success,
14007,Office,686 Green Pines,3360822410,02042026051150874,Success,
1667,Office,32681 Troy Point,2759565674,02042026051150874,Success,
14007,Office,401 Shields Garden,7357194347,02042026051150874,Success,
1667,Office,1834 Roman Road,6786654512,02042026051150874,Success,
14007,Office,37709 O'Kon River,5991970343,02042026051150874,Success,
1667,Office,840 Woodlands,1813126574,02042026051150874,Success,
14007,Office,84565 Nakia Wells,8097332357,02042026051150874,Success,
1667,Office,9511 Lueilwitz Centers,6215524024,02042026051150874,Success,
14007,Office,76891 Murphy Canyon,7980621430,02042026051150874,Success,
1667,Office,84827 Kozey Viaduct,8183357354,02042026051150874,Success,
14007,Office,62750 Schaden Rapids,1915774130,02042026051150874,Success,
1667,Office,62325 Pennsylvania Avenue,8741688305,02042026051150874,Success,
14007,Office,23294 E Union Street,9367534376,02042026051150874,Success,
1667,Office,754 Penelope Row,7528910293,02042026051150874,Success,
14007,Office,40311 Daphne Freeway,6623088077,02042026051150874,Success,
1667,Office,7090 Robel Stream,7516368783,02042026051150874,Success,
14007,Office,66212 Heathcote Burgs,2071020891,02042026051150874,Success,
1667,Office,25981 Orville Loop,2796514607,02042026051150874,Success,
14007,Office,22549 Heaney Lake,5529272119,02042026051150874,Success,
1667,Office,776 Rice Islands,7917166308,02042026051150874,Success,
14007,Office,99484 South Avenue,1804601469,02042026051150874,Success,
1667,Office,3994 Blind Lane,7953820671,02042026051150874,Success,
14007,Office,130 Connelly Rue,8601938191,02042026051150874,Success,
1667,Office,351 Beer Corners,3052914545,02042026051150874,Success,
14007,Office,83282 Sammy Gardens,8135905382,02042026051150874,Success,
1667,Office,69523 Modesto Valleys,9898153593,02042026051150874,Success,
14007,Office,4588 Megane Vista,5850665923,02042026051150874,Success,
1667,Office,744 Gillian Lane,4882327666,02042026051150874,Success,
14007,Office,627 Swaniawski Shore,2038352636,02042026051150874,Success,
1667,Office,4168 First Avenue,6467397934,02042026051150874,Success,
14007,Office,3589 Silver Street,8904099008,02042026051150874,Success,
1667,Office,5546 Ila Hills,6453042702,02042026051150874,Success,
14007,Office,1483 Jefferey Springs,5895030572,02042026051150874,Success,
1667,Office,2272 Cedar Road,7016510553,02042026051150874,Success,
14007,Office,4469 Quarry Road,3475565352,02042026051150874,Success,
1667,Office,3083 Buckingham Road,3327847321,02042026051150874,Success,
14007,Office,1219 Considine Estate,9795929626,02042026051150874,Success,
1667,Office,95631 Andreanne Row,5163212664,02042026051150874,Success,
14007,Office,1376 Soledad Ville,4361433183,02042026051150874,Success,
1667,Office,4139 S Central Avenue,2694138075,02042026051150874,Success,
14007,Office,1811 Cole Divide,9908604532,02042026051150874,Success,
1667,Office,7749 Makenna Keys,7946432868,02042026051150874,Success,
14007,Office,10105 S East Street,9954993378,02042026051150874,Success,
1667,Office,71748 Broadway Street,4500431754,02042026051150874,Success,
14007,Office,954 Thea Centers,8184081003,02042026051150874,Success,
1667,Office,783 The Lane,2620645394,02042026051150874,Success,
14007,Office,4782 Braulio Pines,4445155586,02042026051150874,Success,
1667,Office,46406 Grady Green,8434073747,02042026051150874,Success,
14007,Office,71239 Satterfield Spurs,2545605283,02042026051150874,Success,
1667,Office,474 Zelma Meadow,9813553319,02042026051150874,Success,
14007,Office,297 Gloucester Road,8184151158,02042026051150874,Success,
1667,Office,965 Hessel Rest,6272906749,02042026051150874,Success,
14007,Office,188 W Park Street,5342714817,02042026051150874,Success,
1667,Office,908 Daniel Heights,5707061020,02042026051150874,Success,
14007,Office,731 N 5th Street,2429645634,02042026051150874,Success,
1667,Office,4069 Jast Pass,5168191766,02042026051150874,Success,
14007,Office,435 St John's Road,2211275581,02042026051150874,Success,
1667,Office,736 Rosenbaum Harbors,9665676186,02042026051150874,Success,
14007,Office,447 Stracke Ridge,1492904980,02042026051150874,Success,
1667,Office,398 Thompson Square,7591977504,02042026051150874,Success,
14007,Office,653 E State Street,1487102124,02042026051150874,Success,
1667,Office,930 Manor Road,5626291992,02042026051150874,Success,
14007,Office,1294 Pierre Run,2100181362,02042026051150874,Success,
1667,Office,778 Towne Ville,6982272909,02042026051150874,Success,
14007,Office,11047 W Broadway Street,1292949931,02042026051150874,Success,
1667,Office,8794 Dickinson Grove,1326853798,02042026051150874,Success,
14007,Office,215 Vandervort Rest,9449351666,02042026051150874,Success,
1667,Office,293 Dietrich Burg,9012126988,02042026051150874,Success,
14007,Office,378 Mraz Viaduct,5181241200,02042026051150874,Success,
1667,Office,94154 Brook Road,7261593902,02042026051150874,Success,
14007,Office,3258 Victoria Street,9109667506,02042026051150874,Success,
1667,Office,230 Elaina Meadow,2946844816,02042026051150874,Success,
14007,Office,602 Grand Avenue,8838846329,02042026051150874,Success,
1667,Office,503 Gideon Street,4449722107,02042026051150874,Success,
14007,Office,42033 2nd Avenue,1738977729,02042026051150874,Success,
1667,Office,856 Predovic Cove,4626335768,02042026051150874,Success,
14007,Office,3660 N Water Street,7139728206,02042026051150874,Success,
1667,Office,5975 Hermann Stravenue,7412024057,02042026051150874,Success,
14007,Office,5875 Depot Street,2809023749,02042026051150874,Success,
1667,Office,15045 Church Path,8721759541,02042026051150874,Success,
14007,Office,531 Melvina Stravenue,6964620947,02042026051150874,Success,
1667,Office,6577 Poplar Close,4037787347,02042026051150874,Success,
14007,Office,358 Karen Terrace,8044012570,02042026051150874,Success,
1667,Office,98074 Jacobi Loop,8811153233,02042026051150874,Success,
14007,Office,59537 Wellington Road,2001551556,02042026051150874,Success,
1667,Office,74079 Lynn Valley,9299775769,02042026051150874,Success,
14007,Office,7232 Delilah Flats,6762128044,02042026051150874,Success,
1667,Office,8312 Kunde Dale,9201893194,02042026051150874,Success,
14007,Office,150 Dee Ports,2000356536,02042026051150874,Success,
1667,Office,1521 Jody Junctions,1318137333,02042026051150874,Success,
14007,Office,839 Shea Radial,3208786146,02042026051150874,Success,
1667,Office,9414 Spruce Street,4928010603,02042026051150874,Success,
14007,Office,4113 Rolfson Meadow,9628355695,02042026051150874,Success,
1667,Office,778 Manor Drive,2966750721,02042026051150874,Success,
14007,Office,26656 Church Close,5095378581,02042026051150874,Success,
1667,Office,329 Woodlands Close,1896673204,02042026051150874,Success,
14007,Office,34808 Alana Cliffs,3630662999,02042026051150874,Success,
1667,Office,88684 Duane Brook,1754004423,02042026051150874,Success,
14007,Office,223 Nicolette Knoll,5135704911,02042026051150874,Success,
1667,Office,93282 McLaughlin Glen,4638608178,02042026051150874,Success,
14007,Office,199 Heaven Ferry,9808881448,02042026051150874,Success,
1667,Office,77946 Lueilwitz Parkway,5703875368,02042026051150874,Success,
14007,Office,4008 Maybell Knoll,4495774719,02042026051150874,Success,
1667,Office,847 West Spring,9237973920,02042026051150874,Success,
14007,Office,111 Lenora Alley,8890343977,02042026051150874,Success,
1667,Office,414 Maximilian Inlet,5890361056,02042026051150874,Success,
14007,Office,8757 Grange Road,6731580469,02042026051150874,Success,
1667,Office,6553 Amira Streets,5173177848,02042026051150874,Success,
14007,Office,4203 Houston Fork,9646788070,02042026051150874,Success,
1667,Office,1223 Schumm Unions,8980515357,02042026051150874,Success,
14007,Office,465 Diana Estates,8527003221,02042026051150874,Success,
1667,Office,718 Antonietta Fall,7751954348,02042026051150874,Success,
14007,Office,22110 Larissa Divide,1972649661,02042026051150874,Success,
1667,Office,8677 Hermiston Lights,8646855146,02042026051150874,Success,
14007,Office,489 Walnut Street,8165545061,02042026051150874,Success,
1667,Office,8469 Sanford Light,6505440963,02042026051150874,Success,
14007,Office,9244 Lockman Expressway,2334677026,02042026051150874,Success,
1667,Office,900 Hauck Gardens,5916349002,02042026051150874,Success,
14007,Office,7428 Little Stravenue,2108407466,02042026051150874,Success,
1667,Office,219 Manor Way,9046376536,02042026051150874,Success,
14007,Office,975 Weber Stream,8501892089,02042026051150874,Success,
1667,Office,1882 Back Lane,9304716434,02042026051150874,Success,
14007,Office,2330 Bruen Plaza,4904132149,02042026051150874,Success,
1667,Office,1951 E Broad Street,1206208709,02042026051150874,Success,
14007,Office,85793 Dickinson Orchard,2103633594,02042026051150874,Success,
1667,Office,6383 S Pine Street,7067903316,02042026051150874,Success,
14007,Office,4948 Brooke Corner,5616759880,02042026051150874,Success,
1667,Office,9107 S Chestnut Street,7608043596,02042026051150874,Success,
14007,Office,94834 McLaughlin Lane,3850589842,02042026051150874,Success,
1667,Office,50440 Gerhold Coves,5677919101,02042026051150874,Success,
14007,Office,744 Kihn Place,8322473076,02042026051150874,Success,
1667,Office,8655 5th Avenue,6750597066,02042026051150874,Success,
14007,Office,37958 Schumm Harbors,1960596438,02042026051150874,Success,
1667,Office,9316 Wintheiser Groves,6321146784,02042026051150874,Success,
14007,Office,8556 Quarry Road,9877463890,02042026051150874,Success,
1667,Office,78373 Poplar Road,3026011844,02042026051150874,Success,
14007,Office,7892 North Avenue,3220057116,02042026051150874,Success,
1667,Office,84387 Imelda Ford,6438124330,02042026051150874,Success,
14007,Office,557 8th Avenue,5568857276,02042026051150874,Success,
1667,Office,7746 Meghan Ferry,9273507445,02042026051150874,Success,
14007,Office,395 Davis Street,3080710991,02042026051150874,Success,
1667,Office,43146 Jocelyn Rest,2208823000,02042026051150874,Success,
14007,Office,130 Rath Park,7544947825,02042026051150874,Success,
1667,Office,81296 High Road,4912594796,02042026051150874,Success,
14007,Office,905 Poplar Avenue,9492033375,02042026051150874,Success,
1667,Office,46125 Pine Close,8049812235,02042026051150874,Success,
14007,Office,105 Corkery Spring,3271526899,02042026051150874,Success,
1667,Office,12470 Bechtelar Fords,2538265313,02042026051150874,Success,
14007,Office,9036 Jaqueline Bypass,4473031152,02042026051150874,Success,
1667,Office,26856 Claremont Road,9085012892,02042026051150874,Success,
14007,Office,26390 Mellie Lake,4473957529,02042026051150874,Success,
1667,Office,178 Ankunding Lakes,2904568850,02042026051150874,Success,
14007,Office,5646 Becker River,1323213621,02042026051150874,Success,
1667,Office,44504 Orchard Drive,6557690302,02042026051150874,Success,
14007,Office,2622 Amir Gardens,1857372872,02042026051150874,Success,
1667,Office,823 14th Street,3300646574,02042026051150874,Success,
14007,Office,4436 Jena Ramp,5081939408,02042026051150874,Success,
1667,Office,27190 Stroman Crossing,3517185155,02042026051150874,Success,
14007,Office,1520 Sycamore Drive,9913999232,02042026051150874,Success,
1667,Office,258 The Square,7663798864,02042026051150874,Success,
14007,Office,159 Breitenberg Common,2830964244,02042026051150874,Success,
1667,Office,5596 Larson Road,6885179892,02042026051150874,Success,
14007,Office,2173 Pound Lane,7551008762,02042026051150874,Success,
1667,Office,721 The Crescent,5477890624,02042026051150874,Success,
14007,Office,67605 The Crescent,4233949422,02042026051150874,Success,
1667,Office,95739 Nathanial Plains,6435143622,02042026051150874,Success,
14007,Office,59002 N 6th Street,9729390688,02042026051150874,Success,
1667,Office,82647 Moen Keys,4938457772,02042026051150874,Success,
14007,Office,92924 Strosin Club,7678130316,02042026051150874,Success,
1667,Office,504 O'Reilly Via,5394700308,02042026051150874,Success,
14007,Office,475 Lodge Close,9675014812,02042026051150874,Success,
1667,Office,50314 Kilback Parkways,1756827749,02042026051150874,Success,
14007,Office,566 Tanner Dale,9817524008,02042026051150874,Success,
1667,Office,3175 Lambert Fords,7010248564,02042026051150874,Success,
14007,Office,378 Mill Road,1155969841,02042026051150874,Success,
1667,Office,982 Metz Brook,5544992423,02042026051150874,Success,
14007,Office,84172 S 9th Street,5399528857,02042026051150874,Success,
1667,Office,4206 Chestnut Drive,5613709969,02042026051150874,Success,
14007,Office,556 Schamberger Ferry,3344737160,02042026051150874,Success,
1667,Office,59486 1st Avenue,4388569960,02042026051150874,Success,
14007,Office,89054 Kautzer Valley,4766483356,02042026051150874,Success,
1667,Office,9934 Lera Well,9318674604,02042026051150874,Success,
14007,Office,945 Ridge Road,6034794873,02042026051150874,Success,
1667,Office,6847 Orchard Street,1942804283,02042026051150874,Success,
14007,Office,78212 Linnea Points,5584467173,02042026051150874,Success,
1667,Office,865 Beahan River,4310827068,02042026051150874,Success,
14007,Office,22361 Cherry Street,7935385294,02042026051150874,Success,
1667,Office,6774 S College Street,4314907550,02042026051150874,Success,
14007,Office,7050 Woodland Road,7959014832,02042026051150874,Success,
1667,Office,47149 Kemmer Crescent,1065213364,02042026051150874,Success,
14007,Office,56906 Elenor Shores,7108030429,02042026051150874,Success,
1667,Office,51533 Willow Grove,7281965787,02042026051150874,Success,
14007,Office,6182 Rowe Land,8939696244,02042026051150874,Success,
1667,Office,554 Okey Island,2131259776,02042026051150874,Success,
14007,Office,5768 Reichert Causeway,6305226420,02042026051150874,Success,
1667,Office,448 W State Street,1407135812,02042026051150874,Success,
14007,Office,57005 Langworth Village,2334896483,02042026051150874,Success,
1667,Office,51135 Cronin Court,4832307364,02042026051150874,Success,
14007,Office,576 Oak Road,8494845146,02042026051150874,Success,
1667,Office,85078 Erich Manors,7071764140,02042026051150874,Success,
14007,Office,71426 Ilene Flat,4325288715,02042026051150874,Success,
1667,Office,283 Grant Keys,9287485476,02042026051150874,Success,
14007,Office,2731 Pleasant Street,3457418459,02042026051150874,Success,
1667,Office,28744 Manor Drive,7507061895,02042026051150874,Success,
14007,Office,993 Rosa Camp,6644241864,02042026051150874,Success,
1667,Office,2167 Kavon Canyon,8693071525,02042026051150874,Success,
14007,Office,8400 Triston Rapids,2782088084,02042026051150874,Success,
1667,Office,5614 Cassandra Forest,3088627698,02042026051150874,Success,
14007,Office,657 Dach Extensions,6189181375,02042026051150874,Success,
1667,Office,696 Halvorson Hollow,5026596994,02042026051150874,Success,
14007,Office,470 Libbie Corners,9819652158,02042026051150874,Success,
1667,Office,73485 Oxford Road,9830183980,02042026051150874,Success,
14007,Office,56111 Aida Streets,4580629941,02042026051150874,Success,
1667,Office,97739 Rogahn Ranch,3075242809,02042026051150874,Success,
14007,Office,517 Elissa Row,8770484514,02042026051150874,Success,
1667,Office,3674 Beverly Mountains,3850564056,02042026051150874,Success,
14007,Office,6954 Rachel Forest,2192801742,02042026051150874,Success,
1667,Office,3542 Arnold Falls,4143951515,02042026051150874,Success,
14007,Office,955 Kristian Shores,7586038614,02042026051150874,Success,
1667,Office,850 King Point,8536415220,02042026051150874,Success,
14007,Office,91842 MacGyver Row,8961925552,02042026051150874,Success,
1667,Office,8645 Rolando Ramp,3160990441,02042026051150874,Success,
14007,Office,31271 N 8th Street,2755232158,02042026051150874,Success,
1667,Office,58013 James Street,3019858808,02042026051150874,Success,
14007,Office,57410 Columbia Avenue,3882060298,02042026051150874,Success,
1667,Office,91323 Lakin Crossing,1978296655,02042026051150874,Success,
14007,Office,946 Armstrong Mills,6329943990,02042026051150874,Success,
1667,Office,3989 N Main,5427390098,02042026051150874,Success,
14007,Office,422 Cherry Tree Close,9017173240,02042026051150874,Success,
1667,Office,1580 Verna Estate,6397066205,02042026051150874,Success,
14007,Office,8468 Hanna Junction,7334600097,02042026051150874,Success,
1667,Office,4481 Krista Circle,5913261855,02042026051150874,Success,
14007,Office,7155 Augustine Brook,2756425196,02042026051150874,Success,
1667,Office,3642 Fahey Shore,1997546941,02042026051150874,Success,
14007,Office,5204 Bath Road,7263401882,02042026051150874,Success,
1667,Office,4165 Brett Pass,2833413416,02042026051150874,Success,
14007,Office,7766 Daniel Trafficway,8173377223,02042026051150874,Success,
1667,Office,588 Sycamore Street,7422238425,02042026051150874,Success,
14007,Office,43028 Christiana Cliff,9090450530,02042026051150874,Success,
1667,Office,814 Labadie Point,7019326139,02042026051150874,Success,
14007,Office,957 Schimmel Mission,1920876274,02042026051150874,Success,
1667,Office,6823 Bath Street,5890912470,02042026051150874,Success,
14007,Office,735 Baker Street,1339093550,02042026051150874,Success,
1667,Office,274 Sawayn Branch,1237616336,02042026051150874,Success,
14007,Office,530 Hirthe Haven,9055831509,02042026051150874,Success,
1667,Office,10559 Nikita Creek,8220635494,02042026051150874,Success,
14007,Office,3603 Greenway,6002773072,02042026051150874,Success,
1667,Office,41741 Pinfold Lane,1590145587,02042026051150874,Success,
14007,Office,4840 North Avenue,2140437924,02042026051150874,Success,
1667,Office,42983 14th Street,4210694418,02042026051150874,Success,
14007,Office,2315 Michale Gateway,2077719037,02042026051150874,Success,
1667,Office,6583 Gayle Wells,8507072517,02042026051150874,Success,
14007,Office,18785 Zetta Flats,7623946453,02042026051150874,Success,
1667,Office,51302 Micaela Villages,5587869032,02042026051150874,Success,
14007,Office,119 Jakubowski Motorway,1362533175,02042026051150874,Success,
1667,Office,79054 Gleichner Greens,6671432435,02042026051150874,Success,
14007,Office,2168 S Franklin Street,3112730548,02042026051150874,Success,
1667,Office,9541 Bartoletti Circle,7680741330,02042026051150874,Success,
14007,Office,7143 Franecki Island,4589472704,02042026051150874,Success,
1667,Office,9305 Ibrahim Garden,1131361675,02042026051150874,Success,
14007,Office,5522 Commercial Street,2267620741,02042026051150874,Success,
1667,Office,4559 Bath Road,2714006128,02042026051150874,Success,
14007,Office,21920 Court Street,9952514652,02042026051150874,Success,
1667,Office,7261 E Broadway,2036682813,02042026051150874,Success,
14007,Office,924 Hermiston Crossroad,3036596719,02042026051150874,Success,
1667,Office,49263 Jacobson Locks,9312073093,02042026051150874,Success,
14007,Office,34753 Heaney Cape,4557803552,02042026051150874,Success,
1667,Office,292 W State Street,4946382453,02042026051150874,Success,
14007,Office,83593 Spruce Street,2237367927,02042026051150874,Success,
1667,Office,6110 9th Street,8648568399,02042026051150874,Success,
14007,Office,57852 Kingfisher Close,8395500206,02042026051150874,Success,
1667,Office,473 Third Avenue,5560723542,02042026051150874,Success,
14007,Office,60410 Robel Rest,5754323774,02042026051150874,Success,
1667,Office,9203 Altenwerth Garden,4182360164,02042026051150874,Success,
14007,Office,621 Ryley Oval,2003858306,02042026051150874,Success,
1667,Office,6573 Konopelski Keys,5235333147,02042026051150874,Success,
14007,Office,4194 Albany Road,1265747071,02042026051150874,Success,
1667,Office,584 Nolan Stravenue,5111643837,02042026051150874,Success,
14007,Office,82027 Marcia Field,2956399779,02042026051150874,Success,
1667,Office,61497 E Jefferson Street,5445351668,02042026051150874,Success,
14007,Office,14654 S 1st Avenue,5420150071,02042026051150874,Success,
1667,Office,738 Schamberger Terrace,9854104477,02042026051150874,Success,
14007,Office,3712 Main Avenue,8049001626,02042026051150874,Success,
1667,Office,15616 Raynor Meadows,9954918462,02042026051150874,Success,
14007,Office,17299 Trenton Springs,1086479721,02042026051150874,Success,
1667,Office,58788 Theresa Branch,3028520650,02042026051150874,Success,
14007,Office,57078 Rowan Close,7643984136,02042026051150874,Success,
1667,Office,985 Blick Burg,5128986745,02042026051150874,Success,
14007,Office,3836 Market Square,1772940083,02042026051150874,Success,
1667,Office,971 Gulgowski Shore,6881113754,02042026051150874,Success,
14007,Office,74770 Oleta Lights,4080922769,02042026051150874,Success,
1667,Office,3746 Littel Knolls,2114062960,02042026051150874,Success,
14007,Office,567 Stroman Rapid,5974705889,02042026051150874,Success,
1667,Office,4451 Daryl Glens,9747004023,02042026051150874,Success,
14007,Office,8565 Poplar Close,1089083811,02042026051150874,Success,
1667,Office,609 Doyle Groves,1452719340,02042026051150874,Success,
14007,Office,860 Neva Centers,9111030414,02042026051150874,Success,
1667,Office,8167 Woodside,1597671316,02042026051150874,Success,
14007,Office,201 Kshlerin Rest,5194619526,02042026051150874,Success,
1667,Office,802 Evan Burg,3917717455,02042026051150874,Success,
14007,Office,90623 The Poplars,8659588079,02042026051150874,Success,
1667,Office,313 Abbott Burgs,5775791584,02042026051150874,Success,
14007,Office,842 Sawayn Road,8647744668,02042026051150874,Success,
1667,Office,46482 Bednar Square,2287359676,02042026051150874,Success,
14007,Office,47758 Third Avenue,2687548309,02042026051150874,Success,
1667,Office,450 Coronation Road,4104042164,02042026051150874,Success,
14007,Office,737 Raynor Fords,7927525546,02042026051150874,Success,
1667,Office,589 Main Avenue,8060741825,02042026051150874,Success,
14007,Office,5505 N State Street,9771565499,02042026051150874,Success,
1667,Office,63351 MacGyver Ways,4212868718,02042026051150874,Success,
14007,Office,526 Rachelle Well,9209302028,02042026051150874,Success,
1667,Office,200 Bailey View,9268340110,02042026051150874,Success,
14007,Office,17193 Jensen Causeway,6522346866,02042026051150874,Success,
1667,Office,658 Upton Rapids,7842684476,02042026051150874,Success,
14007,Office,4003 Orn Ridge,5387034269,02042026051150874,Success,
1667,Office,61136 Harrison Street,6637491396,02042026051150874,Success,
14007,Office,72753 Jaeden Green,1882386179,02042026051150874,Success,
1667,Office,2955 Romaguera Lake,5593532486,02042026051150874,Success,
14007,Office,5979 13th Street,7052904815,02042026051150874,Success,
1667,Office,56013 Niko Lights,1423105394,02042026051150874,Success,
14007,Office,9503 Ted Point,4123697794,02042026051150874,Success,
1667,Office,571 Brown Lodge,8693320306,02042026051150874,Success,
14007,Office,682 Adams Bridge,2893559317,02042026051150874,Success,
1667,Office,400 Gregorio Expressway,8745210778,02042026051150874,Success,
14007,Office,6130 Gonzalo Flats,1769618059,02042026051150874,Success,
1667,Office,701 Hyatt Path,7002788839,02042026051150874,Success,
14007,Office,965 Washington Boulevard,2703924200,02042026051150874,Success,
1667,Office,757 S Chestnut Street,2804670495,02042026051150874,Success,
14007,Office,83895 S Oak Street,8086598461,02042026051150874,Success,
1667,Office,20308 Koss Landing,6757513460,02042026051150874,Success,
14007,Office,8742 Lizeth Meadow,1382430286,02042026051150874,Success,
1667,Office,417 Buckingham Road,9047450868,02042026051150874,Success,
14007,Office,374 Lina Skyway,4873320185,02042026051150874,Success,
1667,Office,9755 Orlo Valley,7146146905,02042026051150874,Success,
14007,Office,9828 Cale Burg,9597077579,02042026051150874,Success,
1667,Office,1721 Beechwood Avenue,4188089480,02042026051150874,Success,
14007,Office,1805 Cierra Spring,9089567462,02042026051150874,Success,
1667,Office,7008 Kane Villages,3397995176,02042026051150874,Success,
14007,Office,68300 Travon Orchard,9383241683,02042026051150874,Success,
1667,Office,7892 N Bridge Street,2769689787,02042026051150874,Success,
14007,Office,94269 Market Square,1902770641,02042026051150874,Success,
1667,Office,8104 Crona Loop,5894746750,02042026051150874,Success,
14007,Office,50387 Mulberry Street,9711402358,02042026051150874,Success,
1667,Office,26404 Fatima Creek,2324265399,02042026051150874,Success,
14007,Office,7147 Ash Road,5925664864,02042026051150874,Success,
1667,Office,14279 George Street,9234810741,02042026051150874,Success,
14007,Office,1579 S Walnut Street,4891869423,02042026051150874,Success,
1667,Office,562 Lyda Mountains,8636898274,02042026051150874,Success,
14007,Office,919 Schaefer Pass,8273421351,02042026051150874,Success,
1667,Office,200 The Paddocks,3732141680,02042026051150874,Success,
14007,Office,354 E Elm Street,5431270992,02042026051150874,Success,
1667,Office,46742 O'Conner Roads,1526432467,02042026051150874,Success,
14007,Office,29789 Berge Common,7320327195,02042026051150874,Success,
1667,Office,797 Erdman Parkway,3061459916,02042026051150874,Success,
14007,Office,2490 Belmont Road,1786122827,02042026051150874,Success,
1667,Office,59877 N Water Street,7493003081,02042026051150874,Success,
14007,Office,988 Ida Causeway,4999472087,02042026051150874,Success,
1667,Office,759 S 3rd Street,9053012036,02042026051150874,Success,
14007,Office,26520 Graham Ridge,8233060888,02042026051150874,Success,
1667,Office,777 Sarah Pine,9565368828,02042026051150874,Success,
14007,Office,3057 Bulah Land,6773190061,02042026051150874,Success,
1667,Office,88363 O'Hara Parkways,5320873222,02042026051150874,Success,
14007,Office,2893 Elm Close,3413546305,02042026051150874,Success,
1667,Office,73266 E Church Street,5440401218,02042026051150874,Success,
14007,Office,44307 E 6th Street,2407683608,02042026051150874,Success,
1667,Office,18498 Kuhlman Garden,1262529396,02042026051150874,Success,
14007,Office,6537 Moor Lane,8290066112,02042026051150874,Success,
1667,Office,611 S Union Street,6134072025,02042026051150874,Success,
14007,Office,50943 Retta Stream,8431351796,02042026051150874,Success,
1667,Office,3200 Windmill Close,2224879828,02042026051150874,Success,
14007,Office,625 Post Road,5453500115,02042026051150874,Success,
1667,Office,163 Chloe Mills,9074660964,02042026051150874,Success,
14007,Office,411 Ardith Views,3826664229,02042026051150874,Success,
1667,Office,77680 Thora Light,9552655442,02042026051150874,Success,
14007,Office,1145 Douglas Flat,3087731793,02042026051150874,Success,
1667,Office,56968 Marcia Landing,1359147668,02042026051150874,Success,
14007,Office,556 Hegmann Dam,3195648083,02042026051150874,Success,
1667,Office,8154 Ebert Orchard,2029580859,02042026051150874,Success,
14007,Office,46039 Catalina Walks,6382644918,02042026051150874,Success,
1667,Office,69683 Smith View,7655609775,02042026051150874,Success,
14007,Office,403 Madie Port,7991981321,02042026051150874,Success,
1667,Office,9727 South Street,4578452118,02042026051150874,Success,
14007,Office,988 Donald Ranch,3244422259,02042026051150874,Success,
1667,Office,5155 Park View,5030995801,02042026051150874,Success,
14007,Office,2856 Angus Fall,2536455074,02042026051150874,Success,
1667,Office,85343 Vince Squares,8901307941,02042026051150874,Success,
14007,Office,381 Michael Falls,1980051113,02042026051150874,Success,
1667,Office,98512 Littel Pines,6669722771,02042026051150874,Success,
14007,Office,83337 Immanuel Heights,5357744529,02042026051150874,Success,
1667,Office,923 Schmitt Viaduct,1823748095,02042026051150874,Success,
14007,Office,4241 Waterloo Road,1617767077,02042026051150874,Success,
1667,Office,34606 Jaydon Pine,7577862762,02042026051150874,Success,
14007,Office,272 Johan Mission,3794303351,02042026051150874,Success,
1667,Office,4506 Finn Drive,3592681217,02042026051150874,Success,
14007,Office,36217 Liberty Street,8515153609,02042026051150874,Success,
1667,Office,52047 Bradtke Isle,5951604100,02042026051150874,Success,
14007,Office,64586 Romaguera Squares,2719989077,02042026051150874,Success,
1667,Office,2473 Rice Walk,8604460632,02042026051150874,Success,
14007,Office,1052 Pennsylvania Avenue,7481518862,02042026051150874,Success,
1667,Office,288 S 1st Avenue,9521581178,02042026051150874,Success,
14007,Office,73278 Bridge Road,3471488544,02042026051150874,Success,
1667,Office,5402 Mraz Circle,5441350198,02042026051150874,Success,
14007,Office,56422 Florian Loop,2473853806,02042026051150874,Success,
1667,Office,33329 Maggio Run,2463029331,02042026051150874,Success,
14007,Office,96634 Bogisich Crescent,5229313799,02042026051150874,Success,
1667,Office,7351 Weber Shoal,1225127087,02042026051150874,Success,
14007,Office,57389 Orpha Union,6814173368,02042026051150874,Success,
1667,Office,743 Kuhlman Trail,5391484953,02042026051150874,Success,
14007,Office,25180 Kohler Overpass,6670801690,02042026051150874,Success,
1667,Office,3247 East Avenue,5354179755,02042026051150874,Success,
14007,Office,917 Purdy Freeway,4118910667,02042026051150874,Success,
1667,Office,4631 W Market Street,1385467252,02042026051150874,Success,
14007,Office,2950 Rosenbaum Trail,7804870903,02042026051150874,Success,
1667,Office,81105 Considine Ferry,4641321361,02042026051150874,Success,
14007,Office,24510 Barbara Camp,9537439777,02042026051150874,Success,
1667,Office,7184 S 3rd Street,7931702215,02042026051150874,Success,
14007,Office,71397 S Jackson Street,9138699559,02042026051150874,Success,
1667,Office,9817 Emiliano Burg,4426315454,02042026051150874,Success,
14007,Office,99898 Welch Haven,1395355670,02042026051150874,Success,
1667,Office,13608 Third Avenue,3977572795,02042026051150874,Success,
14007,Office,33152 Mosciski Crossroad,2935196688,02042026051150874,Success,
1667,Office,4852 E 10th Street,6767168600,02042026051150874,Success,
14007,Office,321 West End,2301285011,02042026051150874,Success,
1667,Office,8292 Yasmine Extension,4227962837,02042026051150874,Success,
14007,Office,59375 N Union Street,8897393231,02042026051150874,Success,
1667,Office,59412 Hirthe Divide,5358907336,02042026051150874,Success,
14007,Office,5205 Beer Rapids,8334675554,02042026051150874,Success,
1667,Office,17818 Oak Avenue,9534049776,02042026051150874,Success,
14007,Office,7778 N Poplar Street,1477381013,02042026051150874,Success,
1667,Office,278 Grange Close,6353739103,02042026051150874,Success,
14007,Office,922 New Street,9450606332,02042026051150874,Success,
1667,Office,325 Wolf Streets,4585738432,02042026051150874,Success,
14007,Office,98529 Isabell Course,7737117952,02042026051150874,Success,
1667,Office,90578 Andy Well,5398290026,02042026051150874,Success,
14007,Office,65814 The Laurels,3089265334,02042026051150874,Success,
1667,Office,23998 Runte Orchard,6746205971,02042026051150874,Success,
14007,Office,715 The Sidings,3654283199,02042026051150874,Success,
1667,Office,6090 Birch Close,5648421016,02042026051150874,Success,
14007,Office,493 Tyreek Mountains,8334717133,02042026051150874,Success,
1667,Office,9647 Dortha Extensions,4303436386,02042026051150874,Success,
14007,Office,608 W South Street,2122648567,02042026051150874,Success,
1667,Office,2825 Lueilwitz Ports,6608778366,02042026051150874,Success,
14007,Office,611 Delores Valley,8745895163,02042026051150874,Success,
1667,Office,960 Wilderman Extensions,8554836365,02042026051150874,Success,
14007,Office,72062 Homenick Light,2660581825,02042026051150874,Success,
1667,Office,317 Bud Key,6358395196,02042026051150874,Success,
14007,Office,4024 Rectory Close,7934671687,02042026051150874,Success,
1667,Office,99022 Oleta Spurs,9367568855,02042026051150874,Success,
14007,Office,7869 Sim Oval,7724330481,02042026051150874,Success,
1667,Office,3576 Mathias Estate,6698807345,02042026051150874,Success,
14007,Office,143 Spruce Street,9147587971,02042026051150874,Success,
1667,Office,82352 Hoyt Brooks,5356996026,02042026051150874,Success,
14007,Office,5944 Torp Cliffs,9359718982,02042026051150874,Success,
1667,Office,169 Wendell View,7044217412,02042026051150874,Success,
14007,Office,657 Makayla Rapid,7376709264,02042026051150874,Success,
1667,Office,7403 Lizzie Land,2676847755,02042026051150874,Success,
14007,Office,2758 Huels Circles,2057076297,02042026051150874,Success,
1667,Office,5009 S Walnut Street,9099565684,02042026051150874,Success,
14007,Office,327 Angeline Islands,9586517421,02042026051150874,Success,
1667,Office,4544 Marcelo Circle,8412625142,02042026051150874,Success,
14007,Office,3040 Cruickshank Crescent,8754250587,02042026051150874,Success,
1667,Office,33967 Turner Curve,9912949083,02042026051150874,Success,
14007,Office,96500 Carolanne Common,1776631766,02042026051150874,Success,
1667,Office,2235 St George's Road,4304738382,02042026051150874,Success,
14007,Office,5288 Luella Lane,2346580215,02042026051150874,Success,
1667,Office,764 Botsford Walk,2337312880,02042026051150874,Success,
14007,Office,4849 Keeling Path,6240294544,02042026051150874,Success,
1667,Office,729 Juvenal Spurs,9950770285,02042026051150874,Success,
14007,Office,96373 Candido Drives,4385128690,02042026051150874,Success,
1667,Office,25508 Rowan Close,1600199479,02042026051150874,Success,
14007,Office,63683 East Avenue,1602452416,02042026051150874,Success,
1667,Office,4497 Waters Forges,6993750832,02042026051150874,Success,
14007,Office,73439 Peyton Bridge,9834544808,02042026051150874,Success,
1667,Office,74520 Lansdowne Road,8894557826,02042026051150874,Success,
14007,Office,808 Wuckert Shoal,9094680911,02042026051150874,Success,
1667,Office,373 Leif Bridge,5333874650,02042026051150874,Success,
14007,Office,4605 Orlo Harbor,4414682181,02042026051150874,Success,
1667,Office,937 First Avenue,1193768480,02042026051150874,Success,
14007,Office,1746 Alaina Shoals,8904699492,02042026051150874,Success,
1667,Office,88907 Marielle Mount,6155519131,02042026051150874,Success,
14007,Office,5686 Klein Pine,4917948803,02042026051150874,Success,
1667,Office,81964 Torrance Dale,1141693567,02042026051150874,Success,
14007,Office,2143 Corkery Heights,1392843859,02042026051150874,Success,
1667,Office,8210 Kingfisher Close,3636387577,02042026051150874,Success,
14007,Office,110 Meadow Drive,9013924628,02042026051150874,Success,
1667,Office,1023 Maple Drive,2624158788,02042026051150874,Success,
14007,Office,80553 W Main,8178550280,02042026051150874,Success,
1667,Office,30876 Steve Greens,1249956487,02042026051150874,Success,
14007,Office,6498 Cross Lane,9639800596,02042026051150874,Success,
1667,Office,8516 Abbott Junctions,7679204240,02042026051150874,Success,
14007,Office,9575 Cherry Close,9923119980,02042026051150874,Success,
1667,Office,74278 Warren Close,9070186534,02042026051150874,Success,
14007,Office,5858 Jacobs Stream,6785625135,02042026051150874,Success,
1667,Office,86041 Darlene Mall,1008122499,02042026051150874,Success,
14007,Office,807 Derby Road,2274722575,02042026051150874,Success,
1667,Office,7097 E 12th Street,6665746387,02042026051150874,Success,
14007,Office,4817 Main Street S,5171103114,02042026051150874,Success,
1667,Office,84268 Henry Spur,8478432481,02042026051150874,Success,
14007,Office,886 N Franklin Street,2334078564,02042026051150874,Success,
1667,Office,435 Greyson Manor,2749236973,02042026051150874,Success,
14007,Office,382 Laburnum Grove,8687791459,02042026051150874,Success,
1667,Office,37729 Jacobson Prairie,1590391041,02042026051150874,Success,
14007,Office,4230 Bramley Close,1708185858,02042026051150874,Success,
1667,Office,429 Albert Road,1253893260,02042026051150874,Success,
14007,Office,8311 Sierra Rest,3447900772,02042026051150874,Success,
1667,Office,32852 Damian Parks,5361341310,02042026051150874,Success,
14007,Office,52325 Cooper Neck,8316522745,02042026051150874,Success,
1667,Office,9528 Maymie Cliff,8816360420,02042026051150874,Success,
14007,Office,3922 N Main Street,1681898292,02042026051150874,Success,
1667,Office,7758 Aiden River,4783280155,02042026051150874,Success,
14007,Office,532 Westfield Road,5629303669,02042026051150874,Success,
1667,Office,2222 Muller Turnpike,8050335784,02042026051150874,Success,
14007,Office,724 Vicarage Lane,4353504765,02042026051150874,Success,
1667,Office,58885 North Lane,5365745685,02042026051150874,Success,
14007,Office,752 Dewitt Forge,8177511085,02042026051150874,Success,
1667,Office,305 Barrows Stream,6746717395,02042026051150874,Success,
14007,Office,2515 Windsor Close,1054468994,02042026051150874,Success,
1667,Office,2857 Kenyon Coves,2725365672,02042026051150874,Success,
14007,Office,2889 Ledner Junction,8568244930,02042026051150874,Success,
1667,Office,235 Cole Meadow,2669726716,02042026051150874,Success,
14007,Office,149 Danyka Station,8997434677,02042026051150874,Success,
1667,Office,77125 West Lane,5066782105,02042026051150874,Success,
14007,Office,5862 Caitlyn Garden,6306048567,02042026051150874,Success,
1667,Office,44849 Weissnat Forge,2795817642,02042026051150874,Success,
14007,Office,688 Laury Park,3859138181,02042026051150874,Success,
1667,Office,51355 Sanford Pass,3658590448,02042026051150874,Success,
14007,Office,56959 Ziemann Heights,8432865599,02042026051150874,Success,
1667,Office,251 Green Street,5485187707,02042026051150874,Success,
14007,Office,9971 Lavern Streets,5499270410,02042026051150874,Success,
1667,Office,113 Britney Park,4492449133,02042026051150874,Success,
14007,Office,5608 Fay Club,9256360280,02042026051150874,Success,
1667,Office,3129 Sauer Ports,5231867989,02042026051150874,Success,
14007,Office,386 Jayne Stravenue,5994222766,02042026051150874,Success,
1667,Office,745 Highland Avenue,2159241793,02042026051150874,Success,
14007,Office,69928 Van Tunnel,1615387983,02042026051150874,Success,
1667,Office,3257 Marks Union,1947137933,02042026051150874,Success,
14007,Office,32429 N Union Street,2670208810,02042026051150874,Success,
1667,Office,331 Tyrese Orchard,1901786371,02042026051150874,Success,
14007,Office,221 Bayer Forge,9198358077,02042026051150874,Success,
1667,Office,667 Fannie Walk,6398008057,02042026051150874,Success,
14007,Office,763 Cedar Grove,7292622195,02042026051150874,Success,
1667,Office,139 N Elm Street,1271709838,02042026051150874,Success,
14007,Office,6062 Schiller Creek,7409674959,02042026051150874,Success,
1667,Office,2996 First Street,5593410790,02042026051150874,Success,
14007,Office,84192 S Oak Street,9731211686,02042026051150874,Success,
1667,Office,5285 Bridie Wells,6363885419,02042026051150874,Success,
14007,Office,87600 Buckridge Corners,5799046211,02042026051150874,Success,
1667,Office,290 Karlie Unions,2686590599,02042026051150874,Success,
14007,Office,2249 Pinfold Lane,5416216121,02042026051150874,Success,
1667,Office,85204 Sean Throughway,9775620682,02042026051150874,Success,
14007,Office,1051 W Washington Avenue,3257372693,02042026051150874,Success,
1667,Office,2885 Ben Meadow,7159569836,02042026051150874,Success,
14007,Office,55198 Klocko Union,8128336998,02042026051150874,Success,
1667,Office,65161 N Main,6713244809,02042026051150874,Success,
14007,Office,95237 Kathlyn Plaza,9596544901,02042026051150874,Success,
1667,Office,94435 Laburnum Grove,9077591840,02042026051150874,Success,
14007,Office,702 Cummings Orchard,3138261632,02042026051150874,Success,
1667,Office,829 Schuppe Groves,9439073534,02042026051150874,Success,
14007,Office,422 Hegmann Ports,7687927611,02042026051150874,Success,
1667,Office,24603 W 11th Street,8269860397,02042026051150874,Success,
14007,Office,7909 Klein Islands,4044025900,02042026051150874,Success,
1667,Office,6153 Spencer Loop,6634438678,02042026051150874,Success,
14007,Office,8623 Annabel Light,2533916957,02042026051150874,Success,
1667,Office,420 College Street,4518036287,02042026051150874,Success,
14007,Office,778 Alexa Oval,8981597788,02042026051150874,Success,
1667,Office,4883 E Jackson Street,5190844572,02042026051150874,Success,
14007,Office,2041 Chapel Road,2689342405,02042026051150874,Success,
1667,Office,259 Considine Station,5070637683,02042026051150874,Success,
14007,Office,3547 Miguel Crossing,9241412329,02042026051150874,Success,
1667,Office,7789 Lincoln Avenue,2392698457,02042026051150874,Success,
14007,Office,9268 Edmond Circle,3437224147,02042026051150874,Success,
1667,Office,481 N Water Street,3946305684,02042026051150874,Success,
14007,Office,919 Stehr Corners,2318825039,02042026051150874,Success,
1667,Office,14224 Leffler Spurs,1630338577,02042026051150874,Success,
14007,Office,472 Hillside Close,4156119137,02042026051150874,Success,
1667,Office,611 Vince Fords,9529078043,02042026051150874,Success,
14007,Office,15778 Bradtke Garden,5355996677,02042026051150874,Success,
1667,Office,9688 Annabelle Shoals,8848033833,02042026051150874,Success,
14007,Office,2247 W Broad Street,8047420423,02042026051150874,Success,
1667,Office,131 Sophie Run,3432468652,02042026051150874,Success,
14007,Office,855 N 1st Street,4032247111,02042026051150874,Success,
1667,Office,37368 S Railroad Street,9308190398,02042026051150874,Success,
14007,Office,580 W 3rd Street,1002109486,02042026051150874,Success,
1667,Office,51301 Fae Branch,4985851859,02042026051150874,Success,
14007,Office,8606 The Crescent,5703956495,02042026051150874,Success,
1667,Office,76408 N Monroe Street,2879622866,02042026051150874,Success,
14007,Office,8666 Langworth Parkway,2063274756,02042026051150874,Success,
1667,Office,85180 The Rise,8997864751,02042026051150874,Success,
14007,Office,50626 Hudson Fall,1414666429,02042026051150874,Success,
1667,Office,93031 McClure Hills,5813402649,02042026051150874,Success,
14007,Office,873 Terry Plains,7938286369,02042026051150874,Success,
1667,Office,69797 South Street,2703152735,02042026051150874,Success,
14007,Office,3019 Koby Courts,8855681769,02042026051150874,Success,
1667,Office,5187 S Broadway Street,3485043904,02042026051150874,Success,
14007,Office,53732 Desiree Orchard,9723577105,02042026051150874,Success,
1667,Office,85493 Serenity Dale,1901401487,02042026051150874,Success,
14007,Office,191 S Division Street,1635472873,02042026051150874,Success,
1667,Office,4492 Robyn Park,9994012991,02042026051150874,Success,
14007,Office,28137 Terrill Burg,7108356062,02042026051150874,Success,
1667,Office,1261 Alva Trail,6394981898,02042026051150874,Success,
14007,Office,4180 Tremaine Glens,8650935681,02042026051150874,Success,
1667,Office,1545 Lawrence Forest,2675645456,02042026051150874,Success,
14007,Office,90539 4th Avenue,5588600627,02042026051150874,Success,
1667,Office,87307 Hagenes Motorway,1479771108,02042026051150874,Success,
14007,Office,606 O'Kon Bypass,8137278014,02042026051150874,Success,
1667,Office,15353 Rowan Close,2424919531,02042026051150874,Success,
14007,Office,726 Meadow Lane,5254012836,02042026051150874,Success,
1667,Office,121 Ebert Inlet,9955207893,02042026051150874,Success,
14007,Office,9397 Bettie Creek,4950393425,02042026051150874,Success,
1667,Office,66217 Delilah Lodge,9813964935,02042026051150874,Success,
14007,Office,36821 Mallory Common,7897729520,02042026051150874,Success,
1667,Office,9933 W Central Avenue,1038715172,02042026051150874,Success,
14007,Office,49283 Kemmer Track,9553313190,02042026051150874,Success,
1667,Office,9915 Lowe Freeway,3689089371,02042026051150874,Success,
14007,Office,14508 Bramley Close,5284074198,02042026051150874,Success,
1667,Office,8345 Chapel Road,2373501005,02042026051150874,Success,
14007,Office,36126 Bosco Rue,2267643284,02042026051150874,Success,
1667,Office,1720 Jakubowski Creek,2930650484,02042026051150874,Success,
14007,Office,6442 Milton Street,1129822060,02042026051150874,Success,
1667,Office,2944 Nader Spring,8437768239,02042026051150874,Success,
14007,Office,61546 Gislason Hollow,7859801085,02042026051150874,Success,
1667,Office,2566 Mayfield Road,5320298309,02042026051150874,Success,
14007,Office,29291 E Market Street,9358085537,02042026051150874,Success,
1667,Office,9559 Washington Road,2902940697,02042026051150874,Success,
14007,Office,589 Beech Drive,5924527625,02042026051150874,Success,
1667,Office,10414 Jamil Avenue,5357644995,02042026051150874,Success,
14007,Office,11644 Main Street E,2015201606,02042026051150874,Success,
1667,Office,581 Manor Close,7732727827,02042026051150874,Success,
14007,Office,86020 Stokes Shoal,3779660715,02042026051150874,Success,
1667,Office,206 Smith Divide,1501647457,02042026051150874,Success,
14007,Office,9491 Shanna Mall,9904990067,02042026051150874,Success,
1667,Office,3575 Aurelie Extension,5215658496,02042026051150874,Success,
14007,Office,1653 Jordyn Lane,3275431264,02042026051150874,Success,
1667,Office,6389 Kevon Cliff,3691155720,02042026051150874,Success,
14007,Office,2174 Conn Fork,8368108233,02042026051150874,Success,
1667,Office,9802 Oma Summit,2955927120,02042026051150874,Success,
14007,Office,8780 Welch Points,2410830886,02042026051150874,Success,
1667,Office,951 Ritchie Pike,7735873553,02042026051150874,Success,
14007,Office,247 Dejah Plain,5836956750,02042026051150874,Success,
1667,Office,42228 W Union Street,3854435581,02042026051150874,Success,
14007,Office,15887 Greenfelder Island,6406011089,02042026051150874,Success,
1667,Office,28466 Sycamore Drive,6594174132,02042026051150874,Success,
14007,Office,76527 Demond Plain,7395746795,02042026051150874,Success,
1667,Office,1351 Lake Road,3326147146,02042026051150874,Success,
14007,Office,137 Springfield Close,1627878958,02042026051150874,Success,
1667,Office,41268 Lueilwitz Place,3372747574,02042026051150874,Success,
14007,Office,491 E Grand Avenue,2299750180,02042026051150874,Success,
1667,Office,63407 Welch Forks,2316959100,02042026051150874,Success,
14007,Office,35432 Labadie Circle,6924007192,02042026051150874,Success,
1667,Office,6525 Kris Turnpike,1528513087,02042026051150874,Success,
14007,Office,73333 W 6th Avenue,6276411757,02042026051150874,Success,
1667,Office,880 Madelynn Highway,4107276807,02042026051150874,Success,
14007,Office,39304 Durgan Glen,4421293613,02042026051150874,Success,
1667,Office,597 Kub Keys,2406708203,02042026051150874,Success,
14007,Office,17588 Church Lane,7644328165,02042026051150874,Success,
1667,Office,8364 DuBuque Causeway,5063212666,02042026051150874,Success,
14007,Office,9246 Kennedy Islands,5120005319,02042026051150874,Success,
1667,Office,1253 Wiley Mills,8380168975,02042026051150874,Success,
14007,Office,632 W Center Street,7525244227,02042026051150874,Success,
1667,Office,47349 Jaylen Falls,5085691305,02042026051150874,Success,
14007,Office,557 Hill Street,1678475410,02042026051150874,Success,
1667,Office,3438 Milton Road,7089715549,02042026051150874,Success,
14007,Office,819 Lincoln Avenue,6580610618,02042026051150874,Success,
1667,Office,8184 Carrie Shores,5125937954,02042026051150874,Success,
14007,Office,276 Angelo Fords,2883635331,02042026051150874,Success,
1667,Office,90828 Sheridan Drive,5413228335,02042026051150874,Success,
14007,Office,9319 Kling Harbor,4891743281,02042026051150874,Success,
1667,Office,8982 Waters Ports,7664792391,02042026051150874,Success,
14007,Office,130 Sophia Crest,7673883645,02042026051150874,Success,
1667,Office,950 E 10th Street,4108141956,02042026051150874,Success,
14007,Office,37176 W Walnut Street,6720815549,02042026051150874,Success,
1667,Office,301 Kihn Causeway,2533032160,02042026051150874,Success,
14007,Office,7199 Kulas Mount,7362899906,02042026051150874,Success,
1667,Office,907 Amelie Wells,5977462898,02042026051150874,Success,
14007,Office,58122 Kianna Flat,5264233114,02042026051150874,Success,
1667,Office,255 Cary Branch,9036630010,02042026051150874,Success,
14007,Office,669 Maeve Island,1781150296,02042026051150874,Success,
1667,Office,3241 E Cedar Street,4850633705,02042026051150874,Success,
14007,Office,339 S Washington Street,5346318449,02042026051150874,Success,
1667,Office,741 Neva Via,8563024843,02042026051150874,Success,
14007,Office,13170 Colleen Falls,3971817124,02042026051150874,Success,
1667,Office,74535 Alfredo Pines,1036331142,02042026051150874,Success,
14007,Office,5248 Vance Shores,7083694260,02042026051150874,Success,
1667,Office,193 Market Square,1221840011,02042026051150874,Success,
14007,Office,78991 Lebsack Road,4761008889,02042026051150874,Success,
1667,Office,437 E 4th Street,7191365074,02042026051150874,Success,
14007,Office,9932 Zemlak Place,5946951743,02042026051150874,Success,
1667,Office,562 James Street,4226135175,02042026051150874,Success,
14007,Office,75662 W Central Avenue,8443195786,02042026051150874,Success,
1667,Office,41921 Westfield Road,8878394376,02042026051150874,Success,
14007,Office,563 Nelson Vista,3604373289,02042026051150874,Success,
1667,Office,321 Lake Street,1485502956,02042026051150874,Success,
14007,Office,83953 N Harrison Street,7973369781,02042026051150874,Success,
1667,Office,134 Kaia Mill,6594995644,02042026051150874,Success,
14007,Office,571 W Maple Street,4450360478,02042026051150874,Success,
1667,Office,155 Rowan Close,9574478759,02042026051150874,Success,
14007,Office,14324 Weissnat Underpass,4621104162,02042026051150874,Success,
1667,Office,335 Helga Ford,9653420261,02042026051150874,Success,
14007,Office,506 North Street,6144523014,02042026051150874,Success,
1667,Office,9116 Railway Street,5653732613,02042026051150874,Success,
14007,Office,18734 Lori Streets,4048374240,02042026051150874,Success,
1667,Office,632 Little Key,1857664292,02042026051150874,Success,
14007,Office,3979 Emmett Ramp,9915416601,02042026051150874,Success,
1667,Office,419 Kailyn Light,4533416639,02042026051150874,Success,
14007,Office,346 Park Street,1876933708,02042026051150874,Success,
1667,Office,23737 Verdie Well,6511547637,02042026051150874,Success,
14007,Office,444 Madison Avenue,5210290680,02042026051150874,Success,
1667,Office,2018 Mill Street,5098568224,02042026051150874,Success,
14007,Office,14437 Bruce Ports,5826159066,02042026051150874,Success,
1667,Office,71982 Maple Road,5120548883,02042026051150874,Success,
14007,Office,2149 Hailey Greens,8040076773,02042026051150874,Success,
1667,Office,810 Robel Plains,5699490071,02042026051150874,Success,
14007,Office,57006 Church Avenue,2360409044,02042026051150874,Success,
1667,Office,2070 E Central Avenue,7939449284,02042026051150874,Success,
14007,Office,71561 Reichert Terrace,8705625594,02042026051150874,Success,
1667,Office,5259 Candelario Centers,7329066636,02042026051150874,Success,
14007,Office,829 N Oak Street,8440766948,02042026051150874,Success,
1667,Office,787 Kingfisher Close,1036781285,02042026051150874,Success,
14007,Office,405 Post Road,7364146364,02042026051150874,Success,
1667,Office,232 The Hawthorns,9946734014,02042026051150874,Success,
14007,Office,5727 Mill Close,6117071099,02042026051150874,Success,
1667,Office,24907 Quigley Loaf,4563816250,02042026051150874,Success,
14007,Office,989 S Park Street,7138566634,02042026051150874,Success,
1667,Office,27610 Bauch Causeway,1448920398,02042026051150874,Success,
14007,Office,813 Claire Island,8650172628,02042026051150874,Success,
1667,Office,507 Church Walk,8280739204,02042026051150874,Success,
14007,Office,74341 Kay Views,4495878679,02042026051150874,Success,
1667,Office,659 Gordon Road,7107284648,02042026051150874,Success,
14007,Office,34868 O'Kon Rest,6453713902,02042026051150874,Success,
1667,Office,878 Koepp Forge,7743170665,02042026051150874,Success,
14007,Office,45673 Waterside,4680345721,02042026051150874,Success,
1667,Office,15418 Beatrice Junction,4473891666,02042026051150874,Success,
14007,Office,32924 Hyatt Row,9268710930,02042026051150874,Success,
1667,Office,77119 Helene Vista,6667238350,02042026051150874,Success,
14007,Office,6192 Mill Lane,4322968927,02042026051150874,Success,
1667,Office,25656 Ferry Lake,7069049840,02042026051150874,Success,
14007,Office,35754 Patrick Spur,9995206614,02042026051150874,Success,
1667,Office,21434 Stroman Parks,1251088139,02042026051150874,Success,
14007,Office,418 Shanahan Branch,3983207309,02042026051150874,Success,
1667,Office,2362 Blick Unions,1965304356,02042026051150874,Success,
14007,Office,5502 W Broad Street,1060395559,02042026051150874,Success,
1667,Office,99009 Heath Road,6118958864,02042026051150874,Success,
14007,Office,96853 Liza Garden,2940643069,02042026051150874,Success,
1667,Office,64269 West Square,2339336279,02042026051150874,Success,
14007,Office,251 Jaiden Cliff,1766713719,02042026051150874,Success,
1667,Office,9206 Well Lane,3237243340,02042026051150874,Success,
14007,Office,851 Fatima Spur,3300847393,02042026051150874,Success,
1667,Office,829 Herman Passage,1037687481,02042026051150874,Success,
14007,Office,71976 W 2nd Street,6765145413,02042026051150874,Success,
1667,Office,54081 Locust Street,3282098608,02042026051150874,Success,
14007,Office,1280 Rhoda Lock,7992554018,02042026051150874,Success,
1667,Office,24033 Jackson Avenue,9815419537,02042026051150874,Success,
14007,Office,25586 Bailey Extension,9690888756,02042026051150874,Success,
1667,Office,927 W Broad Street,1395165828,02042026051150874,Success,
14007,Office,776 Victoria Curve,6597545375,02042026051150874,Success,
1667,Office,724 Lee Street,3060942086,02042026051150874,Success,
14007,Office,6071 Marques Unions,6208101271,02042026051150874,Success,
1667,Office,5995 Sycamore Drive,3406653631,02042026051150874,Success,
14007,Office,739 West Track,9309099628,02042026051150874,Success,
1667,Office,738 Nona Viaduct,7476140858,02042026051150874,Success,
14007,Office,10389 McClure Oval,4498695364,02042026051150874,Success,
1667,Office,9659 Larue Drives,2322679741,02042026051150874,Success,
14007,Office,6582 Church Avenue,7811843342,02042026051150874,Success,
1667,Office,324 Wilhelmine Junctions,9450379713,02042026051150874,Success,
14007,Office,16109 Woodlands Close,6341679363,02042026051150874,Success,
1667,Office,8243 College Street,4860713017,02042026051150874,Success,
14007,Office,7355 Maple Drive,1183008503,02042026051150874,Success,
1667,Office,999 Jast Park,2671170896,02042026051150874,Success,
14007,Office,2063 Neha Flats,4645032241,02042026051150874,Success,
1667,Office,50772 Blanca Hills,1729701601,02042026051150874,Success,
14007,Office,303 Raphaelle Estates,8053315150,02042026051150874,Success,
1667,Office,76240 Feil Mountain,3067703635,02042026051150874,Success,
14007,Office,636 Second Avenue,1661734557,02042026051150874,Success,
1667,Office,596 Gerlach Knoll,3090074736,02042026051150874,Success,
14007,Office,63101 Colt Shoals,8615474995,02042026051150874,Success,
1667,Office,8914 O'Hara Brook,1533801495,02042026051150874,Success,
14007,Office,342 Ashleigh Overpass,7037649244,02042026051150874,Success,
1667,Office,318 Frontage Road,8675661312,02042026051150874,Success,
14007,Office,1624 Rau Landing,5983084071,02042026051150874,Success,
1667,Office,69559 Dell Fords,9999758587,02042026051150874,Success,
14007,Office,8557 Giovanna Turnpike,9614113650,02042026051150874,Success,
1667,Office,1861 Lucienne Heights,2063367485,02042026051150874,Success,
14007,Office,344 Kertzmann Ville,2245604741,02042026051150874,Success,
1667,Office,450 Hope Valley,2470637853,02042026051150874,Success,
14007,Office,21741 Ezequiel Hollow,6409087504,02042026051150874,Success,
1667,Office,44907 Buckingham Road,6458745053,02042026051150874,Success,
14007,Office,88936 Maple Street,5050608266,02042026051150874,Success,
1667,Office,86261 Barton Divide,4299723126,02042026051150874,Success,
14007,Office,6975 Kiehn Alley,1074118933,02042026051150874,Success,
1667,Office,56785 Gladstone Road,9620358054,02042026051150874,Success,
14007,Office,3016 Waverley Road,1130701517,02042026051150874,Success,
1667,Office,28478 Natasha Glens,2196194832,02042026051150874,Success,
14007,Office,78552 N 8th Street,8655026149,02042026051150874,Success,
1667,Office,4313 Dicki Forge,2727081384,02042026051150874,Success,
14007,Office,524 Jolie Groves,1552659595,02042026051150874,Success,
1667,Office,2179 Reichert Orchard,6551107946,02042026051150874,Success,
14007,Office,42791 School Street,6549654468,02042026051150874,Success,
1667,Office,7747 Valentine Meadows,6504932926,02042026051150874,Success,
14007,Office,16282 Langworth Hill,2939773578,02042026051150874,Success,
1667,Office,6402 Reinger Gardens,5922732624,02042026051150874,Success,
14007,Office,46902 Wuckert Point,6794587960,02042026051150874,Success,
1667,Office,323 Wintheiser Gardens,2590492824,02042026051150874,Success,
14007,Office,72400 N Pearl Street,8268101769,02042026051150874,Success,
1667,Office,403 Bauch Rapid,8853252767,02042026051150874,Success,
14007,Office,1002 Kemmer Flat,6071826108,02042026051150874,Success,
1667,Office,33071 South Street,1253026554,02042026051150874,Success,
14007,Office,1550 Langosh Flat,6607650863,02042026051150874,Success,
1667,Office,1327 Bramley Close,8700175214,02042026051150874,Success,
14007,Office,70045 Windermere Road,4224731192,02042026051150874,Success,
1667,Office,4698 Church Road,5977229851,02042026051150874,Success,
14007,Office,96706 University Avenue,1502299019,02042026051150874,Success,
1667,Office,56315 Mount Pleasant,4752697764,02042026051150874,Success,
14007,Office,548 Johnson Haven,3465467574,02042026051150874,Success,
1667,Office,846 VonRueden Mall,2333914519,02042026051150874,Success,
14007,Office,2409 Alfred Street,3233570693,02042026051150874,Success,
1667,Office,68190 Schaden Parkways,7699476848,02042026051150874,Success,
14007,Office,702 Rowland Extension,8614624065,02042026051150874,Success,
1667,Office,993 Zita Center,1134103922,02042026051150874,Success,
14007,Office,9484 Beahan River,2474950558,02042026051150874,Success,
1667,Office,1422 9th Street,3369130878,02042026051150874,Success,
14007,Office,563 Pollich Alley,8197835795,02042026051150874,Success,
1667,Office,41917 Watsica Oval,1090887665,02042026051150874,Success,
14007,Office,40554 Smith Course,2562751203,02042026051150874,Success,
1667,Office,4846 Viva Extension,3169401498,02042026051150874,Success,
14007,Office,29194 Ofelia Viaduct,5334506817,02042026051150874,Success,
1667,Office,7583 N Bridge Street,7445697364,02042026051150874,Success,
14007,Office,89853 Park View,5652452898,02042026051150874,Success,
1667,Office,36144 Abshire Cliffs,8131423399,02042026051150874,Success,
14007,Office,326 Pound Lane,3674246076,02042026051150874,Success,
1667,Office,6986 Auer Shoals,2197187561,02042026051150874,Success,
14007,Office,8647 Cormier Cliffs,7118808155,02042026051150874,Success,
1667,Office,67419 Heber Forges,8570409639,02042026051150874,Success,
14007,Office,8539 MacGyver Landing,3880611067,02042026051150874,Success,
1667,Office,143 Jevon Fall,3007483606,02042026051150874,Success,
14007,Office,951 Old State Road,3167068453,02042026051150874,Success,
1667,Office,59661 Mills Lock,3747561387,02042026051150874,Success,
14007,Office,344 Gerlach Lake,5535659358,02042026051150874,Success,
1667,Office,902 Bo Stravenue,3496910739,02042026051150874,Success,
14007,Office,4588 Sawayn Circle,3430968710,02042026051150874,Success,
1667,Office,41016 Williamson Route,6767280366,02042026051150874,Success,
14007,Office,896 Wuckert Ville,3997469546,02042026051150874,Success,
1667,Office,695 Water Street,3798383717,02042026051150874,Success,
14007,Office,428 Isidro Creek,6750940847,02042026051150874,Success,
1667,Office,417 Windsor Close,9516559819,02042026051150874,Success,
14007,Office,1263 Sandy Lane,6665831805,02042026051150874,Success,
1667,Office,513 W Washington Avenue,4452749920,02042026051150874,Success,
14007,Office,452 Melissa Court,7788927117,02042026051150874,Success,
1667,Office,271 Bahringer Springs,6964518028,02042026051150874,Success,
14007,Office,95568 Kautzer Drives,3833816143,02042026051150874,Success,
1667,Office,122 W Division Street,3159798950,02042026051150874,Success,
14007,Office,6756 Cartwright Lakes,5619568739,02042026051150874,Success,
1667,Office,68959 Albert Light,8667702278,02042026051150874,Success,
14007,Office,205 11th Street,9735762141,02042026051150874,Success,
1667,Office,292 Lafayette Street,8422261834,02042026051150874,Success,
14007,Office,4849 N Park Street,8843585381,02042026051150874,Success,
1667,Office,4450 Barry Green,9552057056,02042026051150874,Success,
14007,Office,633 Huels Divide,7473721231,02042026051150874,Success,
1667,Office,22579 Sporer Ramp,7357180984,02042026051150874,Success,
14007,Office,899 Koss Unions,8364737347,02042026051150874,Success,
1667,Office,641 Romaguera Mission,1531451141,02042026051150874,Success,
14007,Office,538 Thiel Neck,9244387831,02042026051150874,Success,
1667,Office,2239 Kulas Ports,5359173950,02042026051150874,Success,
14007,Office,10447 Rolfson Streets,5740987885,02042026051150874,Success,
1667,Office,9602 Cross Street,3941093740,02042026051150874,Success,
14007,Office,694 McClure Ranch,3192295433,02042026051150874,Success,
1667,Office,21659 Jasmin Oval,2414303486,02042026051150874,Success,
14007,Office,4624 Rectory Close,2252452696,02042026051150874,Success,
1667,Office,25626 Main Avenue,7299636303,02042026051150874,Success,
14007,Office,81552 Jeff Shores,1772804243,02042026051150874,Success,
1667,Office,4777 Deangelo Union,5919793305,02042026051150874,Success,
14007,Office,5154 Lauryn Isle,1798022970,02042026051150874,Success,
1667,Office,41249 Tamara Shoals,9254357180,02042026051150874,Success,
14007,Office,387 Emmy Roads,8174412657,02042026051150874,Success,
1667,Office,831 Ankunding Valleys,3358456837,02042026051150874,Success,
14007,Office,5695 State Line Road,4860679749,02042026051150874,Success,
1667,Office,682 Rosina Course,7125634456,02042026051150874,Success,
14007,Office,7542 Davis Island,8860090815,02042026051150874,Success,
1667,Office,3855 Schneider Stream,2468279721,02042026051150874,Success,
14007,Office,396 Abernathy Overpass,2955139905,02042026051150874,Success,
1667,Office,945 Green Street,4998806931,02042026051150874,Success,
14007,Office,60568 Prosacco Mall,9268943368,02042026051150874,Success,
1667,Office,2486 Howe Point,5972882947,02042026051150874,Success,
14007,Office,69730 The Mews,2181116308,02042026051150874,Success,
1667,Office,61430 W Lake Street,4955866017,02042026051150874,Success,
14007,Office,937 Lynch Union,2291118495,02042026051150874,Success,
1667,Office,543 Timmy Terrace,6979690717,02042026051150874,Success,
14007,Office,81096 Gorczany Lane,8985201782,02042026051150874,Success,
1667,Office,97951 Daisha Rue,3991578658,02042026051150874,Success,
14007,Office,709 Oxford Road,9106144861,02042026051150874,Success,
1667,Office,59468 Cartwright Forest,2937697265,02042026051150874,Success,
14007,Office,442 15th Street,9996496917,02042026051150874,Success,
1667,Office,2933 Annamae Stream,1809728578,02042026051150874,Success,
14007,Office,98937 Melba Pike,9062604900,02042026051150874,Success,
1667,Office,775 Kirsten Fork,8784410278,02042026051150874,Success,
14007,Office,30149 Water Street,4063108703,02042026051150874,Success,
1667,Office,96120 Waelchi Hill,1776952776,02042026051150874,Success,
14007,Office,8731 Wisozk Mount,6124101172,02042026051150874,Success,
1667,Office,19113 Sasha Row,8427778226,02042026051150874,Success,
14007,Office,720 Ronaldo Avenue,7416293632,02042026051150874,Success,
1667,Office,7890 S Center Street,7818150159,02042026051150874,Success,
14007,Office,167 Ondricka Greens,1993194049,02042026051150874,Success,
1667,Office,69613 Williamson Village,2838162126,02042026051150874,Success,
14007,Office,451 Abshire Motorway,5311778810,02042026051150874,Success,
1667,Office,91964 Schultz Shoal,8119470376,02042026051150874,Success,
14007,Office,9891 Highfield Close,3551699091,02042026051150874,Success,
1667,Office,6678 Avenue Road,6859425642,02042026051150874,Success,
14007,Office,72938 Haley Dale,3406710710,02042026051150874,Success,
1667,Office,71596 Aida Plain,6157359248,02042026051150874,Success,
14007,Office,70735 Ricardo Drives,7278618728,02042026051150874,Success,
1667,Office,1344 Ona Cliff,3084392243,02042026051150874,Success,
14007,Office,4409 Stoney Lane,1021935673,02042026051150874,Success,
1667,Office,5210 Hillside Avenue,8154033236,02042026051150874,Success,
14007,Office,980 Kade Cliff,2024726145,02042026051150874,Success,
1667,Office,48707 Spencer Harbors,4945456873,02042026051150874,Success,
14007,Office,7112 Ash Grove,9019048786,02042026051150874,Success,
1667,Office,78942 Lehner Oval,4017915112,02042026051150874,Success,
14007,Office,2115 N Franklin Street,8067614425,02042026051150874,Success,
1667,Office,5386 Quarry Lane,4783067693,02042026051150874,Success,
14007,Office,343 Forest Avenue,6422176902,02042026051150874,Success,
1667,Office,8184 Shaina Court,3966006636,02042026051150874,Success,
14007,Office,918 Jamel Fields,6949778623,02042026051150874,Success,
1667,Office,6938 Littel Highway,2643712841,02042026051150874,Success,
14007,Office,127 Madison Street,5707604852,02042026051150874,Success,
1667,Office,11916 Ulises Flats,2819099339,02042026051150874,Success,
14007,Office,867 S 3rd Street,4155350070,02042026051150874,Success,
1667,Office,5177 E 11th Street,6115332390,02042026051150874,Success,
14007,Office,7598 Hirthe Glens,3724197066,02042026051150874,Success,
1667,Office,2390 E High Street,8248683038,02042026051150874,Success,
14007,Office,68403 Sauer Mill,3349813060,02042026051150874,Success,
1667,Office,2171 Rice Coves,1457633516,02042026051150874,Success,
14007,Office,3173 Barrows Extension,5805423342,02042026051150874,Success,
1667,Office,7677 N Main,6469177449,02042026051150874,Success,
14007,Office,61245 Randall Shoal,4266755234,02042026051150874,Success,
1667,Office,48687 Heathcote Route,3344434572,02042026051150874,Success,
14007,Office,9105 Quitzon Branch,7777525217,02042026051150874,Success,
1667,Office,38438 Schowalter Crossroad,4361848653,02042026051150874,Success,
14007,Office,28735 Dejuan Shoals,8551020038,02042026051150874,Success,
1667,Office,5952 Runolfsson Trace,4044841963,02042026051150874,Success,
14007,Office,56324 Lodge Lane,1710239432,02042026051150874,Success,
1667,Office,63307 S Broadway,8187919527,02042026051150874,Success,
14007,Office,764 Heath Port,3526589374,02042026051150874,Success,
1667,Office,31966 Cameron Glen,9671936015,02042026051150874,Success,
14007,Office,29447 Prince Lodge,1648409440,02042026051150874,Success,
1667,Office,24870 Franey Isle,8175998008,02042026051150874,Success,
14007,Office,846 Daugherty Pass,9933694854,02042026051150874,Success,
1667,Office,660 Legros Forge,8815252348,02042026051150874,Success,
14007,Office,1655 Connor Manors,4113213529,02042026051150874,Success,
1667,Office,893 Rasheed Stravenue,5361356698,02042026051150874,Success,
14007,Office,860 Connelly Ramp,4498945607,02042026051150874,Success,
1667,Office,92824 Estell Heights,1576458683,02042026051150874,Success,
14007,Office,1879 N Main Street,2317147257,02042026051150874,Success,
1667,Office,669 Grange Avenue,8170408882,02042026051150874,Success,
14007,Office,25327 Dicki Field,7976353393,02042026051150874,Success,
1667,Office,22646 Florence Green,5780070714,02042026051150874,Success,
14007,Office,923 Christy Estate,9130216413,02042026051150874,Success,
1667,Office,5160 Kunze Lodge,9646465249,02042026051150874,Success,
14007,Office,641 Rippin Orchard,2299298816,02042026051150874,Success,
1667,Office,467 Walnut Close,4984173088,02042026051150874,Success,
14007,Office,6599 Elm Road,4799067826,02042026051150874,Success,
1667,Office,35400 Abshire Loop,8160232236,02042026051150874,Success,
14007,Office,1898 Kreiger Walks,7961396837,02042026051150874,Success,
1667,Office,14237 Powlowski Junctions,5503469206,02042026051150874,Success,
14007,Office,9631 Deshawn Fork,2787961187,02042026051150874,Success,
1667,Office,79852 Ted Dale,6313780709,02042026051150874,Success,
14007,Office,30404 Bins Route,4046355101,02042026051150874,Success,
1667,Office,28369 Kyler Estates,3177254041,02042026051150874,Success,
14007,Office,6581 Christiansen Groves,5834321692,02042026051150874,Success,
1667,Office,2773 Casper Rapid,8768539881,02042026051150874,Success,
14007,Office,653 Ivory Islands,1199549304,02042026051150874,Success,
1667,Office,437 Martin Luther King Drive,8058842893,02042026051150874,Success,
14007,Office,257 Flatley Cliff,3711860285,02042026051150874,Success,
1667,Office,90038 Madison Avenue,6536806836,02042026051150874,Success,
14007,Office,700 Michael Fort,3442900891,02042026051150874,Success,
1667,Office,8608 Candace Vista,2074365109,02042026051150874,Success,
14007,Office,696 Arturo Terrace,8282148911,02042026051150874,Success,
1667,Office,9934 Romaguera Lodge,1538681867,02042026051150874,Success,
14007,Office,875 Rossie Heights,5088816213,02042026051150874,Success,
1667,Office,6014 Randi Harbors,1295440525,02042026051150874,Success,
14007,Office,875 Kale Plaza,5283227824,02042026051150874,Success,
1667,Office,682 Von Valleys,9203448798,02042026051150874,Success,
14007,Office,425 Dario Green,9641741894,02042026051150874,Success,
1667,Office,37408 Ebert Street,9223542344,02042026051150874,Success,
14007,Office,893 First Street,5017474167,02042026051150874,Success,
1667,Office,61149 Alexandra Road,4139120848,02042026051150874,Success,
14007,Office,275 Russel Fall,6407090074,02042026051150874,Success,
1667,Office,73949 Derwent Close,1286043271,02042026051150874,Success,
14007,Office,52519 Lulu Loop,5900162228,02042026051150874,Success,
1667,Office,63661 Shyanne Run,9739955770,02042026051150874,Success,
14007,Office,839 Waterloo Road,3441621806,02042026051150874,Success,
1667,Office,17908 Stoney Lane,3026920668,02042026051150874,Success,
14007,Office,919 Emile Route,1012515462,02042026051150874,Success,
1667,Office,91612 North Avenue,1814260710,02042026051150874,Success,
14007,Office,2557 Avenue Road,5792015408,02042026051150874,Success,
1667,Office,608 Terry Burg,7408490961,02042026051150874,Success,
14007,Office,69229 Robbie Union,8464680528,02042026051150874,Success,
1667,Office,77932 Quarry Lane,6268700069,02042026051150874,Success,
14007,Office,496 E South Street,3339608345,02042026051150874,Success,
1667,Office,3964 Iliana Causeway,1499857008,02042026051150874,Success,
14007,Office,40469 Wisozk Walk,1300199775,02042026051150874,Success,
1667,Office,8105 Schumm Mountain,4580285019,02042026051150874,Success,
14007,Office,8957 Vito Plaza,3650973546,02042026051150874,Success,
1667,Office,460 Schoen Shore,3340290755,02042026051150874,Success,
14007,Office,578 Chaya Point,5891502921,02042026051150874,Success,
1667,Office,63198 Sydnee Route,5693658760,02042026051150874,Success,
14007,Office,90830 Reilly Spurs,4042126252,02042026051150874,Success,
1667,Office,233 Waters Trace,7479308874,02042026051150874,Success,
14007,Office,532 Bernie Spurs,4968687272,02042026051150874,Success,
1667,Office,60511 South Street,5728229435,02042026051150874,Success,
14007,Office,29462 Center Road,6089236627,02042026051150874,Success,
1667,Office,3209 Lime Grove,5989686038,02042026051150874,Success,
14007,Office,9205 Schneider Mill,5178354588,02042026051150874,Success,
1667,Office,9165 1st Avenue,8755834649,02042026051150874,Success,
14007,Office,421 Toy Spring,8609662005,02042026051150874,Success,
1667,Office,7310 N Front Street,8389669160,02042026051150874,Success,
14007,Office,63150 Kihn Locks,7284200012,02042026051150874,Success,
1667,Office,5424 Julian Field,9502986734,02042026051150874,Success,
14007,Office,78308 Parker Forge,7761743650,02042026051150874,Success,
1667,Office,8329 Terrance Hill,8707311819,02042026051150874,Success,
14007,Office,7792 N Broadway,6751872637,02042026051150874,Success,
1667,Office,4351 Gonzalo Vista,4093601476,02042026051150874,Success,
14007,Office,779 Abbott Harbors,6038566345,02042026051150874,Success,
1667,Office,99837 Koepp Court,7500911027,02042026051150874,Success,
14007,Office,233 Somerset Road,7347210967,02042026051150874,Success,
1667,Office,1144 Schuppe Throughway,5474274655,02042026051150874,Success,
14007,Office,1030 Wunsch Greens,8316351956,02042026051150874,Success,
1667,Office,89204 Katarina Orchard,5035441278,02042026051150874,Success,
14007,Office,61198 East Street,8531919868,02042026051150874,Success,
1667,Office,755 Hermina Cliffs,6276768071,02042026051150874,Success,
14007,Office,92834 The Avenue,2208108544,02042026051150874,Success,
1667,Office,749 Crist Ways,9003659956,02042026051150874,Success,
14007,Office,802 Deckow Loaf,1561052726,02042026051150874,Success,
1667,Office,4415 Velda Fort,4593807188,02042026051150874,Success,
14007,Office,5465 Crescent Road,8107335086,02042026051150874,Success,
1667,Office,950 Anderson Branch,5741574358,02042026051150874,Success,
14007,Office,3180 Jeramy Inlet,5710960536,02042026051150874,Success,
1667,Office,4847 Ilene Overpass,7354305052,02042026051150874,Success,
14007,Office,38975 Hilpert Crossroad,6300621569,02042026051150874,Success,
1667,Office,3213 Manor Drive,2238754265,02042026051150874,Success,
14007,Office,6899 Danial Shores,7327131643,02042026051150874,Success,
1667,Office,5883 Emmerich Glen,7163566753,02042026051150874,Success,
14007,Office,8631 Marquise Bypass,4146194278,02042026051150874,Success,
1667,Office,620 Orchard Drive,7377480244,02042026051150874,Success,
14007,Office,85733 Ariel Trafficway,1999898933,02042026051150874,Success,
1667,Office,6676 The Laurels,4598968161,02042026051150874,Success,
14007,Office,3488 Florian Lodge,4474487806,02042026051150874,Success,
1667,Office,8361 W South Street,4633459625,02042026051150874,Success,
14007,Office,5560 Bramble Close,3452717305,02042026051150874,Success,
1667,Office,940 Steuber Keys,1057669928,02042026051150874,Success,
14007,Office,14694 Vesta Junctions,3379367331,02042026051150874,Success,
1667,Office,250 Franklin Street,5999111478,02042026051150874,Success,
14007,Office,7667 Ali Forest,4524741790,02042026051150874,Success,
1667,Office,509 Marjolaine Wall,3101831917,02042026051150874,Success,
14007,Office,2626 The Avenue,6655826000,02042026051150874,Success,
1667,Office,720 Joe Hill,6047236805,02042026051150874,Success,
14007,Office,45942 W South Street,4431387116,02042026051150874,Success,
1667,Office,48809 Camryn Points,4298841977,02042026051150874,Success,
14007,Office,8272 Baker Street,8357133804,02042026051150874,Success,
1667,Office,94628 Broadway Street,2237605745,02042026051150874,Success,
14007,Office,64589 Stoltenberg Track,6738182320,02042026051150874,Success,
1667,Office,4062 Crona Heights,7471982535,02042026051150874,Success,
14007,Office,57157 Coty Field,9379397311,02042026051150874,Success,
1667,Office,929 Shad Landing,4866020035,02042026051150874,Success,
14007,Office,6679 West Avenue,2360837018,02042026051150874,Success,
1667,Office,4471 Terry Gateway,6422476390,02042026051150874,Success,
14007,Office,1280 Raven Keys,6953365412,02042026051150874,Success,
1667,Office,79125 Sipes Radial,8222268541,02042026051150874,Success,
14007,Office,613 N Pearl Street,8921470854,02042026051150874,Success,
1667,Office,7235 Weldon Groves,3779064490,02042026051150874,Success,
14007,Office,167 Doris Course,4954398348,02042026051150874,Success,
1667,Office,6361 Feil Forge,3909145747,02042026051150874,Success,
14007,Office,36236 Hackett Overpass,8297426790,02042026051150874,Success,
1667,Office,9233 Barn Close,3655862746,02042026051150874,Success,
14007,Office,409 12th Street,9275544555,02042026051150874,Success,
1667,Office,76962 Sheridan Road,6103053638,02042026051150874,Success,
14007,Office,7739 The Green,7363128650,02042026051150874,Success,
1667,Office,459 Green Close,5413525441,02042026051150874,Success,
14007,Office,264 Karlee Lodge,6041995221,02042026051150874,Success,
1667,Office,78231 Ashley Loop,9460379575,02042026051150874,Success,
14007,Office,4937 Natasha Creek,4850981359,02042026051150874,Success,
1667,Office,19283 Swift Mountains,8715352643,02042026051150874,Success,
14007,Office,17154 Vidal Ramp,7369029241,02042026051150874,Success,
1667,Office,24018 Oak Road,5267193469,02042026051150874,Success,
14007,Office,8866 E Jackson Street,4159487117,02042026051150874,Success,
1667,Office,72320 Albion Street,9740263860,02042026051150874,Success,
14007,Office,87213 Northfield Road,2554483999,02042026051150874,Success,
1667,Office,553 Koepp Plains,4798360638,02042026051150874,Success,
14007,Office,8260 Smith Street,8223675007,02042026051150874,Success,
1667,Office,4572 Jamie Underpass,1104060487,02042026051150874,Success,
14007,Office,2892 Skyline Drive,3528229806,02042026051150874,Success,
1667,Office,8848 Feil Ville,5967674129,02042026051150874,Success,
14007,Office,6726 Hilll Orchard,8751693065,02042026051150874,Success,
1667,Office,727 Welch Vista,5858610979,02042026051150874,Success,
14007,Office,1153 Yundt Greens,7219334590,02042026051150874,Success,
1667,Office,4291 Trace Cliff,5444228346,02042026051150874,Success,
14007,Office,4405 Ismael Corners,8773333956,02042026051150874,Success,
1667,Office,265 Marks Viaduct,7577665458,02042026051150874,Success,
14007,Office,5999 Dianna Plaza,5244717766,02042026051150874,Success,
1667,Office,40634 Bret Point,9787315495,02042026051150874,Success,
14007,Office,28439 Richmond Road,7901331413,02042026051150874,Success,
1667,Office,3351 Hagenes Underpass,6098424128,02042026051150874,Success,
14007,Office,37463 Collier Trace,8688379123,02042026051150874,Success,
1667,Office,321 Lemke Harbors,3693260215,02042026051150874,Success,
14007,Office,278 Main Street,4897677312,02042026051150874,Success,
1667,Office,65589 Haley Overpass,9828462757,02042026051150874,Success,
14007,Office,106 Martin Luther King Drive,1698160652,02042026051150874,Success,
1667,Office,641 The Glebe,7473355733,02042026051150874,Success,
14007,Office,730 Beechwood Avenue,4275570263,02042026051150874,Success,
1667,Office,476 Witting Harbor,8988482568,02042026051150874,Success,
14007,Office,7392 Mitchell Island,9554386386,02042026051150874,Success,
1667,Office,105 Angie Fords,7346875966,02042026051150874,Success,
14007,Office,675 Crooks Dale,2542278803,02042026051150874,Success,
1667,Office,31519 N Bridge Street,4114598195,02042026051150874,Success,
14007,Office,98141 Velma Crescent,9172067272,02042026051150874,Success,
1667,Office,648 Vincenza Greens,3118291664,02042026051150874,Success,
14007,Office,6712 Schuppe Station,6351552263,02042026051150874,Success,
1667,Office,860 South Road,2343450598,02042026051150874,Success,
14007,Office,23173 Cruickshank Throughway,2525823016,02042026051150874,Success,
1667,Office,746 Streich Mission,7917250873,02042026051150874,Success,
14007,Office,1016 S 6th Street,1720645552,02042026051150874,Success,
1667,Office,13743 7th Avenue,4993355294,02042026051150874,Success,
14007,Office,22489 Chapel Street,8695593611,02042026051150874,Success,
1667,Office,893 Turner Extension,4028304938,02042026051150874,Success,
14007,Office,25124 Bartoletti Fall,8255678356,02042026051150874,Success,
1667,Office,82006 Sandringham Road,1969639736,02042026051150874,Success,
14007,Office,82249 Farm Close,1728956857,02042026051150874,Success,
1667,Office,26155 London Road,9863886070,02042026051150874,Success,
14007,Office,813 Elijah Port,2861571630,02042026051150874,Success,
1667,Office,20917 Mulberry Street,3988843535,02042026051150874,Success,
14007,Office,31675 Grant Route,1206229382,02042026051150874,Success,
1667,Office,47897 Well Lane,6847140310,02042026051150874,Success,
14007,Office,111 N Main Street,8090522130,02042026051150874,Success,
1667,Office,885 Hermann Pass,7540833837,02042026051150874,Success,
14007,Office,160 Martin Luther King Drive,8354285483,02042026051150874,Success,
1667,Office,3595 Park Lane,2292454534,02042026051150874,Success,
14007,Office,422 Rupert Plains,2826984478,02042026051150874,Success,
1667,Office,5013 W Bridge Street,1423696735,02042026051150874,Success,
14007,Office,731 Lancaster Road,7018714813,02042026051150874,Success,
1667,Office,766 Broadway Avenue,7526012077,02042026051150874,Success,
14007,Office,64038 Kunze Island,3684132740,02042026051150874,Success,
1667,Office,4761 E Church Street,8018365168,02042026051150874,Success,
14007,Office,1877 Jazlyn Hills,9883765150,02042026051150874,Success,
1667,Office,180 Lynch Place,3999559687,02042026051150874,Success,
14007,Office,352 Keebler Spurs,6186024482,02042026051150874,Success,
1667,Office,796 Bartell Park,4895389028,02042026051150874,Success,
14007,Office,816 Woodside,6173932539,02042026051150874,Success,
1667,Office,335 Meadow Close,3666665478,02042026051150874,Success,
14007,Office,15575 Bahringer Extension,7261931806,02042026051150874,Success,
1667,Office,13963 Heidenreich Motorway,8751572182,02042026051150874,Success,
14007,Office,7748 Torp Motorway,9441131506,02042026051150874,Success,
1667,Office,2224 McDermott Hills,2499683466,02042026051150874,Success,
14007,Office,15150 Kovacek Lane,4916404431,02042026051150874,Success,
1667,Office,25921 The Coppice,1705484045,02042026051150874,Success,
14007,Office,688 Orchard Road,3189115629,02042026051150874,Success,
1667,Office,4415 Stark Branch,4227349707,02042026051150874,Success,
14007,Office,799 Hirthe Point,6789458132,02042026051150874,Success,
1667,Office,7597 Kub Extensions,2751846288,02042026051150874,Success,
14007,Office,24289 Ruecker Hill,8207553812,02042026051150874,Success,
1667,Office,537 Isabelle Squares,5994882460,02042026051150874,Success,
14007,Office,485 Chet Villages,8473444184,02042026051150874,Success,
1667,Office,274 Casimir Way,3826999556,02042026051150874,Success,
14007,Office,38746 Beier Fields,1727709314,02042026051150874,Success,
1667,Office,561 Mara Gardens,7837994881,02042026051150874,Success,
14007,Office,307 Alberta Loaf,9293391770,02042026051150874,Success,
1667,Office,285 Princes Street,6368651925,02042026051150874,Success,
14007,Office,2644 East Avenue,7191969620,02042026051150874,Success,
1667,Office,36639 Gottlieb Dam,1966929852,02042026051150874,Success,
14007,Office,849 S College Street,3124704277,02042026051150874,Success,
1667,Office,103 Jerde Grove,6971114450,02042026051150874,Success,
14007,Office,187 Ernest Circle,5275732631,02042026051150874,Success,
1667,Office,624 Marvin Fork,2845856314,02042026051150874,Success,
14007,Office,196 Rempel Ferry,7113428185,02042026051150874,Success,
1667,Office,4691 Damian Stravenue,2064800221,02042026051150874,Success,
14007,Office,418 Kertzmann Grove,9290329625,02042026051150874,Success,
1667,Office,2904 Alexandre Roads,1574490518,02042026051150874,Success,
14007,Office,801 Alysson Mission,4764754318,02042026051150874,Success,
1667,Office,87660 Bramble Close,9621515183,02042026051150874,Success,
14007,Office,422 Jamil Spurs,1123028788,02042026051150874,Success,
1667,Office,479 Cloyd Alley,4321668769,02042026051150874,Success,
14007,Office,90141 Schuppe Forges,9670228066,02042026051150874,Success,
1667,Office,361 Pink Cliff,2569063964,02042026051150874,Success,
14007,Office,4547 Eugenia Road,2160869853,02042026051150874,Success,
1667,Office,92555 Gordon Road,8288917290,02042026051150874,Success,
14007,Office,98155 Hoppe Forest,6429461124,02042026051150874,Success,
1667,Office,3081 S Market Street,9333757489,02042026051150874,Success,
14007,Office,81652 Duke Street,2119996078,02042026051150874,Success,
1667,Office,41389 Jackson Street,6549344628,02042026051150874,Success,
14007,Office,4772 Sasha Point,2211045317,02042026051150874,Success,
1667,Office,695 Mario Terrace,4379766632,02042026051150874,Success,
14007,Office,48395 Mosciski Highway,4919844084,02042026051150874,Success,
1667,Office,6220 County Road,7225755274,02042026051150874,Success,
14007,Office,4382 Estevan Circle,8482174651,02042026051150874,Success,
1667,Office,41578 Malika Street,3730412359,02042026051150874,Success,
14007,Office,8570 York Street,9477295720,02042026051150874,Success,
1667,Office,8489 Lake Road,8354887324,02042026051150874,Success,
14007,Office,9989 W Jackson Street,3826430838,02042026051150874,Success,
1667,Office,727 McCullough Squares,3199277621,02042026051150874,Success,
14007,Office,794 Milton Road,9046318463,02042026051150874,Success,
1667,Office,3906 Harvey Summit,3439797220,02042026051150874,Success,
14007,Office,8983 Geovanny Mount,4733824526,02042026051150874,Success,
1667,Office,64133 Littel Expressway,5404157954,02042026051150874,Success,
14007,Office,77119 Ahmed Heights,2834664142,02042026051150874,Success,
1667,Office,736 Willms Green,6251253546,02042026051150874,Success,
14007,Office,483 Steuber Corners,6036589089,02042026051150874,Success,
1667,Office,41289 Fletcher Mills,1467392419,02042026051150874,Success,
14007,Office,223 Neoma Inlet,8340481295,02042026051150874,Success,
1667,Office,714 Runolfsson Harbors,7278473496,02042026051150874,Success,
14007,Office,171 Wilford Dam,4420695680,02042026051150874,Success,
1667,Office,357 Clay Lane,1846359851,02042026051150874,Success,
14007,Office,4537 Marie Throughway,8167523740,02042026051150874,Success,
1667,Office,6038 Graham Square,7508082758,02042026051150874,Success,
14007,Office,4927 Maxie Underpass,8308032329,02042026051150874,Success,
1667,Office,764 Langosh Key,5547704551,02042026051150874,Success,
14007,Office,79547 New Road,2803359553,02042026051150874,Success,
1667,Office,11721 Main Street E,9481574534,02042026051150874,Success,
14007,Office,71923 O'Kon Greens,4066913164,02042026051150874,Success,
1667,Office,690 Osinski Estates,3326271094,02042026051150874,Success,
14007,Office,71292 Oakfield Road,6259859796,02042026051150874,Success,
1667,Office,42551 Gleason Spurs,6299116989,02042026051150874,Success,
14007,Office,331 Fourth Avenue,4776773696,02042026051150874,Success,
1667,Office,7094 Rodolfo Fall,6319811582,02042026051150874,Success,
14007,Office,54518 Leila Plains,5523270570,02042026051150874,Success,
1667,Office,69156 Woodlands Close,4744792450,02042026051150874,Success,
14007,Office,466 W Washington Avenue,5674748768,02042026051150874,Success,
1667,Office,5271 Muller Expressway,4669748459,02042026051150874,Success,
14007,Office,2598 Stoltenberg Route,5930507564,02042026051150874,Success,
1667,Office,9145 Rutherford Shores,7556449731,02042026051150874,Success,
14007,Office,80249 Beech Grove,9686011005,02042026051150874,Success,
1667,Office,7583 Feest Crest,6946048141,02042026051150874,Success,
14007,Office,57544 Howe Street,1537375140,02042026051150874,Success,
1667,Office,749 Grove Street,5897848861,02042026051150874,Success,
14007,Office,3925 Powlowski Trace,7128729911,02042026051150874,Success,
1667,Office,293 E 12th Street,9958076775,02042026051150874,Success,
14007,Office,787 S 7th Street,1004983875,02042026051150874,Success,
1667,Office,82204 Morissette Mountain,4420334255,02042026051150874,Success,
14007,Office,775 Leonard Forks,8014615612,02042026051150874,Success,
1667,Office,57236 Marks Inlet,2801182523,02042026051150874,Success,
14007,Office,4734 Walker Overpass,8925044432,02042026051150874,Success,
1667,Office,294 Johnson Pines,8704243806,02042026051150874,Success,
14007,Office,8165 Kali Green,1298718363,02042026051150874,Success,
1667,Office,7659 Schowalter Centers,4706159095,02042026051150874,Success,
14007,Office,79490 Larry Corners,5567021021,02042026051150874,Success,
1667,Office,665 Xzavier Field,1416798463,02042026051150874,Success,
14007,Office,198 E Church Street,7336840487,02042026051150874,Success,
1667,Office,398 Bartell Brooks,8423689494,02042026051150874,Success,
14007,Office,91723 Missouri Cove,1005585969,02042026051150874,Success,
1667,Office,784 Denesik Unions,9188775814,02042026051150874,Success,
14007,Office,850 Main Street N,2215740816,02042026051150874,Success,
1667,Office,765 Bradley Parks,1019518892,02042026051150874,Success,
14007,Office,64717 Schumm Turnpike,1029577355,02042026051150874,Success,
1667,Office,31329 Littel Brooks,1131774503,02042026051150874,Success,
14007,Office,767 Alaina Union,8861255072,02042026051150874,Success,
1667,Office,213 Cromwell Road,7346765466,02042026051150874,Success,
14007,Office,177 Schinner Radial,2025669428,02042026051150874,Success,
1667,Office,334 Salma Hollow,1742547041,02042026051150874,Success,
14007,Office,2758 Yost Pass,3369180978,02042026051150874,Success,
1667,Office,92338 Emmanuelle Hollow,6608505385,02042026051150874,Success,
14007,Office,2065 Jaskolski Summit,2707939555,02042026051150874,Success,
1667,Office,46264 Park Drive,8636849360,02042026051150874,Success,
14007,Office,180 Ruecker Unions,3895784964,02042026051150874,Success,
1667,Office,89305 Cedar Close,9357281863,02042026051150874,Success,
14007,Office,905 Parker Shoals,4013651751,02042026051150874,Success,
1667,Office,5013 Willow Street,6687784749,02042026051150874,Success,
14007,Office,40220 Schulist Parkway,9413483009,02042026051150874,Success,
1667,Office,626 Stark Divide,1969690932,02042026051150874,Success,
14007,Office,674 Ernser Glens,1232365979,02042026051150874,Success,
1667,Office,5832 Jenkins Gardens,4156412786,02042026051150874,Success,
14007,Office,538 Jaren Terrace,8115325676,02042026051150874,Success,
1667,Office,69906 Ward Highway,9120057260,02042026051150874,Success,
14007,Office,223 Strosin Rapid,6801206186,02042026051150874,Success,
1667,Office,374 Harry Radial,7291460537,02042026051150874,Success,
14007,Office,52471 Paris Roads,1786660029,02042026051150874,Success,
1667,Office,795 Fabiola Row,4623165607,02042026051150874,Success,
14007,Office,42808 Commerce Street,9545935317,02042026051150874,Success,
1667,Office,5571 Green Lane,3564536931,02042026051150874,Success,
14007,Office,19935 Mylene Estates,1259058217,02042026051150874,Success,
1667,Office,50741 Gust Bypass,4643104297,02042026051150874,Success,
14007,Office,207 Boris Lock,7941466691,02042026051150874,Success,
1667,Office,74022 Bennett Gateway,4382914751,02042026051150874,Success,
14007,Office,4846 Salisbury Road,7478061780,02042026051150874,Success,
1667,Office,2748 Wellington Estate,3439640621,02042026051150874,Success,
14007,Office,37256 Goodwin Points,8858106724,02042026051150874,Success,
1667,Office,10569 Hilma Viaduct,9364806946,02042026051150874,Success,
14007,Office,40782 Lakin Shores,7855971721,02042026051150874,Success,
1667,Office,2769 Abbey Road,5257400115,02042026051150874,Success,
14007,Office,798 Jeffry Mountains,6648315006,02042026051150874,Success,
1667,Office,6083 Orn Gardens,8614939999,02042026051150874,Success,
14007,Office,793 Predovic Extension,5699200090,02042026051150874,Success,
1667,Office,3825 Huel Parkways,6446104598,02042026051150874,Success,
14007,Office,910 11th Street,3335590961,02042026051150874,Success,
1667,Office,3184 Breitenberg Unions,3319868320,02042026051150874,Success,
14007,Office,372 Hillside,7716292899,02042026051150874,Success,
1667,Office,5615 Bath Road,4858613637,02042026051150874,Success,
14007,Office,8059 Roberts Drives,8242315013,02042026051150874,Success,
1667,Office,9905 Richmond Close,8984584599,02042026051150874,Success,
14007,Office,48869 College Avenue,5278888048,02042026051150874,Success,
1667,Office,529 Cherry Close,1297798152,02042026051150874,Success,
14007,Office,63306 Silver Street,3202386272,02042026051150874,Success,
1667,Office,4448 Martin Luther King Boulevard,9215043454,02042026051150874,Success,
14007,Office,417 Gusikowski Pike,8971665299,02042026051150874,Success,
1667,Office,755 Prohaska Groves,1181613940,02042026051150874,Success,
14007,Office,9029 Windermere Road,3171875153,02042026051150874,Success,
1667,Office,445 Kathryn Cliff,1990870221,02042026051150874,Success,
14007,Office,133 Buddy Glens,6088614042,02042026051150874,Success,
1667,Office,545 Akeem Alley,1761078977,02042026051150874,Success,
14007,Office,367 Amelie Ferry,7830612430,02042026051150874,Success,
1667,Office,17598 Hyatt Islands,7217834288,02042026051150874,Success,
14007,Office,91332 Asa Haven,9333289638,02042026051150874,Success,
1667,Office,6000 Okuneva Canyon,3662139094,02042026051150874,Success,
14007,Office,7550 Blick Lakes,8504070219,02042026051150874,Success,
1667,Office,59476 Lane Field,2189503239,02042026051150874,Success,
14007,Office,333 Heloise Stream,5169369615,02042026051150874,Success,
1667,Office,348 Carroll Shore,9583576008,02042026051150874,Success,
14007,Office,99834 S Union Street,9096926419,02042026051150874,Success,
1667,Office,12018 Talbot Road,1349236435,02042026051150874,Success,
14007,Office,4109 Riverside,3745697486,02042026051150874,Success,
1667,Office,69968 The Square,5999776511,02042026051150874,Success,
14007,Office,16801 Melyssa Knolls,9199175316,02042026051150874,Success,
1667,Office,2609 School Close,8494072270,02042026051150874,Success,
14007,Office,616 Maryse Land,6950032743,02042026051150874,Success,
1667,Office,203 N Railroad Street,2804475076,02042026051150874,Success,
14007,Office,3799 Lee Street,4832030082,02042026051150874,Success,
1667,Office,964 Paucek Villages,4234574316,02042026051150874,Success,
14007,Office,8343 Gene Mount,6580317196,02042026051150874,Success,
1667,Office,379 Botsford Coves,4479947760,02042026051150874,Success,
14007,Office,8452 Pollich Throughway,9558173718,02042026051150874,Success,
1667,Office,11956 Flatley Isle,2078482853,02042026051150874,Success,
14007,Office,277 Evan Expressway,1143238937,02042026051150874,Success,
1667,Office,667 Back Lane,8272872469,02042026051150874,Success,
14007,Office,9035 Fiona Land,2701523225,02042026051150874,Success,
1667,Office,404 The Sidings,2183528818,02042026051150874,Success,
14007,Office,11081 W Elm Street,9666368406,02042026051150874,Success,
1667,Office,303 Moen Fords,7134767304,02042026051150874,Success,
14007,Office,1803 Dasia Fort,8609722950,02042026051150874,Success,
1667,Office,493 Albert Road,1844866337,02042026051150874,Success,
14007,Office,13118 Trudie Corners,5810895828,02042026051150874,Success,
1667,Office,862 8th Avenue,6627971036,02042026051150874,Success,
14007,Office,800 Judy Path,4766718894,02042026051150874,Success,
1667,Office,1180 Laury Way,8936699256,02042026051150874,Success,
14007,Office,8355 Stark Flat,4118974087,02042026051150874,Success,
1667,Office,6967 Raul Rapid,4190622309,02042026051150874,Success,
14007,Office,835 Hane River,7078692633,02042026051150874,Success,
1667,Office,48344 Donnelly Forks,2887686262,02042026051150874,Success,
14007,Office,301 Demarco Street,5627129109,02042026051150874,Success,
1667,Office,3910 Hegmann Spurs,2808061112,02042026051150874,Success,
14007,Office,6647 Tower Road,6905480994,02042026051150874,Success,
1667,Office,1263 Pleasant Street,2781181004,02042026051150874,Success,
14007,Office,4975 Bahringer Brook,6283502587,02042026051150874,Success,
1667,Office,2415 Wolff Vista,8712418603,02042026051150874,Success,
14007,Office,8305 Adams Avenue,7735255248,02042026051150874,Success,
1667,Office,989 Blick Center,1193242029,02042026051150874,Success,
14007,Office,229 Haag Bridge,5179182271,02042026051150874,Success,
1667,Office,1265 Ledner Walk,9110310387,02042026051150874,Success,
14007,Office,791 The Oval,4184722122,02042026051150874,Success,
1667,Office,89475 Clarence Road,5116198867,02042026051150874,Success,
14007,Office,181 Madelyn Streets,7728051531,02042026051150874,Success,
1667,Office,201 Eva Route,9105494588,02042026051150874,Success,
14007,Office,3782 Holly Close,4375652092,02042026051150874,Success,
1667,Office,703 Collier Via,5978199087,02042026051150874,Success,
14007,Office,90551 Johnny Cliff,7393805251,02042026051150874,Success,
1667,Office,91358 Christy Crest,1450218929,02042026051150874,Success,
14007,Office,996 McCullough Squares,9951804644,02042026051150874,Success,
1667,Office,199 Denis Ford,6405206552,02042026051150874,Success,
14007,Office,34806 Bramley Close,8968271225,02042026051150874,Success,
1667,Office,12310 Rosenbaum Land,1982007129,02042026051150874,Success,
14007,Office,97738 Woodland Road,5337449339,02042026051150874,Success,
1667,Office,790 S 1st Street,5392483774,02042026051150874,Success,
14007,Office,8567 Maple Road,9353830142,02042026051150874,Success,
1667,Office,636 University Drive,3459624559,02042026051150874,Success,
14007,Office,364 Spring Gardens,4101862752,02042026051150874,Success,
1667,Office,4271 Hillside Close,7979111057,02042026051150874,Success,
14007,Office,1773 Sabryna Dale,4434162521,02042026051150874,Success,
1667,Office,55238 Thea Keys,8311405948,02042026051150874,Success,
14007,Office,2466 Ullrich Plain,2088617867,02042026051150874,Success,
1667,Office,8231 Orville Manor,5786856858,02042026051150874,Success,
14007,Office,907 Washington Road,4614860961,02042026051150874,Success,
1667,Office,3683 Beech Drive,3203047387,02042026051150874,Success,
14007,Office,33583 S Washington Street,2428704931,02042026051150874,Success,
1667,Office,99798 Madilyn Union,7784916913,02042026051150874,Success,
14007,Office,3962 The Green,9279501022,02042026051150874,Success,
1667,Office,7444 Harvey Landing,8456232479,02042026051150874,Success,
14007,Office,84032 Sauer Row,3035045772,02042026051150874,Success,
1667,Office,11225 Caesar Lakes,4587696895,02042026051150874,Success,
14007,Office,796 N Division Street,9081255097,02042026051150874,Success,
1667,Office,8667 Dooley Grove,4700412809,02042026051150874,Success,
14007,Office,3733 Coronation Avenue,6052977118,02042026051150874,Success,
1667,Office,60776 Mueller Manors,4126377309,02042026051150874,Success,
14007,Office,85943 Quitzon Court,2785085545,02042026051150874,Success,
1667,Office,9493 West View,4791011367,02042026051150874,Success,
14007,Office,5534 Leann Grove,7342577237,02042026051150874,Success,
1667,Office,4752 Fritz Forges,1612662746,02042026051150874,Success,
14007,Office,7875 Ashlee Branch,2894148101,02042026051150874,Success,
1667,Office,591 N 2nd Street,8539384249,02042026051150874,Success,
14007,Office,9032 Dakota Cliff,4138229560,02042026051150874,Success,
1667,Office,29831 Lexie Tunnel,5187383468,02042026051150874,Success,
14007,Office,584 W Chestnut Street,8008012146,02042026051150874,Success,
1667,Office,57696 Ceasar Lodge,9867719989,02042026051150874,Success,
14007,Office,346 Adrian Village,2034946049,02042026051150874,Success,
1667,Office,6630 Madison Avenue,3900747019,02042026051150874,Success,
14007,Office,1649 4th Avenue,4660166129,02042026051150874,Success,
1667,Office,438 Rath Club,8734689503,02042026051150874,Success,
14007,Office,3516 Jasmin Passage,6797091747,02042026051150874,Success,
1667,Office,628 Pagac Track,1564218450,02042026051150874,Success,
14007,Office,464 Murray Inlet,2200088123,02042026051150874,Success,
1667,Office,293 Zemlak Lodge,5583265573,02042026051150874,Success,
14007,Office,46514 Hermiston Circles,8795082178,02042026051150874,Success,
1667,Office,7172 Church Road,1673501799,02042026051150874,Success,
14007,Office,3610 Furman Extension,9782501278,02042026051150874,Success,
1667,Office,73820 Grove Road,2930250369,02042026051150874,Success,
14007,Office,51041 Howard Street,1504013220,02042026051150874,Success,
1667,Office,13035 W Church Street,2053224033,02042026051150874,Success,
14007,Office,817 Salisbury Road,9228851210,02042026051150874,Success,
1667,Office,9371 W Front Street,1970387277,02042026051150874,Success,
14007,Office,547 Devin Islands,3500398438,02042026051150874,Success,
1667,Office,1427 Sonia Trace,9009640549,02042026051150874,Success,
14007,Office,610 Russel Rapid,7301223080,02042026051150874,Success,
1667,Office,201 Pound Lane,1774812496,02042026051150874,Success,
14007,Office,75752 Cassidy Burg,6164719248,02042026051150874,Success,
1667,Office,877 Kutch Field,5399723250,02042026051150874,Success,
14007,Office,97816 Kshlerin Pass,6075072862,02042026051150874,Success,
1667,Office,965 Alessia Mill,7624684184,02042026051150874,Success,
14007,Office,3668 Streich Dam,3698234212,02042026051150874,Success,
1667,Office,378 The Beeches,5684187358,02042026051150874,Success,
14007,Office,15836 Larson Cliffs,8864481128,02042026051150874,Success,
1667,Office,5694 Labadie Green,5642558152,02042026051150874,Success,
14007,Office,6322 Billie Field,4842331337,02042026051150874,Success,
1667,Office,95467 Camylle Keys,7964700107,02042026051150874,Success,
14007,Office,2256 West Lane,2508966391,02042026051150874,Success,
1667,Office,287 Antonette Loop,9230904217,02042026051150874,Success,
14007,Office,158 Bud Fields,9284209620,02042026051150874,Success,
1667,Office,3842 Neoma Neck,1432283670,02042026051150874,Success,
14007,Office,5921 New Lane,2221947455,02042026051150874,Success,
1667,Office,142 Lucio Rapids,8271791281,02042026051150874,Success,
14007,Office,3527 South Road,3647321995,02042026051150874,Success,
1667,Office,433 O'Kon Estates,6647189281,02042026051150874,Success,
14007,Office,2011 Aniyah Route,5386303509,02042026051150874,Success,
1667,Office,96584 Lavinia Ports,3234961479,02042026051150874,Success,
14007,Office,484 Gerlach Rapid,2309168610,02042026051150874,Success,
1667,Office,4217 Schuster Wells,5017793272,02042026051150874,Success,
14007,Office,64051 Station Road,5954799228,02042026051150874,Success,
1667,Office,410 Brakus Plaza,8520142132,02042026051150874,Success,
14007,Office,19518 S 7th Street,4017985126,02042026051150874,Success,
1667,Office,747 Gislason Passage,5097628150,02042026051150874,Success,
14007,Office,48465 Adell Freeway,4257635885,02042026051150874,Success,
1667,Office,1915 Hettinger Villages,1963300171,02042026051150874,Success,
14007,Office,36310 Streich Canyon,1204814003,02042026051150874,Success,
1667,Office,95109 Nash Mill,7527517993,02042026051150874,Success,
14007,Office,81742 Fourth Avenue,7353491792,02042026051150874,Success,
1667,Office,61902 Highland Avenue,3407469051,02042026051150874,Success,
14007,Office,854 London Dam,7369840607,02042026051150874,Success,
1667,Office,62892 Valley Road,8580914403,02042026051150874,Success,
14007,Office,8082 Joanny Ferry,7591116681,02042026051150874,Success,
1667,Office,1921 Leilani Fall,7275896693,02042026051150874,Success,
14007,Office,50380 Franz Creek,9668382899,02042026051150874,Success,
1667,Office,13817 Towne Walk,5448624180,02042026051150874,Success,
14007,Office,6763 Gaston Valleys,7763870449,02042026051150874,Success,
1667,Office,446 Schumm Trace,5687324848,02042026051150874,Success,
14007,Office,5394 Darrick Burg,9211634069,02042026051150874,Success,
1667,Office,7688 Frontage Road,6202501974,02042026051150874,Success,
14007,Office,37078 Schaefer Divide,3486859017,02042026051150874,Success,
1667,Office,3336 Broad Lane,7814395784,02042026051150874,Success,
14007,Office,4219 Madge Ranch,3787038049,02042026051150874,Success,
1667,Office,816 Daniel Grove,5678939062,02042026051150874,Success,
14007,Office,17538 Garden Street,3678908284,02042026051150874,Success,
1667,Office,65065 Prospect Avenue,5785701550,02042026051150874,Success,
14007,Office,929 Yew Tree Close,5055005994,02042026051150874,Success,
1667,Office,454 N Locust Street,1205164293,02042026051150874,Success,
14007,Office,38151 Queenie Mews,7536716423,02042026051150874,Success,
1667,Office,978 Main Street,5389346108,02042026051150874,Success,
14007,Office,264 Volkman Lock,8653624313,02042026051150874,Success,
1667,Office,83642 A Street,7803141916,02042026051150874,Success,
14007,Office,73402 Kaylin Roads,7424103638,02042026051150874,Success,
1667,Office,73641 Barton Path,6300275541,02042026051150874,Success,
14007,Office,1392 Alba Curve,6369623111,02042026051150874,Success,
1667,Office,4628 Maiya Parkways,1945266232,02042026051150874,Success,
14007,Office,6418 Jerde Curve,8176769331,02042026051150874,Success,
1667,Office,403 Hall Lane,7091211711,02042026051150874,Success,
14007,Office,2146 Spinka Points,5101558068,02042026051150874,Success,
1667,Office,72292 Monty Canyon,8766526616,02042026051150874,Success,
14007,Office,46162 Friesen Brooks,7883013528,02042026051150874,Success,
1667,Office,2909 Zemlak Road,3959427247,02042026051150874,Success,
14007,Office,3890 Harvey Square,6268749147,02042026051150874,Success,
1667,Office,1817 Swift Extension,3053651069,02042026051150874,Success,
14007,Office,22297 Cleta Extension,6012683655,02042026051150874,Success,
1667,Office,7888 Jaquelin Trace,1488078368,02042026051150874,Success,
14007,Office,3901 S Elm Street,5848805501,02042026051150874,Success,
1667,Office,4157 Windmill Close,9346674101,02042026051150874,Success,
14007,Office,6963 Veterans Memorial Drive,4370737803,02042026051150874,Success,
1667,Office,5907 Luisa Court,4749083397,02042026051150874,Success,
14007,Office,7577 McLaughlin Glen,9890645547,02042026051150874,Success,
1667,Office,73248 Daren Bridge,8406635937,02042026051150874,Success,
14007,Office,92305 McGlynn Heights,4996249901,02042026051150874,Success,
1667,Office,303 Hans Rest,7743346263,02042026051150874,Success,
14007,Office,672 Waters Unions,3306392477,02042026051150874,Success,
1667,Office,907 Konopelski Radial,5654552996,02042026051150874,Success,
14007,Office,83647 Lenore Parks,3583031255,02042026051150874,Success,
1667,Office,3457 Manor Gardens,1062804243,02042026051150874,Success,
14007,Office,94574 Alycia Loaf,5638283325,02042026051150874,Success,
1667,Office,92119 Ledner Courts,7293070911,02042026051150874,Success,
14007,Office,34479 Alberto Terrace,5928590524,02042026051150874,Success,
1667,Office,1566 Emmy Villages,2457274254,02042026051150874,Success,
14007,Office,8055 Brain Corner,5130232169,02042026051150874,Success,
1667,Office,49641 Wuckert Rapids,9582760601,02042026051150874,Success,
14007,Office,87616 Old Road,3063918602,02042026051150874,Success,
1667,Office,17056 South Drive,9479183599,02042026051150874,Success,
14007,Office,14649 Connelly Inlet,1017288791,02042026051150874,Success,
1667,Office,304 Coronation Road,3948576429,02042026051150874,Success,
14007,Office,37044 Konopelski Divide,5865667603,02042026051150874,Success,
1667,Office,275 Herzog Ridges,7029542381,02042026051150874,Success,
14007,Office,94265 Roob Shoals,8506758766,02042026051150874,Success,
1667,Office,188 W Front Street,3440466760,02042026051150874,Success,
14007,Office,943 Suzanne Lights,7255335889,02042026051150874,Success,
1667,Office,161 McCullough Cove,9562430232,02042026051150874,Success,
14007,Office,98498 Edmond Estates,5630226154,02042026051150874,Success,
1667,Office,5405 Veterans Memorial Highway,5598801875,02042026051150874,Success,
14007,Office,164 N Main Street,7503380797,02042026051150874,Success,
1667,Office,957 Lueilwitz Expressway,5639880886,02042026051150874,Success,
14007,Office,717 Kestrel Close,4617922105,02042026051150874,Success,
1667,Office,508 Oak Street,9297552260,02042026051150874,Success,
14007,Office,58980 Schmidt Cliffs,1545614156,02042026051150874,Success,
1667,Office,336 Hansen Spring,1008500690,02042026051150874,Success,
14007,Office,70602 S 6th Street,8391451489,02042026051150874,Success,
1667,Office,15833 Wyman Mission,8861332576,02042026051150874,Success,
14007,Office,99116 Charlene Rue,1354286296,02042026051150874,Success,
1667,Office,7106 McKenzie Valley,7565766709,02042026051150874,Success,
14007,Office,537 Orchard Drive,3161931920,02042026051150874,Success,
1667,Office,49727 Von Radial,5747987783,02042026051150874,Success,
14007,Office,9560 Karolann Ports,2275947690,02042026051150874,Success,
1667,Office,5073 Jaqueline Avenue,8729377051,02042026051150874,Success,
14007,Office,8708 Gabriella Forges,1812065171,02042026051150874,Success,
1667,Office,69147 Bernier Common,9635587892,02042026051150874,Success,
14007,Office,9585 Delpha Causeway,2532799747,02042026051150874,Success,
1667,Office,30059 W Center Street,3707229907,02042026051150874,Success,
14007,Office,443 Crescent Road,8286413575,02042026051150874,Success,
1667,Office,8313 E 4th Avenue,5809627497,02042026051150874,Success,
14007,Office,7359 Oaklands,4024368562,02042026051150874,Success,
1667,Office,786 Madisen Crossing,4712716108,02042026051150874,Success,
14007,Office,2247 Yadira Common,4226369778,02042026051150874,Success,
1667,Office,896 Bridge Road,9024040247,02042026051150874,Success,
14007,Office,57382 Denesik Lane,9697468531,02042026051150874,Success,
1667,Office,419 Market Street,9776295978,02042026051150874,Success,
14007,Office,9612 Herman Rapid,2026785970,02042026051150874,Success,
1667,Office,829 Kurtis Cove,4188147798,02042026051150874,Success,
14007,Office,8798 Ash Close,3465527664,02042026051150874,Success,
1667,Office,253 Sister Throughway,2840401779,02042026051150874,Success,
14007,Office,2964 Lucas Road,2070003149,02042026051150874,Success,
1667,Office,6425 Stark Cove,6379178368,02042026051150874,Success,
14007,Office,7582 Schowalter Falls,6465553649,02042026051150874,Success,
1667,Office,496 Dorothy Plain,5436394161,02042026051150874,Success,
14007,Office,184 Tremaine Courts,8402690459,02042026051150874,Success,
1667,Office,5451 Turner Parks,1977122511,02042026051150874,Success,
14007,Office,33771 Verner Forest,2247355813,02042026051150874,Success,
1667,Office,91298 N Jefferson Street,7234917005,02042026051150874,Success,
14007,Office,743 Bella Pass,2023816743,02042026051150874,Success,
1667,Office,459 Osinski Rest,6013722879,02042026051150874,Success,
14007,Office,393 Andreanne Drives,1696648485,02042026051150874,Success,
1667,Office,448 Marlborough Road,3548160748,02042026051150874,Success,
14007,Office,732 Little Trafficway,2546225481,02042026051150874,Success,
1667,Office,92494 S 2nd Street,9393472600,02042026051150874,Success,
14007,Office,21023 Schuppe Turnpike,8138546534,02042026051150874,Success,
1667,Office,8210 Friesen Gateway,7253508267,02042026051150874,Success,
14007,Office,245 Schinner Loop,1304473903,02042026051150874,Success,
1667,Office,5689 Misael Ville,5205221090,02042026051150874,Success,
14007,Office,102 Charity Run,5252288850,02042026051150874,Success,
1667,Office,356 S East Street,3853065334,02042026051150874,Success,
14007,Office,164 Park Avenue,3128973004,02042026051150874,Success,
1667,Office,3847 Hirthe Spur,1944244287,02042026051150874,Success,
14007,Office,94321 S 7th Street,8913909258,02042026051150874,Success,
1667,Office,36990 N Church Street,2830240083,02042026051150874,Success,
14007,Office,4748 Zoila Highway,9936975336,02042026051150874,Success,
1667,Office,8392 County Road,6880969327,02042026051150874,Success,
14007,Office,7757 Chelsey Prairie,3984539940,02042026051150874,Success,
1667,Office,324 Carlotta Points,2501557530,02042026051150874,Success,
14007,Office,189 Bashirian Crescent,3582843750,02042026051150874,Success,
1667,Office,16738 North Avenue,5111281741,02042026051150874,Success,
14007,Office,865 Feeney Drive,9528191743,02042026051150874,Success,
1667,Office,65329 Michele Neck,9255473359,02042026051150874,Success,
14007,Office,62392 Orn Well,6824483583,02042026051150874,Success,
1667,Office,853 Mayfield Road,5538121947,02042026051150874,Success,
14007,Office,525 Humberto Courts,4392766144,02042026051150874,Success,
1667,Office,726 Beatty Ferry,4186251811,02042026051150874,Success,
14007,Office,64742 Kylee Courts,6361366112,02042026051150874,Success,
1667,Office,428 Cherry Street,5336675316,02042026051150874,Success,
14007,Office,2029 Ulises Dale,9742809360,02042026051150874,Success,
1667,Office,93928 McKenzie Pine,5740026826,02042026051150874,Success,
14007,Office,113 Dooley Wells,4053398617,02042026051150874,Success,
1667,Office,58781 Atlantic Avenue,5644172877,02042026051150874,Success,
14007,Office,80071 Crist Bypass,5704664649,02042026051150874,Success,
1667,Office,688 Lucius Field,6627469625,02042026051150874,Success,
14007,Office,69855 Queen Rest,7372297171,02042026051150874,Success,
1667,Office,211 Webster Parkway,1255525350,02042026051150874,Success,
14007,Office,4558 Nels Corners,5142485734,02042026051150874,Success,
1667,Office,3481 Mount Pleasant,6355355863,02042026051150874,Success,
14007,Office,10138 Halvorson Inlet,8245902284,02042026051150874,Success,
1667,Office,611 The Grange,8473759593,02042026051150874,Success,
14007,Office,1344 N Lincoln Street,3031953003,02042026051150874,Success,
1667,Office,973 Oak Lane,7908925125,02042026051150874,Success,
14007,Office,2875 Jordane Landing,1192541986,02042026051150874,Success,
1667,Office,91620 Littel Court,5343101735,02042026051150874,Success,
14007,Office,469 Larry Trace,1079862876,02042026051150874,Success,
1667,Office,9355 Gibson Shoals,9267573385,02042026051150874,Success,
14007,Office,506 The Rise,8203447264,02042026051150874,Success,
1667,Office,653 Johns Trail,7592446559,02042026051150874,Success,
14007,Office,949 Davis Junctions,6021088526,02042026051150874,Success,
1667,Office,585 Dickinson Underpass,1264594344,02042026051150874,Success,
14007,Office,5811 Jayce Cliffs,6306334688,02042026051150874,Success,
1667,Office,206 S Main,4114981045,02042026051150874,Success,
14007,Office,929 Greg Locks,3191107986,02042026051150874,Success,
1667,Office,8731 Elisha Court,5848330166,02042026051150874,Success,
14007,Office,960 Pine Grove,1235550605,02042026051150874,Success,
1667,Office,349 Marshall Island,1232319362,02042026051150874,Success,
14007,Office,807 Runte Cliff,8764605034,02042026051150874,Success,
1667,Office,3636 Dustin Cliff,6073049453,02042026051150874,Success,
14007,Office,7819 Sammie Inlet,3568598871,02042026051150874,Success,
1667,Office,46231 Mayert Light,6652413380,02042026051150874,Success,
14007,Office,6619 Connelly Trafficway,1034511058,02042026051150874,Success,
1667,Office,3042 W 11th Street,1250255682,02042026051150874,Success,
14007,Office,1986 N Railroad Street,8548132288,02042026051150874,Success,
1667,Office,75991 Dalton Lock,1049257173,02042026051150874,Success,
14007,Office,3128 Bartoletti Summit,4599538440,02042026051150874,Success,
1667,Office,20117 Donnelly Green,9619819207,02042026051150874,Success,
14007,Office,46312 Manor Road,6235958734,02042026051150874,Success,
1667,Office,441 Kulas Creek,6585187066,02042026051150874,Success,
14007,Office,3906 Lazaro Neck,1691810963,02042026051150874,Success,
1667,Office,18440 Meadow Lane,5118621331,02042026051150874,Success,
14007,Office,4367 W 8th Street,2257358770,02042026051150874,Success,
1667,Office,65940 Cormier Meadow,8562156115,02042026051150874,Success,
14007,Office,55338 W Jefferson Street,5542059819,02042026051150874,Success,
1667,Office,44248 Trever Fields,2797442490,02042026051150874,Success,
14007,Office,259 Fairfield Road,5660197690,02042026051150874,Success,
1667,Office,587 Jeffrey Key,2663128553,02042026051150874,Success,
14007,Office,58665 Locust Street,2771113416,02042026051150874,Success,
1667,Office,6977 Madison Avenue,5067113612,02042026051150874,Success,
14007,Office,1915 Magdalena Mountains,5103452136,02042026051150874,Success,
1667,Office,869 S Walnut Street,4003921181,02042026051150874,Success,
14007,Office,523 Boyer Dale,7715570643,02042026051150874,Success,
1667,Office,4643 Wellington Road,1452869443,02042026051150874,Success,
14007,Office,15572 Gerlach Crescent,2132317998,02042026051150874,Success,
1667,Office,19317 Jazmyne Trace,4824089041,02042026051150874,Success,
14007,Office,223 E Grand Avenue,5684592375,02042026051150874,Success,
1667,Office,93267 Archibald Shoal,8625882590,02042026051150874,Success,
14007,Office,9446 Moshe Forge,5827980456,02042026051150874,Success,
1667,Office,12974 Greenholt Brooks,4765106755,02042026051150874,Success,
14007,Office,734 St Mary's Road,5213484203,02042026051150874,Success,
1667,Office,3879 Beryl Loaf,3207181196,02042026051150874,Success,
14007,Office,116 Hazel Close,6246198749,02042026051150874,Success,
1667,Office,716 Bradtke Estate,9176817139,02042026051150874,Success,
14007,Office,519 Beryl Highway,6128904881,02042026051150874,Success,
1667,Office,3840 Cole Inlet,1770362282,02042026051150874,Success,
14007,Office,488 North Lane,9324518577,02042026051150874,Success,
1667,Office,54647 Gibson Highway,3543709557,02042026051150874,Success,
14007,Office,35939 N Pearl Street,9105786556,02042026051150874,Success,
1667,Office,833 The Avenue,6777729114,02042026051150874,Success,
14007,Office,270 Beatty Roads,9789484437,02042026051150874,Success,
1667,Office,4340 Robbie Turnpike,9527505387,02042026051150874,Success,
14007,Office,58878 Jonathon Parkway,2045324120,02042026051150874,Success,
1667,Office,8916 Medhurst Rest,7550414296,02042026051150874,Success,
14007,Office,2269 College Avenue,1025910739,02042026051150874,Success,
1667,Office,22954 Brionna Corners,6664176215,02042026051150874,Success,
14007,Office,9541 Kris Forest,3302619137,02042026051150874,Success,
1667,Office,7236 Joanne Fork,8982885133,02042026051150874,Success,
14007,Office,681 Lawrence Street,7001504878,02042026051150874,Success,
1667,Office,5488 Alphonso Bridge,4032205080,02042026051150874,Success,
14007,Office,73742 Kayley Meadows,9511219857,02042026051150874,Success,
1667,Office,8176 Ford Light,8233594060,02042026051150874,Success,
14007,Office,98328 Church Lane,6313397308,02042026051150874,Success,
1667,Office,219 Gibson Ford,6365337937,02042026051150874,Success,
14007,Office,43848 Renner Highway,2375364580,02042026051150874,Success,
1667,Office,629 Spinka Forks,3013378207,02042026051150874,Success,
14007,Office,93552 Emmet Cliff,3489744832,02042026051150874,Success,
1667,Office,1857 Hayes Walks,4975308443,02042026051150874,Success,
14007,Office,66019 Post Road,6511144530,02042026051150874,Success,
1667,Office,512 Hickle Well,7530970416,02042026051150874,Success,
14007,Office,624 Abner Walk,6040187086,02042026051150874,Success,
1667,Office,3126 The Hawthorns,2012770130,02042026051150874,Success,
14007,Office,459 The Spinney,8335571496,02042026051150874,Success,
1667,Office,6957 Cruickshank Mountains,9840212598,02042026051150874,Success,
14007,Office,6487 Josue Parkways,9884083407,02042026051150874,Success,
1667,Office,3507 Helena Canyon,7487747732,02042026051150874,Success,
14007,Office,915 Vicarage Lane,9922070334,02042026051150874,Success,
1667,Office,654 Kuhn Manor,7841642061,02042026051150874,Success,
14007,Office,45486 4th Avenue,8600024158,02042026051150874,Success,
1667,Office,497 Kozey Centers,7220144570,02042026051150874,Success,
14007,Office,27608 N Washington Street,9542325282,02042026051150874,Success,
1667,Office,4348 W Bridge Street,2378762977,02042026051150874,Success,
14007,Office,302 Kreiger Pines,7362393465,02042026051150874,Success,
1667,Office,308 Charlene Mission,3986097961,02042026051150874,Success,
14007,Office,52215 Railroad Avenue,3438274109,02042026051150874,Success,
1667,Office,585 Clay Lane,4386229455,02042026051150874,Success,
14007,Office,99080 Rowe Summit,2590866248,02042026051150874,Success,
1667,Office,1518 Oak Street,6571441111,02042026051150874,Success,
14007,Office,605 Daren Crossroad,5281735522,02042026051150874,Success,
1667,Office,52258 Arlo Fort,3123409929,02042026051150874,Success,
14007,Office,696 Judy Points,3057929466,02042026051150874,Success,
1667,Office,248 Koch Bridge,4419158596,02042026051150874,Success,
14007,Office,4776 The Coppice,8239847722,02042026051150874,Success,
1667,Office,35026 Berge Station,2718591451,02042026051150874,Success,
14007,Office,967 Wyman Corner,4833579970,02042026051150874,Success,
1667,Office,1702 Randall Ranch,5069251376,02042026051150874,Success,
14007,Office,235 Rice Gateway,9254872413,02042026051150874,Success,
1667,Office,8442 The Copse,5104146361,02042026051150874,Success,
14007,Office,4334 W Oak Street,1069933484,02042026051150874,Success,
1667,Office,3460 Rosanna Mills,8215541378,02042026051150874,Success,
14007,Office,2658 Jacey Burgs,2469248235,02042026051150874,Success,
1667,Office,4654 Dietrich Pike,7639794964,02042026051150874,Success,
14007,Office,962 Lou Wells,4572994825,02042026051150874,Success,
1667,Office,12324 Walsh Streets,8783281030,02042026051150874,Success,
14007,Office,5276 Schowalter Grove,8149747821,02042026051150874,Success,
1667,Office,27689 Graham Islands,6027741742,02042026051150874,Success,
14007,Office,30758 E River Road,6574080161,02042026051150874,Success,
1667,Office,746 Douglas Road,3260869076,02042026051150874,Success,
14007,Office,830 Thalia Keys,1810537374,02042026051150874,Success,
1667,Office,898 King Stream,2626393316,02042026051150874,Success,
14007,Office,48161 N State Street,5745471080,02042026051150874,Success,
1667,Office,12651 E Broad Street,3367969889,02042026051150874,Success,
14007,Office,8238 Santino Square,6471219100,02042026051150874,Success,
1667,Office,51271 Chestnut Drive,4203854768,02042026051150874,Success,
14007,Office,4285 E Union Street,6588046316,02042026051150874,Success,
1667,Office,7726 Boyer Mews,4675347825,02042026051150874,Success,
14007,Office,8817 Virgie Circles,8506626601,02042026051150874,Success,
1667,Office,804 O'Reilly Mission,3295983119,02042026051150874,Success,
14007,Office,694 13th Street,1513425491,02042026051150874,Success,
1667,Office,31462 Farm Close,1301192075,02042026051150874,Success,
14007,Office,138 Haley Parkways,2161695524,02042026051150874,Success,
1667,Office,21061 Jacinthe Fields,5245736833,02042026051150874,Success,
14007,Office,941 Romaine Grove,6027409506,02042026051150874,Success,
1667,Office,5071 Vallie Heights,2466262680,02042026051150874,Success,
14007,Office,330 Konopelski Turnpike,5953911520,02042026051150874,Success,
1667,Office,498 S Lincoln Street,6134886557,02042026051150874,Success,
14007,Office,9767 Brakus Estate,4510103000,02042026051150874,Success,
1667,Office,9905 Sammy Lights,5731618770,02042026051150874,Success,
14007,Office,9960 Buckridge Union,6238304473,02042026051150874,Success,
1667,Office,633 Domingo Road,8956985188,02042026051150874,Success,
14007,Office,11359 Kaleigh Bypass,4854525637,02042026051150874,Success,
1667,Office,6891 Main Avenue,5349027112,02042026051150874,Success,
14007,Office,25888 Walsh Hills,5712078156,02042026051150874,Success,
1667,Office,7405 Kerluke Isle,1730350190,02042026051150874,Success,
14007,Office,53359 McDermott Hills,3387268261,02042026051150874,Success,
1667,Office,2900 Schaden Greens,1381680400,02042026051150874,Success,
14007,Office,624 Keebler Center,2341854672,02042026051150874,Success,
1667,Office,8577 Hettinger Avenue,7312394689,02042026051150874,Success,
14007,Office,24038 Ervin Ferry,6052860527,02042026051150874,Success,
1667,Office,59819 Forest Avenue,1938032662,02042026051150874,Success,
14007,Office,2222 Devonshire Road,7426014059,02042026051150874,Success,
1667,Office,163 Bogisich Highway,6001384410,02042026051150874,Success,
14007,Office,4811 N 2nd Street,7080710281,02042026051150874,Success,
1667,Office,70808 Madyson Knolls,6492984739,02042026051150874,Success,
14007,Office,154 Chapel Hill,5473367721,02042026051150874,Success,
1667,Office,519 Rutherford Tunnel,4694327068,02042026051150874,Success,
14007,Office,9171 S Monroe Street,7788727001,02042026051150874,Success,
1667,Office,4662 E Grand Avenue,6455310985,02042026051150874,Success,
14007,Office,2693 Arlene Light,6458519833,02042026051150874,Success,
1667,Office,3314 Cedar Road,7098032159,02042026051150874,Success,
14007,Office,5232 Stehr Crest,5889084873,02042026051150874,Success,
1667,Office,23271 N 8th Street,6107899411,02042026051150874,Success,
14007,Office,5804 Ritchie Circles,3707862255,02042026051150874,Success,
1667,Office,92757 Bauch Union,9759008377,02042026051150874,Success,
14007,Office,63697 Alexzander Fields,3789535732,02042026051150874,Success,
1667,Office,911 Terry Mall,1898764565,02042026051150874,Success,
14007,Office,7986 Kiehn Vista,1368504142,02042026051150874,Success,
1667,Office,82075 Veterans Memorial Drive,2887061356,02042026051150874,Success,
14007,Office,52686 State Street,9853970844,02042026051150874,Success,
1667,Office,11928 Chaya Motorway,9476179575,02042026051150874,Success,
14007,Office,24567 Myron Harbors,9743815111,02042026051150874,Success,
1667,Office,500 Milford Row,6831743621,02042026051150874,Success,
14007,Office,20318 Hirthe Crescent,7522341320,02042026051150874,Success,
1667,Office,2181 Frida Fall,2138020922,02042026051150874,Success,
14007,Office,9517 Orlando Bypass,7285575905,02042026051150874,Success,
1667,Office,2694 Baker Street,4578097159,02042026051150874,Success,
14007,Office,138 Wellington Road,7115377066,02042026051150874,Success,
1667,Office,215 Grange Road,9175229589,02042026051150874,Success,
14007,Office,229 Crist Mill,5763448958,02042026051150874,Success,
1667,Office,347 E 12th Street,7311651268,02042026051150874,Success,
14007,Office,2163 Lillie Rue,5044925517,02042026051150874,Success,
1667,Office,473 Koepp River,3130679224,02042026051150874,Success,
14007,Office,59276 Jefferson Avenue,1254892883,02042026051150874,Success,
1667,Office,179 Collier Ports,5535844325,02042026051150874,Success,
14007,Office,91397 Nightingale Close,9877463730,02042026051150874,Success,
1667,Office,1453 Weimann Camp,2380790470,02042026051150874,Success,
14007,Office,414 Satterfield Branch,5201982658,02042026051150874,Success,
1667,Office,490 Raina Fort,3058048415,02042026051150874,Success,
14007,Office,2416 W Church Street,6785159268,02042026051150874,Success,
1667,Office,9106 O'Kon Field,5445213198,02042026051150874,Success,
14007,Office,86555 Bosco Green,6718629811,02042026051150874,Success,
1667,Office,647 Rempel Causeway,2375607737,02042026051150874,Success,
14007,Office,410 Salvatore Neck,5247096553,02042026051150874,Success,
1667,Office,686 Clay Lane,4332747488,02042026051150874,Success,
14007,Office,621 Anabelle Extensions,9364478471,02042026051150874,Success,
1667,Office,1393 Rhett Gateway,9242534576,02042026051150874,Success,
14007,Office,593 Vicarage Close,9041218518,02042026051150874,Success,
1667,Office,90659 Adolph Views,3941671946,02042026051150874,Success,
14007,Office,31115 Donna Track,3816533394,02042026051150874,Success,
1667,Office,280 University Drive,6729369407,02042026051150874,Success,
14007,Office,938 Parisian Harbors,8732968423,02042026051150874,Success,
1667,Office,314 Heaney Row,1715452000,02042026051150874,Success,
14007,Office,85146 Hermiston Islands,2652518529,02042026051150874,Success,
1667,Office,153 Ena Ville,1182264508,02042026051150874,Success,
14007,Office,440 Blanche Shores,7192680021,02042026051150874,Success,
1667,Office,40521 Moore Ridges,4431999458,02042026051150874,Success,
14007,Office,999 Estefania Route,6834733904,02042026051150874,Success,
1667,Office,542 Davis Street,8430994819,02042026051150874,Success,
14007,Office,61199 The Crescent,5687507654,02042026051150874,Success,
1667,Office,599 Schamberger Isle,5206729109,02042026051150874,Success,
14007,Office,4377 Camron Parkway,6704598976,02042026051150874,Success,
1667,Office,922 Donny Lock,4415961809,02042026051150874,Success,
14007,Office,277 The Square,5445793549,02042026051150874,Success,
1667,Office,24987 Garrett Avenue,8751408130,02042026051150874,Success,
14007,Office,261 W Franklin Street,7265871038,02042026051150874,Success,
1667,Office,34838 Morissette Crest,2292109682,02042026051150874,Success,
14007,Office,195 Goyette Well,1968372256,02042026051150874,Success,
1667,Office,67415 Garfield Courts,9392419588,02042026051150874,Success,
14007,Office,193 Fidel Turnpike,5337175933,02042026051150874,Success,
1667,Office,26054 Albert Haven,9706425516,02042026051150874,Success,
14007,Office,89119 Brain Neck,3555458362,02042026051150874,Success,
1667,Office,644 S Union Street,3875843615,02042026051150874,Success,
14007,Office,999 The Mount,1411808256,02042026051150874,Success,
1667,Office,784 Albion Street,6486495012,02042026051150874,Success,
14007,Office,20280 Moss Lane,1182286591,02042026051150874,Success,
1667,Office,945 Toy Unions,7206401148,02042026051150874,Success,
14007,Office,1573 Greenfelder Route,8156764789,02042026051150874,Success,
1667,Office,794 S Elm Street,6312752844,02042026051150874,Success,
14007,Office,901 Pagac Prairie,3839575581,02042026051150874,Success,
1667,Office,969 Lodge Close,4513416435,02042026051150874,Success,
14007,Office,202 Osvaldo Orchard,3190778941,02042026051150874,Success,
1667,Office,7490 Ullrich Skyway,6064013985,02042026051150874,Success,
14007,Office,577 Kaela Fork,7207819004,02042026051150874,Success,
1667,Office,58693 Lakin Flats,1814113566,02042026051150874,Success,
14007,Office,1439 Littel Knoll,6898668373,02042026051150874,Success,
1667,Office,359 Hadley Unions,1926825267,02042026051150874,Success,
14007,Office,970 Aric Drives,8758154400,02042026051150874,Success,
1667,Office,4642 Bell Lane,5465838241,02042026051150874,Success,
14007,Office,24828 Merlin Plain,3421582308,02042026051150874,Success,
1667,Office,3762 Langosh Garden,1889184112,02042026051150874,Success,
14007,Office,62996 Canal Street,1706357011,02042026051150874,Success,
1667,Office,1865 Park Avenue,6973575200,02042026051150874,Success,
14007,Office,6591 Carter River,2116549094,02042026051150874,Success,
1667,Office,3905 Roman Road,6509078405,02042026051150874,Success,
14007,Office,59377 Bogisich Centers,1938155835,02042026051150874,Success,
1667,Office,166 Paucek Ford,2102106897,02042026051150874,Success,
14007,Office,78207 Moore Route,8334945368,02042026051150874,Success,
1667,Office,470 Heathcote Gardens,3925783505,02042026051150874,Success,
14007,Office,158 Jermain Spurs,3286498655,02042026051150874,Success,
1667,Office,6365 S Center Street,6043333009,02042026051150874,Success,
14007,Office,421 Cassin Road,6481199116,02042026051150874,Success,
1667,Office,29674 The Woodlands,6953551829,02042026051150874,Success,
14007,Office,36758 Braun Mission,5505604060,02042026051150874,Success,
1667,Office,623 McLaughlin Canyon,2527420082,02042026051150874,Success,
14007,Office,9849 Third Street,7003988837,02042026051150874,Success,
1667,Office,797 Arnold Underpass,5421935277,02042026051150874,Success,
14007,Office,67229 Beatty Plaza,8497911228,02042026051150874,Success,
1667,Office,19436 Western Avenue,4895225702,02042026051150874,Success,
14007,Office,181 Jaylen Neck,8813534646,02042026051150874,Success,
1667,Office,969 Lori Stream,3161196911,02042026051150874,Success,
14007,Office,840 Hector Corners,8857832842,02042026051150874,Success,
1667,Office,8546 Kessler Throughway,4052137009,02042026051150874,Success,
14007,Office,7057 Queen Knoll,4093910320,02042026051150874,Success,
1667,Office,9256 Marianne Wells,5388345632,02042026051150874,Success,
14007,Office,314 Destiney Alley,6997285787,02042026051150874,Success,
1667,Office,175 Prosacco Mount,5255089525,02042026051150874,Success,
14007,Office,22036 Stoltenberg Brooks,9206161208,02042026051150874,Success,
1667,Office,639 Parisian Brook,1936672945,02042026051150874,Success,
14007,Office,820 Leannon Forges,4955435398,02042026051150874,Success,
1667,Office,39839 Koss Extensions,6985816416,02042026051150874,Success,
14007,Office,894 Chloe Views,3805622994,02042026051150874,Success,
1667,Office,234 Antoinette Pine,7619294070,02042026051150874,Success,
14007,Office,533 Prospect Avenue,4164568514,02042026051150874,Success,
1667,Office,7442 Pine Close,2073842107,02042026051150874,Success,
14007,Office,68075 Shania Forge,1030497867,02042026051150874,Success,
1667,Office,36039 Koelpin Groves,3145511997,02042026051150874,Success,
14007,Office,4464 Alysa Rue,5395466452,02042026051150874,Success,
1667,Office,7419 Murazik Cape,1802299903,02042026051150874,Success,
14007,Office,8676 Cavendish Road,9642372268,02042026051150874,Success,
1667,Office,62320 Kuhic Trace,2147572679,02042026051150874,Success,
14007,Office,657 Hyatt Mountains,2833441488,02042026051150874,Success,
1667,Office,8629 Harber Mill,9241764101,02042026051150874,Success,
14007,Office,449 Prospect Road,9510692634,02042026051150874,Success,
1667,Office,17310 Lelia Lodge,8431301076,02042026051150874,Success,
14007,Office,1705 McGlynn Point,6629305806,02042026051150874,Success,
1667,Office,9687 Pearl Street,9046555316,02042026051150874,Success,
14007,Office,942 Walter Club,3847092900,02042026051150874,Success,
1667,Office,624 Lyda Shoals,5385212161,02042026051150874,Success,
14007,Office,57567 Little Ports,7635450106,02042026051150874,Success,
1667,Office,68673 N Pearl Street,2930100606,02042026051150874,Success,
14007,Office,4954 Ernie Hollow,7316110198,02042026051150874,Success,
1667,Office,848 East Road,8706599710,02042026051150874,Success,
14007,Office,6098 Lincoln Road,8497368470,02042026051150874,Success,
1667,Office,58354 Chris Lock,6132099931,02042026051150874,Success,
14007,Office,3062 S Park Street,3823814215,02042026051150874,Success,
1667,Office,69932 Kurtis Route,9565777117,02042026051150874,Success,
14007,Office,9570 Grant Point,8168459266,02042026051150874,Success,
1667,Office,1865 E Church Street,3368221450,02042026051150874,Success,
14007,Office,87339 Madilyn Drive,4714614813,02042026051150874,Success,
1667,Office,9165 Thiel Camp,2342519709,02042026051150874,Success,
14007,Office,768 Fisher Lock,3426565090,02042026051150874,Success,
1667,Office,17186 North Lane,6411459208,02042026051150874,Success,
14007,Office,5687 Maida Oval,9383459670,02042026051150874,Success,
1667,Office,1725 Champlin Village,5621983611,02042026051150874,Success,
14007,Office,4836 Alexis Camp,3408866430,02042026051150874,Success,
1667,Office,2511 Ara Heights,8432011979,02042026051150874,Success,
14007,Office,605 Grant Street,4410873527,02042026051150874,Success,
1667,Office,996 Christiansen Summit,7716367603,02042026051150874,Success,
14007,Office,112 Albert Road,5695565581,02042026051150874,Success,
1667,Office,74277 N Division Street,8133267528,02042026051150874,Success,
14007,Office,8676 Dereck Ports,3832848142,02042026051150874,Success,
1667,Office,49807 Bramble Close,9987592789,02042026051150874,Success,
14007,Office,156 North Street,7548103174,02042026051150874,Success,
1667,Office,878 New Lane,1451925463,02042026051150874,Success,
14007,Office,68239 Hand Green,2577974019,02042026051150874,Success,
1667,Office,5229 Spencer Pike,9826085877,02042026051150874,Success,
14007,Office,793 Hawthorn Avenue,3890963856,02042026051150874,Success,
1667,Office,8855 Lorena Club,8126075560,02042026051150874,Success,
14007,Office,20180 Division Street,7178483835,02042026051150874,Success,
1667,Office,653 Hayes Field,7218765082,02042026051150874,Success,
14007,Office,34263 W 12th Street,1182095115,02042026051150874,Success,
1667,Office,457 Kristin Groves,8560908259,02042026051150874,Success,
14007,Office,29186 Collier Junction,5666878314,02042026051150874,Success,
1667,Office,1416 Thompson Camp,6171074763,02042026051150874,Success,
14007,Office,1764 Monroe Street,9093555197,02042026051150874,Success,
1667,Office,40310 Troy Springs,4616641915,02042026051150874,Success,
14007,Office,36625 Marks Isle,1982486294,02042026051150874,Success,
1667,Office,893 S 14th Street,3557204465,02042026051150874,Success,
14007,Office,836 Tessie Points,5211786538,02042026051150874,Success,
1667,Office,769 Coronation Road,6151741878,02042026051150874,Success,
14007,Office,4365 Gerda Ranch,6081214531,02042026051150874,Success,
1667,Office,955 Rice Views,6941957042,02042026051150874,Success,
14007,Office,10921 Gorczany Club,4637249619,02042026051150874,Success,
1667,Office,274 N 6th Street,9198312437,02042026051150874,Success,
14007,Office,567 N 7th Street,2639432667,02042026051150874,Success,
1667,Office,803 Murazik Branch,9789806113,02042026051150874,Success,
14007,Office,78989 Gisselle Burgs,2779026233,02042026051150874,Success,
1667,Office,8305 Main Street W,2203531069,02042026051150874,Success,
14007,Office,19722 Mitchell Corner,5547611692,02042026051150874,Success,
1667,Office,100 Kyler Via,3530759907,02042026051150874,Success,
14007,Office,442 Langworth Parkways,9848247421,02042026051150874,Success,
1667,Office,74442 Schulist Junction,5490091932,02042026051150874,Success,
14007,Office,2294 Grady Springs,5550973000,02042026051150874,Success,
1667,Office,3963 Schoen Wall,2167217247,02042026051150874,Success,
14007,Office,472 Tatum Loaf,7777794662,02042026051150874,Success,
1667,Office,409 N Locust Street,4046842573,02042026051150874,Success,
14007,Office,4436 Glenda Shores,6525802557,02042026051150874,Success,
1667,Office,2938 Schuppe Village,6056589726,02042026051150874,Success,
14007,Office,138 Vandervort Route,1288643661,02042026051150874,Success,
1667,Office,26772 Sister Cape,7456695115,02042026051150874,Success,
14007,Office,382 Antoinette Wells,9827617022,02042026051150874,Success,
1667,Office,8461 Brendon Shoals,3447796954,02042026051150874,Success,
14007,Office,704 Hickory Street,6184860503,02042026051150874,Success,
1667,Office,8116 Brook Lane,5240756345,02042026051150874,Success,
14007,Office,6657 Simeon Union,9659671313,02042026051150874,Success,
1667,Office,773 Jaskolski Point,7953341109,02042026051150874,Success,
14007,Office,6005 Lynch Neck,9493537422,02042026051150874,Success,
1667,Office,86349 Railroad Avenue,1136963813,02042026051150874,Success,
14007,Office,48405 Leif Ramp,1801478835,02042026051150874,Success,
1667,Office,52606 Rhett Crossing,5389079126,02042026051150874,Success,
14007,Office,17380 Hoeger Creek,7412002622,02042026051150874,Success,
1667,Office,8618 Cheyenne Valleys,6693015621,02042026051150874,Success,
14007,Office,760 Hamill Way,6778729250,02042026051150874,Success,
1667,Office,880 Bethany Center,2588712177,02042026051150874,Success,
14007,Office,361 S Center Street,3071268188,02042026051150874,Success,
1667,Office,232 Wiza Curve,3406011950,02042026051150874,Success,
14007,Office,6289 Earline Meadows,9560826505,02042026051150874,Success,
1667,Office,4696 Lind Forest,6177425343,02042026051150874,Success,
14007,Office,185 S 3rd Street,8501414730,02042026051150874,Success,
1667,Office,415 Smith Circles,9873756758,02042026051150874,Success,
14007,Office,5692 Ortiz Cliff,9402493257,02042026051150874,Success,
1667,Office,52111 Birdie Turnpike,9153284437,02042026051150874,Success,
14007,Office,3738 Lincoln Avenue,3798712789,02042026051150874,Success,
1667,Office,41473 Kiarra Trail,6329910773,02042026051150874,Success,
14007,Office,74487 Kingfisher Close,9750912446,02042026051150874,Success,
1667,Office,448 McLaughlin Roads,1039429712,02042026051150874,Success,
14007,Office,21928 Johathan Flats,9092767721,02042026051150874,Success,
1667,Office,2833 Wisozk Junctions,1621607079,02042026051150874,Success,
14007,Office,8375 Hane Trail,9114773018,02042026051150874,Success,
1667,Office,92933 Long Lane,6428034160,02042026051150874,Success,
14007,Office,45951 Old Lane,1191586981,02042026051150874,Success,
1667,Office,5778 Isaias Ville,8298108806,02042026051150874,Success,
14007,Office,7440 Shields Pines,6389475327,02042026051150874,Success,
1667,Office,6509 O'Hara Via,2344508489,02042026051150874,Success,
14007,Office,20279 Broad Street,3719533616,02042026051150874,Success,
1667,Office,814 N Park Street,7444181835,02042026051150874,Success,
14007,Office,7054 Hauck Junction,5269776898,02042026051150874,Success,
1667,Office,92060 E Cedar Street,6501655728,02042026051150874,Success,
14007,Office,47511 Queen's Road,3084383853,02042026051150874,Success,
1667,Office,266 Heath Brook,9421721778,02042026051150874,Success,
14007,Office,424 Derick Land,7766208288,02042026051150874,Success,
1667,Office,32378 Letha Parkway,9012576147,02042026051150874,Success,
14007,Office,9521 Idell Run,7265757342,02042026051150874,Success,
1667,Office,1256 Megane Ports,9863742803,02042026051150874,Success,
14007,Office,8608 E 6th Street,1447096673,02042026051150874,Success,
1667,Office,977 Bruen Trafficway,4088591900,02042026051150874,Success,
14007,Office,7778 St Andrews Close,9110494415,02042026051150874,Success,
1667,Office,5680 Tiana Ports,1577570694,02042026051150874,Success,
14007,Office,97479 Geoffrey Manor,3543001009,02042026051150874,Success,
1667,Office,9442 Carrie Camp,2530080658,02042026051150874,Success,
14007,Office,5389 Prospect Avenue,3963932004,02042026051150874,Success,
1667,Office,6912 Jamel Ranch,2984547376,02042026051150874,Success,
14007,Office,60284 Koss Estate,8610427650,02042026051150874,Success,
1667,Office,6534 Maple Close,2382822658,02042026051150874,Success,
14007,Office,43981 Krajcik Fields,9576546073,02042026051150874,Success,
1667,Office,3195 West End,9311345269,02042026051150874,Success,
14007,Office,50466 Rohan Centers,8532693518,02042026051150874,Success,
1667,Office,37988 Durgan Corner,9748994176,02042026051150874,Success,
14007,Office,612 Kallie Turnpike,6820927683,02042026051150874,Success,
1667,Office,75737 Bartell Ramp,1941095395,02042026051150874,Success,
14007,Office,40906 Glebe Close,6852833070,02042026051150874,Success,
1667,Office,49601 Newton Road,2983634752,02042026051150874,Success,
14007,Office,8284 Bertha Ferry,4369634415,02042026051150874,Success,
1667,Office,847 Lawrence Street,9793171884,02042026051150874,Success,
14007,Office,509 Wyman Groves,3849232264,02042026051150874,Success,
1667,Office,4292 Wuckert Haven,2735416875,02042026051150874,Success,
14007,Office,41987 Manor Road,7639943101,02042026051150874,Success,
1667,Office,929 Bryana Rest,4992907056,02042026051150874,Success,
14007,Office,81979 Clifford Parkways,8455172631,02042026051150874,Success,
1667,Office,6746 Beech Road,6365639202,02042026051150874,Success,
14007,Office,38855 E 6th Avenue,7563524079,02042026051150874,Success,
1667,Office,20632 Marquardt Crest,8772265210,02042026051150874,Success,
14007,Office,10775 Anderson Cape,6027207892,02042026051150874,Success,
1667,Office,11389 Rashad Junctions,8797947650,02042026051150874,Success,
14007,Office,4068 W Park Street,7585941666,02042026051150874,Success,
1667,Office,2060 Derby Road,2334691689,02042026051150874,Success,
14007,Office,252 Marguerite Heights,5798179187,02042026051150874,Success,
1667,Office,48516 Becker Ports,1604821968,02042026051150874,Success,
14007,Office,4931 The Paddock,9885721669,02042026051150874,Success,
1667,Office,559 S Elm Street,5051787587,02042026051150874,Success,
14007,Office,38259 Lancaster Road,6686120942,02042026051150874,Success,
1667,Office,52146 Barton Centers,4436088661,02042026051150874,Success,
14007,Office,83360 Rafaela Canyon,9899462337,02042026051150874,Success,
1667,Office,1378 Kozey Groves,1335356049,02042026051150874,Success,
14007,Office,86785 Broadway Avenue,3268326543,02042026051150874,Success,
1667,Office,93154 Schultz Fords,3397931244,02042026051150874,Success,
14007,Office,485 Hudson Lock,1318540520,02042026051150874,Success,
1667,Office,3321 Grove Street,3689396812,02042026051150874,Success,
14007,Office,503 Hipolito Cliffs,1990446131,02042026051150874,Success,
1667,Office,252 High Street,7649510869,02042026051150874,Success,
14007,Office,5528 Roberto Spur,7790366422,02042026051150874,Success,
1667,Office,6413 Nitzsche Junction,2183547554,02042026051150874,Success,
14007,Office,985 E 6th Street,7451361978,02042026051150874,Success,
1667,Office,96794 Kilback Highway,1035207159,02042026051150874,Success,
14007,Office,50736 State Road,6223556436,02042026051150874,Success,
1667,Office,81819 Bernhard Lock,9146761567,02042026051150874,Success,
14007,Office,198 Shawn Loaf,7235800022,02042026051150874,Success,
1667,Office,53171 Lera Ridge,5756350013,02042026051150874,Success,
14007,Office,759 Johann Square,7623448329,02042026051150874,Success,
1667,Office,60608 E 10th Street,3531319033,02042026051150874,Success,
14007,Office,93901 Gorczany Coves,6582137250,02042026051150874,Success,
1667,Office,76980 Adrain Courts,6687876203,02042026051150874,Success,
14007,Office,392 Aleen Throughway,1558109185,02042026051150874,Success,
1667,Office,87277 Arnulfo Via,5459341665,02042026051150874,Success,
14007,Office,98696 Tillman Center,8106091610,02042026051150874,Success,
1667,Office,668 Jackie Shoals,9425716048,02042026051150874,Success,
14007,Office,1078 Washington Boulevard,9926901555,02042026051150874,Success,
1667,Office,25331 Columbia Avenue,2746080990,02042026051150874,Success,
14007,Office,4516 Veterans Memorial Drive,3113241432,02042026051150874,Success,
1667,Office,931 Kelli Garden,2322142800,02042026051150874,Success,
14007,Office,4514 Grady Passage,4046843384,02042026051150874,Success,
1667,Office,26513 N State Street,4690503767,02042026051150874,Success,
14007,Office,9488 Virgil Bridge,7519072489,02042026051150874,Success,
1667,Office,63887 State Line Road,8615956601,02042026051150874,Success,
14007,Office,81908 Elm Road,6572271990,02042026051150874,Success,
1667,Office,860 The Limes,1563056512,02042026051150874,Success,
14007,Office,8652 Emmanuel Terrace,4820063505,02042026051150874,Success,
1667,Office,96857 Armstrong Mills,9458013414,02042026051150874,Success,
14007,Office,16989 Deondre Knolls,6180828281,02042026051150874,Success,
1667,Office,39639 Manuel Bypass,8688675954,02042026051150874,Success,
14007,Office,419 The Oaks,1894831159,02042026051150874,Success,
1667,Office,839 Langosh Falls,6666854623,02042026051150874,Success,
14007,Office,546 Fadel Causeway,1371021160,02042026051150874,Success,
1667,Office,2885 Prohaska Views,1570814910,02042026051150874,Success,
14007,Office,891 Central Street,8263617037,02042026051150874,Success,
1667,Office,4237 School Street,7271445410,02042026051150874,Success,
14007,Office,83159 Ludie Way,9188373834,02042026051150874,Success,
1667,Office,42437 Sycamore Street,3444963973,02042026051150874,Success,
14007,Office,70093 Center Road,3462964389,02042026051150874,Success,
1667,Office,161 S 1st Avenue,6659482513,02042026051150874,Success,
14007,Office,646 Harber Bridge,3593254577,02042026051150874,Success,
1667,Office,43038 Grove Street,8758649103,02042026051150874,Success,
14007,Office,699 Stamm Place,8939518636,02042026051150874,Success,
1667,Office,1864 Woodland Road,8705946454,02042026051150874,Success,
14007,Office,4593 Mill Road,2148976203,02042026051150874,Success,
1667,Office,66771 Nelson Light,4322605427,02042026051150874,Success,
14007,Office,9348 Langworth Wall,4107163379,02042026051150874,Success,
1667,Office,538 Shawn Isle,6530085909,02042026051150874,Success,
14007,Office,396 Sycamore Close,5031639141,02042026051150874,Success,
1667,Office,67724 S Church Street,3913327678,02042026051150874,Success,
14007,Office,862 Simonis Crest,3530290874,02042026051150874,Success,
1667,Office,2929 Quigley Ridge,1902756216,02042026051150874,Success,
14007,Office,1211 Nicole Viaduct,5157061149,02042026051150874,Success,
1667,Office,9792 Ayden Stream,6791193809,02042026051150874,Success,
14007,Office,85392 Springfield Road,9787092753,02042026051150874,Success,
1667,Office,8743 Ferry Views,2663455208,02042026051150874,Success,
14007,Office,20053 Monserrat Mountains,9176168398,02042026051150874,Success,
1667,Office,863 Frami Land,4897905303,02042026051150874,Success,
14007,Office,86880 Alexis Light,9704294262,02042026051150874,Success,
1667,Office,81129 W Monroe Street,9508431346,02042026051150874,Success,
14007,Office,768 N Monroe Street,9458029333,02042026051150874,Success,
1667,Office,9928 Carroll Mountains,7213376228,02042026051150874,Success,
14007,Office,995 Barrows Forges,5585142132,02042026051150874,Success,
1667,Office,599 Tillman Trafficway,7074191043,02042026051150874,Success,
14007,Office,7858 Heaney Forge,5430313822,02042026051150874,Success,
1667,Office,35729 Laura Cape,1014439586,02042026051150874,Success,
14007,Office,35660 Berenice Creek,2441512324,02042026051150874,Success,
1667,Office,269 Brett Causeway,6284681603,02042026051150874,Success,
14007,Office,590 S Jackson Street,7977226098,02042026051150874,Success,
1667,Office,327 Konopelski Villages,2349091388,02042026051150874,Success,
14007,Office,41640 Barry Glens,1924184402,02042026051150874,Success,
1667,Office,82068 Torrey Lake,9750475135,02042026051150874,Success,
14007,Office,99834 Borer Spur,6590225330,02042026051150874,Success,
1667,Office,7249 Windsor Drive,3288807825,02042026051150874,Success,
14007,Office,93236 Maureen Via,1547219615,02042026051150874,Success,
1667,Office,6036 Adriana Orchard,1720175637,02042026051150874,Success,
14007,Office,6715 Trisha Glens,3448329915,02042026051150874,Success,
1667,Office,9421 Lavina Plain,5854592561,02042026051150874,Success,
14007,Office,706 Durgan Key,7613833294,02042026051150874,Success,
1667,Office,37323 Eduardo Mall,8782277644,02042026051150874,Success,
14007,Office,365 Keeling Ford,5967076735,02042026051150874,Success,
1667,Office,727 Sam Center,5836599811,02042026051150874,Success,
14007,Office,551 Quarry Lane,1584885841,02042026051150874,Success,
1667,Office,7761 Quarry Lane,7534693883,02042026051150874,Success,
14007,Office,34599 Somerset Road,4295618475,02042026051150874,Success,
1667,Office,58556 Moen Grove,7246935129,02042026051150874,Success,
14007,Office,790 Clara Garden,2837839676,02042026051150874,Success,
1667,Office,92089 Caroline Plain,3857588723,02042026051150874,Success,
14007,Office,60641 Marlin Trail,7088830068,02042026051150874,Success,
1667,Office,75462 12th Street,4363185270,02042026051150874,Success,
14007,Office,53882 Delphia Villages,9770575253,02042026051150874,Success,
1667,Office,1836 Cow Lane,8658212832,02042026051150874,Success,
14007,Office,121 Vine Street,5477735827,02042026051150874,Success,
1667,Office,4332 Newton Road,7533936903,02042026051150874,Success,
14007,Office,809 S Church Street,5927967404,02042026051150874,Success,
1667,Office,88339 Gleason Extensions,1983303270,02042026051150874,Success,
14007,Office,27640 Franey Key,7815272148,02042026051150874,Success,
1667,Office,450 Dalton Fort,5010406025,02042026051150874,Success,
14007,Office,77814 Tabitha Field,2689608910,02042026051150874,Success,
1667,Office,887 Franey Falls,4160325583,02042026051150874,Success,
14007,Office,1349 Hailie Parkways,1267353549,02042026051150874,Success,
1667,Office,8166 Lavinia Landing,9332589577,02042026051150874,Success,
14007,Office,81912 Cedar Road,9142743854,02042026051150874,Success,
1667,Office,57836 Sipes Run,5212496978,02042026051150874,Success,
14007,Office,213 S Broad Street,5627924426,02042026051150874,Success,
1667,Office,1571 Kuvalis Expressway,6152541290,02042026051150874,Success,
14007,Office,806 E Bridge Street,2557240417,02042026051150874,Success,
1667,Office,60857 Josefa Crest,1568260294,02042026051150874,Success,
14007,Office,1563 S 4th Street,3136080965,02042026051150874,Success,
1667,Office,46537 Armstrong Mountains,4421505046,02042026051150874,Success,
14007,Office,981 Legros Junction,3093636149,02042026051150874,Success,
1667,Office,95129 Damien Club,7309811066,02042026051150874,Success,
14007,Office,22913 Cross Street,9422511511,02042026051150874,Success,
1667,Office,385 Carole Trail,6520582480,02042026051150874,Success,
14007,Office,105 Hagenes Mount,2065303465,02042026051150874,Success,
1667,Office,55039 Dolores Junctions,3854719785,02042026051150874,Success,
14007,Office,12204 Wood Lane,5494075614,02042026051150874,Success,
1667,Office,6431 Thad Gateway,4255651353,02042026051150874,Success,
14007,Office,76817 W Main Street,7776943027,02042026051150874,Success,
1667,Office,1364 Borer Mill,5230251662,02042026051150874,Success,
14007,Office,1782 W Broadway,7448152300,02042026051150874,Success,
1667,Office,72722 Muriel Green,2508390106,02042026051150874,Success,
14007,Office,452 Harrison Avenue,8059270818,02042026051150874,Success,
1667,Office,19515 Thiel Summit,1677519661,02042026051150874,Success,
14007,Office,662 Emile Mountain,1349388035,02042026051150874,Success,
1667,Office,643 James Street,2238253561,02042026051150874,Success,
14007,Office,7357 Tyrese Course,2324394103,02042026051150874,Success,
1667,Office,7180 Scot Springs,9314285363,02042026051150874,Success,
14007,Office,1083 Araceli Avenue,2662000710,02042026051150874,Success,
1667,Office,63498 Archibald Trail,9761519273,02042026051150874,Success,
14007,Office,488 Spruce Street,8806300289,02042026051150874,Success,
1667,Office,2611 Von Highway,5553335275,02042026051150874,Success,
14007,Office,303 Hartmann Ranch,7718803556,02042026051150874,Success,
1667,Office,5820 E Washington Avenue,4034807740,02042026051150874,Success,
14007,Office,472 Yessenia Dale,5222800008,02042026051150874,Success,
1667,Office,731 Ledner Light,9675192395,02042026051150874,Success,
14007,Office,20130 Goodwin Wells,3634152338,02042026051150874,Success,
1667,Office,165 Amparo Villages,7155291131,02042026051150874,Success,
14007,Office,829 Uriel Shoal,2343417738,02042026051150874,Success,
1667,Office,171 Princess Street,1376865301,02042026051150874,Success,
14007,Office,58201 Lansdowne Road,4565278956,02042026051150874,Success,
1667,Office,800 E Washington Avenue,1984212457,02042026051150874,Success,
14007,Office,6805 Lesch Track,9555272904,02042026051150874,Success,
1667,Office,5056 Woodlands Close,6025478673,02042026051150874,Success,
14007,Office,5396 Schuppe Shoal,5922633546,02042026051150874,Success,
1667,Office,244 Hill Street,8820128373,02042026051150874,Success,
14007,Office,674 Jada Green,2894268651,02042026051150874,Success,
1667,Office,890 Torp Mountains,9752741638,02042026051150874,Success,
14007,Office,7589 Kaylah Camp,3349266617,02042026051150874,Success,
1667,Office,65526 Hoppe Parkways,9010168435,02042026051150874,Success,
14007,Office,5200 W Chestnut Street,9344970742,02042026051150874,Success,
1667,Office,40565 Madison Avenue,1643763503,02042026051150874,Success,
14007,Office,5632 Wehner Mountains,4391830924,02042026051150874,Success,
1667,Office,9666 Murphy Cliff,4494849217,02042026051150874,Success,
14007,Office,5089 Lydia Walks,7118695251,02042026051150874,Success,
1667,Office,2040 S Center Street,1417844857,02042026051150874,Success,
14007,Office,4072 Balistreri Land,3173802623,02042026051150874,Success,
1667,Office,40431 Dicki Manors,1109274740,02042026051150874,Success,
14007,Office,57260 Morar Parkway,9921646651,02042026051150874,Success,
1667,Office,23609 Stokes Ridges,3144231914,02042026051150874,Success,
14007,Office,29710 Kaia Burg,8279443797,02042026051150874,Success,
1667,Office,79881 Windermere Road,9214311782,02042026051150874,Success,
14007,Office,90137 Hazel Grove,8404431984,02042026051150874,Success,
1667,Office,10810 Wuckert Tunnel,5108794670,02042026051150874,Success,
14007,Office,350 Macejkovic Drives,2498747610,02042026051150874,Success,
1667,Office,521 Wilson Crest,1050004678,02042026051150874,Success,
14007,Office,45627 Union Street,5031047541,02042026051150874,Success,
1667,Office,802 Luettgen Plaza,2083214154,02042026051150874,Success,
14007,Office,7279 Annie Orchard,2838328607,02042026051150874,Success,
1667,Office,52413 Asia Knoll,1608690354,02042026051150874,Success,
14007,Office,256 McGlynn Forge,7987691969,02042026051150874,Success,
1667,Office,421 S Oak Street,4337931173,02042026051150874,Success,
14007,Office,93899 5th Street,4105808293,02042026051150874,Success,
1667,Office,53630 Clifton Road,2158327661,02042026051150874,Success,
14007,Office,7557 Hickory Street,8408315565,02042026051150874,Success,
1667,Office,752 Beahan Union,9893721672,02042026051150874,Success,
14007,Office,8204 Wilfred Heights,8269859711,02042026051150874,Success,
1667,Office,435 Columbus Road,3684005119,02042026051150874,Success,
14007,Office,69646 Toney Pines,1775126268,02042026051150874,Success,
1667,Office,372 Isabella Estate,8667009124,02042026051150874,Success,
14007,Office,83526 Jones Unions,3432101585,02042026051150874,Success,
1667,Office,5839 Manor Gardens,6749991422,02042026051150874,Success,
14007,Office,994 Selmer Mountain,9976771501,02042026051150874,Success,
1667,Office,14307 Angeline Extension,8357740279,02042026051150874,Success,
14007,Office,94743 O'Kon Views,5174138537,02042026051150874,Success,
1667,Office,61160 E Water Street,4068482929,02042026051150874,Success,
14007,Office,739 Bedford Road,3088202878,02042026051150874,Success,
1667,Office,686 Willow Road,2848366282,02042026051150874,Success,
14007,Office,5532 Hoeger Forge,9733727033,02042026051150874,Success,
1667,Office,484 Princess Street,3394971277,02042026051150874,Success,
14007,Office,4233 Carmel Streets,7063964236,02042026051150874,Success,
1667,Office,51608 Sunny Pass,5969650979,02042026051150874,Success,
14007,Office,697 Ashley Curve,2417667250,02042026051150874,Success,
1667,Office,507 Willms Mount,5018173457,02042026051150874,Success,
14007,Office,7922 S 2nd Street,9548291107,02042026051150874,Success,
1667,Office,28308 Kreiger Fork,6544278956,02042026051150874,Success,
14007,Office,9164 Terry Mews,6244327908,02042026051150874,Success,
1667,Office,66475 Fern Spur,5422624854,02042026051150874,Success,
14007,Office,3128 McCullough Spur,6920121186,02042026051150874,Success,
1667,Office,9728 Edwardo Vista,2793249892,02042026051150874,Success,
14007,Office,2091 Emerald Terrace,1182901087,02042026051150874,Success,
1667,Office,42860 Honeysuckle Close,4451024810,02042026051150874,Success,
14007,Office,87446 Franey Heights,5039406536,02042026051150874,Success,
1667,Office,1198 Lake Drive,6788875730,02042026051150874,Success,
14007,Office,64135 Moriah Loop,4714850032,02042026051150874,Success,
1667,Office,5828 Leffler Meadows,1519882948,02042026051150874,Success,
14007,Office,92202 Haylie Oval,5467961680,02042026051150874,Success,
1667,Office,36851 Adams Avenue,3381725079,02042026051150874,Success,
14007,Office,7805 Crown Street,2775137167,02042026051150874,Success,
1667,Office,85768 Jaren Knoll,2534105736,02042026051150874,Success,
14007,Office,87073 Bridgette Fort,2913992556,02042026051150874,Success,
1667,Office,10268 Marquise Way,2153232906,02042026051150874,Success,
14007,Office,62735 Meadow Drive,3186916317,02042026051150874,Success,
1667,Office,758 Belmont Road,1625224080,02042026051150874,Success,
14007,Office,6316 E Union Street,5108505311,02042026051150874,Success,
1667,Office,7852 Wellington Road,9662306789,02042026051150874,Success,
14007,Office,5740 Hawthorn Avenue,3432344708,02042026051150874,Success,
1667,Office,487 Main Street W,8890463553,02042026051150874,Success,
14007,Office,3731 Izabella Cape,1542969028,02042026051150874,Success,
1667,Office,49008 Fourth Avenue,4948250380,02042026051150874,Success,
14007,Office,81544 Howell Lights,1584289328,02042026051150874,Success,
1667,Office,41358 Lucienne Hill,4897076896,02042026051150874,Success,
14007,Office,28965 North Road,1619985841,02042026051150874,Success,
1667,Office,641 Lubowitz View,1401715517,02042026051150874,Success,
14007,Office,85855 N 2nd Street,4156495570,02042026051150874,Success,
1667,Office,828 Conrad Heights,1945603860,02042026051150874,Success,
14007,Office,96623 Abbey Road,1995288148,02042026051150874,Success,
1667,Office,39691 Station Road,6445519108,02042026051150874,Success,
14007,Office,38888 Gleichner Valley,7095112777,02042026051150874,Success,
1667,Office,9589 Davion Loop,3579799721,02042026051150874,Success,
14007,Office,30015 Lyla Gateway,8672494413,02042026051150874,Success,
1667,Office,166 Meggie Walk,7823932766,02042026051150874,Success,
14007,Office,9111 Brandt Crescent,6814555734,02042026051150874,Success,
1667,Office,2097 Evelyn Highway,1823894067,02042026051150874,Success,
14007,Office,5224 Constantin Drive,2434067376,02042026051150874,Success,
1667,Office,7808 Kreiger Parkways,9351253177,02042026051150874,Success,
14007,Office,82597 Bins Ways,2094133721,02042026051150874,Success,
1667,Office,61216 Cambridge Street,6983340711,02042026051150874,Success,
14007,Office,584 N Poplar Street,4701318551,02042026051150874,Success,
1667,Office,11020 Coronation Road,5409643770,02042026051150874,Success,
14007,Office,917 N High Street,3612826787,02042026051150874,Success,
1667,Office,58456 N 8th Street,9381850156,02042026051150874,Success,
14007,Office,614 N Main Avenue,2443412326,02042026051150874,Success,
1667,Office,65725 Rectory Lane,6448933930,02042026051150874,Success,
14007,Office,290 Canal Street,4694451904,02042026051150874,Success,
1667,Office,1991 Harvey Spurs,1311746602,02042026051150874,Success,
14007,Office,3140 Market Street,1389118590,02042026051150874,Success,
1667,Office,77038 E Bridge Street,8281286381,02042026051150874,Success,
14007,Office,6626 Greenwood Road,3659500926,02042026051150874,Success,
1667,Office,4456 Turcotte Parkway,1062578756,02042026051150874,Success,
14007,Office,6935 N Union Street,9462937830,02042026051150874,Success,
1667,Office,738 Alexandra Road,5473031551,02042026051150874,Success,
14007,Office,311 Koch View,6394788418,02042026051150874,Success,
1667,Office,965 Miller Via,3071761041,02042026051150874,Success,
14007,Office,9304 Harvey Pike,6324793287,02042026051150874,Success,
1667,Office,7017 Baron Crossing,5533450804,02042026051150874,Success,
14007,Office,12666 Hyatt Camp,9267743500,02042026051150874,Success,
1667,Office,8428 Wiza Islands,5436161925,02042026051150874,Success,
14007,Office,610 Jakubowski Pass,6321118609,02042026051150874,Success,
1667,Office,81394 Harber Road,3981183417,02042026051150874,Success,
14007,Office,84418 Estelle Hill,9528819956,02042026051150874,Success,
1667,Office,3045 Leila Underpass,3797943054,02042026051150874,Success,
14007,Office,45366 Kessler Curve,6492163998,02042026051150874,Success,
1667,Office,52932 Heloise Mountains,1198281176,02042026051150874,Success,
14007,Office,929 Howard Road,2833001096,02042026051150874,Success,
1667,Office,9376 Newell Keys,4760464933,02042026051150874,Success,
14007,Office,2905 Albany Road,7733004682,02042026051150874,Success,
1667,Office,885 Cormier Burgs,2398639615,02042026051150874,Success,
14007,Office,8467 Crona Plaza,2772159235,02042026051150874,Success,
1667,Office,82997 Rolfson Orchard,1822121070,02042026051150874,Success,
14007,Office,109 Jada Drive,3037812985,02042026051150874,Success,
1667,Office,6038 Lancaster Road,2532206233,02042026051150874,Success,
14007,Office,17404 Columbia Avenue,1910360963,02042026051150874,Success,
1667,Office,287 Jarrod Radial,2689281332,02042026051150874,Success,
14007,Office,522 Park Drive,7954299285,02042026051150874,Success,
1667,Office,844 W 8th Street,5156454039,02042026051150874,Success,
14007,Office,7764 Gleichner Gateway,6561716435,02042026051150874,Success,
1667,Office,816 Donnelly Trail,9255022117,02042026051150874,Success,
14007,Office,92846 Antonia Vista,6184840433,02042026051150874,Success,
1667,Office,1056 Lincoln Street,6905118035,02042026051150874,Success,
14007,Office,8157 Tillman Ville,2125559090,02042026051150874,Success,
1667,Office,3932 Norbert Garden,4449879299,02042026051150874,Success,
14007,Office,8644 Josie Station,7882493117,02042026051150874,Success,
1667,Office,92361 Woodland Close,2605230911,02042026051150874,Success,
14007,Office,9319 Pine Street,8391712572,02042026051150874,Success,
1667,Office,241 Antoinette Crescent,7178504330,02042026051150874,Success,
14007,Office,836 Lexi Terrace,7983513210,02042026051150874,Success,
1667,Office,9152 Eulalia Manors,5852611726,02042026051150874,Success,
14007,Office,596 Wilhelmine Rapids,9452796717,02042026051150874,Success,
1667,Office,9024 Jimmy Harbor,8472543424,02042026051150874,Success,
14007,Office,57333 W 6th Avenue,6113389322,02042026051150874,Success,
1667,Office,8997 Johnson Street,2578846565,02042026051150874,Success,
14007,Office,49737 Hoppe Spur,4489076377,02042026051150874,Success,
1667,Office,3561 Connelly Crest,1195963425,02042026051150874,Success,
14007,Office,8448 N Court Street,4508131158,02042026051150874,Success,
1667,Office,5224 Botsford Islands,7354866188,02042026051150874,Success,
14007,Office,6632 Kessler Village,7595244854,02042026051150874,Success,
1667,Office,75069 Mills Lights,3095718432,02042026051150874,Success,
14007,Office,11978 Goyette Crossing,3425203499,02042026051150874,Success,
1667,Office,50499 Telly Bypass,4796915886,02042026051150874,Success,
14007,Office,94835 W 5th Street,1194679924,02042026051150874,Success,
1667,Office,55586 Highfield Close,8729152449,02042026051150874,Success,
14007,Office,57417 The Beeches,4798845049,02042026051150874,Success,
1667,Office,676 Kendall Greens,8416903692,02042026051150874,Success,
14007,Office,25271 W Pine Street,2739457791,02042026051150874,Success,
1667,Office,308 King's Road,2190787509,02042026051150874,Success,
14007,Office,95068 Jedediah Courts,9495919147,02042026051150874,Success,
1667,Office,540 Monserrate Junctions,6158347946,02042026051150874,Success,
14007,Office,74987 Wilkinson Causeway,7668381201,02042026051150874,Success,
1667,Office,1159 Vernie Plain,1427857112,02042026051150874,Success,
14007,Office,4054 Braden Vista,2578825620,02042026051150874,Success,
1667,Office,5660 Buckingham Road,3876330627,02042026051150874,Success,
14007,Office,195 Vicarage Close,7222519553,02042026051150874,Success,
1667,Office,343 Walnut Close,6614954231,02042026051150874,Success,
14007,Office,15688 Elvie Union,6716055380,02042026051150874,Success,
1667,Office,1291 Nia Parkway,8485949186,02042026051150874,Success,
14007,Office,854 Reinhold Summit,2448203998,02042026051150874,Success,
1667,Office,53928 E Elm Street,5728353806,02042026051150874,Success,
14007,Office,413 Emmanuel Heights,2991742442,02042026051150874,Success,
1667,Office,9418 Howell Drive,1813752594,02042026051150874,Success,
14007,Office,52424 Beech Drive,8242525749,02042026051150874,Success,
1667,Office,9016 Mustafa Groves,5570589673,02042026051150874,Success,
14007,Office,5473 Brendan Locks,2761339582,02042026051150874,Success,
1667,Office,759 Brook Lane,5782990670,02042026051150874,Success,
14007,Office,1825 Wuckert Fort,8448652106,02042026051150874,Success,
1667,Office,823 Darrel Common,8995001907,02042026051150874,Success,
14007,Office,7191 Sycamore Drive,9447218345,02042026051150874,Success,
1667,Office,1731 Bryon River,9862208809,02042026051150874,Success,
14007,Office,36928 Rudolph Trace,3661911883,02042026051150874,Success,
1667,Office,9668 Hagenes River,2204749668,02042026051150874,Success,
14007,Office,132 Gabriella Causeway,3591817672,02042026051150874,Success,
1667,Office,418 Cade Meadow,1130643704,02042026051150874,Success,
14007,Office,843 Bernie Estate,1124588977,02042026051150874,Success,
1667,Office,82714 Sandringham Road,4567113933,02042026051150874,Success,
14007,Office,258 N Division Street,6609201570,02042026051150874,Success,
1667,Office,983 Mauricio Road,3912367795,02042026051150874,Success,
14007,Office,481 The Laurels,5351716976,02042026051150874,Success,
1667,Office,47749 Swaniawski Lake,3254655240,02042026051150874,Success,
14007,Office,423 Bartell Grove,9494860999,02042026051150874,Success,
1667,Office,2351 Corene Crest,4099530294,02042026051150874,Success,
14007,Office,44180 E 9th Street,3106606027,02042026051150874,Success,
1667,Office,5858 Sabryna Pike,8388192463,02042026051150874,Success,
14007,Office,68675 Reichel Club,1360618122,02042026051150874,Success,
1667,Office,854 13th Street,4185411870,02042026051150874,Success,
14007,Office,102 Lauren Field,3695630545,02042026051150874,Success,
1667,Office,50318 Joseph Field,2398316532,02042026051150874,Success,
14007,Office,527 Manchester Road,8041547663,02042026051150874,Success,
1667,Office,694 Ariane Lane,3502386808,02042026051150874,Success,
14007,Office,64864 Lesch Forest,6354325401,02042026051150874,Success,
1667,Office,19473 Kuvalis Alley,5604043701,02042026051150874,Success,
14007,Office,188 W Bridge Street,7392910535,02042026051150874,Success,
1667,Office,94128 Jaleel Rest,2802397128,02042026051150874,Success,
14007,Office,60685 Stamm Fall,6343723596,02042026051150874,Success,
1667,Office,798 S 4th Street,3080621021,02042026051150874,Success,
14007,Office,8358 S 3rd Street,7165831654,02042026051150874,Success,
1667,Office,982 First Street,1714001258,02042026051150874,Success,
14007,Office,264 Mount Pleasant,4827053780,02042026051150874,Success,
1667,Office,44571 Lansdowne Road,1871793349,02042026051150874,Success,
14007,Office,7017 Legros Spurs,1244690075,02042026051150874,Success,
1667,Office,5473 Roger Divide,9868977278,02042026051150874,Success,
14007,Office,654 Lucio Trace,3647295199,02042026051150874,Success,
1667,Office,4926 Walker Creek,2637349694,02042026051150874,Success,
14007,Office,82210 Hintz Trafficway,1898642723,02042026051150874,Success,
1667,Office,6883 Keeling Pines,5231129718,02042026051150874,Success,
14007,Office,24421 Von Station,6665360686,02042026051150874,Success,
1667,Office,236 Damian Underpass,9269460890,02042026051150874,Success,
14007,Office,5026 Klocko Valleys,6272368450,02042026051150874,Success,
1667,Office,29286 June Hills,9534536018,02042026051150874,Success,
14007,Office,49183 Mills Fields,5346697598,02042026051150874,Success,
1667,Office,16216 Eldred Haven,1092646832,02042026051150874,Success,
14007,Office,6567 Rolfson Way,5548178687,02042026051150874,Success,
1667,Office,66931 Jermey Land,9839798031,02042026051150874,Success,
14007,Office,1591 Deontae Mountains,5144897774,02042026051150874,Success,
1667,Office,5630 Boehm Coves,9170448299,02042026051150874,Success,
14007,Office,9131 E Elm Street,1750301970,02042026051150874,Success,
1667,Office,5952 Elyssa Burg,7721575957,02042026051150874,Success,
14007,Office,5784 Audreanne Meadow,2357227338,02042026051150874,Success,
1667,Office,75709 Melisa Cape,6007497416,02042026051150874,Success,
14007,Office,38260 Myrna Row,6942081542,02042026051150874,Success,
1667,Office,310 Rey Fork,2703266427,02042026051150874,Success,
14007,Office,6885 Cummings Light,1860559677,02042026051150874,Success,
1667,Office,79565 Albertha Wells,4551482144,02042026051150874,Success,
14007,Office,62520 Hodkiewicz Extension,7917242597,02042026051150874,Success,
1667,Office,8715 S Jackson Street,6245810987,02042026051150874,Success,
14007,Office,2093 Yew Tree Close,7181287709,02042026051150874,Success,
1667,Office,68674 Lindgren Crescent,5698176000,02042026051150874,Success,
14007,Office,4358 Murray Underpass,7165757793,02042026051150874,Success,
1667,Office,99477 Haleigh Bridge,5455805664,02042026051150874,Success,
14007,Office,6176 S Broadway,3303180783,02042026051150874,Success,
1667,Office,584 Jenkins Extensions,9945965377,02042026051150874,Success,
14007,Office,4774 Ophelia Drives,1516360275,02042026051150874,Success,
1667,Office,185 Post Road,5109156537,02042026051150874,Success,
14007,Office,701 Dax Centers,1039779650,02042026051150874,Success,
1667,Office,508 E Broad Street,2798963836,02042026051150874,Success,
14007,Office,950 Stanton Lane,9354786799,02042026051150874,Success,
1667,Office,368 Feeney Crossing,4027316853,02042026051150874,Success,
14007,Office,830 Hoeger Inlet,4096632294,02042026051150874,Success,
1667,Office,3824 Murphy Fall,1910790215,02042026051150874,Success,
14007,Office,692 Swaniawski Stream,3257901781,02042026051150874,Success,
1667,Office,278 N Railroad Street,6668127912,02042026051150874,Success,
14007,Office,564 Rhianna Dale,9983203773,02042026051150874,Success,
1667,Office,116 Stokes Rest,4377800011,02042026051150874,Success,
14007,Office,5219 York Street,4841930430,02042026051150874,Success,
1667,Office,379 Maxie Summit,6009948978,02042026051150874,Success,
14007,Office,18141 Torphy Shores,1948734047,02042026051150874,Success,
1667,Office,86849 Kaley Loaf,1729691534,02042026051150874,Success,
14007,Office,618 Rohan Views,3948200120,02042026051150874,Success,
1667,Office,2507 Charles Street,3604579276,02042026051150874,Success,
14007,Office,954 N 5th Street,3666238549,02042026051150874,Success,
1667,Office,957 Orn Field,5162859089,02042026051150874,Success,
14007,Office,90579 Wiegand Radial,9306608352,02042026051150874,Success,
1667,Office,7081 Toy Glens,9505645155,02042026051150874,Success,
14007,Office,4371 Leonardo Underpass,5830112285,02042026051150874,Success,
1667,Office,45500 Oak Avenue,7306568829,02042026051150874,Success,
14007,Office,951 Auer Overpass,1278858019,02042026051150874,Success,
1667,Office,6384 E 6th Avenue,4795530899,02042026051150874,Success,
14007,Office,627 South Avenue,6936046272,02042026051150874,Success,
1667,Office,93097 Weber Hollow,5188954195,02042026051150874,Success,
14007,Office,42697 Abigayle Walk,4447569084,02042026051150874,Success,
1667,Office,354 Maci Track,6366803650,02042026051150874,Success,
14007,Office,543 Effertz River,7394266182,02042026051150874,Success,
1667,Office,1440 Leanne Crest,3455820756,02042026051150874,Success,
14007,Office,41470 Lake Street,5009973610,02042026051150874,Success,
1667,Office,337 Okuneva Groves,4351200758,02042026051150874,Success,
14007,Office,7441 Smith Common,1429517536,02042026051150874,Success,
1667,Office,50508 Vladimir Corner,4434539388,02042026051150874,Success,
14007,Office,592 N Washington Avenue,9853010897,02042026051150874,Success,
1667,Office,8572 Little Flats,2252468219,02042026051150874,Success,
14007,Office,3683 McCullough Point,1813158063,02042026051150874,Success,
1667,Office,23452 Church View,3239450942,02042026051150874,Success,
14007,Office,2300 Marley Course,8711206007,02042026051150874,Success,
1667,Office,31036 Fourth Avenue,7846775991,02042026051150874,Success,
14007,Office,9992 The Limes,6870952633,02042026051150874,Success,
1667,Office,87049 Auer Heights,9944955286,02042026051150874,Success,
14007,Office,891 Berge Ranch,8580865157,02042026051150874,Success,
1667,Office,92332 Upton Gateway,4765989875,02042026051150874,Success,
14007,Office,9741 Rosario Drive,8859287189,02042026051150874,Success,
1667,Office,712 Adams Avenue,3564251973,02042026051150874,Success,
14007,Office,5962 Abner Shores,8936665881,02042026051150874,Success,
1667,Office,2948 Park Avenue,7278742148,02042026051150874,Success,
14007,Office,813 Jefferson Avenue,1981677826,02042026051150874,Success,
1667,Office,95080 Gleason Village,2634495115,02042026051150874,Success,
14007,Office,51530 Miller Mission,7039080944,02042026051150874,Success,
1667,Office,32031 Theron Walks,8366407182,02042026051150874,Success,
14007,Office,7468 Prospect Street,5718440112,02042026051150874,Success,
1667,Office,10862 Hoppe Grove,8465845395,02042026051150874,Success,
14007,Office,340 Ratke Pass,8682153530,02042026051150874,Success,
1667,Office,2807 Chauncey Ferry,9485223787,02042026051150874,Success,
14007,Office,868 N Main Avenue,4303318522,02042026051150874,Success,
1667,Office,36500 Castle Close,1345721724,02042026051150874,Success,
14007,Office,7232 Greenholt Mall,1469147684,02042026051150874,Success,
1667,Office,9246 Blanda Highway,4961210867,02042026051150874,Success,
14007,Office,74949 Windsor Drive,9959698698,02042026051150874,Success,
1667,Office,354 Raynor Wall,6238682998,02042026051150874,Success,
14007,Office,69807 Railroad Street,2771608312,02042026051150874,Success,
1667,Office,203 Bashirian Crescent,4580006458,02042026051150874,Success,
14007,Office,37826 Maggio Rue,4977415109,02042026051150874,Success,
1667,Office,207 Alvah Haven,7404171696,02042026051150874,Success,
14007,Office,9569 Lakin Cape,8685801069,02042026051150874,Success,
1667,Office,726 Armando Shoals,4519388005,02042026051150874,Success,
14007,Office,2038 Low Road,4684120635,02042026051150874,Success,
1667,Office,471 Morissette Mill,9632306718,02042026051150874,Success,
14007,Office,819 Kailey Club,2665164875,02042026051150874,Success,
1667,Office,3934 Aisha Alley,5705070549,02042026051150874,Success,
14007,Office,96279 Water Lane,8477580865,02042026051150874,Success,
1667,Office,830 Park Drive,9283254264,02042026051150874,Success,
14007,Office,664 Cemetery Road,8712803940,02042026051150874,Success,
1667,Office,10684 Meadow Drive,5261122056,02042026051150874,Success,
14007,Office,228 Emilio Square,4036742515,02042026051150874,Success,
1667,Office,7142 S 3rd Street,2624669763,02042026051150874,Success,
14007,Office,8648 Torp Junctions,2152497250,02042026051150874,Success,
1667,Office,6631 Reinger Lakes,1141375705,02042026051150874,Success,
14007,Office,9341 Presley Park,6854231660,02042026051150874,Success,
1667,Office,676 Cremin Highway,1360182336,02042026051150874,Success,
14007,Office,893 Maple Avenue,7721145931,02042026051150874,Success,
1667,Office,1976 E 10th Street,1239780135,02042026051150874,Success,
14007,Office,6680 Madelyn Spurs,5766106339,02042026051150874,Success,
1667,Office,8469 Walter Orchard,6911374738,02042026051150874,Success,
14007,Office,4114 Cummerata Point,6273903663,02042026051150874,Success,
1667,Office,525 Valley Road,6679147434,02042026051150874,Success,
14007,Office,57753 Garrison Cliffs,5386794659,02042026051150874,Success,
1667,Office,6601 Jess Park,6763990777,02042026051150874,Success,
14007,Office,8654 Richie Field,4472723788,02042026051150874,Success,
1667,Office,46768 York Street,9510817984,02042026051150874,Success,
14007,Office,49364 Will Roads,3665134445,02042026051150874,Success,
1667,Office,948 Frami Lock,1744833794,02042026051150874,Success,
14007,Office,826 Travon Turnpike,2209496273,02042026051150874,Success,
1667,Office,395 Bell Knoll,1421867838,02042026051150874,Success,
14007,Office,744 Stanton Lock,9108890428,02042026051150874,Success,
1667,Office,28290 Wolf Terrace,2350482664,02042026051150874,Success,
14007,Office,8790 S Bridge Street,7559833242,02042026051150874,Success,
1667,Office,81976 Ola Route,9549245220,02042026051150874,Success,
14007,Office,3379 Moen Unions,3131167620,02042026051150874,Success,
1667,Office,849 Parisian Fords,7675408773,02042026051150874,Success,
14007,Office,477 Smith Plains,8045675161,02042026051150874,Success,
1667,Office,602 Princess Street,1999039951,02042026051150874,Success,
14007,Office,5351 Carol Hills,3317094949,02042026051150874,Success,
1667,Office,3946 Jenkins Mews,4991231016,02042026051150874,Success,
14007,Office,2634 Field Lane,8142836198,02042026051150874,Success,
1667,Office,846 Paxton Pines,3265375849,02042026051150874,Success,
14007,Office,20531 W 11th Street,9261511470,02042026051150874,Success,
1667,Office,15508 Bridge Road,3249611340,02042026051150874,Success,
14007,Office,99420 Colin Haven,2355221563,02042026051150874,Success,
1667,Office,84201 Ratke Ports,1768094331,02042026051150874,Success,
14007,Office,70896 Wintheiser Way,8900868422,02042026051150874,Success,
1667,Office,4826 Wisoky Brook,9402062199,02042026051150874,Success,
14007,Office,9097 Aspen Close,7548394943,02042026051150874,Success,
1667,Office,94222 Prospect Avenue,3244631852,02042026051150874,Success,
14007,Office,19275 Wilburn Radial,1533390524,02042026051150874,Success,
1667,Office,232 S West Street,9236805145,02042026051150874,Success,
14007,Office,7005 W Market Street,3369940219,02042026051150874,Success,
1667,Office,46358 Kieran Junction,6993143953,02042026051150874,Success,
14007,Office,7101 Main Street E,3383758048,02042026051150874,Success,
1667,Office,52638 Park Road,9430471804,02042026051150874,Success,
14007,Office,85799 Erika Knolls,9645083269,02042026051150874,Success,
1667,Office,212 Metz Hill,1577003627,02042026051150874,Success,
14007,Office,56341 Leuschke Wall,8494127226,02042026051150874,Success,
1667,Office,44030 Alexandrine Row,3284686694,02042026051150874,Success,
14007,Office,96457 Elm Close,8561043503,02042026051150874,Success,
1667,Office,1296 Jasper Valley,7467882269,02042026051150874,Success,
14007,Office,804 Willow Drive,4208681920,02042026051150874,Success,
1667,Office,9882 Winifred Camp,2876914560,02042026051150874,Success,
14007,Office,867 Meadow Drive,6896013851,02042026051150874,Success,
1667,Office,1136 Howard Street,3734436349,02042026051150874,Success,
14007,Office,53178 Willms Well,4331400811,02042026051150874,Success,
1667,Office,6847 Vesta Squares,7347870076,02042026051150874,Success,
14007,Office,980 Will Plain,8511607373,02042026051150874,Success,
1667,Office,8417 Wintheiser Stream,8409467851,02042026051150874,Success,
14007,Office,2120 Sauer Lodge,2806734915,02042026051150874,Success,
1667,Office,9811 Schoen Common,9692861273,02042026051150874,Success,
14007,Office,957 Jodie Ville,5975215657,02042026051150874,Success,
1667,Office,21397 Clarissa Well,8267409729,02042026051150874,Success,
14007,Office,438 Will Expressway,3790015048,02042026051150874,Success,
1667,Office,4554 Labadie Meadows,1253865490,02042026051150874,Success,
14007,Office,551 Grove Street,9417380819,02042026051150874,Success,
1667,Office,490 Mount Pleasant,3413139432,02042026051150874,Success,
14007,Office,10928 Terrance Mill,6313650126,02042026051150874,Success,
1667,Office,92935 Hettinger Mountain,3563042028,02042026051150874,Success,
14007,Office,9154 Effertz Plain,5626863406,02042026051150874,Success,
1667,Office,862 Pouros Greens,3216408041,02042026051150874,Success,
14007,Office,55025 Western Road,4038975665,02042026051150874,Success,
1667,Office,198 Roma Gardens,5578573798,02042026051150874,Success,
14007,Office,83020 Walnut Close,8179545707,02042026051150874,Success,
1667,Office,49093 Maybelle Gateway,8033986169,02042026051150874,Success,
14007,Office,6636 Anissa Falls,7418965115,02042026051150874,Success,
1667,Office,1473 Farm Close,9301063749,02042026051150874,Success,
14007,Office,54576 N Broadway,6405926729,02042026051150874,Success,
1667,Office,36116 Janice Common,6681280497,02042026051150874,Success,
14007,Office,40391 Lizeth Spur,5575354354,02042026051150874,Success,
1667,Office,9848 Joany Falls,6271865488,02042026051150874,Success,
14007,Office,1508 Hillside,7761810708,02042026051150874,Success,
1667,Office,610 Kuhn Cliffs,9665792105,02042026051150874,Success,
14007,Office,41419 Borer Grove,2255534975,02042026051150874,Success,
1667,Office,6048 Ondricka Coves,4962704716,02042026051150874,Success,
14007,Office,683 Emily Canyon,2600303840,02042026051150874,Success,
1667,Office,232 Jerrold Port,9196408224,02042026051150874,Success,
14007,Office,520 Wallace Drives,7350431244,02042026051150874,Success,
1667,Office,71317 Division Street,7397742253,02042026051150874,Success,
14007,Office,95316 South View,7340693518,02042026051150874,Success,
1667,Office,964 VonRueden Spring,2661848930,02042026051150874,Success,
14007,Office,49983 Leopoldo Courts,4645216404,02042026051150874,Success,
1667,Office,41790 Casper Mews,1514846564,02042026051150874,Success,
14007,Office,86645 E Main Street,2957767787,02042026051150874,Success,
1667,Office,428 Waverley Road,6746532568,02042026051150874,Success,
14007,Office,92700 Garett Ramp,2905547018,02042026051150874,Success,
1667,Office,9432 Ruecker Terrace,5469787347,02042026051150874,Success,
14007,Office,973 Rodriguez Crest,1582850188,02042026051150874,Success,
1667,Office,568 Sporer Crossroad,4156217315,02042026051150874,Success,
14007,Office,80143 Lake Road,8900880292,02042026051150874,Success,
1667,Office,499 Curt Dale,6625860533,02042026051150874,Success,
14007,Office,689 Lora Ridge,8740483543,02042026051150874,Success,
1667,Office,40027 Baker Street,7906269267,02042026051150874,Success,
14007,Office,8117 Lera Row,9474923564,02042026051150874,Success,
1667,Office,94840 Maple Drive,7606544865,02042026051150874,Success,
14007,Office,42321 Lia Place,8318254358,02042026051150874,Success,
1667,Office,9956 Water Street,5985442149,02042026051150874,Success,
14007,Office,686 Lelah Point,9900189486,02042026051150874,Success,
1667,Office,40993 Bryana Field,1299209799,02042026051150874,Success,
14007,Office,2742 Mraz Course,9090790039,02042026051150874,Success,
1667,Office,23499 Diana Overpass,7340371685,02042026051150874,Success,
14007,Office,7784 Concepcion Springs,6938198249,02042026051150874,Success,
1667,Office,41233 Deontae Street,3848485869,02042026051150874,Success,
14007,Office,752 Baker Street,8636798867,02042026051150874,Success,
1667,Office,5860 Heller Fork,3329203065,02042026051150874,Success,
14007,Office,554 Franecki Brooks,4942960841,02042026051150874,Success,
1667,Office,390 Ferry Terrace,5207289768,02042026051150874,Success,
14007,Office,77203 Rubye Key,1904192503,02042026051150874,Success,
1667,Office,4832 The Copse,4838893899,02042026051150874,Success,
14007,Office,52125 Abernathy Drives,1899761633,02042026051150874,Success,
1667,Office,710 Lakin Glen,3489227794,02042026051150874,Success,
14007,Office,87737 Alene Route,2494634642,02042026051150874,Success,
1667,Office,40648 Andreanne Cape,9193121572,02042026051150874,Success,
14007,Office,53876 Lebsack Pine,2372594698,02042026051150874,Success,
1667,Office,229 Charles Street,9183303221,02042026051150874,Success,
14007,Office,59193 Conroy Port,3087546240,02042026051150874,Success,
1667,Office,53604 Russell Loop,3848335262,02042026051150874,Success,
14007,Office,599 Clarendon Road,9894030230,02042026051150874,Success,
1667,Office,744 Broad Lane,4166800254,02042026051150874,Success,
14007,Office,315 Cruickshank Place,3340610028,02042026051150874,Success,
1667,Office,693 Powlowski Burg,3716334981,02042026051150874,Success,
14007,Office,261 Steve Lane,9570775153,02042026051150874,Success,
1667,Office,767 Karolann Rapids,9851898208,02042026051150874,Success,
14007,Office,697 W Pine Street,5571161357,02042026051150874,Success,
1667,Office,65012 N Railroad Street,6491560483,02042026051150874,Success,
14007,Office,40677 Walnut Street,4782516972,02042026051150874,Success,
1667,Office,321 E Jackson Street,1906330968,02042026051150874,Success,
14007,Office,24635 McGlynn Plaza,8541295828,02042026051150874,Success,
1667,Office,419 North Lane,5381869228,02042026051150874,Success,
14007,Office,63741 Windermere Road,7212954334,02042026051150874,Success,
1667,Office,1256 Harmon Gateway,4425777040,02042026051150874,Success,
14007,Office,65368 Washington Avenue,9986491158,02042026051150874,Success,
1667,Office,191 Manchester Road,8542963919,02042026051150874,Success,
14007,Office,472 W Center Street,8372007387,02042026051150874,Success,
1667,Office,5073 Dorthy Union,7898014791,02042026051150874,Success,
14007,Office,871 Felicity Burgs,5014917872,02042026051150874,Success,
1667,Office,43304 S Front Street,1553733196,02042026051150874,Success,
14007,Office,18739 Hallie Gateway,6533814886,02042026051150874,Success,
1667,Office,91856 N East Street,4717214680,02042026051150874,Success,
14007,Office,6780 Reggie Land,5961746572,02042026051150874,Success,
1667,Office,196 Mireille Point,5187527453,02042026051150874,Success,
14007,Office,10427 Franecki Crest,2668791656,02042026051150874,Success,
1667,Office,8145 Victoria Place,3121352490,02042026051150874,Success,
14007,Office,842 Rohan Club,2289562073,02042026051150874,Success,
1667,Office,399 Celestine Freeway,4837687483,02042026051150874,Success,
14007,Office,610 Heron Close,3219334430,02042026051150874,Success,
1667,Office,34429 Ortiz Hill,7947353833,02042026051150874,Success,
14007,Office,542 Toy Station,3210410363,02042026051150874,Success,
1667,Office,80717 Juniper Close,9423389786,02042026051150874,Success,
14007,Office,3529 Emily Bypass,9606335839,02042026051150874,Success,
1667,Office,85989 Wren Close,4975931859,02042026051150874,Success,
14007,Office,1339 E South Street,4413461468,02042026051150874,Success,
1667,Office,9238 Hans Pines,2823436422,02042026051150874,Success,
14007,Office,49535 N Oak Street,5110989464,02042026051150874,Success,
1667,Office,2577 Rice Pine,2577093394,02042026051150874,Success,
14007,Office,60082 Elinor Rapid,4842149461,02042026051150874,Success,
1667,Office,317 Stiedemann View,7279476875,02042026051150874,Success,
14007,Office,6094 Gleichner Bypass,8267242353,02042026051150874,Success,
1667,Office,568 E Oak Street,1959646981,02042026051150874,Success,
14007,Office,54306 E Washington Avenue,6773269067,02042026051150874,Success,
1667,Office,170 Cassin Cliffs,1419377086,02042026051150874,Success,
14007,Office,833 Rutherford Station,4653334915,02042026051150874,Success,
1667,Office,6372 N Court Street,3653057528,02042026051150874,Success,
14007,Office,9026 Old Military Road,6348185536,02042026051150874,Success,
1667,Office,5361 Rosa Estates,9648120914,02042026051150874,Success,
14007,Office,5299 Boyle Throughway,8881051791,02042026051150874,Success,
1667,Office,49243 Pietro Forge,2360580388,02042026051150874,Success,
14007,Office,69042 Gordon Street,9016088216,02042026051150874,Success,
1667,Office,72739 Rico Mall,4028855128,02042026051150874,Success,
14007,Office,8940 Andrew Forest,1653611293,02042026051150874,Success,
1667,Office,393 Waterside,1467469936,02042026051150874,Success,
14007,Office,5206 Dominic River,9470803781,02042026051150874,Success,
1667,Office,293 Elinor Lake,2889644536,02042026051150874,Success,
14007,Office,451 McDermott Circles,5452210347,02042026051150874,Success,
1667,Office,54177 S Broadway Street,3403745772,02042026051150874,Success,
14007,Office,78562 Marshall Overpass,2342126060,02042026051150874,Success,
1667,Office,3956 Lillian Radial,5027690953,02042026051150874,Success,
14007,Office,4494 Holly Close,4004884263,02042026051150874,Success,
1667,Office,80352 Harrison Street,1559134636,02042026051150874,Success,
14007,Office,49544 Jolie Ford,9421019300,02042026051150874,Success,
1667,Office,768 Hammes Mountains,5211717918,02042026051150874,Success,
14007,Office,17845 Wendy Walk,3908310476,02042026051150874,Success,
1667,Office,6702 Emely Cliffs,4745549992,02042026051150874,Success,
14007,Office,56004 Ima Spurs,5459744130,02042026051150874,Success,
1667,Office,66127 Davis Park,2660531609,02042026051150874,Success,
14007,Office,3301 Main,1723979317,02042026051150874,Success,
1667,Office,1274 Sporer Courts,1032969356,02042026051150874,Success,
14007,Office,4882 Heidenreich Land,9800832983,02042026051150874,Success,
1667,Office,42601 Emely Crossing,3367693195,02042026051150874,Success,
14007,Office,7642 Main,9436359738,02042026051150874,Success,
1667,Office,406 Theodora Flats,6958958169,02042026051150874,Success,
14007,Office,94753 Jack Harbors,7957997859,02042026051150874,Success,
1667,Office,2358 Schoen Shoal,6337495537,02042026051150874,Success,
14007,Office,528 Kutch Neck,2459806358,02042026051150874,Success,
1667,Office,2324 Gail Hills,8920429239,02042026051150874,Success,
14007,Office,52338 Buckingham Road,3123521051,02042026051150874,Success,
1667,Office,746 Lueilwitz Plains,1097683380,02042026051150874,Success,
14007,Office,7695 Pearlie Circles,3533502796,02042026051150874,Success,
1667,Office,18296 Manuela Greens,6674860060,02042026051150874,Success,
14007,Office,4675 Wunsch Field,9225727587,02042026051150874,Success,
1667,Office,5485 E Broadway,8314310433,02042026051150874,Success,
14007,Office,519 East Street,9980235444,02042026051150874,Success,
1667,Office,495 14th Street,5600385998,02042026051150874,Success,
14007,Office,47835 Quitzon Ford,2160006539,02042026051150874,Success,
1667,Office,3380 Luettgen Knolls,3745756782,02042026051150874,Success,
14007,Office,12236 Fredy Shoal,2300005153,02042026051150874,Success,
1667,Office,306 Walter Tunnel,6529264292,02042026051150874,Success,
14007,Office,945 Hanna Flat,1002588248,02042026051150874,Success,
1667,Office,150 Carolina Port,5237838820,02042026051150874,Success,
14007,Office,6196 Spencer Circle,7075550026,02042026051150874,Success,
1667,Office,655 King Street,2747860521,02042026051150874,Success,
14007,Office,7684 Beatty Pine,2411746424,02042026051150874,Success,
1667,Office,93048 Kasandra Estate,1917907262,02042026051150874,Success,
14007,Office,9292 N Front Street,8614686598,02042026051150874,Success,
1667,Office,18127 Gideon Brooks,5446613996,02042026051150874,Success,
14007,Office,6640 Hunter Pass,1171152427,02042026051150874,Success,
1667,Office,54536 Melody Forks,7876159924,02042026051150874,Success,
14007,Office,74971 Jeffry Union,5625856786,02042026051150874,Success,
1667,Office,315 Isaias Valleys,3798314627,02042026051150874,Success,
14007,Office,8773 Karley Rapid,7335699447,02042026051150874,Success,
1667,Office,1953 Lamar Junction,6554820453,02042026051150874,Success,
14007,Office,60959 Abernathy Rapid,1581854928,02042026051150874,Success,
1667,Office,6710 Glebe Close,8769036387,02042026051150874,Success,
14007,Office,9102 Samantha Circle,3039921469,02042026051150874,Success,
1667,Office,96666 Kulas Light,7565973851,02042026051150874,Success,
14007,Office,86790 Streich Crossing,1372535667,02042026051150874,Success,
1667,Office,340 Dejuan Coves,5053553446,02042026051150874,Success,
14007,Office,317 Brody Stravenue,8544406870,02042026051150874,Success,
1667,Office,5765 Casper Fort,7937528471,02042026051150874,Success,
14007,Office,297 Durgan Spurs,5615474860,02042026051150874,Success,
1667,Office,650 Walker Burgs,5340451528,02042026051150874,Success,
14007,Office,56785 Lind Garden,6618523550,02042026051150874,Success,
1667,Office,1707 Leffler Corners,6780069547,02042026051150874,Success,
14007,Office,4034 Dock Land,2814816949,02042026051150874,Success,
1667,Office,56822 Pagac Lakes,1365777540,02042026051150874,Success,
14007,Office,7782 Prospect Avenue,9971929129,02042026051150874,Success,
1667,Office,354 N Park Street,5089628750,02042026051150874,Success,
14007,Office,681 McLaughlin Crescent,7239153630,02042026051150874,Success,
1667,Office,7401 Orchard Drive,6813729196,02042026051150874,Success,
14007,Office,1248 Runolfsson Parkway,3592164992,02042026051150874,Success,
1667,Office,45530 Marquardt River,3556969019,02042026051150874,Success,
14007,Office,7101 Petra Pine,8849013357,02042026051150874,Success,
1667,Office,97842 Alberto Fords,7876177676,02042026051150874,Success,
14007,Office,672 W 2nd Street,7200949594,02042026051150874,Success,
1667,Office,60045 5th Avenue,9107778122,02042026051150874,Success,
14007,Office,29748 Botsford Fort,2715245159,02042026051150874,Success,
1667,Office,13316 Duane Run,3743283593,02042026051150874,Success,
14007,Office,51712 Jenkins Highway,2164415580,02042026051150874,Success,
1667,Office,65501 Raynor Brooks,7371807219,02042026051150874,Success,
14007,Office,863 Chauncey Ranch,6896945876,02042026051150874,Success,
1667,Office,739 Annabelle Crescent,4945761568,02042026051150874,Success,
14007,Office,25414 Herbert Pass,9106081871,02042026051150874,Success,
1667,Office,77952 Nova Mount,9891489657,02042026051150874,Success,
14007,Office,142 Reynolds Point,3468745836,02042026051150874,Success,
1667,Office,2405 James Street,2236199010,02042026051150874,Success,
14007,Office,9957 Chapel Street,3713757042,02042026051150874,Success,
1667,Office,1205 Cruz Street,4956452850,02042026051150874,Success,
14007,Office,40094 Lloyd Forest,9506229476,02042026051150874,Success,
1667,Office,91747 Watery Lane,6796195551,02042026051150874,Success,
14007,Office,292 Railroad Avenue,8536640939,02042026051150874,Success,
1667,Office,3277 Hartmann Terrace,7328193713,02042026051150874,Success,
14007,Office,5035 Garden Close,4731219341,02042026051150874,Success,
1667,Office,67539 Luisa Radial,2995498116,02042026051150874,Success,
14007,Office,835 Woodlands Road,7735004682,02042026051150874,Success,
1667,Office,71683 Washington Boulevard,4717880643,02042026051150874,Success,
14007,Office,10558 Kayden Coves,9443161143,02042026051150874,Success,
1667,Office,45993 Willow Villages,8183760098,02042026051150874,Success,
14007,Office,35020 E Central Avenue,2793022876,02042026051150874,Success,
1667,Office,5382 Moss Lane,6084467074,02042026051150874,Success,
14007,Office,1158 Brook Lane,6271333180,02042026051150874,Success,
1667,Office,11580 Perry Mill,4591173418,02042026051150874,Success,
14007,Office,89381 Common Lane,3018675446,02042026051150874,Success,
1667,Office,388 Lubowitz Court,9866654009,02042026051150874,Success,
14007,Office,8742 Nolan Shore,9652821967,02042026051150874,Success,
1667,Office,4837 Dach Harbor,2969557884,02042026051150874,Success,
14007,Office,879 Stark Unions,1782079202,02042026051150874,Success,
1667,Office,9605 Pascale Extensions,5725857967,02042026051150874,Success,
14007,Office,47355 Carroll Coves,2943957825,02042026051150874,Success,
1667,Office,820 Salma Extension,6744160882,02042026051150874,Success,
14007,Office,82667 Steuber Burgs,9849857036,02042026051150874,Success,
1667,Office,8662 Oleta Forge,7817708095,02042026051150874,Success,
14007,Office,67658 Collin Flat,3667666475,02042026051150874,Success,
1667,Office,4116 Manor Way,3255323276,02042026051150874,Success,
14007,Office,4233 Lincoln Highway,8152023733,02042026051150874,Success,
1667,Office,154 Cary Ramp,1667107630,02042026051150874,Success,
14007,Office,9321 W 1st Street,7799915973,02042026051150874,Success,
1667,Office,63108 Mazie Parkways,5371543365,02042026051150874,Success,
14007,Office,8510 Highfield Avenue,5980122524,02042026051150874,Success,
1667,Office,62081 Jules Tunnel,7542612895,02042026051150874,Success,
14007,Office,4456 Church Avenue,3205497626,02042026051150874,Success,
1667,Office,7884 Baumbach Meadows,4504057517,02042026051150874,Success,
14007,Office,3813 O'Reilly Trace,9301865479,02042026051150874,Success,
1667,Office,687 W Main Street,6568275125,02042026051150874,Success,
14007,Office,785 Hessel Dale,5259460310,02042026051150874,Success,
1667,Office,83842 Monica Tunnel,7278284274,02042026051150874,Success,
14007,Office,291 Ryleigh Avenue,2772891757,02042026051150874,Success,
1667,Office,82725 Kozey Gardens,9016560053,02042026051150874,Success,
14007,Office,609 Kunze Mall,8254800299,02042026051150874,Success,
1667,Office,2340 Josiah Junctions,1160033564,02042026051150874,Success,
14007,Office,884 Yost Ferry,8892136507,02042026051150874,Success,
1667,Office,920 Mante Drive,9787422402,02042026051150874,Success,
14007,Office,35130 Brad Walks,9290963637,02042026051150874,Success,
1667,Office,3433 Durgan Mill,5252184183,02042026051150874,Success,
14007,Office,6508 Hirthe Fords,5468942819,02042026051150874,Success,
1667,Office,32884 Nikolaus Track,6404429981,02042026051150874,Success,
14007,Office,12629 Vicarage Lane,9172947592,02042026051150874,Success,
1667,Office,3072 Arjun Dam,2218846048,02042026051150874,Success,
14007,Office,684 Elvera Spring,2913035220,02042026051150874,Success,
1667,Office,2384 Green Junction,8534728620,02042026051150874,Success,
14007,Office,87247 Steuber Oval,7179267446,02042026051150874,Success,
1667,Office,64381 Leuschke Junction,9010724397,02042026051150874,Success,
14007,Office,870 Harry Tunnel,8582124412,02042026051150874,Success,
1667,Office,164 Derwent Close,3153667436,02042026051150874,Success,
14007,Office,2001 Ona Locks,6732989421,02042026051150874,Success,
1667,Office,84484 Schuster Summit,1111295360,02042026051150874,Success,
14007,Office,6333 Jakubowski Lane,4563403701,02042026051150874,Success,
1667,Office,3375 Windmill Close,2370291132,02042026051150874,Success,
14007,Office,475 Elva Plaza,1806282751,02042026051150874,Success,
1667,Office,236 Lubowitz Walks,6199689203,02042026051150874,Success,
14007,Office,4208 Franklin Road,4531541108,02042026051150874,Success,
1667,Office,84671 Jast Trafficway,6279767081,02042026051150874,Success,
14007,Office,46212 Kemmer Lake,5061823332,02042026051150874,Success,
1667,Office,414 Woodland Road,7842179860,02042026051150874,Success,
14007,Office,2232 Sandra Ville,3812004069,02042026051150874,Success,
1667,Office,23752 Salisbury Road,1699237077,02042026051150874,Success,
14007,Office,2772 Columbus Ports,8414822870,02042026051150874,Success,
1667,Office,19542 The Orchard,6654384984,02042026051150874,Success,
14007,Office,12788 Hazel Close,8584134948,02042026051150874,Success,
1667,Office,41694 Christa Lock,2425107589,02042026051150874,Success,
14007,Office,1006 The Glebe,3865688234,02042026051150874,Success,
1667,Office,757 Coleman Cliff,8566669940,02042026051150874,Success,
14007,Office,7841 Dicki Manors,9361906291,02042026051150874,Success,
1667,Office,222 W Jefferson Street,5653750688,02042026051150874,Success,
14007,Office,30701 Ramona Skyway,1340771616,02042026051150874,Success,
1667,Office,6914 Cedar Road,8740108697,02042026051150874,Success,
14007,Office,37066 Marilie Groves,9397938490,02042026051150874,Success,
1667,Office,2851 Kiera Ridges,9399737943,02042026051150874,Success,
14007,Office,2983 Hayley Burg,5283528914,02042026051150874,Success,
1667,Office,67266 Herman Dale,6961714785,02042026051150874,Success,
14007,Office,8409 Batz Ford,6743764940,02042026051150874,Success,
1667,Office,91185 Wren Close,3479532303,02042026051150874,Success,
14007,Office,39741 Prospect Street,6273256413,02042026051150874,Success,
1667,Office,38603 Hilll Neck,1816951691,02042026051150874,Success,
14007,Office,634 Nona Forest,1346573169,02042026051150874,Success,
1667,Office,161 D'Amore Roads,5232606826,02042026051150874,Success,
14007,Office,83217 Bernier Landing,9869938601,02042026051150874,Success,
1667,Office,71037 Mariano Viaduct,2019351291,02042026051150874,Success,
14007,Office,728 S Jefferson Street,1796781143,02042026051150874,Success,
1667,Office,873 Paucek Circles,6720846142,02042026051150874,Success,
14007,Office,200 N 9th Street,9140511361,02042026051150874,Success,
1667,Office,1307 St Andrews Close,1557290528,02042026051150874,Success,
14007,Office,570 County Road,1978875727,02042026051150874,Success,
1667,Office,301 Geovanni Garden,4608623640,02042026051150874,Success,
14007,Office,1243 Flossie Burg,7790244016,02042026051150874,Success,
1667,Office,90027 S Grand Avenue,3768689691,02042026051150874,Success,
14007,Office,636 Samir Bridge,7303209550,02042026051150874,Success,
1667,Office,2119 Waterside,3603397732,02042026051150874,Success,
14007,Office,8593 Eve Creek,6946041339,02042026051150874,Success,
1667,Office,259 Springfield Road,3196292716,02042026051150874,Success,
14007,Office,4022 Prospect Place,2825878377,02042026051150874,Success,
1667,Office,6321 Marquardt Turnpike,2324224638,02042026051150874,Success,
14007,Office,14751 Lubowitz Haven,6990042502,02042026051150874,Success,
1667,Office,8748 N 4th Street,4815030437,02042026051150874,Success,
14007,Office,2712 Marquardt Keys,7810636819,02042026051150874,Success,
1667,Office,175 Madyson Divide,3344765087,02042026051150874,Success,
14007,Office,7247 Broad Street,7791877692,02042026051150874,Success,
1667,Office,7947 E Union Street,2241529463,02042026051150874,Success,
14007,Office,279 Winfield Junction,3991485162,02042026051150874,Success,
1667,Office,64177 Kunde Manors,9435207080,02042026051150874,Success,
14007,Office,4889 Clarabelle Club,6738477661,02042026051150874,Success,
1667,Office,3129 Grange Avenue,7656845710,02042026051150874,Success,
14007,Office,8212 Jefferson Street,1020962248,02042026051150874,Success,
1667,Office,43104 Tabitha Gardens,9489906223,02042026051150874,Success,
14007,Office,440 Russel Shoal,6164927211,02042026051150874,Success,
1667,Office,868 E Bridge Street,7312336143,02042026051150874,Success,
14007,Office,889 Highfield Close,5280950900,02042026051150874,Success,
1667,Office,26523 Bud Divide,5814575439,02042026051150874,Success,
14007,Office,15966 Beatty Islands,7262378949,02042026051150874,Success,
1667,Office,225 Thiel Park,1489184918,02042026051150874,Success,
14007,Office,4868 Matilda Shore,6263133664,02042026051150874,Success,
1667,Office,2203 Beatty Summit,2591975150,02042026051150874,Success,
14007,Office,7432 S Main Avenue,4374093351,02042026051150874,Success,
1667,Office,648 Flo Manors,6197984415,02042026051150874,Success,
14007,Office,8167 Cross Street,7313512124,02042026051150874,Success,
1667,Office,646 Viviane Hill,6875197975,02042026051150874,Success,
14007,Office,69011 Alexandra Road,3949083742,02042026051150874,Success,
1667,Office,50343 Bennie Fords,1674250967,02042026051150874,Success,
14007,Office,135 Mueller Rest,8663836969,02042026051150874,Success,
1667,Office,614 Collier View,7959659529,02042026051150874,Success,
14007,Office,5611 Luella Park,5169800927,02042026051150874,Success,
1667,Office,107 Mann Ford,7862240566,02042026051150874,Success,
14007,Office,588 E Market Street,3225527953,02042026051150874,Success,
1667,Office,7805 Von Spring,6373730105,02042026051150874,Success,
14007,Office,82348 W 10th Street,2363398365,02042026051150874,Success,
1667,Office,6554 Cross Street,4786686849,02042026051150874,Success,
14007,Office,76595 Earline Manor,4566704774,02042026051150874,Success,
1667,Office,6447 Bashirian Manor,2988013613,02042026051150874,Success,
14007,Office,59125 Reva Lights,9812726354,02042026051150874,Success,
1667,Office,523 Ryley Crescent,8331348566,02042026051150874,Success,
14007,Office,7731 Lane Passage,2767734405,02042026051150874,Success,
1667,Office,489 Herta Manors,5885029688,02042026051150874,Success,
14007,Office,5387 Grange Close,8969587790,02042026051150874,Success,
1667,Office,214 Thompson Spur,7774118670,02042026051150874,Success,
14007,Office,2002 Lake Road,5546983351,02042026051150874,Success,
1667,Office,68315 Goldner Hollow,3501013903,02042026051150874,Success,
14007,Office,49146 McLaughlin Forks,4982477056,02042026051150874,Success,
1667,Office,83989 Ora Track,5042674057,02042026051150874,Success,
14007,Office,5978 Cruickshank Meadows,3855519180,02042026051150874,Success,
1667,Office,47489 Mckenzie Freeway,8357626433,02042026051150874,Success,
14007,Office,563 Dejon Junction,3248911115,02042026051150874,Success,
1667,Office,534 Huels Streets,5001525188,02042026051150874,Success,
14007,Office,411 Chestnut Grove,2204119991,02042026051150874,Success,
1667,Office,64394 Westley Throughway,3326006267,02042026051150874,Success,
14007,Office,3365 N 5th Street,9853066572,02042026051150874,Success,
1667,Office,1414 Reece Wells,9290433364,02042026051150874,Success,
14007,Office,1885 Front Street,2955979128,02042026051150874,Success,
1667,Office,8156 Lockman Trace,8753575173,02042026051150874,Success,
14007,Office,315 Kessler Court,1616363263,02042026051150874,Success,
1667,Office,5087 Felicita Circles,1179570932,02042026051150874,Success,
14007,Office,9250 Beech Drive,5821325399,02042026051150874,Success,
1667,Office,2077 Gislason Ville,3151244889,02042026051150874,Success,
14007,Office,47671 Llewellyn Ways,2505258380,02042026051150874,Success,
1667,Office,812 E Elm Street,2203830833,02042026051150874,Success,
14007,Office,342 Crona Crossroad,8169560954,02042026051150874,Success,
1667,Office,33390 Stehr Point,3113418101,02042026051150874,Success,
14007,Office,10188 Kunze Heights,7390094321,02042026051150874,Success,
1667,Office,9611 Ebert Greens,8109654792,02042026051150874,Success,
14007,Office,89879 Clemens Cliffs,1026456840,02042026051150874,Success,
1667,Office,1449 Lowe Wall,4863528509,02042026051150874,Success,
14007,Office,85030 Stroman Centers,3960350092,02042026051150874,Success,
1667,Office,367 Grand Avenue,8601374090,02042026051150874,Success,
14007,Office,39406 Morar Throughway,9156605977,02042026051150874,Success,
1667,Office,1417 School Lane,9720936240,02042026051150874,Success,
14007,Office,713 The Paddock,3865215856,02042026051150874,Success,
1667,Office,4311 Jason Locks,7837595422,02042026051150874,Success,
14007,Office,1240 Harmon Manors,6140017750,02042026051150874,Success,
1667,Office,13835 Union Avenue,8049097295,02042026051150874,Success,
14007,Office,4275 Oaklands,3473506813,02042026051150874,Success,
1667,Office,39670 Weber Forges,1962670908,02042026051150874,Success,
14007,Office,888 Woodland Close,9182519338,02042026051150874,Success,
1667,Office,6727 S Maple Street,8665113742,02042026051150874,Success,
14007,Office,1359 Mariam Rue,9810069427,02042026051150874,Success,
1667,Office,663 Bramble Close,4385280094,02042026051150874,Success,
14007,Office,51393 Joe Pike,7137088226,02042026051150874,Success,
1667,Office,49428 Reymundo Curve,2662901115,02042026051150874,Success,
14007,Office,1485 E 5th Street,9024211090,02042026051150874,Success,
1667,Office,5947 Roob Wells,4768766112,02042026051150874,Success,
14007,Office,35593 Rollin Alley,9226708152,02042026051150874,Success,
1667,Office,6197 Cherry Street,6811492777,02042026051150874,Success,
14007,Office,921 W 3rd Street,3702491688,02042026051150874,Success,
1667,Office,7525 Price Hills,4469840999,02042026051150874,Success,
14007,Office,5660 Skiles Common,7435654702,02042026051150874,Success,
1667,Office,24335 N Water Street,9199161586,02042026051150874,Success,
14007,Office,7003 Frederick Underpass,7474692101,02042026051150874,Success,
1667,Office,229 Sierra Plaza,4326306472,02042026051150874,Success,
14007,Office,92827 Bode Manor,9510776649,02042026051150874,Success,
1667,Office,8390 Rylee Heights,5951615742,02042026051150874,Success,
14007,Office,306 Schultz Flat,6172090389,02042026051150874,Success,
1667,Office,6201 Lucinda Isle,4413491078,02042026051150874,Success,
14007,Office,5995 S 2nd Street,8817338102,02042026051150874,Success,
1667,Office,449 Johns Viaduct,4305193130,02042026051150874,Success,
14007,Office,49677 Quigley Rest,3382681564,02042026051150874,Success,
1667,Office,24527 Maynard Harbors,1656919395,02042026051150874,Success,
14007,Office,5740 D'Amore Drive,3703054607,02042026051150874,Success,
1667,Office,4789 Lake Drive,1044674935,02042026051150874,Success,
14007,Office,22824 Haley Orchard,6878078136,02042026051150874,Success,
1667,Office,11185 Gleason Greens,6033296758,02042026051150874,Success,
14007,Office,856 Keebler Bridge,3526465619,02042026051150874,Success,
1667,Office,39551 Mill Road,2954099753,02042026051150874,Success,
14007,Office,8181 Mill Road,1309048504,02042026051150874,Success,
1667,Office,20253 Stoltenberg Underpass,1173791743,02042026051150874,Success,
14007,Office,922 Ash Street,3624345101,02042026051150874,Success,
1667,Office,14916 Oak Street,3046221668,02042026051150874,Success,
14007,Office,33756 Veterans Memorial Highway,6906783050,02042026051150874,Success,
1667,Office,53920 Elias Parks,2712855563,02042026051150874,Success,
14007,Office,1582 N Railroad Street,4140780707,02042026051150874,Success,
1667,Office,41625 The Square,8401876947,02042026051150874,Success,
14007,Office,47137 Emanuel Loop,6082512589,02042026051150874,Success,
1667,Office,10273 Diego Trail,1735738183,02042026051150874,Success,
14007,Office,464 Poplar Avenue,9976811885,02042026051150874,Success,
1667,Office,212 Gottlieb Drives,8466264957,02042026051150874,Success,
14007,Office,630 The Oval,2284989587,02042026051150874,Success,
1667,Office,75822 Marianna Heights,5285993460,02042026051150874,Success,
14007,Office,499 Maple Drive,9831195700,02042026051150874,Success,
1667,Office,15175 Alanna Keys,3361030127,02042026051150874,Success,
14007,Office,44098 E Union Street,1145461916,02042026051150874,Success,
1667,Office,13369 Hermann Lakes,5392495785,02042026051150874,Success,
14007,Office,857 Abigale Fork,7137641919,02042026051150874,Success,
1667,Office,6397 Gracie Light,5079144513,02042026051150874,Success,
14007,Office,982 Clay Lane,3027205933,02042026051150874,Success,
1667,Office,3716 Kling Manors,4995619110,02042026051150874,Success,
14007,Office,56382 Maxie Junction,8946386994,02042026051150874,Success,
1667,Office,95654 Commerce Street,9622463595,02042026051150874,Success,
14007,Office,85026 Garden Close,8331806353,02042026051150874,Success,
1667,Office,97277 Alma Street,7742619796,02042026051150874,Success,
14007,Office,9157 D'Amore Mountain,8361652058,02042026051150874,Success,
1667,Office,775 W Market Street,9392599634,02042026051150874,Success,
14007,Office,40119 Windler Orchard,1792550796,02042026051150874,Success,
1667,Office,951 Zena Forks,4591225636,02042026051150874,Success,
14007,Office,356 Nakia Pass,1511648091,02042026051150874,Success,
1667,Office,42138 Chester Road,7345874189,02042026051150874,Success,
14007,Office,802 Bay Street,7430678956,02042026051150874,Success,
1667,Office,80288 Shaniya Oval,2087300574,02042026051150874,Success,
14007,Office,57074 Church Walk,3356260150,02042026051150874,Success,
1667,Office,753 Georgiana Drive,8158054668,02042026051150874,Success,
14007,Office,7461 Claremont Road,4961471484,02042026051150874,Success,
1667,Office,949 Zachariah Parkways,9666399951,02042026051150874,Success,
14007,Office,400 The Copse,1411649747,02042026051150874,Success,
1667,Office,939 Candice Overpass,7742854407,02042026051150874,Success,
14007,Office,105 Grange Road,7284561038,02042026051150874,Success,
1667,Office,204 Flatley Divide,9171005990,02042026051150874,Success,
14007,Office,6300 Maple Avenue,5993669345,02042026051150874,Success,
1667,Office,24486 Grand Avenue,9717905789,02042026051150874,Success,
14007,Office,9795 N Jefferson Street,6394064780,02042026051150874,Success,
1667,Office,699 Koss Center,3436116223,02042026051150874,Success,
14007,Office,96363 Hegmann Cliff,9916863012,02042026051150874,Success,
1667,Office,52462 Alexys Rapids,3128747166,02042026051150874,Success,
14007,Office,300 Beahan Valleys,5221467517,02042026051150874,Success,
1667,Office,803 8th Avenue,2300865156,02042026051150874,Success,
14007,Office,76326 Monique Fall,1457733723,02042026051150874,Success,
1667,Office,42992 Brakus Land,5061448862,02042026051150874,Success,
14007,Office,91680 Fritsch Cove,2717747872,02042026051150874,Success,
1667,Office,263 E Church Street,9625742167,02042026051150874,Success,
14007,Office,475 Alexzander Cliffs,2088502682,02042026051150874,Success,
1667,Office,7421 Darius Spring,5248004514,02042026051150874,Success,
14007,Office,106 Murray Summit,2620444475,02042026051150874,Success,
1667,Office,319 Schroeder Forges,5700824688,02042026051150874,Success,
14007,Office,6286 Trevor Mill,4004917105,02042026051150874,Success,
1667,Office,86334 Chapel Hill,4964475839,02042026051150874,Success,
14007,Office,1854 Effertz Mews,8822997667,02042026051150874,Success,
1667,Office,262 Zieme Trail,3774863305,02042026051150874,Success,
14007,Office,2309 Mitchell Rest,3836882008,02042026051150874,Success,
1667,Office,408 Rosalinda Valleys,2399840977,02042026051150874,Success,
14007,Office,2954 Welch Route,3693627949,02042026051150874,Success,
1667,Office,987 Stoltenberg Islands,5603027885,02042026051150874,Success,
14007,Office,55288 N Lincoln Street,2991302516,02042026051150874,Success,
1667,Office,2255 Sofia Falls,3308764096,02042026051150874,Success,
14007,Office,639 Vada Motorway,5290145209,02042026051150874,Success,
1667,Office,467 Clementine Isle,6823617299,02042026051150874,Success,
14007,Office,1996 E Pine Street,7094062003,02042026051150874,Success,
1667,Office,210 Precious Courts,9204037532,02042026051150874,Success,
14007,Office,98626 S Pine Street,6828992238,02042026051150874,Success,
1667,Office,2650 Isaiah Prairie,2618070407,02042026051150874,Success,
14007,Office,379 Crown Street,9582292073,02042026051150874,Success,
1667,Office,107 Windermere Road,8485711223,02042026051150874,Success,
14007,Office,340 Candida Trace,9313761331,02042026051150874,Success,
1667,Office,4910 Deckow Field,2283355718,02042026051150874,Success,
14007,Office,2608 Will Terrace,5066797357,02042026051150874,Success,
1667,Office,5201 9th Street,2104661001,02042026051150874,Success,
14007,Office,5358 June Shoals,3342916735,02042026051150874,Success,
1667,Office,9289 Araceli Meadow,1555686341,02042026051150874,Success,
14007,Office,881 E 8th Street,9329932975,02042026051150874,Success,
1667,Office,43365 Park Crescent,6079099887,02042026051150874,Success,
14007,Office,7680 Kessler Lodge,8536420041,02042026051150874,Success,
1667,Office,8501 Alford Courts,1363675282,02042026051150874,Success,
14007,Office,9535 Abshire Club,1197885705,02042026051150874,Success,
1667,Office,627 S Elm Street,3079397650,02042026051150874,Success,
14007,Office,8047 Goodwin Squares,3193605362,02042026051150874,Success,
1667,Office,26916 Hills Courts,5547767863,02042026051150874,Success,
14007,Office,604 Olson Locks,6217081726,02042026051150874,Success,
1667,Office,9682 County Line Road,7965746263,02042026051150874,Success,
14007,Office,395 Jasen Dam,6105930407,02042026051150874,Success,
1667,Office,3767 Tillman Track,6084716039,02042026051150874,Success,
14007,Office,68336 Clinton Street,3214068772,02042026051150874,Success,
1667,Office,213 Idell Station,9926960706,02042026051150874,Success,
14007,Office,6123 Roberts Garden,4746887691,02042026051150874,Success,
1667,Office,122 Woodland Close,9118883078,02042026051150874,Success,
14007,Office,17824 Chyna Turnpike,1839466431,02042026051150874,Success,
1667,Office,382 Johnston Avenue,9573496282,02042026051150874,Success,
14007,Office,25619 Missouri Gateway,4041223830,02042026051150874,Success,
1667,Office,6544 Feest Bridge,3378288281,02042026051150874,Success,
14007,Office,80326 W Division Street,6632670402,02042026051150874,Success,
1667,Office,8453 Jefferson Street,3109827945,02042026051150874,Success,
14007,Office,875 Emile Estate,5281030659,02042026051150874,Success,
1667,Office,34812 Jubilee Close,3508379051,02042026051150874,Success,
14007,Office,4522 Sheridan Isle,4505912374,02042026051150874,Success,
1667,Office,1297 Hawthorn Avenue,2970059145,02042026051150874,Success,
14007,Office,9883 Dan Bypass,1166133317,02042026051150874,Success,
1667,Office,5938 E Market Street,5810400850,02042026051150874,Success,
14007,Office,36295 Grady Ways,6245659682,02042026051150874,Success,
1667,Office,196 Church Road,7222993539,02042026051150874,Success,
14007,Office,3269 Mount Street,5964649331,02042026051150874,Success,
1667,Office,101 Ratke Station,8079438767,02042026051150874,Success,
14007,Office,899 Ryan Fords,2292036329,02042026051150874,Success,
1667,Office,9317 Coleman Light,2130137235,02042026051150874,Success,
14007,Office,82134 Rau Trail,7172387510,02042026051150874,Success,
1667,Office,322 Cicero Wells,5100221202,02042026051150874,Success,
14007,Office,2234 Donny Shoals,5877373393,02042026051150874,Success,
1667,Office,971 Jones Causeway,8040050425,02042026051150874,Success,
14007,Office,558 Salvatore Hills,5970562672,02042026051150874,Success,
1667,Office,969 Aspen Close,4090380792,02042026051150874,Success,
14007,Office,17782 The Ridgeway,2097194396,02042026051150874,Success,
1667,Office,4900 Lang Branch,8301705205,02042026051150874,Success,
14007,Office,7619 Malika Coves,5715727180,02042026051150874,Success,
1667,Office,7494 Pinfold Lane,2530893014,02042026051150874,Success,
14007,Office,22048 Ash Road,4423725844,02042026051150874,Success,
1667,Office,36627 Thaddeus Mount,4113303379,02042026051150874,Success,
14007,Office,5599 Rodriguez Mountains,5690699251,02042026051150874,Success,
1667,Office,75324 The Oval,1652284568,02042026051150874,Success,
14007,Office,636 Cow Lane,5984307753,02042026051150874,Success,
1667,Office,455 Runolfsdottir Hill,4316597117,02042026051150874,Success,
14007,Office,715 Clifton Road,1919945224,02042026051150874,Success,
1667,Office,44529 Gladstone Road,4088735200,02042026051150874,Success,
14007,Office,851 Isabell Passage,2988103868,02042026051150874,Success,
1667,Office,969 Teagan Spur,6315086115,02042026051150874,Success,
14007,Office,4623 Pearl Street,4068234498,02042026051150874,Success,
1667,Office,51778 Kamron Expressway,9336916089,02042026051150874,Success,
14007,Office,42857 Zulauf View,9709764694,02042026051150874,Success,
1667,Office,8516 Lizzie Drive,1277479316,02042026051150874,Success,
14007,Office,4554 Graham Fords,9845067815,02042026051150874,Success,
1667,Office,664 Gladstone Road,7922600434,02042026051150874,Success,
14007,Office,2964 College Avenue,7064359763,02042026051150874,Success,
1667,Office,175 Runolfsson Brooks,5988243414,02042026051150874,Success,
14007,Office,887 Willms Inlet,7891559603,02042026051150874,Success,
1667,Office,324 Nathen Gateway,5117725577,02042026051150874,Success,
14007,Office,590 Erica Village,4155452888,02042026051150874,Success,
1667,Office,163 Ola Parkway,1262430652,02042026051150874,Success,
14007,Office,7364 Yesenia Groves,6088984780,02042026051150874,Success,
1667,Office,686 Dario Gateway,6011737249,02042026051150874,Success,
14007,Office,2854 Donnell Mount,4473337114,02042026051150874,Success,
1667,Office,50063 Milton Road,7792280412,02042026051150874,Success,
14007,Office,4843 Oak Street,5439828732,02042026051150874,Success,
1667,Office,23071 Langosh Road,2777373479,02042026051150874,Success,
14007,Office,37965 Abernathy Neck,9242185960,02042026051150874,Success,
1667,Office,370 Wilderman Glen,5683190820,02042026051150874,Success,
14007,Office,70982 N Water Street,5461846078,02042026051150874,Success,
1667,Office,54132 Sabryna Ranch,5160963253,02042026051150874,Success,
14007,Office,44733 N Broad Street,7524009090,02042026051150874,Success,
1667,Office,41741 Alivia Brook,2742009089,02042026051150874,Success,
14007,Office,155 Lia Square,8633289175,02042026051150874,Success,
1667,Office,696 E 5th Street,3158377432,02042026051150874,Success,
14007,Office,7941 Oak Road,6350943456,02042026051150874,Success,
1667,Office,3055 East Street,2689382919,02042026051150874,Success,
14007,Office,87158 Alene Forge,6709587226,02042026051150874,Success,
1667,Office,64627 Huel Meadow,3172746433,02042026051150874,Success,
14007,Office,8376 Atlantic Avenue,4402494588,02042026051150874,Success,
1667,Office,77072 S Union Street,4217217680,02042026051150874,Success,
14007,Office,595 S Main Avenue,3950420701,02042026051150874,Success,
1667,Office,8243 Lelah View,5223711290,02042026051150874,Success,
14007,Office,71931 Runolfsdottir Shore,5892044894,02042026051150874,Success,
1667,Office,5162 Rhea Rest,5635260410,02042026051150874,Success,
14007,Office,338 Coralie Lodge,4679789801,02042026051150874,Success,
1667,Office,26133 Armstrong Islands,7119925096,02042026051150874,Success,
14007,Office,21343 S Monroe Street,2287282195,02042026051150874,Success,
1667,Office,83809 Bashirian Run,8533261879,02042026051150874,Success,
14007,Office,51768 Meadow Lane,9537140748,02042026051150874,Success,
1667,Office,406 N Church Street,7374513240,02042026051150874,Success,
14007,Office,71827 Hudson Point,5387274965,02042026051150874,Success,
1667,Office,877 Dare Glen,3146720085,02042026051150874,Success,
14007,Office,76790 Duke Street,2965636248,02042026051150874,Success,
1667,Office,85846 Second Avenue,1063834679,02042026051150874,Success,
14007,Office,9770 Rowe Divide,1491508610,02042026051150874,Success,
1667,Office,12088 N Elm Street,1703650932,02042026051150874,Success,
14007,Office,4622 Pagac Station,3853684708,02042026051150874,Success,
1667,Office,6161 Esmeralda Streets,4266633134,02042026051150874,Success,
14007,Office,34480 Herminio Meadows,5249523980,02042026051150874,Success,
1667,Office,84378 Alexys Rapids,2772248482,02042026051150874,Success,
14007,Office,961 Murray Summit,2931580571,02042026051150874,Success,
1667,Office,5338 Rolfson Shoals,5796726414,02042026051150874,Success,
14007,Office,999 Zion Field,1017491566,02042026051150874,Success,
1667,Office,528 Hansen Knolls,3740406378,02042026051150874,Success,
14007,Office,5696 Wunsch Valleys,8889855699,02042026051150874,Success,
1667,Office,474 Durgan Lights,3072010407,02042026051150874,Success,
14007,Office,10020 Mertz Haven,6604826048,02042026051150874,Success,
1667,Office,884 Wilkinson Mountains,6797718956,02042026051150874,Success,
14007,Office,164 E Market Street,4535294026,02042026051150874,Success,
1667,Office,2447 N Pine Street,2308646084,02042026051150874,Success,
14007,Office,75197 Thad Fall,2164469544,02042026051150874,Success,
1667,Office,86095 Abshire Shore,8083614614,02042026051150874,Success,
14007,Office,9990 Ralph Trace,9927480767,02042026051150874,Success,
1667,Office,418 Beech Drive,9429002625,02042026051150874,Success,
14007,Office,96505 Jeramie Route,6536512991,02042026051150874,Success,
1667,Office,91078 Laurine Knoll,5865679846,02042026051150874,Success,
14007,Office,262 E Walnut Street,8228980871,02042026051150874,Success,
1667,Office,57730 S Grand Avenue,9649106183,02042026051150874,Success,
14007,Office,66599 VonRueden Forest,9311625344,02042026051150874,Success,
1667,Office,16318 Kim Ferry,3241179876,02042026051150874,Success,
14007,Office,195 A Street,3813161864,02042026051150874,Success,
1667,Office,43012 Micah Parkway,9044991871,02042026051150874,Success,
14007,Office,12149 Beaulah Ports,8213543333,02042026051150874,Success,
1667,Office,484 Terrance Alley,1650618496,02042026051150874,Success,
14007,Office,162 East Road,9504338929,02042026051150874,Success,
1667,Office,4284 Kenna Prairie,2891642439,02042026051150874,Success,
14007,Office,629 Conrad Bridge,7685714581,02042026051150874,Success,
1667,Office,5219 Hoeger Coves,8132382414,02042026051150874,Success,
14007,Office,65948 Kreiger Drives,3795027084,02042026051150874,Success,
1667,Office,83485 Gerhold Pine,2293597603,02042026051150874,Success,
14007,Office,632 Brycen Ranch,1471126628,02042026051150874,Success,
1667,Office,64745 Hall Lane,5456801969,02042026051150874,Success,
14007,Office,101 Kraig Overpass,8764626980,02042026051150874,Success,
1667,Office,413 Levi Islands,3989688153,02042026051150874,Success,
14007,Office,98073 St Andrews Close,9996002327,02042026051150874,Success,
1667,Office,14569 Estella Extension,9342427294,02042026051150874,Success,
14007,Office,302 Bill Terrace,3768386976,02042026051150874,Success,
1667,Office,997 W 8th Street,5764335068,02042026051150874,Success,
14007,Office,1682 Tower Road,2069757528,02042026051150874,Success,
1667,Office,259 Casper Hollow,3504173524,02042026051150874,Success,
14007,Office,74599 Meadow Close,1404334389,02042026051150874,Success,
1667,Office,1398 Honeysuckle Close,5283659489,02042026051150874,Success,
14007,Office,718 Romaguera Center,4724799327,02042026051150874,Success,
1667,Office,91669 County Line Road,3613873304,02042026051150874,Success,
14007,Office,119 Twila Overpass,7282700394,02042026051150874,Success,
1667,Office,98827 Pete Burgs,4444079198,02042026051150874,Success,
14007,Office,30617 W Walnut Street,5588399150,02042026051150874,Success,
1667,Office,95005 Kelton Forges,5692370578,02042026051150874,Success,
14007,Office,981 Davin Shores,1371653337,02042026051150874,Success,
1667,Office,58820 Runolfsson Cape,6272711640,02042026051150874,Success,
14007,Office,3469 Westfield Road,9874778241,02042026051150874,Success,
1667,Office,89049 Jedidiah Cliff,5869355603,02042026051150874,Success,
14007,Office,479 Second Avenue,8629788669,02042026051150874,Success,
1667,Office,780 Derby Road,8382503228,02042026051150874,Success,
14007,Office,1163 Prospect Road,1264660655,02042026051150874,Success,
1667,Office,436 Leonor Bridge,7418399644,02042026051150874,Success,
14007,Office,77255 Veum Estate,7050326170,02042026051150874,Success,
1667,Office,4418 Auer Ferry,9125884583,02042026051150874,Success,
14007,Office,62792 Macey Rapids,3091562058,02042026051150874,Success,
1667,Office,85785 E 14th Street,8928413011,02042026051150874,Success,
14007,Office,53893 Windler Shoals,7667084012,02042026051150874,Success,
1667,Office,949 Dave Causeway,6631555605,02042026051150874,Success,
14007,Office,4248 Zboncak Land,9178077537,02042026051150874,Success,
1667,Office,1903 Emma Motorway,6057696829,02042026051150874,Success,
14007,Office,21050 Julio Via,5047445318,02042026051150874,Success,
1667,Office,70961 Lucie Bridge,4860418742,02042026051150874,Success,
14007,Office,2753 Alf Course,4574177195,02042026051150874,Success,
1667,Office,1854 Jazmyne Fords,9193246688,02042026051150874,Success,
14007,Office,73224 Hand Point,5349796384,02042026051150874,Success,
1667,Office,4383 Cumberland Street,9592172103,02042026051150874,Success,
14007,Office,267 Cronin Shores,7219449782,02042026051150874,Success,
1667,Office,4955 Mount Street,4463383925,02042026051150874,Success,
14007,Office,7349 Ortiz Canyon,8862235176,02042026051150874,Success,
1667,Office,7471 E South Street,7681982067,02042026051150874,Success,
14007,Office,8396 Larson Heights,2203419740,02042026051150874,Success,
1667,Office,9356 Schmidt Passage,3723417613,02042026051150874,Success,
14007,Office,21930 Little Pike,2322616079,02042026051150874,Success,
1667,Office,2871 Melvina Fork,8402232344,02042026051150874,Success,
14007,Office,8328 Adan Forge,4161659519,02042026051150874,Success,
1667,Office,16987 The Beeches,3161179084,02042026051150874,Success,
14007,Office,2613 Sherwood Junctions,8190655453,02042026051150874,Success,
1667,Office,53019 Joesph Brook,6415263230,02042026051150874,Success,
14007,Office,81242 Manor Way,7219876452,02042026051150874,Success,
1667,Office,6261 Paul Well,7848985132,02042026051150874,Success,
14007,Office,77193 Marina Course,7556261574,02042026051150874,Success,
1667,Office,94915 Sycamore Avenue,1343230994,02042026051150874,Success,
14007,Office,6726 Margaretta Cliff,2216983146,02042026051150874,Success,
1667,Office,952 Wilkinson Fords,8443585962,02042026051150874,Success,
14007,Office,669 Chaim Burg,6770836019,02042026051150874,Success,
1667,Office,1385 Steuber Trail,7972441107,02042026051150874,Success,
14007,Office,446 Victor Lodge,2473941546,02042026051150874,Success,
1667,Office,9024 E Main Street,6524433729,02042026051150874,Success,
14007,Office,431 E Union Street,7628835444,02042026051150874,Success,
1667,Office,56892 Alba Key,2623005762,02042026051150874,Success,
14007,Office,706 Erica Coves,7572359822,02042026051150874,Success,
1667,Office,181 Crist Ramp,1035602744,02042026051150874,Success,
14007,Office,7453 Julio Center,9250233330,02042026051150874,Success,
1667,Office,3810 Brakus Ridges,7585657965,02042026051150874,Success,
14007,Office,41081 Layla Points,1271737455,02042026051150874,Success,
1667,Office,482 N College Street,4825617616,02042026051150874,Success,
14007,Office,7660 Reichel Crossing,3392773016,02042026051150874,Success,
1667,Office,89977 Schroeder Bridge,7868461334,02042026051150874,Success,
14007,Office,6696 Sadie Garden,6993514812,02042026051150874,Success,
1667,Office,996 Bauch Crossroad,6333518975,02042026051150874,Success,
14007,Office,8805 Church Hill,8525114624,02042026051150874,Success,
1667,Office,52417 Brooke Corners,2874453994,02042026051150874,Success,
14007,Office,8980 Jacobson Passage,1687200897,02042026051150874,Success,
1667,Office,500 Davis Ville,2587190400,02042026051150874,Success,
14007,Office,55427 Katlyn Canyon,4120510117,02042026051150874,Success,
1667,Office,933 Baumbach Meadows,9513142199,02042026051150874,Success,
14007,Office,65578 Rae Trail,3274562731,02042026051150874,Success,
1667,Office,5278 Bergstrom Wells,6238047970,02042026051150874,Success,
14007,Office,293 King Fall,5349913736,02042026051150874,Success,
1667,Office,5225 Elnora Causeway,7021425057,02042026051150874,Success,
14007,Office,9436 Kirlin Throughway,4642124635,02042026051150874,Success,
1667,Office,4025 O'Keefe Street,4338443586,02042026051150874,Success,
14007,Office,14984 A Street,9128769929,02042026051150874,Success,
1667,Office,34866 Spencer Circle,3385133816,02042026051150874,Success,
14007,Office,5262 Abbott Brook,7919585209,02042026051150874,Success,
1667,Office,470 Kunze Wells,7294668080,02042026051150874,Success,
14007,Office,6740 W Broadway,8653144597,02042026051150874,Success,
1667,Office,20957 David Crossing,7959281345,02042026051150874,Success,
14007,Office,414 Cartwright Loop,7065228410,02042026051150874,Success,
1667,Office,8739 Skyline Drive,6618244435,02042026051150874,Success,
14007,Office,3493 Mellie Vista,9900281052,02042026051150874,Success,
1667,Office,941 Stark Cliffs,8297860857,02042026051150874,Success,
14007,Office,51281 Krystal Run,1614992750,02042026051150874,Success,
1667,Office,26061 Chester Throughway,3900797421,02042026051150874,Success,
14007,Office,774 Schulist Rue,7498210049,02042026051150874,Success,
1667,Office,32675 Bramble Close,3489090944,02042026051150874,Success,
14007,Office,576 Glover Trail,7901826769,02042026051150874,Success,
1667,Office,34841 Ashly Circle,7889261790,02042026051150874,Success,
14007,Office,5616 Sipes Squares,1770052271,02042026051150874,Success,
1667,Office,1998 Watery Lane,9742650881,02042026051150874,Success,
14007,Office,42723 Mohr Plain,8967563840,02042026051150874,Success,
1667,Office,3364 Wilfred Isle,3386798540,02042026051150874,Success,
14007,Office,396 Bechtelar Lake,3575565025,02042026051150874,Success,
1667,Office,76399 Esteban Isle,9100854580,02042026051150874,Success,
14007,Office,84789 Logan Via,2971717044,02042026051150874,Success,
1667,Office,7497 Corkery Mount,6194316080,02042026051150874,Success,
14007,Office,2481 Lincoln Highway,9535193808,02042026051150874,Success,
1667,Office,23819 Ferry Landing,2939345657,02042026051150874,Success,
14007,Office,8918 Station Street,2307442015,02042026051150874,Success,
1667,Office,281 The Meadows,2392210924,02042026051150874,Success,
14007,Office,91776 Jast Coves,2805963662,02042026051150874,Success,
1667,Office,9932 Frankie Key,1250518421,02042026051150874,Success,
14007,Office,1064 Mayert Springs,1998668106,02042026051150874,Success,
1667,Office,243 W 8th Street,1698200348,02042026051150874,Success,
14007,Office,145 Carolyne Shoals,4191043847,02042026051150874,Success,
1667,Office,2110 Lee Street,9553826283,02042026051150874,Success,
14007,Office,8636 Reinger Place,2509644853,02042026051150874,Success,
1667,Office,315 4th Avenue,7619103573,02042026051150874,Success,
14007,Office,9269 Cletus Wall,5029150836,02042026051150874,Success,
1667,Office,5560 Jacobson Valley,1699025717,02042026051150874,Success,
14007,Office,61966 Yost Highway,9466756407,02042026051150874,Success,
1667,Office,89021 Leuschke Coves,6361385737,02042026051150874,Success,
14007,Office,31010 Orchard Road,3042525936,02042026051150874,Success,
1667,Office,1828 Jacobs Brook,4581679559,02042026051150874,Success,
14007,Office,283 E Walnut Street,1210096492,02042026051150874,Success,
1667,Office,555 Jaime Throughway,6999113141,02042026051150874,Success,
14007,Office,2700 Watsica Union,9845958232,02042026051150874,Success,
1667,Office,966 Elton Field,8752430299,02042026051150874,Success,
14007,Office,663 Petra Place,8765482094,02042026051150874,Success,
1667,Office,633 Rectory Lane,4354362944,02042026051150874,Success,
14007,Office,534 Beach Road,6002619370,02042026051150874,Success,
1667,Office,83328 Boehm Fields,9735732173,02042026051150874,Success,
14007,Office,7512 Celia Canyon,1437031868,02042026051150874,Success,
1667,Office,62474 Wiley Station,1346401403,02042026051150874,Success,
14007,Office,961 Stiedemann Pike,2904023460,02042026051150874,Success,
1667,Office,28881 Haag Shores,2737633595,02042026051150874,Success,
14007,Office,1662 Edward Street,4206219589,02042026051150874,Success,
1667,Office,4074 Milton Road,3882654722,02042026051150874,Success,
14007,Office,4012 Beer Fall,4531735427,02042026051150874,Success,
1667,Office,969 Elvera Track,6039782125,02042026051150874,Success,
14007,Office,117 Willow Close,3441103112,02042026051150874,Success,
1667,Office,5634 Wellington Road,7612583985,02042026051150874,Success,
14007,Office,53152 Kreiger Rapids,4971487536,02042026051150874,Success,
1667,Office,59384 Gusikowski Passage,9080844086,02042026051150874,Success,
14007,Office,924 Robin Estate,5542520010,02042026051150874,Success,
1667,Office,61802 Erwin Mews,7308566984,02042026051150874,Success,
14007,Office,5064 Alden Vista,6212900490,02042026051150874,Success,
1667,Office,774 Ottilie Gateway,2089948670,02042026051150874,Success,
14007,Office,4196 Michel Rapid,4364313818,02042026051150874,Success,
1667,Office,444 Runolfsson Inlet,8510061238,02042026051150874,Success,
14007,Office,4515 Brendan Underpass,3708839026,02042026051150874,Success,
1667,Office,1192 Brook Street,2456951019,02042026051150874,Success,
14007,Office,7720 Melissa Heights,3917017581,02042026051150874,Success,
1667,Office,8537 Hyatt Meadows,6822440323,02042026051150874,Success,
14007,Office,59895 Alexandra Road,1533619027,02042026051150874,Success,
1667,Office,92728 Thurman Parkway,8447239298,02042026051150874,Success,
