AgreementId,AddressType,Address,MobileNumber,WorkRequestId,UploadStatus,ErrorMessage
14007,Office,323 Flatley Row,1182140724,02112026113620567,Success,
1667,Office,9119 Narciso Lodge,3336590831,02112026113620567,Success,
14007,Office,7929 Jackson Street,3505020589,02112026113620567,Success,
1667,Office,501 Stamm Forges,5165404856,02112026113620567,Success,
14007,Office,16907 Grant Lane,7625745460,02112026113620567,Success,
1667,Office,9273 N Main,3805011411,02112026113620567,Success,
14007,Office,3607 Duane Club,4847263796,02112026113620567,Success,
1667,Office,30708 Quarry Road,9278981819,02112026113620567,Success,
14007,Office,606 Shyann Way,3937240119,02112026113620567,Success,
1667,Office,139 Cherry Street,9749770547,02112026113620567,Success,
14007,Office,68692 S Church Street,9208510552,02112026113620567,Success,
1667,Office,9340 Walnut Street,8541415582,02112026113620567,Success,
14007,Office,2364 Smith Burgs,9651837797,02112026113620567,Success,
1667,Office,772 Domenico Trafficway,7008631025,02112026113620567,Success,
14007,Office,337 Keebler Camp,5585782295,02112026113620567,Success,
1667,Office,54566 Sherwood Stream,4535300145,02112026113620567,Success,
14007,Office,501 N State Street,7873873430,02112026113620567,Success,
1667,Office,800 Alvah Loaf,7715760301,02112026113620567,Success,
14007,Office,3656 Franey Motorway,5432067008,02112026113620567,Success,
1667,Office,7462 Buckridge Road,1489798557,02112026113620567,Success,
14007,Office,21355 Morissette Parkway,4370074668,02112026113620567,Success,
1667,Office,487 Woodlands Road,9029920140,02112026113620567,Success,
14007,Office,184 E Broadway,6680200011,02112026113620567,Success,
1667,Office,135 Stanton Parks,4268270260,02112026113620567,Success,
14007,Office,779 Lottie Fork,1365075230,02112026113620567,Success,
1667,Office,43440 Wisozk Oval,6218628594,02112026113620567,Success,
14007,Office,781 3rd Street,6327251687,02112026113620567,Success,
1667,Office,431 College Avenue,7504567271,02112026113620567,Success,
14007,Office,679 The Spinney,6330714589,02112026113620567,Success,
1667,Office,65641 Elijah Field,8790515500,02112026113620567,Success,
14007,Office,313 Peter Mill,5673309378,02112026113620567,Success,
1667,Office,68046 Wren Close,8700612322,02112026113620567,Success,
14007,Office,3527 Deckow Burgs,9717268975,02112026113620567,Success,
1667,Office,6654 Winifred Land,3785145831,02112026113620567,Success,
14007,Office,457 Tower Road,1740040771,02112026113620567,Success,
1667,Office,1707 Padberg Passage,3081527133,02112026113620567,Success,
14007,Office,619 Aracely Junctions,6995644502,02112026113620567,Success,
1667,Office,5327 Stark Haven,2649053876,02112026113620567,Success,
14007,Office,20162 The Chase,9342883266,02112026113620567,Success,
1667,Office,8236 Lemke Lights,3668841352,02112026113620567,Success,
14007,Office,9797 Andrew Curve,6631687318,02112026113620567,Success,
1667,Office,78748 Roob Knolls,6378611733,02112026113620567,Success,
14007,Office,1265 Ed Plaza,5518071571,02112026113620567,Success,
1667,Office,11537 High Road,1984660793,02112026113620567,Success,
14007,Office,4109 Martin Luther King Drive,5716819867,02112026113620567,Success,
1667,Office,2730 Lauren Forge,9784437672,02112026113620567,Success,
14007,Office,81891 Orrin Forest,5618207721,02112026113620567,Success,
1667,Office,251 New Street,6561919615,02112026113620567,Success,
14007,Office,33411 McLaughlin Way,2438155204,02112026113620567,Success,
1667,Office,796 Edison Brooks,7677804601,02112026113620567,Success,
14007,Office,75989 Railroad Street,9247382981,02112026113620567,Success,
1667,Office,9990 S Broadway,8599727139,02112026113620567,Success,
14007,Office,52158 E South Street,8652963936,02112026113620567,Success,
1667,Office,22689 Lansdowne Road,8860268823,02112026113620567,Success,
14007,Office,1151 Delta Glens,8721769314,02112026113620567,Success,
1667,Office,168 Gibson Common,9981666175,02112026113620567,Success,
14007,Office,1994 Queen's Road,4627260527,02112026113620567,Success,
1667,Office,5849 Lincoln Highway,8640285898,02112026113620567,Success,
14007,Office,781 Mayfield Road,7024226117,02112026113620567,Success,
1667,Office,1549 Jones Fort,8391135121,02112026113620567,Success,
14007,Office,13361 Sidney Pine,7134668553,02112026113620567,Success,
1667,Office,8012 Clifton Road,5213697563,02112026113620567,Success,
14007,Office,18555 Schultz Throughway,7338484790,02112026113620567,Success,
1667,Office,162 E Walnut Street,7344653657,02112026113620567,Success,
14007,Office,386 S 4th Street,6304528690,02112026113620567,Success,
1667,Office,13277 Gutkowski Key,6132095845,02112026113620567,Success,
14007,Office,68609 W High Street,4656335456,02112026113620567,Success,
1667,Office,86310 School Close,3361196503,02112026113620567,Success,
14007,Office,2023 Brenda Ferry,9067351933,02112026113620567,Success,
1667,Office,997 Lucienne Branch,8016341347,02112026113620567,Success,
14007,Office,5520 MacGyver Way,7214727639,02112026113620567,Success,
1667,Office,387 6th Avenue,8635029301,02112026113620567,Success,
14007,Office,55250 Chapel Hill,6649196025,02112026113620567,Success,
1667,Office,23506 Stiedemann Lights,6145065466,02112026113620567,Success,
14007,Office,95339 Depot Street,8504228498,02112026113620567,Success,
1667,Office,7005 Rath Burgs,8751502797,02112026113620567,Success,
14007,Office,23501 Lindgren Circles,7948599505,02112026113620567,Success,
1667,Office,954 Walnut Close,6443383600,02112026113620567,Success,
14007,Office,13227 Daryl Ville,9823690839,02112026113620567,Success,
1667,Office,4313 Olson Rue,9421110141,02112026113620567,Success,
14007,Office,9603 Huel Squares,5169423836,02112026113620567,Success,
1667,Office,7920 Elinore Glen,1474134378,02112026113620567,Success,
14007,Office,1514 Belmont Road,5853837357,02112026113620567,Success,
1667,Office,482 N Jefferson Street,5436130115,02112026113620567,Success,
14007,Office,16769 Berge Greens,9480614530,02112026113620567,Success,
1667,Office,4135 Huels Camp,5502743918,02112026113620567,Success,
14007,Office,9121 Beahan Flats,6556853397,02112026113620567,Success,
1667,Office,68417 Roman Way,5305862328,02112026113620567,Success,
14007,Office,61295 Arielle Harbors,8173302427,02112026113620567,Success,
1667,Office,6590 MacGyver Motorway,2401952058,02112026113620567,Success,
14007,Office,3948 Jaylon Shore,7541969191,02112026113620567,Success,
1667,Office,672 Boris Island,3669961279,02112026113620567,Success,
14007,Office,43010 Elm Road,9776669611,02112026113620567,Success,
1667,Office,536 Ella Lane,7437237674,02112026113620567,Success,
14007,Office,1126 Keeling Garden,1465316921,02112026113620567,Success,
1667,Office,603 Emard Rest,2506839507,02112026113620567,Success,
14007,Office,641 2nd Avenue,2216882451,02112026113620567,Success,
1667,Office,9190 Russel Manor,3228304198,02112026113620567,Success,
14007,Office,205 Erdman Flat,5204370807,02112026113620567,Success,
1667,Office,95865 Pinfold Lane,3414746784,02112026113620567,Success,
14007,Office,75199 Liberty Street,5636195020,02112026113620567,Success,
1667,Office,3128 Western Avenue,6212607558,02112026113620567,Success,
14007,Office,256 Krista Street,5916086757,02112026113620567,Success,
1667,Office,319 Mathias Rue,2366919807,02112026113620567,Success,
14007,Office,513 Gloucester Road,7784619585,02112026113620567,Success,
1667,Office,83412 W 4th Avenue,6452785217,02112026113620567,Success,
14007,Office,64890 S Market Street,6473695066,02112026113620567,Success,
1667,Office,96766 Efren Meadow,8847856614,02112026113620567,Success,
14007,Office,1472 E 2nd Street,4400389771,02112026113620567,Success,
1667,Office,7250 Station Street,3372598365,02112026113620567,Success,
14007,Office,39936 S Bridge Street,7381334190,02112026113620567,Success,
1667,Office,1212 Adams Shoals,4920642141,02112026113620567,Success,
14007,Office,20781 Price Ridge,2127649268,02112026113620567,Success,
1667,Office,412 Chase Skyway,2277399937,02112026113620567,Success,
14007,Office,639 Beechwood Avenue,5840134482,02112026113620567,Success,
1667,Office,74879 W North Street,3254249537,02112026113620567,Success,
14007,Office,315 The Coppice,1779934026,02112026113620567,Success,
1667,Office,846 Park View,4527976577,02112026113620567,Success,
14007,Office,7662 Reinger Lights,8105554914,02112026113620567,Success,
1667,Office,348 Melisa Creek,1335969649,02112026113620567,Success,
14007,Office,15501 E River Road,5465735415,02112026113620567,Success,
1667,Office,7496 Hodkiewicz Common,5479946448,02112026113620567,Success,
14007,Office,5668 Francisca Gateway,6583318014,02112026113620567,Success,
1667,Office,135 Sanford Loop,7416315291,02112026113620567,Success,
14007,Office,348 Thompson Walk,6931571922,02112026113620567,Success,
1667,Office,31812 Coronation Avenue,5646486900,02112026113620567,Success,
14007,Office,73230 Orn Walks,1688781877,02112026113620567,Success,
1667,Office,2381 Greenwood Road,9236026363,02112026113620567,Success,
14007,Office,9184 Jade Stravenue,7575845063,02112026113620567,Success,
1667,Office,583 Jovanny Place,5785438929,02112026113620567,Success,
14007,Office,415 S Chestnut Street,6062578601,02112026113620567,Success,
1667,Office,680 Arlene Common,6151255968,02112026113620567,Success,
14007,Office,5951 Brown Island,4741459307,02112026113620567,Success,
1667,Office,56974 Saige Isle,3517445230,02112026113620567,Success,
14007,Office,482 Pagac Pines,2256444274,02112026113620567,Success,
1667,Office,4430 Lorena Tunnel,7060125777,02112026113620567,Success,
14007,Office,46811 Vine Street,7694379081,02112026113620567,Success,
1667,Office,59825 Skiles Mount,8166542383,02112026113620567,Success,
14007,Office,551 W 1st Street,2824491809,02112026113620567,Success,
1667,Office,185 Donato Creek,5002106871,02112026113620567,Success,
14007,Office,7649 Lavern Grove,9772257624,02112026113620567,Success,
1667,Office,86916 Blanda Freeway,8419582806,02112026113620567,Success,
14007,Office,9466 Pfeffer Garden,1219274581,02112026113620567,Success,
1667,Office,581 Bruce Glen,3176207284,02112026113620567,Success,
14007,Office,70893 S Broad Street,8823124817,02112026113620567,Success,
1667,Office,831 County Road,2906196460,02112026113620567,Success,
14007,Office,786 D'Amore Plains,6800054983,02112026113620567,Success,
1667,Office,127 Meggie Divide,4511284643,02112026113620567,Success,
14007,Office,4036 Manor Gardens,1177838253,02112026113620567,Success,
1667,Office,844 Alivia Points,7612650083,02112026113620567,Success,
14007,Office,7277 Fritsch Bridge,2273262822,02112026113620567,Success,
1667,Office,965 Kayla Club,8941979102,02112026113620567,Success,
14007,Office,64459 Considine Orchard,2851617321,02112026113620567,Success,
1667,Office,2680 Oaklands,2627078819,02112026113620567,Success,
14007,Office,45338 Little Corners,2999038141,02112026113620567,Success,
1667,Office,840 Shanie Ford,9960688581,02112026113620567,Success,
14007,Office,40232 The Meadows,5108328274,02112026113620567,Success,
1667,Office,237 Kertzmann Throughway,5147123803,02112026113620567,Success,
14007,Office,689 Schmitt Parkway,3866951779,02112026113620567,Success,
1667,Office,1537 S Broadway,1733870865,02112026113620567,Success,
14007,Office,888 N Broadway Street,3992586707,02112026113620567,Success,
1667,Office,560 Trystan Lights,3973182942,02112026113620567,Success,
14007,Office,907 Dejon Crossroad,8813422931,02112026113620567,Success,
1667,Office,101 Howe Avenue,2222885520,02112026113620567,Success,
14007,Office,363 Padberg Grove,2260714466,02112026113620567,Success,
1667,Office,9791 5th Avenue,9106176893,02112026113620567,Success,
14007,Office,696 Juniper Close,5883222863,02112026113620567,Success,
1667,Office,6381 Gina Wells,3527516162,02112026113620567,Success,
14007,Office,41670 Jamel Lakes,5458834467,02112026113620567,Success,
1667,Office,38995 Corine Lake,4181700132,02112026113620567,Success,
14007,Office,477 Walnut Street,3273201825,02112026113620567,Success,
1667,Office,3386 Susie Overpass,2817952350,02112026113620567,Success,
14007,Office,62610 Lemke Corners,2880577186,02112026113620567,Success,
1667,Office,4879 Brayan Plaza,8073527196,02112026113620567,Success,
14007,Office,1400 Ludwig Throughway,8559207300,02112026113620567,Success,
1667,Office,22070 Julianne Islands,6448501511,02112026113620567,Success,
14007,Office,108 Cow Lane,1653673652,02112026113620567,Success,
1667,Office,8454 Schamberger Creek,4975499834,02112026113620567,Success,
14007,Office,7087 Park Drive,6238881978,02112026113620567,Success,
1667,Office,9632 Nelson Street,5514533226,02112026113620567,Success,
14007,Office,54163 Herman Vista,8733788113,02112026113620567,Success,
1667,Office,505 Antwan Expressway,7441385494,02112026113620567,Success,
14007,Office,79783 Hammes Junction,1045052377,02112026113620567,Success,
1667,Office,80958 Albion Street,6223012372,02112026113620567,Success,
14007,Office,78772 Esta Trafficway,6695873153,02112026113620567,Success,
1667,Office,19629 Queen's Road,9752180951,02112026113620567,Success,
14007,Office,58642 Schmeler Bridge,8010816138,02112026113620567,Success,
1667,Office,352 Rozella Lake,9938285626,02112026113620567,Success,
14007,Office,5888 Casper Route,4100505313,02112026113620567,Success,
1667,Office,103 Stark Branch,5119718255,02112026113620567,Success,
14007,Office,6273 Willow Drive,8350577936,02112026113620567,Success,
1667,Office,83635 Morar Hill,5948419256,02112026113620567,Success,
14007,Office,562 Roob Heights,1061412253,02112026113620567,Success,
1667,Office,286 Zieme Union,4146897920,02112026113620567,Success,
14007,Office,51092 Henry Falls,6704894099,02112026113620567,Success,
1667,Office,5406 Hayes Passage,5634314342,02112026113620567,Success,
14007,Office,37902 Schuppe Circles,7414423908,02112026113620567,Success,
1667,Office,576 Gwen Parkway,3698683616,02112026113620567,Success,
14007,Office,63730 Arnoldo Camp,4232283905,02112026113620567,Success,
1667,Office,5723 Vicarage Close,4953763824,02112026113620567,Success,
14007,Office,12609 Kuphal Trafficway,2906791150,02112026113620567,Success,
1667,Office,41305 Hayes Mall,3131463412,02112026113620567,Success,
14007,Office,1280 Aida Passage,5271861631,02112026113620567,Success,
1667,Office,228 Bath Street,4985479126,02112026113620567,Success,
14007,Office,94165 Noemie Road,1217130332,02112026113620567,Success,
1667,Office,214 W 9th Street,2812760849,02112026113620567,Success,
14007,Office,2207 Rutherford Stravenue,6049058843,02112026113620567,Success,
1667,Office,157 Riverside,1597455771,02112026113620567,Success,
14007,Office,969 Manor Gardens,1465598986,02112026113620567,Success,
1667,Office,68955 Clyde Centers,3847932115,02112026113620567,Success,
14007,Office,567 Huels Via,4883164780,02112026113620567,Success,
1667,Office,722 Madison Avenue,4171089000,02112026113620567,Success,
14007,Office,50075 Rickey Crest,2836077631,02112026113620567,Success,
1667,Office,788 Cruickshank River,5772516388,02112026113620567,Success,
14007,Office,339 Nikko Stravenue,7435879604,02112026113620567,Success,
1667,Office,33802 Gulgowski Curve,3127448626,02112026113620567,Success,
14007,Office,8640 Bogisich Fall,2566568189,02112026113620567,Success,
1667,Office,179 Vandervort Shore,1105362422,02112026113620567,Success,
14007,Office,54687 Ima Mount,7728359431,02112026113620567,Success,
1667,Office,5493 W Division Street,8009679730,02112026113620567,Success,
14007,Office,666 Zemlak Oval,3771624415,02112026113620567,Success,
1667,Office,9163 Carroll Motorway,2854962236,02112026113620567,Success,
14007,Office,47531 Alfred Street,6963129990,02112026113620567,Success,
1667,Office,48804 Yasmeen Cliffs,3169928865,02112026113620567,Success,
14007,Office,371 Jennifer Radial,5591875246,02112026113620567,Success,
1667,Office,422 Park Road,9732669481,02112026113620567,Success,
14007,Office,90141 Jesus Orchard,2890967079,02112026113620567,Success,
1667,Office,4722 Prohaska Fork,6640691485,02112026113620567,Success,
14007,Office,8508 Gisselle Haven,7675965521,02112026113620567,Success,
1667,Office,963 May Harbors,2889589695,02112026113620567,Success,
14007,Office,275 Gisselle Center,6251815320,02112026113620567,Success,
1667,Office,59167 Second Avenue,3143846585,02112026113620567,Success,
14007,Office,609 Moore Passage,8225239040,02112026113620567,Success,
1667,Office,308 Sipes Corner,6224768848,02112026113620567,Success,
14007,Office,5768 Bosco Glen,7189413404,02112026113620567,Success,
1667,Office,162 Noe Rapid,9611639990,02112026113620567,Success,
14007,Office,90357 Borer Keys,5860337580,02112026113620567,Success,
1667,Office,9212 Olson Overpass,4225799000,02112026113620567,Success,
14007,Office,854 Schaden Mill,8394409040,02112026113620567,Success,
1667,Office,10072 Devin Oval,1857683891,02112026113620567,Success,
14007,Office,100 Terry Centers,4643386757,02112026113620567,Success,
1667,Office,87818 Rectory Close,6288595693,02112026113620567,Success,
14007,Office,491 N Main Street,7927524347,02112026113620567,Success,
1667,Office,3281 West End,7383857428,02112026113620567,Success,
14007,Office,28195 Kunde Rest,5723012323,02112026113620567,Success,
1667,Office,2586 Jane Place,1908993024,02112026113620567,Success,
14007,Office,6395 Maryse Shoal,6299780837,02112026113620567,Success,
1667,Office,94396 Baron Valley,8039259113,02112026113620567,Success,
14007,Office,1192 Grand Avenue,3289748288,02112026113620567,Success,
1667,Office,256 O'Kon Isle,8434247314,02112026113620567,Success,
14007,Office,851 Garnett Island,6625485865,02112026113620567,Success,
1667,Office,112 S Division Street,3890557908,02112026113620567,Success,
14007,Office,7634 Reynolds Streets,4427224539,02112026113620567,Success,
1667,Office,22188 Cedar Close,6101934454,02112026113620567,Success,
14007,Office,895 Reginald Grove,7788369945,02112026113620567,Success,
1667,Office,29774 Gabriel Lakes,5798507704,02112026113620567,Success,
14007,Office,92703 Faye Ford,1991699487,02112026113620567,Success,
1667,Office,4415 Welch Cliff,2677330949,02112026113620567,Success,
14007,Office,953 Santiago Shore,3666859419,02112026113620567,Success,
1667,Office,448 W Oak Street,3949967758,02112026113620567,Success,
14007,Office,320 Nelson Street,8086889850,02112026113620567,Success,
1667,Office,786 Stiedemann Road,2789716785,02112026113620567,Success,
14007,Office,9265 King Extension,4079563435,02112026113620567,Success,
1667,Office,96150 The Green,6356005246,02112026113620567,Success,
14007,Office,623 Priory Road,4994156376,02112026113620567,Success,
1667,Office,507 Gislason Trace,8043016950,02112026113620567,Success,
14007,Office,55826 Washington Avenue,6304067522,02112026113620567,Success,
1667,Office,810 W Jefferson Street,8292097967,02112026113620567,Success,
14007,Office,67435 School Street,3859367671,02112026113620567,Success,
1667,Office,7156 Salma Shores,9824138595,02112026113620567,Success,
14007,Office,4386 Ismael Ferry,9196945308,02112026113620567,Success,
1667,Office,61004 Felicita Cove,8827025128,02112026113620567,Success,
14007,Office,39475 Chestnut Close,7450559794,02112026113620567,Success,
1667,Office,6239 Mohr Crossing,3886667339,02112026113620567,Success,
14007,Office,11185 Elenor Roads,7022949544,02112026113620567,Success,
1667,Office,35794 Dejon River,1080909958,02112026113620567,Success,
14007,Office,39773 Kirlin Parks,1814125409,02112026113620567,Success,
1667,Office,61251 Meaghan Rapid,9443658461,02112026113620567,Success,
14007,Office,123 Gislason Mountain,2816796115,02112026113620567,Success,
1667,Office,65922 Mohr Tunnel,5244084824,02112026113620567,Success,
14007,Office,66442 Halvorson Point,9196476556,02112026113620567,Success,
1667,Office,7076 Wendell Lakes,8511955581,02112026113620567,Success,
14007,Office,4265 Keeley Mall,1878867886,02112026113620567,Success,
1667,Office,7069 Rectory Lane,9910573993,02112026113620567,Success,
14007,Office,958 Waelchi Hill,2082935992,02112026113620567,Success,
1667,Office,5942 Market Square,3014861289,02112026113620567,Success,
14007,Office,270 Giovani Greens,1032823031,02112026113620567,Success,
1667,Office,445 Joelle Rapid,9925790555,02112026113620567,Success,
14007,Office,860 Birch Grove,9834927668,02112026113620567,Success,
1667,Office,9804 Oswald Highway,2626602567,02112026113620567,Success,
14007,Office,6364 Jarrett Estate,7259557260,02112026113620567,Success,
1667,Office,7615 Torrey Shoal,9366433145,02112026113620567,Success,
14007,Office,388 William Street,1105611977,02112026113620567,Success,
1667,Office,6214 S Main,8791329179,02112026113620567,Success,
14007,Office,5218 Kaleb Stream,2805463030,02112026113620567,Success,
1667,Office,71392 Carolanne Mountains,1301028284,02112026113620567,Success,
14007,Office,9813 Beech Road,6629286391,02112026113620567,Success,
1667,Office,5527 Dillon Drive,6532293703,02112026113620567,Success,
14007,Office,8591 Dach Meadow,8852411852,02112026113620567,Success,
1667,Office,71138 Kevin Mills,3591167046,02112026113620567,Success,
14007,Office,44611 Terrence Trafficway,6297055057,02112026113620567,Success,
1667,Office,5919 Homenick Station,4781674239,02112026113620567,Success,
14007,Office,3001 Yvonne Bridge,9927130500,02112026113620567,Success,
1667,Office,158 Edward Street,9989832813,02112026113620567,Success,
14007,Office,1520 Lupe Pass,8722535015,02112026113620567,Success,
1667,Office,37442 Valley Road,8643749033,02112026113620567,Success,
14007,Office,3599 Raheem Landing,5591041070,02112026113620567,Success,
1667,Office,463 Lia Hollow,5660293258,02112026113620567,Success,
14007,Office,5326 Sydnee Walks,3339866884,02112026113620567,Success,
1667,Office,6368 S Maple Street,9269365685,02112026113620567,Success,
14007,Office,3064 S 5th Street,2251971182,02112026113620567,Success,
1667,Office,9402 Jaskolski Walks,5482281256,02112026113620567,Success,
14007,Office,541 Kling Stravenue,8294306637,02112026113620567,Success,
1667,Office,176 Larch Close,8742871602,02112026113620567,Success,
14007,Office,2614 Lodge Close,6652664163,02112026113620567,Success,
1667,Office,55968 Oxford Road,8766672710,02112026113620567,Success,
14007,Office,49157 Richmond Road,7084183715,02112026113620567,Success,
1667,Office,912 Ridge Road,5813040111,02112026113620567,Success,
14007,Office,60673 E Pine Street,6283104380,02112026113620567,Success,
1667,Office,65581 Manley Hollow,3419063380,02112026113620567,Success,
14007,Office,8711 Lubowitz Lakes,4581993951,02112026113620567,Success,
1667,Office,37807 Jadyn Village,6625327408,02112026113620567,Success,
14007,Office,4335 Stanley Road,1333515524,02112026113620567,Success,
1667,Office,3920 Schuyler Dale,2673479771,02112026113620567,Success,
14007,Office,6831 Crown Street,1486318396,02112026113620567,Success,
1667,Office,7801 Nikolaus Manor,4676345307,02112026113620567,Success,
14007,Office,59044 N State Street,3149478264,02112026113620567,Success,
1667,Office,79802 E State Street,4340423087,02112026113620567,Success,
14007,Office,122 Perry Forges,3118915851,02112026113620567,Success,
1667,Office,5894 Chapel Road,5697465019,02112026113620567,Success,
14007,Office,4156 Tyrese Stream,6991376409,02112026113620567,Success,
1667,Office,8772 Susana Orchard,9180296595,02112026113620567,Success,
14007,Office,30256 Parker Grove,6654249361,02112026113620567,Success,
1667,Office,3764 Kohler Passage,7646628508,02112026113620567,Success,
14007,Office,68592 Zita Divide,7195535126,02112026113620567,Success,
1667,Office,938 Hackett Lock,2126089681,02112026113620567,Success,
14007,Office,7856 Fahey Heights,5015592596,02112026113620567,Success,
1667,Office,842 Princess Street,2753552332,02112026113620567,Success,
14007,Office,6755 General Dam,9186717611,02112026113620567,Success,
1667,Office,627 Brakus Lakes,5199760845,02112026113620567,Success,
14007,Office,8341 Springfield Close,6166174428,02112026113620567,Success,
1667,Office,7913 The Square,7243928405,02112026113620567,Success,
14007,Office,5510 Nicolas Crescent,4994420074,02112026113620567,Success,
1667,Office,92195 E River Road,6416500877,02112026113620567,Success,
14007,Office,512 Hansen Cliffs,5458581944,02112026113620567,Success,
1667,Office,8554 Rita Cape,9140432288,02112026113620567,Success,
14007,Office,44776 Kailyn Junction,3992718156,02112026113620567,Success,
1667,Office,158 Beech Drive,3182556857,02112026113620567,Success,
14007,Office,45241 Pietro Summit,1909895756,02112026113620567,Success,
1667,Office,3615 Parisian Crest,7282782730,02112026113620567,Success,
14007,Office,66436 Stracke Villages,9771582061,02112026113620567,Success,
1667,Office,4443 S Franklin Street,2086633238,02112026113620567,Success,
14007,Office,75788 Meadow Close,4759864021,02112026113620567,Success,
1667,Office,19515 Jamal Spurs,8241431295,02112026113620567,Success,
14007,Office,4900 S West Street,1171664344,02112026113620567,Success,
1667,Office,13778 Dach Gardens,7834390923,02112026113620567,Success,
14007,Office,17743 Madaline Via,7311709544,02112026113620567,Success,
1667,Office,7619 Gusikowski Expressway,6574843142,02112026113620567,Success,
14007,Office,315 Raul Forges,3429453056,02112026113620567,Success,
1667,Office,24494 Considine Union,3733286294,02112026113620567,Success,
14007,Office,5311 Wilderman Shoal,9005312507,02112026113620567,Success,
1667,Office,853 Marquardt Avenue,2098138882,02112026113620567,Success,
14007,Office,5649 Maple Drive,1738340564,02112026113620567,Success,
1667,Office,68205 Rectory Close,1044809461,02112026113620567,Success,
14007,Office,43141 Ledner Junctions,8660614401,02112026113620567,Success,
1667,Office,5481 Kirsten Mall,3472682051,02112026113620567,Success,
14007,Office,118 Louvenia Ports,2325244131,02112026113620567,Success,
1667,Office,717 Lesch Islands,9036311106,02112026113620567,Success,
14007,Office,6769 West Canyon,1300949394,02112026113620567,Success,
1667,Office,749 South Road,9462313591,02112026113620567,Success,
14007,Office,30092 N Chestnut Street,9332586387,02112026113620567,Success,
1667,Office,46890 Sycamore Drive,5383121349,02112026113620567,Success,
14007,Office,986 Bridge Road,4279962414,02112026113620567,Success,
1667,Office,346 McDermott Forest,2213807510,02112026113620567,Success,
14007,Office,48342 Brandyn Lock,8345321382,02112026113620567,Success,
1667,Office,180 Richmond Road,1169325008,02112026113620567,Success,
14007,Office,3122 Darrick Meadow,2775301021,02112026113620567,Success,
1667,Office,811 Gwen Land,4145604117,02112026113620567,Success,
14007,Office,42697 W Maple Street,7391239783,02112026113620567,Success,
1667,Office,36132 Donavon Junction,4426320236,02112026113620567,Success,
14007,Office,2939 Park Lane,6708733880,02112026113620567,Success,
1667,Office,5256 Mill Street,5623707422,02112026113620567,Success,
14007,Office,7229 Goodwin Pines,3254883887,02112026113620567,Success,
1667,Office,9819 Cronin Common,5787525252,02112026113620567,Success,
14007,Office,9035 Zieme Ridge,8596024534,02112026113620567,Success,
1667,Office,9131 Tower Road,1401586499,02112026113620567,Success,
14007,Office,906 Russel Glen,5537645230,02112026113620567,Success,
1667,Office,821 Honeysuckle Close,9588333513,02112026113620567,Success,
14007,Office,8047 Easter Harbor,3833462687,02112026113620567,Success,
1667,Office,69362 Langworth Parkway,3629609957,02112026113620567,Success,
14007,Office,10744 Maxwell Avenue,2838924914,02112026113620567,Success,
1667,Office,77223 Bahringer Crossroad,6721840606,02112026113620567,Success,
14007,Office,627 The Spinney,8329371296,02112026113620567,Success,
1667,Office,169 Cross Street,8507258960,02112026113620567,Success,
14007,Office,35886 Legros Lake,8323091666,02112026113620567,Success,
1667,Office,972 W 6th Avenue,2631493663,02112026113620567,Success,
14007,Office,56958 N College Street,7083614911,02112026113620567,Success,
1667,Office,741 Corine Landing,4470642402,02112026113620567,Success,
14007,Office,830 Quarry Lane,8860725903,02112026113620567,Success,
1667,Office,76037 Elsa Shoal,7750740259,02112026113620567,Success,
14007,Office,5642 Anita Fork,2121299110,02112026113620567,Success,
1667,Office,16279 Kshlerin Common,2384369231,02112026113620567,Success,
14007,Office,58676 Huels Motorway,3323994294,02112026113620567,Success,
1667,Office,384 Mueller Plaza,3612054349,02112026113620567,Success,
14007,Office,493 Mann Passage,2842044590,02112026113620567,Success,
1667,Office,708 Gussie Unions,6980885457,02112026113620567,Success,
14007,Office,27173 Spring Street,1587522710,02112026113620567,Success,
1667,Office,542 Willms Port,1263318900,02112026113620567,Success,
14007,Office,151 W Pine Street,9230048931,02112026113620567,Success,
1667,Office,5443 America Oval,5396930149,02112026113620567,Success,
14007,Office,16695 Effertz Dam,2143311532,02112026113620567,Success,
1667,Office,12558 Larkin Trail,5320680904,02112026113620567,Success,
14007,Office,4471 Court Street,8716644497,02112026113620567,Success,
1667,Office,7247 Libbie Lane,7542630205,02112026113620567,Success,
14007,Office,8615 Albion Street,2217405804,02112026113620567,Success,
1667,Office,83996 Hilll Parks,2624894326,02112026113620567,Success,
14007,Office,7629 Wolf Shoals,8083330154,02112026113620567,Success,
1667,Office,59587 Kobe Flat,3765327660,02112026113620567,Success,
14007,Office,7240 Glebe Close,8176892104,02112026113620567,Success,
1667,Office,82746 Demarco Squares,4688150468,02112026113620567,Success,
14007,Office,738 Nienow Center,6911641640,02112026113620567,Success,
1667,Office,48333 Johnpaul Point,4975936456,02112026113620567,Success,
14007,Office,2464 Bednar Estates,6960523954,02112026113620567,Success,
1667,Office,30679 S Main Avenue,3958775441,02112026113620567,Success,
14007,Office,739 Jean Junctions,3317332728,02112026113620567,Success,
1667,Office,9866 Scottie Parkways,4270063017,02112026113620567,Success,
14007,Office,3547 D'Amore Courts,1836175757,02112026113620567,Success,
1667,Office,13620 Low Road,9291694812,02112026113620567,Success,
14007,Office,7805 Ziemann Hills,3674439839,02112026113620567,Success,
1667,Office,916 S Broadway,7966187032,02112026113620567,Success,
14007,Office,55592 West View,8928575963,02112026113620567,Success,
1667,Office,42687 Dickinson Hollow,6183073396,02112026113620567,Success,
14007,Office,86733 Bethany Loop,6162155965,02112026113620567,Success,
1667,Office,41927 Gislason Shore,3225527785,02112026113620567,Success,
14007,Office,10378 E Park Avenue,4988837840,02112026113620567,Success,
1667,Office,20795 August Dale,5271464379,02112026113620567,Success,
14007,Office,1132 St Mary's Close,5323151630,02112026113620567,Success,
1667,Office,92896 Maple Drive,8035295474,02112026113620567,Success,
14007,Office,8201 Amparo Shoal,1864549839,02112026113620567,Success,
1667,Office,911 Auer Stream,9013402009,02112026113620567,Success,
14007,Office,6583 N 1st Street,7058257004,02112026113620567,Success,
1667,Office,8556 Runolfsdottir Keys,8558140879,02112026113620567,Success,
14007,Office,2199 Poplar Avenue,6621953968,02112026113620567,Success,
1667,Office,4745 Castle Close,4804267128,02112026113620567,Success,
14007,Office,6396 Blanda Viaduct,5660280353,02112026113620567,Success,
1667,Office,3727 Derick Hills,3852425009,02112026113620567,Success,
14007,Office,517 Madalyn Rest,8351884348,02112026113620567,Success,
1667,Office,8226 Rosanna Plaza,8701691735,02112026113620567,Success,
14007,Office,25596 Nannie Radial,6425786414,02112026113620567,Success,
1667,Office,82865 S Oak Street,8276649791,02112026113620567,Success,
14007,Office,873 Ryan Shores,9880612287,02112026113620567,Success,
1667,Office,1531 Leannon Orchard,9377420329,02112026113620567,Success,
14007,Office,1703 Jacobson Village,1369446590,02112026113620567,Success,
1667,Office,3276 N Lincoln Street,5258840473,02112026113620567,Success,
14007,Office,199 14th Street,2752322418,02112026113620567,Success,
1667,Office,2064 Flo Row,9006402434,02112026113620567,Success,
14007,Office,5279 W Main,4363861597,02112026113620567,Success,
1667,Office,928 N State Street,4270109467,02112026113620567,Success,
14007,Office,53656 Shaniya Lights,7627768360,02112026113620567,Success,
1667,Office,2007 Bernadine Alley,2115789128,02112026113620567,Success,
14007,Office,358 South Road,4027798302,02112026113620567,Success,
1667,Office,98034 Catherine Brook,9881982692,02112026113620567,Success,
14007,Office,1105 Hirthe Mills,8623641069,02112026113620567,Success,
1667,Office,938 Keagan Divide,9639904422,02112026113620567,Success,
14007,Office,56730 Rohan Mill,6451767263,02112026113620567,Success,
1667,Office,3552 W 5th Street,6968460408,02112026113620567,Success,
14007,Office,20030 Glover Fork,4582496433,02112026113620567,Success,
1667,Office,3056 Arturo Crossroad,4940970677,02112026113620567,Success,
14007,Office,20933 Hettinger View,1111051383,02112026113620567,Success,
1667,Office,716 E Broadway,5702903455,02112026113620567,Success,
14007,Office,6694 Tyreek Mountain,8640284626,02112026113620567,Success,
1667,Office,411 E River Road,5874661249,02112026113620567,Success,
14007,Office,957 W Pine Street,5396229657,02112026113620567,Success,
1667,Office,6204 Langosh Haven,2661514048,02112026113620567,Success,
14007,Office,57512 Francisca Station,9464921048,02112026113620567,Success,
1667,Office,6250 7th Street,3829690864,02112026113620567,Success,
14007,Office,87781 Broad Street,5803166607,02112026113620567,Success,
1667,Office,529 Rutherford Courts,6690215499,02112026113620567,Success,
14007,Office,530 Corwin Fields,1269427960,02112026113620567,Success,
1667,Office,3050 Schroeder Avenue,7237797312,02112026113620567,Success,
14007,Office,73851 Brayan Lodge,7354912236,02112026113620567,Success,
1667,Office,7303 Barton Green,6513067576,02112026113620567,Success,
14007,Office,69082 Tate Land,3155082166,02112026113620567,Success,
1667,Office,9254 Poplar Avenue,1209198691,02112026113620567,Success,
14007,Office,9977 Sycamore Avenue,3576185052,02112026113620567,Success,
1667,Office,29346 Chester Road,4350753788,02112026113620567,Success,
14007,Office,7375 Willis Trafficway,9114585584,02112026113620567,Success,
1667,Office,864 Deckow Springs,2201108602,02112026113620567,Success,
14007,Office,9038 Emma Field,6182082237,02112026113620567,Success,
1667,Office,39146 Bashirian Forest,8562313633,02112026113620567,Success,
14007,Office,2906 Jamel Oval,5342153304,02112026113620567,Success,
1667,Office,24273 Dare Corners,9873483404,02112026113620567,Success,
14007,Office,48924 Madison Street,2850440805,02112026113620567,Success,
1667,Office,37895 Rogahn Lodge,4654442880,02112026113620567,Success,
14007,Office,669 Hildegard Flat,2449528621,02112026113620567,Success,
1667,Office,82343 Locust Street,2974364077,02112026113620567,Success,
14007,Office,347 Ramona Shoals,5627237208,02112026113620567,Success,
1667,Office,87918 White River,1711658843,02112026113620567,Success,
14007,Office,47295 Melissa Gardens,9065280552,02112026113620567,Success,
1667,Office,68076 Bryon Spring,7911506737,02112026113620567,Success,
14007,Office,156 Metz Gardens,5532794657,02112026113620567,Success,
1667,Office,6654 Wisozk Shoals,4527891507,02112026113620567,Success,
14007,Office,29499 Deonte Flat,3797050832,02112026113620567,Success,
1667,Office,6490 Richard Glen,3916393321,02112026113620567,Success,
14007,Office,3532 Davis Falls,6337826859,02112026113620567,Success,
1667,Office,2908 Gloucester Road,2647511889,02112026113620567,Success,
14007,Office,991 Heron Close,2557092605,02112026113620567,Success,
1667,Office,9874 Buckridge Ramp,6051260416,02112026113620567,Success,
14007,Office,785 Jeramy Land,6533726354,02112026113620567,Success,
1667,Office,40740 8th Avenue,8173760713,02112026113620567,Success,
14007,Office,113 Lucy Course,5970910875,02112026113620567,Success,
1667,Office,310 The Paddock,9042432721,02112026113620567,Success,
14007,Office,85675 Cara Underpass,6274724867,02112026113620567,Success,
1667,Office,285 Sigmund Road,8146095115,02112026113620567,Success,
14007,Office,499 Lynch Lights,6558238164,02112026113620567,Success,
1667,Office,69401 County Line Road,9939090866,02112026113620567,Success,
14007,Office,8064 Bay Street,5665736656,02112026113620567,Success,
1667,Office,258 Camren Shoals,2922867334,02112026113620567,Success,
14007,Office,4617 Monahan Valleys,7824893304,02112026113620567,Success,
1667,Office,628 Stanton Haven,6167237354,02112026113620567,Success,
14007,Office,1552 Martin Luther King Boulevard,4332201551,02112026113620567,Success,
1667,Office,377 Bethany Circle,5107688791,02112026113620567,Success,
14007,Office,710 Nitzsche Meadows,1150720591,02112026113620567,Success,
1667,Office,4758 Joanie Skyway,1090260841,02112026113620567,Success,
14007,Office,61730 Oaklands,1060097202,02112026113620567,Success,
1667,Office,40373 The Copse,5818215475,02112026113620567,Success,
14007,Office,25564 Kozey Loop,4814407803,02112026113620567,Success,
1667,Office,8421 Goldner Mountain,9169463827,02112026113620567,Success,
14007,Office,866 College Avenue,2124939246,02112026113620567,Success,
1667,Office,5222 Ignatius Track,5366947427,02112026113620567,Success,
14007,Office,31886 College Street,5695782128,02112026113620567,Success,
1667,Office,5713 Reinger Highway,4273270781,02112026113620567,Success,
14007,Office,647 Rectory Close,3588113328,02112026113620567,Success,
1667,Office,2456 Water Lane,5607909580,02112026113620567,Success,
14007,Office,23738 Helena Vista,3943843191,02112026113620567,Success,
1667,Office,18568 College Street,3419937925,02112026113620567,Success,
14007,Office,430 Mertz Club,4986518375,02112026113620567,Success,
1667,Office,85897 Gabe Radial,8628404256,02112026113620567,Success,
14007,Office,1435 Broadway Street,9410230952,02112026113620567,Success,
1667,Office,87017 Schumm Hill,9332338394,02112026113620567,Success,
14007,Office,31495 E Central Avenue,7556067856,02112026113620567,Success,
1667,Office,666 Parkside,4413148142,02112026113620567,Success,
14007,Office,837 Mitchell Flat,5094050259,02112026113620567,Success,
1667,Office,957 Woodlands Avenue,3514238528,02112026113620567,Success,
14007,Office,956 Cedar Close,3696844789,02112026113620567,Success,
1667,Office,38680 Railroad Avenue,7402139550,02112026113620567,Success,
14007,Office,860 Lubowitz Walk,1967471685,02112026113620567,Success,
1667,Office,3721 Dana Place,6921060237,02112026113620567,Success,
14007,Office,2921 William Street,5172567702,02112026113620567,Success,
1667,Office,9014 Cassandra Ranch,8213996420,02112026113620567,Success,
14007,Office,669 S 14th Street,1855221631,02112026113620567,Success,
1667,Office,542 Chapel Close,8588872473,02112026113620567,Success,
14007,Office,84938 E Washington Avenue,2334888723,02112026113620567,Success,
1667,Office,38457 Raynor Shores,7916622117,02112026113620567,Success,
14007,Office,7323 Kuhlman Roads,3035336892,02112026113620567,Success,
1667,Office,45378 Schiller Tunnel,3032413096,02112026113620567,Success,
14007,Office,728 Samir Cove,8342939304,02112026113620567,Success,
1667,Office,927 Cameron Spurs,4316094887,02112026113620567,Success,
14007,Office,232 Kadin Pass,9399538918,02112026113620567,Success,
1667,Office,468 Bridge Road,3332710055,02112026113620567,Success,
14007,Office,4710 N Main,4145136393,02112026113620567,Success,
1667,Office,1104 Brookside,6370613981,02112026113620567,Success,
14007,Office,4187 Roob Mountain,7976819942,02112026113620567,Success,
1667,Office,6743 Cristobal Lodge,6258946026,02112026113620567,Success,
14007,Office,1193 Hill Road,8836746428,02112026113620567,Success,
1667,Office,738 Goodwin Shoals,2018828718,02112026113620567,Success,
14007,Office,895 Nathan Ports,5498964591,02112026113620567,Success,
1667,Office,220 Franklin Road,9334874607,02112026113620567,Success,
14007,Office,8169 Julian Forge,5976493055,02112026113620567,Success,
1667,Office,9672 Adella Fork,9780725482,02112026113620567,Success,
14007,Office,31748 Dickens Ferry,7152942951,02112026113620567,Success,
1667,Office,1003 Funk Loop,1868727884,02112026113620567,Success,
14007,Office,850 Hammes Mall,8807696461,02112026113620567,Success,
1667,Office,6952 St George's Road,1653728171,02112026113620567,Success,
14007,Office,5323 Alfreda Inlet,5199753003,02112026113620567,Success,
1667,Office,38412 Richard Throughway,1239539937,02112026113620567,Success,
14007,Office,55411 E Front Street,9582995680,02112026113620567,Success,
1667,Office,3484 Stoltenberg Glens,7309600782,02112026113620567,Success,
14007,Office,5336 Eugene Turnpike,9200724362,02112026113620567,Success,
1667,Office,9910 Franey Brooks,3621088197,02112026113620567,Success,
14007,Office,5131 Cedar Close,6767903511,02112026113620567,Success,
1667,Office,922 Fourth Avenue,2119351257,02112026113620567,Success,
14007,Office,89629 Cedar Street,9698334745,02112026113620567,Success,
1667,Office,9311 Nicolas Ramp,3911867652,02112026113620567,Success,
14007,Office,42661 Murazik Brook,2417647889,02112026113620567,Success,
1667,Office,90266 Boyer Terrace,8172245588,02112026113620567,Success,
14007,Office,165 E 4th Avenue,6365218112,02112026113620567,Success,
1667,Office,3872 Precious Plains,4974607730,02112026113620567,Success,
14007,Office,207 Cedar Street,5296759240,02112026113620567,Success,
1667,Office,934 Heloise Road,8761840119,02112026113620567,Success,
14007,Office,6362 Lauren Extensions,8504895528,02112026113620567,Success,
1667,Office,19519 N 8th Street,2714053121,02112026113620567,Success,
14007,Office,907 Schuppe Expressway,7774783001,02112026113620567,Success,
1667,Office,641 Grove Lane,9522745739,02112026113620567,Success,
14007,Office,88863 E North Street,3556667936,02112026113620567,Success,
1667,Office,95153 Wood Lane,2392753091,02112026113620567,Success,
14007,Office,52818 Alison Junctions,8928585401,02112026113620567,Success,
1667,Office,3252 2nd Avenue,9767555996,02112026113620567,Success,
14007,Office,128 Gerhold Well,6614802777,02112026113620567,Success,
1667,Office,38056 Canal Street,1555551759,02112026113620567,Success,
14007,Office,8625 Okuneva Ways,5214783245,02112026113620567,Success,
1667,Office,135 Anderson Turnpike,2393967009,02112026113620567,Success,
14007,Office,6708 Bogan Bypass,2559068459,02112026113620567,Success,
1667,Office,732 Zaria Islands,3500976918,02112026113620567,Success,
14007,Office,3088 Broad Lane,6731786824,02112026113620567,Success,
1667,Office,796 Mosciski Hills,9659141782,02112026113620567,Success,
14007,Office,45666 Hintz Fork,6395817963,02112026113620567,Success,
1667,Office,754 Brekke Spur,3230579884,02112026113620567,Success,
14007,Office,56442 Rocio Island,7094904046,02112026113620567,Success,
1667,Office,284 Johnson Street,6548826178,02112026113620567,Success,
14007,Office,1565 Floyd Radial,7963292786,02112026113620567,Success,
1667,Office,430 Lemke Plain,8209778115,02112026113620567,Success,
14007,Office,9138 Mayer Curve,4013466060,02112026113620567,Success,
1667,Office,31489 Wisozk Gardens,9271579638,02112026113620567,Success,
14007,Office,297 Kshlerin Route,4202009002,02112026113620567,Success,
1667,Office,3866 Springfield Road,1212654433,02112026113620567,Success,
14007,Office,6145 Christian Points,2939306342,02112026113620567,Success,
1667,Office,84449 Albion Street,4261775718,02112026113620567,Success,
14007,Office,6742 Hilll Hills,9049314529,02112026113620567,Success,
1667,Office,743 Grant Street,2803206228,02112026113620567,Success,
14007,Office,44712 Spring Gardens,7982486798,02112026113620567,Success,
1667,Office,23892 Leo Ridges,6879143114,02112026113620567,Success,
14007,Office,88258 S Main,7355002000,02112026113620567,Success,
1667,Office,2428 E Union Street,5273500984,02112026113620567,Success,
14007,Office,2761 W Jefferson Street,8817027611,02112026113620567,Success,
1667,Office,666 Romaguera Manor,3130458970,02112026113620567,Success,
14007,Office,15931 Pattie Walks,3010134126,02112026113620567,Success,
1667,Office,37750 Prospect Avenue,2224015269,02112026113620567,Success,
14007,Office,4934 Kayden Ranch,8296465500,02112026113620567,Success,
1667,Office,2735 Margarita Green,4119898335,02112026113620567,Success,
14007,Office,15663 West Avenue,1861938775,02112026113620567,Success,
1667,Office,32616 W Jefferson Street,1728073157,02112026113620567,Success,
14007,Office,958 Tremaine Park,2472496928,02112026113620567,Success,
1667,Office,876 Stroman Manor,7796449354,02112026113620567,Success,
14007,Office,69436 Riverside,4159837153,02112026113620567,Success,
1667,Office,83954 O'Connell Common,4968307602,02112026113620567,Success,
14007,Office,25997 Wilkinson Knoll,9820745952,02112026113620567,Success,
1667,Office,613 Lilliana Extensions,7089241640,02112026113620567,Success,
14007,Office,5964 McKenzie Squares,3223680601,02112026113620567,Success,
1667,Office,372 Modesta Village,6146112879,02112026113620567,Success,
14007,Office,8119 Caleigh Mews,2016522083,02112026113620567,Success,
1667,Office,705 Adela Valley,7351097856,02112026113620567,Success,
14007,Office,88160 Towne Divide,1621669195,02112026113620567,Success,
1667,Office,30774 Lind Union,6142206805,02112026113620567,Success,
14007,Office,144 Birch Avenue,6375083705,02112026113620567,Success,
1667,Office,21740 Lake Drive,5708949989,02112026113620567,Success,
14007,Office,4024 Torp Shoal,3243490645,02112026113620567,Success,
1667,Office,26904 Fahey Streets,1973912218,02112026113620567,Success,
14007,Office,56445 N Elm Street,2999736494,02112026113620567,Success,
1667,Office,5304 Murray Corners,1065940036,02112026113620567,Success,
14007,Office,3538 N Poplar Street,6682429312,02112026113620567,Success,
1667,Office,1878 Rose Lakes,7775450773,02112026113620567,Success,
14007,Office,1106 Emmerich Isle,6045030198,02112026113620567,Success,
1667,Office,4955 Bobby Plaza,8498613813,02112026113620567,Success,
14007,Office,543 E Union Street,4915541220,02112026113620567,Success,
1667,Office,71999 Mertz Ridges,8885258057,02112026113620567,Success,
14007,Office,734 Hiram Center,7462429467,02112026113620567,Success,
1667,Office,49969 Imelda Island,9917535361,02112026113620567,Success,
14007,Office,23438 Oma Skyway,5846473655,02112026113620567,Success,
1667,Office,67468 Camren Via,8792244873,02112026113620567,Success,
14007,Office,3410 Green Street,7066771610,02112026113620567,Success,
1667,Office,90328 Division Street,2013017622,02112026113620567,Success,
14007,Office,710 Dejah Camp,1459491278,02112026113620567,Success,
1667,Office,48546 Lake Drive,1317297054,02112026113620567,Success,
14007,Office,211 Cristian Crest,4278416890,02112026113620567,Success,
1667,Office,5363 Feest Viaduct,9318368995,02112026113620567,Success,
14007,Office,9458 Lowe Manors,2904517388,02112026113620567,Success,
1667,Office,81100 Swift Route,9623448317,02112026113620567,Success,
14007,Office,325 Broadway Street,9681568214,02112026113620567,Success,
1667,Office,724 Connelly Spur,1681233043,02112026113620567,Success,
14007,Office,803 Bartell Radial,2587877687,02112026113620567,Success,
1667,Office,1785 Meadow View,5568047692,02112026113620567,Success,
14007,Office,14235 E Cedar Street,6850091670,02112026113620567,Success,
1667,Office,94352 Sanford Flats,7779123832,02112026113620567,Success,
14007,Office,567 Kitty River,5628992755,02112026113620567,Success,
1667,Office,6417 Minnie Drives,2173175668,02112026113620567,Success,
14007,Office,11152 Waelchi Roads,4651222015,02112026113620567,Success,
1667,Office,483 N Union Street,5501231077,02112026113620567,Success,
14007,Office,411 Heathcote Meadow,5996830150,02112026113620567,Success,
1667,Office,156 Cormier Parks,4736891504,02112026113620567,Success,
14007,Office,51110 The Crescent,6430889902,02112026113620567,Success,
1667,Office,619 Casper Drive,6928380383,02112026113620567,Success,
14007,Office,137 Marcelo Ways,3476950457,02112026113620567,Success,
1667,Office,8439 Prospect Street,2251522338,02112026113620567,Success,
14007,Office,6458 Kade Estate,9473502489,02112026113620567,Success,
1667,Office,9079 N East Street,1192818526,02112026113620567,Success,
14007,Office,64689 Kiley Cape,2526676939,02112026113620567,Success,
1667,Office,3187 Jubilee Close,1357470540,02112026113620567,Success,
14007,Office,8276 Grand Avenue,6951966053,02112026113620567,Success,
1667,Office,81113 Lambert Ports,1707714401,02112026113620567,Success,
14007,Office,9786 N Franklin Street,5997903378,02112026113620567,Success,
1667,Office,953 Church Hill,2710161378,02112026113620567,Success,
14007,Office,75357 Gordon Street,2181963030,02112026113620567,Success,
1667,Office,267 Hawthorn Close,6699084274,02112026113620567,Success,
14007,Office,72550 Hadley Prairie,7266877488,02112026113620567,Success,
1667,Office,34362 Beth Lakes,8183094667,02112026113620567,Success,
14007,Office,107 Javonte Light,9469856205,02112026113620567,Success,
1667,Office,46309 Wren Close,6377475442,02112026113620567,Success,
14007,Office,2961 Ronny Junctions,9015595546,02112026113620567,Success,
1667,Office,9407 Adams Street,8696285999,02112026113620567,Success,
14007,Office,13170 The Green,1671070400,02112026113620567,Success,
1667,Office,734 North Lane,2012905813,02112026113620567,Success,
14007,Office,8765 Dovie Way,9278529471,02112026113620567,Success,
1667,Office,5652 Ferry Dale,5846557072,02112026113620567,Success,
14007,Office,91084 Hagenes Island,6999405587,02112026113620567,Success,
1667,Office,154 Kayleigh Route,5583025667,02112026113620567,Success,
14007,Office,9882 Sandringham Road,7820679155,02112026113620567,Success,
1667,Office,1781 Monahan Islands,3128342213,02112026113620567,Success,
14007,Office,634 Tillman Well,8832526661,02112026113620567,Success,
1667,Office,6348 Market Square,7536172404,02112026113620567,Success,
14007,Office,944 May Bypass,7362125117,02112026113620567,Success,
1667,Office,57654 Pasquale Court,3667426187,02112026113620567,Success,
14007,Office,262 Riverside,2435522375,02112026113620567,Success,
1667,Office,859 Cummings Court,7509275601,02112026113620567,Success,
14007,Office,91054 Haley Run,3146553607,02112026113620567,Success,
1667,Office,5936 W Washington Street,6582863258,02112026113620567,Success,
14007,Office,912 Veterans Memorial Highway,5429565930,02112026113620567,Success,
1667,Office,2403 S State Street,5283919024,02112026113620567,Success,
14007,Office,8104 Bramble Close,7294243700,02112026113620567,Success,
1667,Office,4429 Halvorson Villages,3869393345,02112026113620567,Success,
14007,Office,1946 Bridge Street,5651351211,02112026113620567,Success,
1667,Office,5398 W 14th Street,3689599531,02112026113620567,Success,
14007,Office,2616 N Water Street,9635774167,02112026113620567,Success,
1667,Office,28561 Boyer Loop,3988539596,02112026113620567,Success,
14007,Office,50165 W Market Street,4147013551,02112026113620567,Success,
1667,Office,96221 Daron Junctions,1681228497,02112026113620567,Success,
14007,Office,304 Smith Street,9677800280,02112026113620567,Success,
1667,Office,8957 St George's Road,2404211150,02112026113620567,Success,
14007,Office,531 King Gateway,3821891653,02112026113620567,Success,
1667,Office,70392 Dicki Hollow,2313321651,02112026113620567,Success,
14007,Office,34420 Meadow View,9188070690,02112026113620567,Success,
1667,Office,18285 Kareem Estate,4031862340,02112026113620567,Success,
14007,Office,94734 Abernathy Coves,8686842728,02112026113620567,Success,
1667,Office,53885 The Oval,4621823935,02112026113620567,Success,
14007,Office,75669 Price Rest,1554340877,02112026113620567,Success,
1667,Office,2562 Magdalena Ranch,9669293792,02112026113620567,Success,
14007,Office,16240 Vandervort Lane,8713633660,02112026113620567,Success,
1667,Office,559 Enrique Via,6725255928,02112026113620567,Success,
14007,Office,555 S Division Street,5536205464,02112026113620567,Success,
1667,Office,565 Central Street,4657756538,02112026113620567,Success,
14007,Office,749 Lodge Close,1710368199,02112026113620567,Success,
1667,Office,39666 Donald Via,3308399960,02112026113620567,Success,
14007,Office,733 Florian Summit,5641445154,02112026113620567,Success,
1667,Office,97569 Stanton Mission,9488897212,02112026113620567,Success,
14007,Office,18518 Heidenreich Freeway,2289811936,02112026113620567,Success,
1667,Office,81384 W 6th Street,1490643790,02112026113620567,Success,
14007,Office,8284 E Washington Avenue,7315290250,02112026113620567,Success,
1667,Office,61335 East Street,3690288872,02112026113620567,Success,
14007,Office,8222 County Line Road,8495616888,02112026113620567,Success,
1667,Office,628 Schimmel Fields,2147087988,02112026113620567,Success,
14007,Office,30002 Forest Road,8457218554,02112026113620567,Success,
1667,Office,4822 Asha Neck,2419447160,02112026113620567,Success,
14007,Office,2940 Schultz Manor,1377843579,02112026113620567,Success,
1667,Office,379 Dandre Lake,9609086081,02112026113620567,Success,
14007,Office,71261 The Copse,8604673684,02112026113620567,Success,
1667,Office,3863 W River Road,3451246708,02112026113620567,Success,
14007,Office,661 Gorczany Knolls,1439028395,02112026113620567,Success,
1667,Office,399 Selena Garden,5223375337,02112026113620567,Success,
14007,Office,99878 Toy Orchard,2149337111,02112026113620567,Success,
1667,Office,465 Gabriel Prairie,3401331823,02112026113620567,Success,
14007,Office,512 Runolfsdottir Forge,3861217855,02112026113620567,Success,
1667,Office,90901 Keely Lane,3853734558,02112026113620567,Success,
14007,Office,9578 N 6th Street,3874746351,02112026113620567,Success,
1667,Office,88298 Dell Islands,9501679571,02112026113620567,Success,
14007,Office,3759 Monroe Shore,7915914197,02112026113620567,Success,
1667,Office,33785 Amani Avenue,3473665824,02112026113620567,Success,
14007,Office,42968 Hudson Lane,7236348453,02112026113620567,Success,
1667,Office,3801 Nathanial Forges,5130332973,02112026113620567,Success,
14007,Office,4928 Windler Rapid,8367074679,02112026113620567,Success,
1667,Office,6651 Jaycee Groves,2581011635,02112026113620567,Success,
14007,Office,793 Maple Avenue,9032412140,02112026113620567,Success,
1667,Office,99427 Mount Street,4037537216,02112026113620567,Success,
14007,Office,69812 Hettinger Inlet,4668004662,02112026113620567,Success,
1667,Office,74326 Lorine Ville,9986022353,02112026113620567,Success,
14007,Office,5629 School Street,1156282923,02112026113620567,Success,
1667,Office,84306 Laurel Close,6331777832,02112026113620567,Success,
14007,Office,92800 Brook Street,4890685163,02112026113620567,Success,
1667,Office,237 Orn Green,5823058947,02112026113620567,Success,
14007,Office,2001 Towne Dale,1950209186,02112026113620567,Success,
1667,Office,968 Luciano Village,4933264418,02112026113620567,Success,
14007,Office,54486 Stracke Fall,8671525744,02112026113620567,Success,
1667,Office,254 Jaskolski Falls,9160979297,02112026113620567,Success,
14007,Office,1638 Volkman Ford,4334445933,02112026113620567,Success,
1667,Office,746 E State Street,6276837516,02112026113620567,Success,
14007,Office,41741 Baumbach Lane,2225945590,02112026113620567,Success,
1667,Office,1852 E River Road,7804242343,02112026113620567,Success,
14007,Office,763 The Grange,4193381766,02112026113620567,Success,
1667,Office,9534 Rene Valleys,6887508574,02112026113620567,Success,
14007,Office,95665 Haag Estates,1945514938,02112026113620567,Success,
1667,Office,7199 Goldner Oval,1164531763,02112026113620567,Success,
14007,Office,99477 Alexane Meadows,1737189727,02112026113620567,Success,
1667,Office,9815 Marvin Trace,4992737703,02112026113620567,Success,
14007,Office,195 Bridge Street,4956808893,02112026113620567,Success,
1667,Office,98318 Willow Street,5603823598,02112026113620567,Success,
14007,Office,8114 Koepp Heights,3471904572,02112026113620567,Success,
1667,Office,54702 First Street,7032170998,02112026113620567,Success,
14007,Office,7671 E Jackson Street,9726499071,02112026113620567,Success,
1667,Office,6662 Greenville Road,2795561658,02112026113620567,Success,
14007,Office,815 Gibson Village,7091605569,02112026113620567,Success,
1667,Office,32046 S 14th Street,1546080984,02112026113620567,Success,
14007,Office,737 Hirthe Street,7746947835,02112026113620567,Success,
1667,Office,75465 Daryl Ridge,6140252274,02112026113620567,Success,
14007,Office,8836 Washington Avenue,7357890898,02112026113620567,Success,
1667,Office,1951 Makenna Route,6097690786,02112026113620567,Success,
14007,Office,834 W Maple Street,5613414876,02112026113620567,Success,
1667,Office,69723 Maybell Walk,6356582827,02112026113620567,Success,
14007,Office,9357 Runte Lakes,8618990247,02112026113620567,Success,
1667,Office,40065 Sammy Crossroad,5864097011,02112026113620567,Success,
14007,Office,67372 Quitzon Ridge,4158691585,02112026113620567,Success,
1667,Office,3819 Sawayn Hill,6560117655,02112026113620567,Success,
14007,Office,4589 West River,6843429331,02112026113620567,Success,
1667,Office,9551 W Jefferson Street,1542147368,02112026113620567,Success,
14007,Office,2949 Zboncak Stravenue,4033093200,02112026113620567,Success,
1667,Office,30237 Farrell Meadow,7618125551,02112026113620567,Success,
14007,Office,759 S Main,9355108907,02112026113620567,Success,
1667,Office,8554 Macie Drives,6368495268,02112026113620567,Success,
14007,Office,7597 Charles Extensions,1918563734,02112026113620567,Success,
1667,Office,45865 Treutel Manor,6040375493,02112026113620567,Success,
14007,Office,381 Selmer Groves,7102128367,02112026113620567,Success,
1667,Office,477 Tennyson Road,2445857722,02112026113620567,Success,
14007,Office,482 O'Reilly Creek,1356928928,02112026113620567,Success,
1667,Office,54946 Katarina Wells,5211101428,02112026113620567,Success,
14007,Office,5840 Market Street,7387959918,02112026113620567,Success,
1667,Office,5940 Roma Rapids,9417049291,02112026113620567,Success,
14007,Office,89343 Cummings Club,9188613256,02112026113620567,Success,
1667,Office,744 E Walnut Street,3640870005,02112026113620567,Success,
14007,Office,23006 The Mount,2514644827,02112026113620567,Success,
1667,Office,92909 Bernadine Center,9806970912,02112026113620567,Success,
14007,Office,334 W Walnut Street,8088937736,02112026113620567,Success,
1667,Office,839 The Oval,4865803272,02112026113620567,Success,
14007,Office,174 Collins Falls,8445466050,02112026113620567,Success,
1667,Office,430 Harrison Street,8605330972,02112026113620567,Success,
14007,Office,622 Grant Manor,7975902394,02112026113620567,Success,
1667,Office,2114 Kim Trace,1300829485,02112026113620567,Success,
14007,Office,125 Howell Corner,3887439824,02112026113620567,Success,
1667,Office,201 King Lodge,5946657968,02112026113620567,Success,
14007,Office,9824 Jacobs Loop,1596314389,02112026113620567,Success,
1667,Office,7747 Johanna Run,9625560724,02112026113620567,Success,
14007,Office,255 Manor Gardens,7435954418,02112026113620567,Success,
1667,Office,8379 Klein Plaza,7483702932,02112026113620567,Success,
14007,Office,66372 Brekke Shores,8743395138,02112026113620567,Success,
1667,Office,196 N Lincoln Street,4072642207,02112026113620567,Success,
14007,Office,48946 Hintz Centers,3325816435,02112026113620567,Success,
1667,Office,264 Hane Circle,1807485596,02112026113620567,Success,
14007,Office,98700 Johnston Bridge,3425479530,02112026113620567,Success,
1667,Office,50752 E 12th Street,6117862908,02112026113620567,Success,
14007,Office,9535 Mekhi Burgs,2173909269,02112026113620567,Success,
1667,Office,50826 Jones Club,3662286166,02112026113620567,Success,
14007,Office,4623 Cayla Street,8875491536,02112026113620567,Success,
1667,Office,925 Lemke Path,5610869712,02112026113620567,Success,
14007,Office,166 N 1st Street,9970535769,02112026113620567,Success,
1667,Office,249 Gustave Union,7284217137,02112026113620567,Success,
14007,Office,650 Letitia Trafficway,5203965733,02112026113620567,Success,
1667,Office,8065 Fahey Centers,7424242503,02112026113620567,Success,
14007,Office,2972 Keebler Ports,5804052623,02112026113620567,Success,
1667,Office,35620 Schowalter Springs,1228886506,02112026113620567,Success,
14007,Office,52428 Sylvan Island,7491015796,02112026113620567,Success,
1667,Office,9064 Center Road,4639628164,02112026113620567,Success,
14007,Office,51911 Elijah Orchard,4152139919,02112026113620567,Success,
1667,Office,34966 Bergnaum Centers,9257555855,02112026113620567,Success,
14007,Office,9116 Karen Fort,4668832273,02112026113620567,Success,
1667,Office,325 Hoeger Knolls,9293755097,02112026113620567,Success,
14007,Office,154 Anika Way,4225411121,02112026113620567,Success,
1667,Office,62240 Manor Way,6324407982,02112026113620567,Success,
14007,Office,69498 Fisher Walk,4905427683,02112026113620567,Success,
1667,Office,457 Gregg Crescent,1887279560,02112026113620567,Success,
14007,Office,92723 Berta Green,1389214129,02112026113620567,Success,
1667,Office,645 Lodge Close,8766494216,02112026113620567,Success,
14007,Office,8478 Oxford Street,6009695851,02112026113620567,Success,
1667,Office,61214 Back Lane,2326970281,02112026113620567,Success,
14007,Office,665 Fahey Lodge,2648766954,02112026113620567,Success,
1667,Office,8364 Pascale Meadow,6337524505,02112026113620567,Success,
14007,Office,895 Isai Circles,8816686197,02112026113620567,Success,
1667,Office,9675 Marquardt Highway,9527858321,02112026113620567,Success,
14007,Office,274 Northfield Road,1466779776,02112026113620567,Success,
1667,Office,137 Birch Avenue,3638139681,02112026113620567,Success,
14007,Office,5738 Miles Pine,4237984073,02112026113620567,Success,
1667,Office,27149 Langworth Corners,6789150441,02112026113620567,Success,
14007,Office,5496 Mueller Freeway,1807596551,02112026113620567,Success,
1667,Office,767 Beech Road,8890740292,02112026113620567,Success,
14007,Office,8875 Shields Corner,1133714118,02112026113620567,Success,
1667,Office,96159 Feest Well,7613848674,02112026113620567,Success,
14007,Office,20124 Savanah Causeway,4118713595,02112026113620567,Success,
1667,Office,6216 Lazaro Lodge,4889960036,02112026113620567,Success,
14007,Office,1935 Abbott Hill,2200948171,02112026113620567,Success,
1667,Office,8880 Stanley Street,2998454097,02112026113620567,Success,
14007,Office,613 Kuhn Points,9057946728,02112026113620567,Success,
1667,Office,124 Murphy Trace,7810017225,02112026113620567,Success,
14007,Office,8360 Weissnat Stravenue,1613012529,02112026113620567,Success,
1667,Office,71664 Grant Street,7743125857,02112026113620567,Success,
14007,Office,9893 Turcotte Forest,7171380399,02112026113620567,Success,
1667,Office,413 Station Street,7517287085,02112026113620567,Success,
14007,Office,6190 Isai Hill,2670134978,02112026113620567,Success,
1667,Office,906 Hawthorn Close,7321011112,02112026113620567,Success,
14007,Office,31328 Bertrand Greens,5535275773,02112026113620567,Success,
1667,Office,79429 Grant Forks,7365028497,02112026113620567,Success,
14007,Office,430 N 9th Street,3922082893,02112026113620567,Success,
1667,Office,261 Bechtelar Unions,5514152629,02112026113620567,Success,
14007,Office,28088 Orn Spurs,2815430112,02112026113620567,Success,
1667,Office,217 Wunsch Plaza,4833073118,02112026113620567,Success,
14007,Office,662 O'Conner Station,8787803023,02112026113620567,Success,
1667,Office,24752 Nat Garden,3803304353,02112026113620567,Success,
14007,Office,7684 Gladstone Road,3883410208,02112026113620567,Success,
1667,Office,3749 Brian Vista,8115002127,02112026113620567,Success,
14007,Office,4505 Trinity Road,6408935559,02112026113620567,Success,
1667,Office,1257 8th Street,7097593489,02112026113620567,Success,
14007,Office,4597 Chris Burg,9012346509,02112026113620567,Success,
1667,Office,181 W 4th Avenue,5402290009,02112026113620567,Success,
14007,Office,84442 Deckow Terrace,2239076764,02112026113620567,Success,
1667,Office,1388 Flatley Place,8625753321,02112026113620567,Success,
14007,Office,3654 Hodkiewicz Heights,7085322547,02112026113620567,Success,
1667,Office,61079 The Sidings,6672851163,02112026113620567,Success,
14007,Office,9849 Luettgen Hollow,9031275016,02112026113620567,Success,
1667,Office,1264 Crescent Road,8679077178,02112026113620567,Success,
14007,Office,606 Sanford Flat,6416900256,02112026113620567,Success,
1667,Office,51197 Howard Street,1604796315,02112026113620567,Success,
14007,Office,424 Broadway,4517054010,02112026113620567,Success,
1667,Office,3611 W Main,8885219838,02112026113620567,Success,
14007,Office,368 Purdy Bypass,8759939785,02112026113620567,Success,
1667,Office,5237 W 6th Avenue,1680180781,02112026113620567,Success,
14007,Office,5474 Cliff Road,5059571603,02112026113620567,Success,
1667,Office,858 Larson Key,4682831916,02112026113620567,Success,
14007,Office,141 Bode Mount,8957172169,02112026113620567,Success,
1667,Office,582 S Maple Street,9427517979,02112026113620567,Success,
14007,Office,382 Shaylee Shores,6260355054,02112026113620567,Success,
1667,Office,41894 Tremblay Bypass,5828060875,02112026113620567,Success,
14007,Office,55686 Labadie Flats,7909281899,02112026113620567,Success,
1667,Office,50095 Tomasa Park,5850971557,02112026113620567,Success,
14007,Office,39323 Thompson Plain,6779655107,02112026113620567,Success,
1667,Office,731 Ortiz Avenue,8776270425,02112026113620567,Success,
14007,Office,18577 Huel Viaduct,1800919401,02112026113620567,Success,
1667,Office,1886 Blanda Place,1414411642,02112026113620567,Success,
14007,Office,11082 Nestor River,2792765601,02112026113620567,Success,
1667,Office,46968 Dickens Cape,9215761590,02112026113620567,Success,
14007,Office,7360 Elijah Viaduct,6375632013,02112026113620567,Success,
1667,Office,538 Bahringer Motorway,2408905716,02112026113620567,Success,
14007,Office,3851 Rowe Vista,3013122369,02112026113620567,Success,
1667,Office,46827 Randi Pine,9591211419,02112026113620567,Success,
14007,Office,595 Magdalen Turnpike,4774013625,02112026113620567,Success,
1667,Office,5087 S 2nd Street,1645463539,02112026113620567,Success,
14007,Office,987 Stoltenberg Forks,7505253301,02112026113620567,Success,
1667,Office,484 Reynolds Curve,3703864087,02112026113620567,Success,
14007,Office,819 Ledner Loop,3219124028,02112026113620567,Success,
1667,Office,35359 Tianna Mills,9041895573,02112026113620567,Success,
14007,Office,848 The Ridings,3260420844,02112026113620567,Success,
1667,Office,69084 Fourth Avenue,4012056859,02112026113620567,Success,
14007,Office,57627 Tudor Close,1954121828,02112026113620567,Success,
1667,Office,659 Kautzer Extensions,5137017254,02112026113620567,Success,
14007,Office,227 Mike Crescent,8227630214,02112026113620567,Success,
1667,Office,5793 Rodriguez Gateway,8541265422,02112026113620567,Success,
14007,Office,734 Dickens Causeway,5729514818,02112026113620567,Success,
1667,Office,595 5th Avenue,4833475629,02112026113620567,Success,
14007,Office,370 Mitchell Spring,8105302856,02112026113620567,Success,
1667,Office,75252 N 1st Street,8967244958,02112026113620567,Success,
14007,Office,21751 Hudson Fields,4529578199,02112026113620567,Success,
1667,Office,8326 Cecilia Meadows,1664436228,02112026113620567,Success,
14007,Office,420 Rossie Freeway,7583741185,02112026113620567,Success,
1667,Office,319 Beechwood Avenue,4861269149,02112026113620567,Success,
14007,Office,9775 Orn Lights,8512149437,02112026113620567,Success,
1667,Office,64114 Shaniya Drives,3399710792,02112026113620567,Success,
14007,Office,69721 Main,5592262370,02112026113620567,Success,
1667,Office,77529 Virgil Pass,9753335675,02112026113620567,Success,
14007,Office,63211 Keebler Plains,2545825404,02112026113620567,Success,
1667,Office,26673 Schaden Center,7440760351,02112026113620567,Success,
14007,Office,9098 King Key,4070200677,02112026113620567,Success,
1667,Office,3982 Saige Village,8931679296,02112026113620567,Success,
14007,Office,2931 Kub Spur,4070643184,02112026113620567,Success,
1667,Office,7455 Eldred Route,4154396893,02112026113620567,Success,
14007,Office,71654 Muhammad Islands,4142956915,02112026113620567,Success,
1667,Office,28972 Quitzon River,3482039118,02112026113620567,Success,
14007,Office,56038 Lula Trail,2611891467,02112026113620567,Success,
1667,Office,54019 Edwina Mount,2826013659,02112026113620567,Success,
14007,Office,221 Chapel Hill,7683152485,02112026113620567,Success,
1667,Office,40692 N East Street,4039002458,02112026113620567,Success,
14007,Office,314 Mckayla Lane,9900225252,02112026113620567,Success,
1667,Office,2073 S Division Street,4595370394,02112026113620567,Success,
14007,Office,52628 Nitzsche Loaf,3655395421,02112026113620567,Success,
1667,Office,8287 Jakob Pike,3126729625,02112026113620567,Success,
14007,Office,4508 The Drive,3480482738,02112026113620567,Success,
1667,Office,85898 Amaya Streets,8700561009,02112026113620567,Success,
14007,Office,1135 Yazmin Fall,4884595850,02112026113620567,Success,
1667,Office,292 Tromp Meadows,5414426286,02112026113620567,Success,
14007,Office,37067 Emmerich Bypass,1991612588,02112026113620567,Success,
1667,Office,551 9th Street,1619882822,02112026113620567,Success,
14007,Office,1017 Ledner Highway,8459521773,02112026113620567,Success,
1667,Office,90406 S 9th Street,4361519665,02112026113620567,Success,
14007,Office,472 Derby Road,2677994751,02112026113620567,Success,
1667,Office,499 Talbot Road,9279768976,02112026113620567,Success,
14007,Office,5147 3rd Street,3090626710,02112026113620567,Success,
1667,Office,9083 Konopelski Highway,7663157360,02112026113620567,Success,
14007,Office,34606 Hickle Path,8390057706,02112026113620567,Success,
1667,Office,37223 Main Road,7626207831,02112026113620567,Success,
14007,Office,345 Alexandra Road,3546226982,02112026113620567,Success,
1667,Office,9254 Carter Loop,3632942455,02112026113620567,Success,
14007,Office,16198 Kreiger Land,5155667790,02112026113620567,Success,
1667,Office,66760 Renner Route,7026150931,02112026113620567,Success,
14007,Office,92224 Natasha Lake,3452028985,02112026113620567,Success,
1667,Office,7211 Esmeralda Fall,2875487281,02112026113620567,Success,
14007,Office,780 Padberg Fields,9896086198,02112026113620567,Success,
1667,Office,838 16th Street,8243640277,02112026113620567,Success,
14007,Office,5673 Dusty Path,5941980396,02112026113620567,Success,
1667,Office,428 Valley Road,8497182191,02112026113620567,Success,
14007,Office,86292 Agustina Court,4953855342,02112026113620567,Success,
1667,Office,34063 Spencer Knoll,6466275987,02112026113620567,Success,
14007,Office,41206 Anabel Island,4003902144,02112026113620567,Success,
1667,Office,76198 Orlo Views,8642547871,02112026113620567,Success,
14007,Office,825 Thiel Lane,2421625856,02112026113620567,Success,
1667,Office,5930 Lilyan Neck,3193128119,02112026113620567,Success,
14007,Office,25682 Grove Lane,6542639241,02112026113620567,Success,
1667,Office,5660 North Avenue,8053675052,02112026113620567,Success,
14007,Office,95335 Hiram Route,7820469851,02112026113620567,Success,
1667,Office,9592 Etha Ports,6228752460,02112026113620567,Success,
14007,Office,11852 Juniper Close,6229581734,02112026113620567,Success,
1667,Office,3913 Willow Grove,2775932755,02112026113620567,Success,
14007,Office,66284 Bay Street,1830817014,02112026113620567,Success,
1667,Office,804 Rasheed Mills,2397975395,02112026113620567,Success,
14007,Office,845 Laurel Close,1787522220,02112026113620567,Success,
1667,Office,4064 The Rise,2269491730,02112026113620567,Success,
14007,Office,65559 Brooklyn Course,6343090231,02112026113620567,Success,
1667,Office,694 County Line Road,6504510489,02112026113620567,Success,
14007,Office,761 River Street,6385748387,02112026113620567,Success,
1667,Office,62703 Gerardo Hills,1751173207,02112026113620567,Success,
14007,Office,36083 Lazaro Square,3878194856,02112026113620567,Success,
1667,Office,742 N High Street,1417348142,02112026113620567,Success,
14007,Office,35864 Cormier Trail,5122429101,02112026113620567,Success,
1667,Office,96336 S 10th Street,8883715804,02112026113620567,Success,
14007,Office,5098 Antonia Forks,5891094224,02112026113620567,Success,
1667,Office,16386 Josh Loop,2803379480,02112026113620567,Success,
14007,Office,529 Mount Street,1744527302,02112026113620567,Success,
1667,Office,615 Cedar Avenue,8581405807,02112026113620567,Success,
14007,Office,2839 William Highway,1132140587,02112026113620567,Success,
1667,Office,88828 S Main Avenue,1863721345,02112026113620567,Success,
14007,Office,9374 Winona Avenue,9859898803,02112026113620567,Success,
1667,Office,29170 Caesar Track,3284336914,02112026113620567,Success,
14007,Office,456 Bayer Land,3380262132,02112026113620567,Success,
1667,Office,856 Ullrich Course,2101894580,02112026113620567,Success,
14007,Office,57273 Jamison Lock,1539723598,02112026113620567,Success,
1667,Office,9639 Hermiston Orchard,1892458397,02112026113620567,Success,
14007,Office,71256 Schaefer Groves,1778182042,02112026113620567,Success,
1667,Office,61794 The Fairway,9931533178,02112026113620567,Success,
14007,Office,9230 N Chestnut Street,1810907640,02112026113620567,Success,
1667,Office,5582 McClure Mall,9299808746,02112026113620567,Success,
14007,Office,84910 S Broad Street,1863627451,02112026113620567,Success,
1667,Office,9122 Hamill Wells,2521882553,02112026113620567,Success,
14007,Office,6282 Schmidt Cliff,4079158269,02112026113620567,Success,
1667,Office,36789 Braulio Shoals,7568053182,02112026113620567,Success,
14007,Office,9947 Glover Land,4242455653,02112026113620567,Success,
1667,Office,3332 The Oaks,5859806435,02112026113620567,Success,
14007,Office,30405 Abbey Road,4552515430,02112026113620567,Success,
1667,Office,334 Harrison Avenue,7846108364,02112026113620567,Success,
14007,Office,9198 Hettinger Common,9768878250,02112026113620567,Success,
1667,Office,202 Alene Spring,2729615179,02112026113620567,Success,
14007,Office,915 Wunsch Light,6737644070,02112026113620567,Success,
1667,Office,61208 White Garden,5856062940,02112026113620567,Success,
14007,Office,9014 Fahey Underpass,4937010241,02112026113620567,Success,
1667,Office,244 Maximillia Junctions,3683784885,02112026113620567,Success,
14007,Office,637 E Church Street,6029597779,02112026113620567,Success,
1667,Office,29345 Glennie Hollow,9075795752,02112026113620567,Success,
14007,Office,170 Willow Grove,8070858786,02112026113620567,Success,
1667,Office,8691 Botsford Extensions,9436288985,02112026113620567,Success,
14007,Office,4597 Windler Ramp,5187875628,02112026113620567,Success,
1667,Office,981 Zulauf Fort,2957614729,02112026113620567,Success,
14007,Office,269 Rosalee Land,4531648755,02112026113620567,Success,
1667,Office,846 12th Street,2284976964,02112026113620567,Success,
14007,Office,8113 E State Street,1580985278,02112026113620567,Success,
1667,Office,6902 Margarete Island,3239516388,02112026113620567,Success,
14007,Office,663 Holly Close,5095775461,02112026113620567,Success,
1667,Office,628 Beech Close,4393732161,02112026113620567,Success,
14007,Office,29259 Coronation Avenue,1162155953,02112026113620567,Success,
1667,Office,236 Halvorson Crest,7759340930,02112026113620567,Success,
14007,Office,66095 Kulas Villages,5584727870,02112026113620567,Success,
1667,Office,92352 Lyda Estates,6713932073,02112026113620567,Success,
14007,Office,456 Robel Freeway,2617043589,02112026113620567,Success,
1667,Office,803 Tamara Branch,9698583662,02112026113620567,Success,
14007,Office,8394 Doyle Mountains,9411119369,02112026113620567,Success,
1667,Office,378 Stehr Fields,1927402114,02112026113620567,Success,
14007,Office,52088 E 2nd Street,9574654758,02112026113620567,Success,
1667,Office,9189 South Street,3777771527,02112026113620567,Success,
14007,Office,79367 Beier Streets,4758128080,02112026113620567,Success,
1667,Office,696 Genevieve Trafficway,8949684931,02112026113620567,Success,
14007,Office,2224 S 2nd Street,5510356580,02112026113620567,Success,
1667,Office,4234 Damon Shore,3841757747,02112026113620567,Success,
14007,Office,9124 Bogan Causeway,2762014493,02112026113620567,Success,
1667,Office,52572 Crooks Underpass,3596292854,02112026113620567,Success,
14007,Office,24986 Rosa Glen,2805935213,02112026113620567,Success,
1667,Office,2138 Kuhn Corners,7118988705,02112026113620567,Success,
14007,Office,456 Demetris Lakes,8445106510,02112026113620567,Success,
1667,Office,2674 Harvey Port,5316066827,02112026113620567,Success,
14007,Office,988 N Park Street,1263253036,02112026113620567,Success,
1667,Office,44494 Coronation Road,1358028956,02112026113620567,Success,
14007,Office,855 Crist Extension,9865210865,02112026113620567,Success,
1667,Office,4964 Kling Parkways,3405056628,02112026113620567,Success,
14007,Office,5965 Trantow Courts,3005420273,02112026113620567,Success,
1667,Office,48167 W South Street,8415005420,02112026113620567,Success,
14007,Office,5382 Naomi Meadow,2285485765,02112026113620567,Success,
1667,Office,13211 Windsor Drive,4878841126,02112026113620567,Success,
14007,Office,850 School Road,8461384925,02112026113620567,Success,
1667,Office,5432 Providenci Garden,4677932431,02112026113620567,Success,
14007,Office,471 Baker Street,9814471486,02112026113620567,Success,
1667,Office,6341 Jaydon Road,5752147022,02112026113620567,Success,
14007,Office,71741 Windler Wall,4180497017,02112026113620567,Success,
1667,Office,55356 Jaylan Common,2300565859,02112026113620567,Success,
14007,Office,585 Kenny Mall,7832173650,02112026113620567,Success,
1667,Office,901 River Street,8151673997,02112026113620567,Success,
14007,Office,72768 Pollich Cape,9330947404,02112026113620567,Success,
1667,Office,8656 Poplar Road,9843610131,02112026113620567,Success,
14007,Office,4050 Wehner Drives,5395539980,02112026113620567,Success,
1667,Office,83370 Bell Lane,2131707870,02112026113620567,Success,
14007,Office,458 Jasen Ramp,8664101056,02112026113620567,Success,
1667,Office,1856 Wehner Street,5663767626,02112026113620567,Success,
14007,Office,2441 Brown Motorway,9028044611,02112026113620567,Success,
1667,Office,9530 Ricky Plaza,9031694555,02112026113620567,Success,
14007,Office,98373 Franecki Rapids,3189733804,02112026113620567,Success,
1667,Office,33157 Vladimir View,5187857334,02112026113620567,Success,
14007,Office,7798 Runolfsson Orchard,9661014194,02112026113620567,Success,
1667,Office,118 Langworth Squares,4508706313,02112026113620567,Success,
14007,Office,217 W Washington Street,6076312065,02112026113620567,Success,
1667,Office,8808 N Market Street,2375587832,02112026113620567,Success,
14007,Office,24533 Woodlands Close,6673138047,02112026113620567,Success,
1667,Office,618 W Jefferson Street,2692116401,02112026113620567,Success,
14007,Office,8971 Keaton Skyway,1946071035,02112026113620567,Success,
1667,Office,5485 Cummerata Stravenue,2285777621,02112026113620567,Success,
14007,Office,2194 Eladio Rue,4053468429,02112026113620567,Success,
1667,Office,4033 Gertrude Trail,5592754886,02112026113620567,Success,
14007,Office,865 Noemy Orchard,2969928062,02112026113620567,Success,
1667,Office,6659 Jordan Shoal,8732872098,02112026113620567,Success,
14007,Office,797 Hester Ridge,5401147334,02112026113620567,Success,
1667,Office,4688 Field Lane,3814427163,02112026113620567,Success,
14007,Office,66582 Nicolas Hills,2611052001,02112026113620567,Success,
1667,Office,2956 Philip Shores,9698735702,02112026113620567,Success,
14007,Office,1763 Demario Crossing,7511342020,02112026113620567,Success,
1667,Office,311 Pouros Island,8252548238,02112026113620567,Success,
14007,Office,9442 Mueller Isle,7583251558,02112026113620567,Success,
1667,Office,373 Arthur Rapids,3609397174,02112026113620567,Success,
14007,Office,959 S 6th Street,3363555381,02112026113620567,Success,
1667,Office,2043 E North Street,1961565265,02112026113620567,Success,
14007,Office,72413 Dickens Mill,9394574010,02112026113620567,Success,
1667,Office,82025 Weimann Union,1778849096,02112026113620567,Success,
14007,Office,51147 Ellsworth Street,8153038598,02112026113620567,Success,
1667,Office,805 Kaleigh Road,1768742445,02112026113620567,Success,
14007,Office,991 Jakayla Burgs,7979662553,02112026113620567,Success,
1667,Office,93664 Annette Canyon,3045949337,02112026113620567,Success,
14007,Office,472 N Front Street,7359207491,02112026113620567,Success,
1667,Office,6156 Crooks Extensions,2620030174,02112026113620567,Success,
14007,Office,603 15th Street,2419074808,02112026113620567,Success,
1667,Office,82964 Hickle Well,5886166401,02112026113620567,Success,
14007,Office,2090 Willow Drive,1090800646,02112026113620567,Success,
1667,Office,99994 Tito Ways,5702934844,02112026113620567,Success,
14007,Office,273 Dorian Lock,7043974068,02112026113620567,Success,
1667,Office,5634 Bret Station,6776668989,02112026113620567,Success,
14007,Office,4885 Laburnum Grove,1989291719,02112026113620567,Success,
1667,Office,62996 Prospect Avenue,4831443051,02112026113620567,Success,
14007,Office,13967 Monroe Street,9078012955,02112026113620567,Success,
1667,Office,24042 Kent Road,8303385288,02112026113620567,Success,
14007,Office,96435 Riverside Avenue,5352530237,02112026113620567,Success,
1667,Office,154 The Paddock,1176839088,02112026113620567,Success,
14007,Office,826 Alexandra Road,1853575393,02112026113620567,Success,
1667,Office,6566 Vicarage Close,3805777072,02112026113620567,Success,
14007,Office,81649 Upton Valley,5748460654,02112026113620567,Success,
1667,Office,9911 Shawna Pike,5794593975,02112026113620567,Success,
14007,Office,3987 Fredrick Bridge,5164099572,02112026113620567,Success,
1667,Office,80663 W Broadway,7838225718,02112026113620567,Success,
14007,Office,717 Buckingham Road,5154486989,02112026113620567,Success,
1667,Office,82207 Alycia Key,5387477356,02112026113620567,Success,
14007,Office,933 Melvin Walk,2566834021,02112026113620567,Success,
1667,Office,75990 Pearl Center,1061112489,02112026113620567,Success,
14007,Office,153 Jordan Plains,2618128839,02112026113620567,Success,
1667,Office,803 Wisozk Courts,6664477329,02112026113620567,Success,
14007,Office,7516 Hazel Close,4784022145,02112026113620567,Success,
1667,Office,7553 Casper Union,6630289208,02112026113620567,Success,
14007,Office,5865 Poplar Street,7680460595,02112026113620567,Success,
1667,Office,47244 Sanford Flats,2963212155,02112026113620567,Success,
14007,Office,2168 Hoeger Cliffs,2711899118,02112026113620567,Success,
1667,Office,94922 Donato Gateway,2464708309,02112026113620567,Success,
14007,Office,235 N Washington Street,8225294360,02112026113620567,Success,
1667,Office,28557 Kris Circle,8412858854,02112026113620567,Success,
14007,Office,517 Atlantic Avenue,1769046630,02112026113620567,Success,
1667,Office,2852 Tower Road,2984142475,02112026113620567,Success,
14007,Office,16810 Marlborough Road,3121771164,02112026113620567,Success,
1667,Office,50139 Osinski Parkways,1935194223,02112026113620567,Success,
14007,Office,82782 Tyrel Inlet,7592460479,02112026113620567,Success,
1667,Office,44784 E 6th Avenue,2859051215,02112026113620567,Success,
14007,Office,1061 Coronation Road,7567990361,02112026113620567,Success,
1667,Office,54010 Lodge Lane,6308115261,02112026113620567,Success,
14007,Office,752 Kuhlman Common,9787846261,02112026113620567,Success,
1667,Office,37337 Oren Forest,3745402289,02112026113620567,Success,
14007,Office,29038 Bluebell Close,6611302180,02112026113620567,Success,
1667,Office,27189 Clara Fork,9509725777,02112026113620567,Success,
14007,Office,4345 Broadway,5937618216,02112026113620567,Success,
1667,Office,9344 Kuhn Ville,9925159770,02112026113620567,Success,
14007,Office,9860 Wintheiser Pine,9340943098,02112026113620567,Success,
1667,Office,8828 Watery Lane,5173308832,02112026113620567,Success,
14007,Office,75068 Osinski Extension,1864628430,02112026113620567,Success,
1667,Office,4434 Buckridge Course,1894579597,02112026113620567,Success,
14007,Office,21303 Alvah Points,5060628478,02112026113620567,Success,
1667,Office,16393 Maurine Garden,3951120451,02112026113620567,Success,
14007,Office,323 Christa Ridges,6367219677,02112026113620567,Success,
1667,Office,755 Tillman Villages,5723359600,02112026113620567,Success,
14007,Office,331 Harber Springs,2690707874,02112026113620567,Success,
1667,Office,9986 Emilia Mall,8302330659,02112026113620567,Success,
14007,Office,3511 Bridge Street,2578575010,02112026113620567,Success,
1667,Office,6986 Lincoln Street,7164800951,02112026113620567,Success,
14007,Office,55204 Cromwell Road,2499935952,02112026113620567,Success,
1667,Office,476 Brady Center,4757392219,02112026113620567,Success,
14007,Office,412 S State Street,2970431332,02112026113620567,Success,
1667,Office,5458 13th Street,9396219589,02112026113620567,Success,
14007,Office,4892 Nicolas Crest,6164044214,02112026113620567,Success,
1667,Office,768 Roberts Trail,7009356198,02112026113620567,Success,
14007,Office,3292 Green Lane,1725336178,02112026113620567,Success,
1667,Office,9846 Harrison Avenue,1402857765,02112026113620567,Success,
14007,Office,74426 Harber Corners,2040240984,02112026113620567,Success,
1667,Office,413 13th Street,4095306541,02112026113620567,Success,
14007,Office,5505 Queen's Road,1176805332,02112026113620567,Success,
1667,Office,53966 Prosacco Gateway,8031398323,02112026113620567,Success,
14007,Office,83166 S 4th Street,4524840314,02112026113620567,Success,
1667,Office,77194 Cedar Street,7869255494,02112026113620567,Success,
14007,Office,662 Thaddeus Summit,6205007048,02112026113620567,Success,
1667,Office,60788 Gerlach Shores,4962309516,02112026113620567,Success,
14007,Office,43177 E North Street,3126715748,02112026113620567,Success,
1667,Office,7934 Bill Plaza,6409301098,02112026113620567,Success,
14007,Office,9129 Ezra Mall,5299504905,02112026113620567,Success,
1667,Office,77695 Kulas Walk,5839014075,02112026113620567,Success,
14007,Office,9564 Clarissa Harbor,3994476337,02112026113620567,Success,
1667,Office,462 Lynch Manor,4181014712,02112026113620567,Success,
14007,Office,585 Ceasar Roads,6610215772,02112026113620567,Success,
1667,Office,8379 Senger Canyon,7616728173,02112026113620567,Success,
14007,Office,37183 Rempel Throughway,7822453349,02112026113620567,Success,
1667,Office,947 Destiney Trace,7761505161,02112026113620567,Success,
14007,Office,561 Margarett Dale,2821513713,02112026113620567,Success,
1667,Office,80295 Dicki Extensions,1529762911,02112026113620567,Success,
14007,Office,4642 Effie Circles,1052838426,02112026113620567,Success,
1667,Office,10477 Mill Close,8650795826,02112026113620567,Success,
14007,Office,54323 Atlantic Avenue,5006771743,02112026113620567,Success,
1667,Office,47306 Howell Cove,7727731539,02112026113620567,Success,
14007,Office,7092 Roberta Parkways,1735582434,02112026113620567,Success,
1667,Office,811 Cecil Underpass,1835976734,02112026113620567,Success,
14007,Office,3019 Geovanny Burgs,8877269076,02112026113620567,Success,
1667,Office,204 Aniyah Center,3781601202,02112026113620567,Success,
14007,Office,6970 Lime Grove,6282449490,02112026113620567,Success,
1667,Office,7100 Sharon Fields,6090343067,02112026113620567,Success,
14007,Office,21903 Shanny Causeway,2663914760,02112026113620567,Success,
1667,Office,975 Beech Close,9830326453,02112026113620567,Success,
14007,Office,4223 Ash Street,5076409400,02112026113620567,Success,
1667,Office,92118 Clarendon Road,3319413036,02112026113620567,Success,
14007,Office,5617 Brakus Gardens,7948975589,02112026113620567,Success,
1667,Office,480 Hilll Burg,9798741837,02112026113620567,Success,
14007,Office,27236 Bernhard Lake,9560086785,02112026113620567,Success,
1667,Office,997 Mitchell Spur,7111631372,02112026113620567,Success,
14007,Office,1015 Bluebell Close,9902861233,02112026113620567,Success,
1667,Office,27812 Hagenes Meadow,2634511726,02112026113620567,Success,
14007,Office,6118 15th Street,2416200593,02112026113620567,Success,
1667,Office,47671 Von Stream,7756897808,02112026113620567,Success,
14007,Office,62485 Wilkinson Greens,1005326882,02112026113620567,Success,
1667,Office,231 Louisa Trafficway,4607531803,02112026113620567,Success,
14007,Office,948 Frami Ville,1456974061,02112026113620567,Success,
1667,Office,300 Poplar Close,5109829120,02112026113620567,Success,
14007,Office,213 N Monroe Street,9232713913,02112026113620567,Success,
1667,Office,89780 Bertrand Meadow,1076748673,02112026113620567,Success,
14007,Office,71096 Caterina Orchard,8336834463,02112026113620567,Success,
1667,Office,9140 Demetrius Lock,5916489129,02112026113620567,Success,
14007,Office,59323 James Street,4623834005,02112026113620567,Success,
1667,Office,916 Charley Courts,4215794632,02112026113620567,Success,
14007,Office,75510 Chapel Hill,1027195607,02112026113620567,Success,
1667,Office,32423 Lindgren Highway,4327512298,02112026113620567,Success,
14007,Office,9297 Conn Trace,5854722315,02112026113620567,Success,
1667,Office,9353 Ebert Way,4664623124,02112026113620567,Success,
14007,Office,3388 E Oak Street,2471685899,02112026113620567,Success,
1667,Office,11252 Cheyenne Extension,6216298178,02112026113620567,Success,
14007,Office,729 Steuber Pass,6830131656,02112026113620567,Success,
1667,Office,428 Amalia Hill,5106072814,02112026113620567,Success,
14007,Office,402 Lehner Courts,8173036141,02112026113620567,Success,
1667,Office,688 Huels Pike,6836566589,02112026113620567,Success,
14007,Office,9025 Bins Cliff,8566339062,02112026113620567,Success,
1667,Office,52182 Herman Shoals,9452913286,02112026113620567,Success,
14007,Office,736 W South Street,6232983204,02112026113620567,Success,
1667,Office,84765 Albany Road,3311293376,02112026113620567,Success,
14007,Office,315 Sylvan Village,8877772937,02112026113620567,Success,
1667,Office,1382 Willy Track,5713045460,02112026113620567,Success,
14007,Office,93166 Brenden Oval,6384667114,02112026113620567,Success,
1667,Office,415 Lafayette Street,5006668259,02112026113620567,Success,
14007,Office,7479 Marlborough Road,3696630617,02112026113620567,Success,
1667,Office,592 Abdul Village,7018923535,02112026113620567,Success,
14007,Office,9979 Bay Street,4775392131,02112026113620567,Success,
1667,Office,96639 Church Avenue,4920305704,02112026113620567,Success,
14007,Office,8810 Missouri Creek,6000406570,02112026113620567,Success,
1667,Office,89952 Bechtelar Wells,6509199429,02112026113620567,Success,
14007,Office,359 Weimann Prairie,2248253991,02112026113620567,Success,
1667,Office,5729 Cromwell Road,8738212629,02112026113620567,Success,
14007,Office,5155 S 6th Street,5554629478,02112026113620567,Success,
1667,Office,390 S Monroe Street,5267670661,02112026113620567,Success,
14007,Office,219 Quigley Stream,7320079048,02112026113620567,Success,
1667,Office,651 Maxie Garden,1906345801,02112026113620567,Success,
14007,Office,14136 Pine Close,5804742891,02112026113620567,Success,
1667,Office,256 Cummerata Street,9486972100,02112026113620567,Success,
14007,Office,5537 Presley Trace,5079063832,02112026113620567,Success,
1667,Office,71854 Jaskolski Highway,9858806348,02112026113620567,Success,
14007,Office,475 Frami Manor,7639114907,02112026113620567,Success,
1667,Office,92549 Bennie Lakes,2215627080,02112026113620567,Success,
14007,Office,3008 Tennyson Road,1750323467,02112026113620567,Success,
1667,Office,61617 Stiedemann Pine,1844839346,02112026113620567,Success,
14007,Office,261 County Line Road,1228265621,02112026113620567,Success,
1667,Office,6637 Douglas Fords,3241996267,02112026113620567,Success,
14007,Office,9637 Russel Ridge,5029563752,02112026113620567,Success,
1667,Office,397 Gordon Island,4340571868,02112026113620567,Success,
14007,Office,6896 Broadway Avenue,8071728070,02112026113620567,Success,
1667,Office,441 Swaniawski Hills,1209248526,02112026113620567,Success,
14007,Office,570 Oxford Street,5033256191,02112026113620567,Success,
1667,Office,33816 S Lincoln Street,9096952278,02112026113620567,Success,
14007,Office,5580 First Avenue,9292675299,02112026113620567,Success,
1667,Office,103 Grove Lane,4837088221,02112026113620567,Success,
14007,Office,6730 Hartmann Tunnel,4267067431,02112026113620567,Success,
1667,Office,834 N 5th Street,4752766708,02112026113620567,Success,
14007,Office,8227 Fisher Center,3230453961,02112026113620567,Success,
1667,Office,9324 Friesen Row,2816695979,02112026113620567,Success,
14007,Office,15868 Hickle Ville,2637001492,02112026113620567,Success,
1667,Office,63130 Leffler Forest,1115042799,02112026113620567,Success,
14007,Office,69341 Leila Tunnel,9370579895,02112026113620567,Success,
1667,Office,9374 Tod Ridge,6678040022,02112026113620567,Success,
14007,Office,583 Darren Tunnel,6978462479,02112026113620567,Success,
1667,Office,91251 Hirthe Bypass,7644634925,02112026113620567,Success,
14007,Office,9988 Marcellus Knoll,4664496086,02112026113620567,Success,
1667,Office,936 Casper Spur,8057803075,02112026113620567,Success,
14007,Office,42097 Hayes Via,2921576831,02112026113620567,Success,
1667,Office,9189 Union Avenue,7008570860,02112026113620567,Success,
14007,Office,6791 Abner Dale,8557908050,02112026113620567,Success,
1667,Office,44826 Mill Close,6440404871,02112026113620567,Success,
14007,Office,7298 Marks Pine,8176728028,02112026113620567,Success,
1667,Office,67808 Kulas Parkway,2087634440,02112026113620567,Success,
14007,Office,58469 Carmella Brooks,3317094286,02112026113620567,Success,
1667,Office,58710 Margot Key,5833318585,02112026113620567,Success,
14007,Office,4542 Makayla Parks,3921727437,02112026113620567,Success,
1667,Office,5731 Jones Parkways,3963324646,02112026113620567,Success,
14007,Office,81633 Wuckert Field,9454124691,02112026113620567,Success,
1667,Office,545 Damian Neck,6268503582,02112026113620567,Success,
14007,Office,17502 Walnut Street,2047025058,02112026113620567,Success,
1667,Office,190 Chestnut Grove,6104135259,02112026113620567,Success,
14007,Office,67136 Shana Meadows,7170975127,02112026113620567,Success,
1667,Office,2869 Pine Close,8438914424,02112026113620567,Success,
14007,Office,15724 Kohler Highway,5969318157,02112026113620567,Success,
1667,Office,20628 Wuckert Gardens,4763332384,02112026113620567,Success,
14007,Office,429 Kihn Port,6619136696,02112026113620567,Success,
1667,Office,11449 Camila Cliffs,1305130312,02112026113620567,Success,
14007,Office,965 Wilkinson Crescent,9679130766,02112026113620567,Success,
1667,Office,778 S High Street,4326374596,02112026113620567,Success,
14007,Office,9622 Russell Cape,8586214873,02112026113620567,Success,
1667,Office,62848 S 7th Street,7580292140,02112026113620567,Success,
14007,Office,3845 Ruthe Camp,5746526012,02112026113620567,Success,
1667,Office,5651 Antonio Meadows,2346960352,02112026113620567,Success,
14007,Office,15139 Chapel Street,7520457452,02112026113620567,Success,
1667,Office,31437 Kshlerin Mill,3110973057,02112026113620567,Success,
14007,Office,780 Kellen Shores,9676665168,02112026113620567,Success,
1667,Office,3499 9th Street,4160315033,02112026113620567,Success,
14007,Office,5168 The Dell,1607303552,02112026113620567,Success,
1667,Office,303 Walnut Close,2856566276,02112026113620567,Success,
14007,Office,886 Karley Garden,5912548458,02112026113620567,Success,
1667,Office,212 Kingfisher Close,4161188922,02112026113620567,Success,
14007,Office,503 Warren Close,7706927910,02112026113620567,Success,
1667,Office,52310 Lucinda Points,3122105641,02112026113620567,Success,
14007,Office,3059 Freida Ridges,3205626844,02112026113620567,Success,
1667,Office,93684 Jast Cliff,7916631913,02112026113620567,Success,
14007,Office,204 Alaina Plaza,4646238557,02112026113620567,Success,
1667,Office,7364 Crown Street,7036955102,02112026113620567,Success,
14007,Office,9598 E Main,7067909669,02112026113620567,Success,
1667,Office,656 Anissa Underpass,1649457772,02112026113620567,Success,
14007,Office,844 Krajcik Shore,3073831023,02112026113620567,Success,
1667,Office,34846 Powlowski Rue,2897833010,02112026113620567,Success,
14007,Office,2568 Adams View,8324382961,02112026113620567,Success,
1667,Office,6949 Doyle Roads,4697863972,02112026113620567,Success,
14007,Office,46130 Sawayn Rapids,4166910424,02112026113620567,Success,
1667,Office,6283 Spruce Street,7105006375,02112026113620567,Success,
14007,Office,2809 Hansen Courts,6979823043,02112026113620567,Success,
1667,Office,578 W 4th Avenue,8796270500,02112026113620567,Success,
14007,Office,330 W 5th Street,3309761785,02112026113620567,Success,
1667,Office,468 Yadira Field,4251548246,02112026113620567,Success,
14007,Office,8171 Corwin Pike,4661803484,02112026113620567,Success,
1667,Office,92619 Ferry Road,8947210999,02112026113620567,Success,
14007,Office,276 Clark Street,6550445713,02112026113620567,Success,
1667,Office,462 Green Street,5131888600,02112026113620567,Success,
14007,Office,4623 Kings Highway,4369811990,02112026113620567,Success,
1667,Office,3947 W River Road,8569764304,02112026113620567,Success,
14007,Office,991 State Avenue,4344074205,02112026113620567,Success,
1667,Office,92382 Alvah Parks,4308233243,02112026113620567,Success,
14007,Office,35530 Kent Road,1603162641,02112026113620567,Success,
1667,Office,44279 The Causeway,7198833067,02112026113620567,Success,
14007,Office,3870 Lauren Locks,4746077988,02112026113620567,Success,
1667,Office,6828 Hackett Walk,9787130087,02112026113620567,Success,
14007,Office,8553 Halvorson Coves,5770553849,02112026113620567,Success,
1667,Office,9720 W Franklin Street,5779468537,02112026113620567,Success,
14007,Office,934 Kennith Groves,7564160267,02112026113620567,Success,
1667,Office,42089 Kemmer Lights,8049231145,02112026113620567,Success,
14007,Office,29629 Willow Drive,7188055387,02112026113620567,Success,
1667,Office,79880 Mason Cove,3059323352,02112026113620567,Success,
14007,Office,36485 West Lane,4116560993,02112026113620567,Success,
1667,Office,733 Considine Wells,7857834151,02112026113620567,Success,
14007,Office,715 The Laurels,5611405896,02112026113620567,Success,
1667,Office,6454 Kent Road,5102096679,02112026113620567,Success,
14007,Office,14971 Hillside Road,2555175715,02112026113620567,Success,
1667,Office,60299 W 4th Street,9309257537,02112026113620567,Success,
14007,Office,64505 Stuart Cape,7062785225,02112026113620567,Success,
1667,Office,6333 Schimmel Mews,4018502781,02112026113620567,Success,
14007,Office,9465 Denesik Via,6165705441,02112026113620567,Success,
1667,Office,20202 Mueller Islands,7650982518,02112026113620567,Success,
14007,Office,96494 Friesen Lock,9538313792,02112026113620567,Success,
1667,Office,3390 Hill Street,7631459914,02112026113620567,Success,
14007,Office,885 Frami Station,1681878105,02112026113620567,Success,
1667,Office,146 Gordon Road,8732408836,02112026113620567,Success,
14007,Office,966 Trycia Brooks,2737782217,02112026113620567,Success,
1667,Office,59979 Rollin Courts,2935495291,02112026113620567,Success,
14007,Office,68985 Cole Greens,2750314916,02112026113620567,Success,
1667,Office,1110 Woodlands Close,4984519023,02112026113620567,Success,
14007,Office,6502 Jaqueline Oval,5511229360,02112026113620567,Success,
1667,Office,625 Wood Street,4615908391,02112026113620567,Success,
14007,Office,4753 Nitzsche Loop,6953670442,02112026113620567,Success,
1667,Office,58041 Dale Throughway,4220563831,02112026113620567,Success,
14007,Office,8974 Ike Unions,2322271045,02112026113620567,Success,
1667,Office,167 Cora Port,8278726279,02112026113620567,Success,
14007,Office,60693 Henry Bridge,5304841433,02112026113620567,Success,
1667,Office,592 MacGyver Knoll,6766984536,02112026113620567,Success,
14007,Office,8260 Sigmund Rapids,4199700852,02112026113620567,Success,
1667,Office,214 Kenny Viaduct,8755195774,02112026113620567,Success,
14007,Office,56520 Ferry Road,6873376316,02112026113620567,Success,
1667,Office,457 Celestine Oval,3962544462,02112026113620567,Success,
14007,Office,76440 Water Street,5871461167,02112026113620567,Success,
1667,Office,7357 Martin Luther King Boulevard,5294555681,02112026113620567,Success,
14007,Office,7705 The Croft,6331369527,02112026113620567,Success,
1667,Office,623 Effertz Courts,7442973844,02112026113620567,Success,
14007,Office,577 Heller Row,1710244514,02112026113620567,Success,
1667,Office,406 Tromp Roads,8615638338,02112026113620567,Success,
14007,Office,1492 The Coppice,2796530301,02112026113620567,Success,
1667,Office,92523 Bluebell Close,6026965782,02112026113620567,Success,
14007,Office,299 Pacocha Radial,6700674356,02112026113620567,Success,
1667,Office,860 W Washington Street,8909247680,02112026113620567,Success,
14007,Office,156 Kacie Path,6520382415,02112026113620567,Success,
1667,Office,36431 Tower Road,5789844420,02112026113620567,Success,
14007,Office,383 Sally Orchard,8505297641,02112026113620567,Success,
1667,Office,2029 Kingsway,5248606943,02112026113620567,Success,
14007,Office,302 Vena Bridge,7791268579,02112026113620567,Success,
1667,Office,38504 Tremblay Vista,2624686537,02112026113620567,Success,
14007,Office,619 Florencio Club,8020548555,02112026113620567,Success,
1667,Office,577 Hayden Common,8400636335,02112026113620567,Success,
14007,Office,6435 Edna Lights,2760086323,02112026113620567,Success,
1667,Office,1484 Barton Circles,9968885278,02112026113620567,Success,
14007,Office,60965 Windler Lakes,3597737728,02112026113620567,Success,
1667,Office,8266 Hillside Road,6545349693,02112026113620567,Success,
14007,Office,49058 Antonia Bypass,5776387833,02112026113620567,Success,
1667,Office,1454 Haley Green,1664946172,02112026113620567,Success,
14007,Office,1409 O'Reilly Trace,4596368168,02112026113620567,Success,
1667,Office,157 Senger Tunnel,1196674869,02112026113620567,Success,
14007,Office,7238 Volkman Estate,7967214205,02112026113620567,Success,
1667,Office,748 Goldner Estates,8528512466,02112026113620567,Success,
14007,Office,60163 Steuber Route,6218406577,02112026113620567,Success,
1667,Office,86622 Back Lane,7904669767,02112026113620567,Success,
14007,Office,2731 W 12th Street,4621652910,02112026113620567,Success,
1667,Office,63056 Adeline Heights,1245584758,02112026113620567,Success,
14007,Office,427 Alisha Glen,9389054000,02112026113620567,Success,
1667,Office,992 Cormier Overpass,3433216023,02112026113620567,Success,
14007,Office,17834 Hilll Harbor,3355368222,02112026113620567,Success,
1667,Office,2766 E Oak Street,9113242894,02112026113620567,Success,
14007,Office,5958 Highfield Avenue,7809483617,02112026113620567,Success,
1667,Office,604 Mariano Spurs,1750678947,02112026113620567,Success,
14007,Office,39796 Klein Fords,6426634755,02112026113620567,Success,
1667,Office,20456 9th Street,4710604116,02112026113620567,Success,
14007,Office,20422 Daniel Manors,1872723811,02112026113620567,Success,
1667,Office,897 Charlene Port,8543058319,02112026113620567,Success,
14007,Office,59057 Donny Mill,6105041022,02112026113620567,Success,
1667,Office,6634 S State Street,5355294118,02112026113620567,Success,
14007,Office,9578 Main Street E,3748495354,02112026113620567,Success,
1667,Office,4560 Wintheiser View,7982948127,02112026113620567,Success,
14007,Office,37591 Cummings Garden,3157499074,02112026113620567,Success,
1667,Office,476 Gleichner Radial,1388389900,02112026113620567,Success,
14007,Office,161 Brandt Falls,7783271362,02112026113620567,Success,
1667,Office,45222 W Pine Street,5151915023,02112026113620567,Success,
14007,Office,944 Hintz Station,7772105739,02112026113620567,Success,
1667,Office,494 Hayden Meadow,8772514535,02112026113620567,Success,
14007,Office,37407 Murphy Grove,7259516426,02112026113620567,Success,
1667,Office,430 Lake Street,5365949322,02112026113620567,Success,
14007,Office,498 Park Road,3102072224,02112026113620567,Success,
1667,Office,4658 Name Divide,1781350292,02112026113620567,Success,
14007,Office,344 Edward Lakes,2043214842,02112026113620567,Success,
1667,Office,640 Weissnat Glens,6599677772,02112026113620567,Success,
14007,Office,906 Larch Close,5572140148,02112026113620567,Success,
1667,Office,53763 Nitzsche Crescent,5064539451,02112026113620567,Success,
14007,Office,554 Chapel Road,4013117281,02112026113620567,Success,
1667,Office,476 Chapel Road,2022663764,02112026113620567,Success,
14007,Office,34887 Monroe Meadow,6876057708,02112026113620567,Success,
1667,Office,18948 Robel Spur,4478618868,02112026113620567,Success,
14007,Office,9487 Bogan Springs,1610327376,02112026113620567,Success,
1667,Office,369 Veum Forge,9370611501,02112026113620567,Success,
14007,Office,607 Jayda Bridge,4259178867,02112026113620567,Success,
1667,Office,4872 Kassulke Circle,9123958663,02112026113620567,Success,
14007,Office,59303 Jayce Squares,7922486004,02112026113620567,Success,
1667,Office,9693 Alia Prairie,7762500045,02112026113620567,Success,
14007,Office,376 Howe Falls,9272530856,02112026113620567,Success,
1667,Office,23574 N College Street,9484337119,02112026113620567,Success,
14007,Office,472 Ara Route,5858389140,02112026113620567,Success,
1667,Office,36218 Adelia Heights,1097421591,02112026113620567,Success,
14007,Office,8895 Melvina Centers,2372810370,02112026113620567,Success,
1667,Office,70264 Koch Path,1994225935,02112026113620567,Success,
14007,Office,965 Oran Key,9904642082,02112026113620567,Success,
1667,Office,18852 N Church Street,6355180368,02112026113620567,Success,
14007,Office,52618 Belle Rest,3368639174,02112026113620567,Success,
1667,Office,55581 Beahan Villages,4616269864,02112026113620567,Success,
14007,Office,502 Cali Tunnel,8271784148,02112026113620567,Success,
1667,Office,98547 New Street,3146946348,02112026113620567,Success,
14007,Office,610 Cristopher Land,3153016622,02112026113620567,Success,
1667,Office,341 Coronation Avenue,5891068709,02112026113620567,Success,
14007,Office,487 Jeanette Fields,9252962774,02112026113620567,Success,
1667,Office,441 Duncan Forges,5389459391,02112026113620567,Success,
14007,Office,7005 Lew Estates,4564833963,02112026113620567,Success,
1667,Office,53666 Laurel Close,2469087010,02112026113620567,Success,
14007,Office,4505 Hazel Grove,1289141309,02112026113620567,Success,
1667,Office,684 Xavier Track,3804151801,02112026113620567,Success,
14007,Office,971 Watery Lane,6779745769,02112026113620567,Success,
1667,Office,62419 Opal Ridge,1959311528,02112026113620567,Success,
14007,Office,782 Amara Underpass,4058177625,02112026113620567,Success,
1667,Office,6428 Stoney Lane,3861507604,02112026113620567,Success,
14007,Office,543 Isobel Meadows,4168391582,02112026113620567,Success,
1667,Office,178 Jackie Underpass,3167986942,02112026113620567,Success,
14007,Office,53650 Lyla Knolls,9958472787,02112026113620567,Success,
1667,Office,86010 Hintz Plains,9795596272,02112026113620567,Success,
14007,Office,4174 Madison Avenue,5579694541,02112026113620567,Success,
1667,Office,559 E 3rd Street,6930382162,02112026113620567,Success,
14007,Office,830 Clarence Road,4705486046,02112026113620567,Success,
1667,Office,113 Jadyn Garden,6659522764,02112026113620567,Success,
14007,Office,995 Oakfield Road,2987558739,02112026113620567,Success,
1667,Office,46035 Citlalli Divide,1420439974,02112026113620567,Success,
14007,Office,35723 Dibbert Square,5697082150,02112026113620567,Success,
1667,Office,782 Chapel Road,5467218832,02112026113620567,Success,
14007,Office,63927 S Center Street,3869422580,02112026113620567,Success,
1667,Office,68657 Hermina Rapid,1303918533,02112026113620567,Success,
14007,Office,650 Lake Road,4697788661,02112026113620567,Success,
1667,Office,431 Veterans Memorial Highway,3432785613,02112026113620567,Success,
14007,Office,36980 Manor Gardens,6964320228,02112026113620567,Success,
1667,Office,3088 Cavendish Road,3576674820,02112026113620567,Success,
14007,Office,75619 Rempel Ranch,8699758404,02112026113620567,Success,
1667,Office,58482 Wren Close,4446328100,02112026113620567,Success,
14007,Office,747 Moore Fork,7229296630,02112026113620567,Success,
1667,Office,220 Cedar Road,2568214683,02112026113620567,Success,
14007,Office,157 Gusikowski Port,3418615714,02112026113620567,Success,
1667,Office,631 Oxford Road,8302813172,02112026113620567,Success,
14007,Office,64895 Howe Ports,6562637295,02112026113620567,Success,
1667,Office,7719 Pagac Wells,9087781692,02112026113620567,Success,
14007,Office,434 Jackson Avenue,8217962253,02112026113620567,Success,
1667,Office,1685 Keeling Squares,4727361206,02112026113620567,Success,
14007,Office,18901 Enola Neck,5121225698,02112026113620567,Success,
1667,Office,8974 Ash Close,8581386942,02112026113620567,Success,
14007,Office,12796 Brook Lane,5280484775,02112026113620567,Success,
1667,Office,8704 Neha Village,9710282999,02112026113620567,Success,
14007,Office,818 Dianna Alley,9535809857,02112026113620567,Success,
1667,Office,16704 Main Street S,9376373478,02112026113620567,Success,
14007,Office,5214 Hermiston Extensions,2172715085,02112026113620567,Success,
1667,Office,9532 Collier Viaduct,4554476237,02112026113620567,Success,
14007,Office,533 Kessler Valley,7209923348,02112026113620567,Success,
1667,Office,52323 Christiansen Spring,4580992657,02112026113620567,Success,
14007,Office,15769 Rutherford Fort,9660209197,02112026113620567,Success,
1667,Office,7441 Lind Ranch,7969458425,02112026113620567,Success,
14007,Office,950 W 9th Street,6755714662,02112026113620567,Success,
1667,Office,4744 S Market Street,5992161666,02112026113620567,Success,
14007,Office,4216 Botsford Branch,2293841758,02112026113620567,Success,
1667,Office,538 Reba Way,6667835928,02112026113620567,Success,
14007,Office,84422 McLaughlin Dam,3821169183,02112026113620567,Success,
1667,Office,821 Madison Street,1054480821,02112026113620567,Success,
14007,Office,910 Weldon Valley,8570909104,02112026113620567,Success,
1667,Office,25795 Kestrel Close,2656986159,02112026113620567,Success,
14007,Office,2790 Mazie Ridge,8258114016,02112026113620567,Success,
1667,Office,187 Kozey Junction,3582955237,02112026113620567,Success,
14007,Office,8423 Wanda Parkways,7512128279,02112026113620567,Success,
1667,Office,9769 Willa Junction,4616980959,02112026113620567,Success,
14007,Office,691 Weber Points,8575782859,02112026113620567,Success,
1667,Office,95919 W Bridge Street,9931961722,02112026113620567,Success,
14007,Office,16384 Stiedemann Forest,4510356526,02112026113620567,Success,
1667,Office,771 Vicarage Lane,7997519820,02112026113620567,Success,
14007,Office,9931 Jackson Avenue,5044417876,02112026113620567,Success,
1667,Office,5176 Greg Rest,3508292969,02112026113620567,Success,
14007,Office,944 Auer Ways,4984809123,02112026113620567,Success,
1667,Office,105 Cassie Haven,2049598784,02112026113620567,Success,
14007,Office,3972 Church Path,9109620214,02112026113620567,Success,
1667,Office,885 Grove Street,9659891124,02112026113620567,Success,
14007,Office,68236 W 6th Street,3360616883,02112026113620567,Success,
1667,Office,5684 Lynn Estates,8073759977,02112026113620567,Success,
14007,Office,32643 Kestrel Close,7799028286,02112026113620567,Success,
1667,Office,949 Central Street,6471137497,02112026113620567,Success,
14007,Office,6032 Reichel Village,8028801521,02112026113620567,Success,
1667,Office,42817 Hoyt Meadows,5065592567,02112026113620567,Success,
14007,Office,8551 Corwin Corners,9183798598,02112026113620567,Success,
1667,Office,666 Cromwell Road,9768513995,02112026113620567,Success,
14007,Office,76582 Moshe Place,3693511874,02112026113620567,Success,
1667,Office,11910 Agustin Ridge,1957205036,02112026113620567,Success,
14007,Office,47546 Rylee Corners,8864251175,02112026113620567,Success,
1667,Office,47259 W 3rd Street,5763126914,02112026113620567,Success,
14007,Office,36173 Castle Street,4188919607,02112026113620567,Success,
1667,Office,74827 Leila Way,1245854802,02112026113620567,Success,
14007,Office,23611 Botsford Rapid,4539259871,02112026113620567,Success,
1667,Office,759 Prospect Road,5332978972,02112026113620567,Success,
14007,Office,695 Kestrel Close,3076698304,02112026113620567,Success,
1667,Office,5982 Cummerata Bypass,3896596313,02112026113620567,Success,
14007,Office,4439 Herzog Crossroad,6119966590,02112026113620567,Success,
1667,Office,10241 Elian Court,2997711613,02112026113620567,Success,
14007,Office,8954 Fannie Row,6126968820,02112026113620567,Success,
1667,Office,85897 Toy Tunnel,7002809833,02112026113620567,Success,
14007,Office,4573 W Church Street,4861457793,02112026113620567,Success,
1667,Office,3504 McGlynn Manors,2385350415,02112026113620567,Success,
14007,Office,2587 Brakus Station,3377151236,02112026113620567,Success,
1667,Office,258 Carlotta Canyon,8060339517,02112026113620567,Success,
14007,Office,373 Erdman Light,5160772943,02112026113620567,Success,
1667,Office,7461 Adonis Manors,7331952351,02112026113620567,Success,
14007,Office,1425 Kailee Spring,8077913053,02112026113620567,Success,
1667,Office,9559 Pennsylvania Avenue,3322558786,02112026113620567,Success,
14007,Office,21799 The Fairway,7229203853,02112026113620567,Success,
1667,Office,79402 Chapel Hill,9882523770,02112026113620567,Success,
14007,Office,37708 Beer Shoal,7854553104,02112026113620567,Success,
1667,Office,5324 W Broadway Avenue,1245932083,02112026113620567,Success,
14007,Office,478 Zechariah Corners,9686308399,02112026113620567,Success,
1667,Office,38556 Elenor Wells,5786570218,02112026113620567,Success,
14007,Office,453 Schuppe Squares,8779558884,02112026113620567,Success,
1667,Office,400 Cade Key,1773984093,02112026113620567,Success,
14007,Office,5939 Rau Lane,2996417080,02112026113620567,Success,
1667,Office,4713 Lelia Shoal,7095412837,02112026113620567,Success,
14007,Office,41364 Johnson Spring,1963041786,02112026113620567,Success,
1667,Office,9180 W Division Street,4113117701,02112026113620567,Success,
14007,Office,1446 Welch Loaf,8242046756,02112026113620567,Success,
1667,Office,21257 Elias Causeway,2492883306,02112026113620567,Success,
14007,Office,8299 Pagac Way,8424246899,02112026113620567,Success,
1667,Office,8810 Camren Neck,3693446366,02112026113620567,Success,
14007,Office,3989 Kattie Row,7974294388,02112026113620567,Success,
1667,Office,29585 Warren Close,6353612646,02112026113620567,Success,
14007,Office,492 Glenna Neck,6039817580,02112026113620567,Success,
1667,Office,3373 Rupert Rapids,3966247844,02112026113620567,Success,
14007,Office,6118 Gordon Street,7575094221,02112026113620567,Success,
1667,Office,5322 Bernhard Greens,5631562401,02112026113620567,Success,
14007,Office,24286 E Washington Street,3116452319,02112026113620567,Success,
1667,Office,7977 Larissa Plain,5974774456,02112026113620567,Success,
14007,Office,466 Graham Ports,2762005928,02112026113620567,Success,
1667,Office,4516 Streich Route,9905695327,02112026113620567,Success,
14007,Office,9134 Savanah Stravenue,7509754552,02112026113620567,Success,
1667,Office,83452 S 7th Street,5598521315,02112026113620567,Success,
14007,Office,23124 Birch Close,9514302293,02112026113620567,Success,
1667,Office,601 Greenfelder Ridges,6985978028,02112026113620567,Success,
14007,Office,7012 Gordon Street,2010874876,02112026113620567,Success,
1667,Office,7561 Morris Corner,9090672824,02112026113620567,Success,
14007,Office,223 E 6th Avenue,7328272773,02112026113620567,Success,
1667,Office,62216 Odessa Cliff,9359748348,02112026113620567,Success,
14007,Office,456 Velma Spring,3958367489,02112026113620567,Success,
1667,Office,50458 Travis Lake,6496497090,02112026113620567,Success,
14007,Office,5039 Washington Street,2307755505,02112026113620567,Success,
1667,Office,94759 Ericka Brooks,8396926118,02112026113620567,Success,
14007,Office,825 Bauch Brooks,2363263012,02112026113620567,Success,
1667,Office,23612 W Broadway Street,8148655357,02112026113620567,Success,
14007,Office,6400 Chapel Street,4738570835,02112026113620567,Success,
1667,Office,116 Hahn Ferry,9020714834,02112026113620567,Success,
14007,Office,276 Durgan Knoll,3491447358,02112026113620567,Success,
1667,Office,778 Morissette Burgs,2388511655,02112026113620567,Success,
14007,Office,534 Camylle Plaza,7369391163,02112026113620567,Success,
1667,Office,930 W 3rd Street,5873267039,02112026113620567,Success,
14007,Office,29976 O'Hara Underpass,8618681919,02112026113620567,Success,
1667,Office,240 The Copse,1963669505,02112026113620567,Success,
14007,Office,510 N 9th Street,5388249563,02112026113620567,Success,
1667,Office,79584 E Pine Street,1069307008,02112026113620567,Success,
14007,Office,424 Schoen Burg,9615102463,02112026113620567,Success,
1667,Office,7824 Alycia Mill,7042068832,02112026113620567,Success,
14007,Office,6239 Shields Ville,2869096411,02112026113620567,Success,
1667,Office,39970 Bernard Crossing,1867959877,02112026113620567,Success,
14007,Office,646 Fabian Hollow,8840324512,02112026113620567,Success,
1667,Office,183 Davis Terrace,4463516507,02112026113620567,Success,
14007,Office,497 Walker Crossing,4547546580,02112026113620567,Success,
1667,Office,49466 Madilyn Ferry,3903252346,02112026113620567,Success,
14007,Office,3126 Reichel Highway,3390986671,02112026113620567,Success,
1667,Office,264 Reichert Bridge,6864272252,02112026113620567,Success,
14007,Office,69724 Parker Street,1952797929,02112026113620567,Success,
1667,Office,845 Lessie Centers,7853717647,02112026113620567,Success,
14007,Office,7613 Northfield Road,5625039323,02112026113620567,Success,
1667,Office,4881 Lake Drive,1105846307,02112026113620567,Success,
14007,Office,11886 Bridie Keys,8416097789,02112026113620567,Success,
1667,Office,5423 Nienow Rest,2334446252,02112026113620567,Success,
14007,Office,6803 Low Road,9054158836,02112026113620567,Success,
1667,Office,40844 Swaniawski Flats,5683373927,02112026113620567,Success,
14007,Office,6835 Leannon Fort,5479092435,02112026113620567,Success,
1667,Office,758 Moor Lane,3226289822,02112026113620567,Success,
14007,Office,21242 2nd Avenue,7681967723,02112026113620567,Success,
1667,Office,675 Stokes Garden,6795644805,02112026113620567,Success,
14007,Office,335 Watery Lane,9392199142,02112026113620567,Success,
1667,Office,5841 Baumbach Orchard,3452119485,02112026113620567,Success,
14007,Office,180 Will Spring,4943798043,02112026113620567,Success,
1667,Office,166 Chyna Burg,7213279289,02112026113620567,Success,
14007,Office,20636 Emely Rest,8525804932,02112026113620567,Success,
1667,Office,34917 Nathan Spring,2254242185,02112026113620567,Success,
14007,Office,9664 Miller Orchard,3876884701,02112026113620567,Success,
1667,Office,41413 Martin Luther King Boulevard,5037394790,02112026113620567,Success,
14007,Office,2670 Feil Greens,4151867346,02112026113620567,Success,
1667,Office,4275 Valentina Lane,2033558791,02112026113620567,Success,
14007,Office,43774 Forrest Highway,2611868921,02112026113620567,Success,
1667,Office,9344 Cross Lane,5733207612,02112026113620567,Success,
14007,Office,6418 The Limes,7334501505,02112026113620567,Success,
1667,Office,6618 Manor Close,6760436661,02112026113620567,Success,
14007,Office,873 Jessika Light,5094853042,02112026113620567,Success,
1667,Office,4403 Fisher Loaf,8023391103,02112026113620567,Success,
14007,Office,749 Cow Lane,4005363371,02112026113620567,Success,
1667,Office,271 Back Lane,1364346836,02112026113620567,Success,
14007,Office,665 Kristy Shore,1857452206,02112026113620567,Success,
1667,Office,4842 Sam Valley,6989819267,02112026113620567,Success,
14007,Office,26479 Larson Forge,9197080352,02112026113620567,Success,
1667,Office,392 Pauline Points,3344387108,02112026113620567,Success,
14007,Office,9830 Bath Street,3738795797,02112026113620567,Success,
1667,Office,6073 Grange Road,5091352054,02112026113620567,Success,
14007,Office,63356 Hillside,2409065131,02112026113620567,Success,
1667,Office,255 Birch Grove,3318449583,02112026113620567,Success,
14007,Office,7447 Stanton Pines,1297264664,02112026113620567,Success,
1667,Office,85035 River Islands,5741927700,02112026113620567,Success,
14007,Office,2775 Henderson Field,7348089942,02112026113620567,Success,
1667,Office,74224 Adelle Shore,2752510528,02112026113620567,Success,
14007,Office,3497 Clifton Underpass,3268809743,02112026113620567,Success,
1667,Office,4469 Kelton Plain,1683125769,02112026113620567,Success,
14007,Office,61286 Rossie Course,1710919723,02112026113620567,Success,
1667,Office,1793 Bode Pine,1488858045,02112026113620567,Success,
14007,Office,5560 Edwardo Lane,9106456482,02112026113620567,Success,
1667,Office,81974 Vernice Skyway,5959860639,02112026113620567,Success,
14007,Office,73985 Skiles Curve,5298328441,02112026113620567,Success,
1667,Office,1609 Brown Cove,6240398300,02112026113620567,Success,
14007,Office,93148 West Street,8551046844,02112026113620567,Success,
1667,Office,466 Dicki Ways,8233907242,02112026113620567,Success,
14007,Office,411 Glebe Close,1432439860,02112026113620567,Success,
1667,Office,6160 Grove Street,1075691055,02112026113620567,Success,
14007,Office,957 N 2nd Street,8297838120,02112026113620567,Success,
1667,Office,303 Watery Lane,4084590669,02112026113620567,Success,
14007,Office,53144 1st Street,1928497941,02112026113620567,Success,
1667,Office,132 Kub Greens,4652210183,02112026113620567,Success,
14007,Office,71348 Monroe Street,9514834676,02112026113620567,Success,
1667,Office,256 Dooley Landing,1776379316,02112026113620567,Success,
14007,Office,308 N Front Street,2915951428,02112026113620567,Success,
1667,Office,784 Mayer Forge,2586167373,02112026113620567,Success,
14007,Office,172 Esperanza Ford,7644703259,02112026113620567,Success,
1667,Office,8143 Buckingham Road,4967276496,02112026113620567,Success,
14007,Office,817 Conor Cliff,9370554974,02112026113620567,Success,
1667,Office,890 Berge Crest,6115956671,02112026113620567,Success,
14007,Office,19263 Hahn Ridge,9964930670,02112026113620567,Success,
1667,Office,22690 Warren Road,7315231290,02112026113620567,Success,
14007,Office,914 N Jackson Street,5158523967,02112026113620567,Success,
1667,Office,6277 Bailey Wall,4847920116,02112026113620567,Success,
14007,Office,96499 Augustus Place,1391849627,02112026113620567,Success,
1667,Office,2462 Ena Haven,9369778522,02112026113620567,Success,
14007,Office,935 McDermott Lodge,3972311724,02112026113620567,Success,
1667,Office,24081 Drew Extensions,6115410890,02112026113620567,Success,
14007,Office,3274 Armstrong Place,4002356637,02112026113620567,Success,
1667,Office,379 Union Avenue,4132792067,02112026113620567,Success,
14007,Office,5562 Balistreri Oval,5405928443,02112026113620567,Success,
1667,Office,286 W Pine Street,6185462365,02112026113620567,Success,
14007,Office,7200 Brycen Bypass,7021593314,02112026113620567,Success,
1667,Office,3575 Lue Corner,2855167285,02112026113620567,Success,
14007,Office,768 Pouros Fall,3782427075,02112026113620567,Success,
1667,Office,349 Jordy Avenue,8586014281,02112026113620567,Success,
14007,Office,8228 Upton Forge,2634329839,02112026113620567,Success,
1667,Office,6167 Ciara Union,4755666981,02112026113620567,Success,
14007,Office,654 Schiller Shore,5997726741,02112026113620567,Success,
1667,Office,2087 Bradtke Rue,1965356404,02112026113620567,Success,
14007,Office,16366 Rosemary Unions,3159817543,02112026113620567,Success,
1667,Office,246 Durgan Garden,9628400862,02112026113620567,Success,
14007,Office,662 Martin Luther King Jr Boulevard,6860447255,02112026113620567,Success,
1667,Office,902 Kathlyn Fort,2536236247,02112026113620567,Success,
14007,Office,3902 Broad Lane,8900401989,02112026113620567,Success,
1667,Office,4538 Vine Street,9167965881,02112026113620567,Success,
14007,Office,325 Ashly Causeway,3946883274,02112026113620567,Success,
1667,Office,52957 Catharine Mill,2274166527,02112026113620567,Success,
14007,Office,7025 Reid Via,6042667547,02112026113620567,Success,
1667,Office,550 Delmer Court,5158351714,02112026113620567,Success,
14007,Office,42212 Mya Rest,9785767749,02112026113620567,Success,
1667,Office,870 Cumberland Street,9036879004,02112026113620567,Success,
14007,Office,585 Pine Street,1311086508,02112026113620567,Success,
1667,Office,8499 Heller Crossing,8783989738,02112026113620567,Success,
14007,Office,81816 S Union Street,9396668006,02112026113620567,Success,
1667,Office,640 Nat Brooks,2721559005,02112026113620567,Success,
14007,Office,220 Union Street,9703806293,02112026113620567,Success,
1667,Office,840 Cambridge Street,8331874552,02112026113620567,Success,
14007,Office,5436 Walnut Close,9915293725,02112026113620567,Success,
1667,Office,8626 Abshire Creek,7654481625,02112026113620567,Success,
14007,Office,167 Ricky Overpass,6171766805,02112026113620567,Success,
1667,Office,3877 Windmill Lane,2755420126,02112026113620567,Success,
14007,Office,1778 Alexandra Road,7608731619,02112026113620567,Success,
1667,Office,37856 Sid Center,8739483113,02112026113620567,Success,
14007,Office,85274 N Elm Street,9769366545,02112026113620567,Success,
1667,Office,872 W Monroe Street,4766840507,02112026113620567,Success,
14007,Office,98506 Carmella Place,3661042735,02112026113620567,Success,
1667,Office,24026 Kattie Avenue,5226343184,02112026113620567,Success,
14007,Office,88014 Alfred Street,5003381126,02112026113620567,Success,
1667,Office,69924 Tremblay Gateway,4798888438,02112026113620567,Success,
14007,Office,63142 Bergnaum Knolls,4952634427,02112026113620567,Success,
1667,Office,55046 Beech Grove,5888313261,02112026113620567,Success,
14007,Office,8644 Washington Avenue,7109226703,02112026113620567,Success,
1667,Office,29360 Green Shoal,9366515676,02112026113620567,Success,
14007,Office,51568 N 6th Street,4834058907,02112026113620567,Success,
1667,Office,955 W 7th Street,3664757476,02112026113620567,Success,
14007,Office,5422 Vivian Plaza,3385025897,02112026113620567,Success,
1667,Office,4008 Hagenes Ferry,3811155670,02112026113620567,Success,
14007,Office,98958 The Maltings,2724672308,02112026113620567,Success,
1667,Office,268 James Street,6643960012,02112026113620567,Success,
14007,Office,10024 Deckow Cape,4205061049,02112026113620567,Success,
1667,Office,3328 Abraham Land,6856829084,02112026113620567,Success,
14007,Office,9916 Hardy Heights,9435394967,02112026113620567,Success,
1667,Office,947 Andrew Divide,9858845028,02112026113620567,Success,
14007,Office,65569 Monahan Drive,8062122530,02112026113620567,Success,
1667,Office,9720 Ashton Harbor,3450276204,02112026113620567,Success,
14007,Office,35576 Clay Lane,4117834614,02112026113620567,Success,
1667,Office,27100 Antwan Estates,6507677880,02112026113620567,Success,
14007,Office,87630 N 4th Street,9197971405,02112026113620567,Success,
1667,Office,313 Stanton Plains,8522427595,02112026113620567,Success,
14007,Office,8877 Long Lane,3228455446,02112026113620567,Success,
1667,Office,26337 Idell Crossroad,4846615532,02112026113620567,Success,
14007,Office,79369 Lubowitz Islands,7743141664,02112026113620567,Success,
1667,Office,62392 Parker Forest,4655947911,02112026113620567,Success,
14007,Office,12758 College Avenue,1591278401,02112026113620567,Success,
1667,Office,7687 Olson Villages,8436500392,02112026113620567,Success,
14007,Office,2339 Larkin Flat,7704128910,02112026113620567,Success,
1667,Office,556 Labadie Keys,8091690270,02112026113620567,Success,
14007,Office,915 Zack Extensions,2325814845,02112026113620567,Success,
1667,Office,5647 Zulauf Harbor,2249391564,02112026113620567,Success,
14007,Office,8974 Garth Camp,8692183556,02112026113620567,Success,
1667,Office,578 Shad Place,3142045633,02112026113620567,Success,
14007,Office,420 Victoria Place,1844399180,02112026113620567,Success,
1667,Office,4333 Coronation Avenue,2411830611,02112026113620567,Success,
14007,Office,491 Kertzmann Causeway,9526864603,02112026113620567,Success,
1667,Office,2624 Stefan Courts,6137421282,02112026113620567,Success,
14007,Office,688 E Elm Street,7606211049,02112026113620567,Success,
1667,Office,58565 Stehr Loop,7186708350,02112026113620567,Success,
14007,Office,205 Mateo Motorway,4288932335,02112026113620567,Success,
1667,Office,5530 Stark Glen,1140764961,02112026113620567,Success,
14007,Office,483 Schiller Light,2061414315,02112026113620567,Success,
1667,Office,302 Grimes Avenue,2121927697,02112026113620567,Success,
14007,Office,25375 Velma Shore,1495709258,02112026113620567,Success,
1667,Office,42642 Annalise Flat,7586767332,02112026113620567,Success,
14007,Office,15314 N 9th Street,3345776361,02112026113620567,Success,
1667,Office,58098 Elisabeth Extension,8843641915,02112026113620567,Success,
14007,Office,184 W Broadway Street,9783043121,02112026113620567,Success,
1667,Office,7411 North Avenue,4155684388,02112026113620567,Success,
14007,Office,6313 Laney Forks,1558892550,02112026113620567,Success,
1667,Office,97629 Greenway,5669355575,02112026113620567,Success,
14007,Office,8195 Heller Burg,7357727973,02112026113620567,Success,
1667,Office,65251 Bath Road,6602481578,02112026113620567,Success,
14007,Office,8585 Grayce Keys,4414840219,02112026113620567,Success,
1667,Office,45787 Woodland Road,5935367316,02112026113620567,Success,
14007,Office,54731 Orchard Road,4607183472,02112026113620567,Success,
1667,Office,12499 Stanton Extension,2876055279,02112026113620567,Success,
14007,Office,5075 Harvey Canyon,4675992246,02112026113620567,Success,
1667,Office,386 Smitham Canyon,9195501033,02112026113620567,Success,
14007,Office,582 Highfield Close,8725168548,02112026113620567,Success,
1667,Office,4742 Bailey Crossing,4114609974,02112026113620567,Success,
14007,Office,645 Dianna Orchard,1416161696,02112026113620567,Success,
1667,Office,84560 Stanton Orchard,8077545592,02112026113620567,Success,
14007,Office,82378 Ullrich Throughway,8443377362,02112026113620567,Success,
1667,Office,48382 Derwent Close,4479922738,02112026113620567,Success,
14007,Office,62658 Jast Roads,3808703802,02112026113620567,Success,
1667,Office,834 Strosin Circle,1267086268,02112026113620567,Success,
14007,Office,983 Gutkowski Walks,7459742312,02112026113620567,Success,
1667,Office,1388 The Ridings,9484923820,02112026113620567,Success,
14007,Office,23182 Rudolph Greens,8660506163,02112026113620567,Success,
1667,Office,220 Columbia Avenue,1304474188,02112026113620567,Success,
14007,Office,189 Graham Pass,2619167379,02112026113620567,Success,
1667,Office,2483 Streich Motorway,1095932944,02112026113620567,Success,
14007,Office,81645 Jacquelyn Alley,1973336891,02112026113620567,Success,
1667,Office,837 Wellington Street,7136851879,02112026113620567,Success,
14007,Office,13386 Cartwright Crossing,9844649771,02112026113620567,Success,
1667,Office,6406 E Grand Avenue,5147096601,02112026113620567,Success,
14007,Office,2024 Albertha Pike,4511971130,02112026113620567,Success,
1667,Office,910 Devin Forks,5923396788,02112026113620567,Success,
14007,Office,53512 Hoeger Courts,4138517970,02112026113620567,Success,
1667,Office,7686 Ambrose Lock,2088386908,02112026113620567,Success,
14007,Office,151 Main Road,4189861676,02112026113620567,Success,
1667,Office,5400 Renner Key,6587765267,02112026113620567,Success,
14007,Office,25313 Manor Gardens,7587808612,02112026113620567,Success,
1667,Office,46622 Cliff Road,8555326091,02112026113620567,Success,
14007,Office,6577 Kilback Extension,4058949465,02112026113620567,Success,
1667,Office,981 Kuphal Circle,6921887857,02112026113620567,Success,
14007,Office,8455 Alfred Street,8009373490,02112026113620567,Success,
1667,Office,24248 Highfield Avenue,2139555910,02112026113620567,Success,
14007,Office,72701 Windsor Avenue,8833432550,02112026113620567,Success,
1667,Office,5574 Okuneva Rue,6035657373,02112026113620567,Success,
14007,Office,634 Daphney Rest,7688829734,02112026113620567,Success,
1667,Office,149 Davis Park,8427163265,02112026113620567,Success,
14007,Office,13671 Kohler Cliffs,9407636804,02112026113620567,Success,
1667,Office,3048 E Broadway Street,3410638539,02112026113620567,Success,
14007,Office,59168 Bednar Manors,8993340414,02112026113620567,Success,
1667,Office,638 Rebekah Circles,1136532164,02112026113620567,Success,
14007,Office,31929 S 3rd Street,3434491416,02112026113620567,Success,
1667,Office,5985 Eriberto Haven,8950831043,02112026113620567,Success,
14007,Office,142 Jefferson Avenue,3643472209,02112026113620567,Success,
1667,Office,5319 Pagac Alley,3857842032,02112026113620567,Success,
14007,Office,785 Addie Burgs,3024664698,02112026113620567,Success,
1667,Office,22925 Janelle Brooks,8312569227,02112026113620567,Success,
14007,Office,3153 W 6th Street,1235604265,02112026113620567,Success,
1667,Office,158 Lura Highway,6466797207,02112026113620567,Success,
14007,Office,8970 Nelson Street,7282016625,02112026113620567,Success,
1667,Office,86483 S Broadway,6282531252,02112026113620567,Success,
14007,Office,269 Hayden Alley,9374422317,02112026113620567,Success,
1667,Office,7003 Jakubowski Streets,9706567125,02112026113620567,Success,
14007,Office,7590 The Oval,6013445342,02112026113620567,Success,
1667,Office,6582 Jaskolski Route,2996372456,02112026113620567,Success,
14007,Office,960 Walnut Street,7354242832,02112026113620567,Success,
1667,Office,4714 12th Street,9824418695,02112026113620567,Success,
14007,Office,30773 Field Lane,2276018500,02112026113620567,Success,
1667,Office,989 Simonis Junction,6288917624,02112026113620567,Success,
14007,Office,908 Donnie Highway,6860593818,02112026113620567,Success,
1667,Office,521 Odessa Stravenue,2819642115,02112026113620567,Success,
14007,Office,127 Depot Street,5593709177,02112026113620567,Success,
1667,Office,9065 Josephine Green,2110131980,02112026113620567,Success,
14007,Office,116 Elm Grove,8390399862,02112026113620567,Success,
1667,Office,3091 E Washington Avenue,8674645943,02112026113620567,Success,
14007,Office,50442 Church Lane,3006402199,02112026113620567,Success,
1667,Office,9213 Rene Cove,5395039181,02112026113620567,Success,
14007,Office,6080 Poplar Road,3681059814,02112026113620567,Success,
1667,Office,8016 Richie Way,4809573074,02112026113620567,Success,
14007,Office,7092 Idell Spurs,8364739040,02112026113620567,Success,
1667,Office,5537 Norval Circle,9048980196,02112026113620567,Success,
14007,Office,9308 S Washington Street,2689137715,02112026113620567,Success,
1667,Office,897 Hintz Cape,3272685713,02112026113620567,Success,
14007,Office,9790 Oak Street,1901179668,02112026113620567,Success,
1667,Office,721 Rylee Trail,6934309204,02112026113620567,Success,
14007,Office,52768 Second Avenue,4390149436,02112026113620567,Success,
1667,Office,9605 E Main Street,7579550102,02112026113620567,Success,
14007,Office,885 Kemmer Ford,9314696469,02112026113620567,Success,
1667,Office,29242 Hudson Lakes,3560741305,02112026113620567,Success,
14007,Office,97230 Gislason Ways,9519210259,02112026113620567,Success,
1667,Office,808 Briana Knoll,9016609363,02112026113620567,Success,
14007,Office,8991 Duke Street,4545874237,02112026113620567,Success,
1667,Office,315 Edward Street,6573993458,02112026113620567,Success,
14007,Office,3062 Springfield Close,6794956869,02112026113620567,Success,
1667,Office,785 Kutch Way,8170705539,02112026113620567,Success,
14007,Office,321 Lawrence Street,2944587440,02112026113620567,Success,
1667,Office,81052 Walsh Hill,7026920049,02112026113620567,Success,
14007,Office,491 Holly Close,6153227152,02112026113620567,Success,
1667,Office,4063 Court Street,7880356954,02112026113620567,Success,
14007,Office,657 Jayce Forge,6275320871,02112026113620567,Success,
1667,Office,47307 Breanna Meadows,8384254861,02112026113620567,Success,
14007,Office,8949 Dark Lane,6149299554,02112026113620567,Success,
1667,Office,506 Ward Curve,4578754431,02112026113620567,Success,
14007,Office,5456 Borer Trafficway,2977314911,02112026113620567,Success,
1667,Office,63988 E Church Street,7113198850,02112026113620567,Success,
14007,Office,2054 Ramona Lakes,2906574226,02112026113620567,Success,
1667,Office,221 New Street,7323959876,02112026113620567,Success,
14007,Office,702 Cedar Street,5907288627,02112026113620567,Success,
1667,Office,248 W River Road,8954992331,02112026113620567,Success,
14007,Office,4847 Orchard Drive,8824967999,02112026113620567,Success,
1667,Office,3893 Koepp Centers,9648727885,02112026113620567,Success,
14007,Office,5674 Lonnie Road,9719661113,02112026113620567,Success,
1667,Office,19168 Lessie Ferry,9652716106,02112026113620567,Success,
14007,Office,59693 Macejkovic Expressway,8871971002,02112026113620567,Success,
1667,Office,3401 Ferry Union,9042513500,02112026113620567,Success,
14007,Office,10273 Union Avenue,3098222547,02112026113620567,Success,
1667,Office,843 Kiley Ways,9739720495,02112026113620567,Success,
14007,Office,783 Neil Well,7682043825,02112026113620567,Success,
1667,Office,703 The Sidings,9508866221,02112026113620567,Success,
14007,Office,40796 State Road,5776398067,02112026113620567,Success,
1667,Office,2815 Heaney Causeway,5455123111,02112026113620567,Success,
14007,Office,54551 Kihn Road,9117001957,02112026113620567,Success,
1667,Office,84404 Morar Radial,6522206092,02112026113620567,Success,
14007,Office,4477 Electa Coves,9114026724,02112026113620567,Success,
1667,Office,9617 Chapel Hill,8925343476,02112026113620567,Success,
14007,Office,6851 E 12th Street,4092601329,02112026113620567,Success,
1667,Office,534 S Broadway Street,1103321710,02112026113620567,Success,
14007,Office,944 Steuber Shores,4592747378,02112026113620567,Success,
1667,Office,5385 N Jackson Street,5496452602,02112026113620567,Success,
14007,Office,1369 Western Avenue,8118278324,02112026113620567,Success,
1667,Office,509 Kirlin Manor,8488079912,02112026113620567,Success,
14007,Office,525 W 2nd Street,4850550107,02112026113620567,Success,
1667,Office,28441 Hilpert Court,2006156403,02112026113620567,Success,
14007,Office,9225 Pete Ridge,7989594643,02112026113620567,Success,
1667,Office,29010 Stracke Isle,2700834823,02112026113620567,Success,
14007,Office,958 Alysha Road,8979935743,02112026113620567,Success,
1667,Office,83534 Hilda Greens,4423416226,02112026113620567,Success,
14007,Office,629 Clarence Street,5209540975,02112026113620567,Success,
1667,Office,100 E Central Avenue,2427633572,02112026113620567,Success,
14007,Office,8005 S Main Street,5507930841,02112026113620567,Success,
1667,Office,14749 Watson Field,6419717108,02112026113620567,Success,
14007,Office,7707 Reid Park,6609111223,02112026113620567,Success,
1667,Office,854 Chelsie Courts,6447252209,02112026113620567,Success,
14007,Office,546 Adams Centers,2025951634,02112026113620567,Success,
1667,Office,91591 Kunde Keys,9018282824,02112026113620567,Success,
14007,Office,3109 Rosalyn Route,8309078415,02112026113620567,Success,
1667,Office,8265 King Field,8293661499,02112026113620567,Success,
14007,Office,38379 Violette Cliff,2484988675,02112026113620567,Success,
1667,Office,879 Market Place,4130256244,02112026113620567,Success,
14007,Office,5244 Kiehn Trace,9184774437,02112026113620567,Success,
1667,Office,89836 Luna Creek,1979552162,02112026113620567,Success,
14007,Office,13912 Hodkiewicz Ville,1117665537,02112026113620567,Success,
1667,Office,63096 Turner Extensions,2757492319,02112026113620567,Success,
14007,Office,202 Ena Crossing,4046162885,02112026113620567,Success,
1667,Office,2529 Lina Wall,6680634833,02112026113620567,Success,
14007,Office,7298 East Road,4674762982,02112026113620567,Success,
1667,Office,45208 S State Street,8207220201,02112026113620567,Success,
14007,Office,178 Belmont Road,7328062253,02112026113620567,Success,
1667,Office,2065 South Street,1831282201,02112026113620567,Success,
14007,Office,68054 Shanahan Underpass,9614312936,02112026113620567,Success,
1667,Office,787 Kerluke Parks,3714012733,02112026113620567,Success,
14007,Office,6785 Waters Trail,3519842756,02112026113620567,Success,
1667,Office,4012 Oran Forest,5404584891,02112026113620567,Success,
14007,Office,205 Derwent Close,4021173001,02112026113620567,Success,
1667,Office,2287 Ward Inlet,4511156431,02112026113620567,Success,
14007,Office,18689 Mae Bridge,2301848035,02112026113620567,Success,
1667,Office,44455 Springfield Close,1289231009,02112026113620567,Success,
14007,Office,2965 Howard Street,7449533772,02112026113620567,Success,
1667,Office,60737 Frederik Land,1019054040,02112026113620567,Success,
14007,Office,51100 Demetris Underpass,3076132532,02112026113620567,Success,
1667,Office,8823 Mante Grove,3724754595,02112026113620567,Success,
14007,Office,4608 Mireya Cliffs,6620357744,02112026113620567,Success,
1667,Office,64902 Bath Road,5786618293,02112026113620567,Success,
14007,Office,833 Schowalter Trafficway,6783539815,02112026113620567,Success,
1667,Office,413 Hoppe Summit,4028884031,02112026113620567,Success,
14007,Office,47295 Rhiannon Mountains,1072390213,02112026113620567,Success,
1667,Office,902 Tobin Locks,6146324953,02112026113620567,Success,
14007,Office,14969 N Main,9771931813,02112026113620567,Success,
1667,Office,99335 Green Roads,5167109489,02112026113620567,Success,
14007,Office,5375 Raul Drives,2405066364,02112026113620567,Success,
1667,Office,506 Warren Close,5981236823,02112026113620567,Success,
14007,Office,23649 Rutherford Skyway,6673598765,02112026113620567,Success,
1667,Office,12888 West Springs,2896551558,02112026113620567,Success,
14007,Office,22893 Viola Via,4704550848,02112026113620567,Success,
1667,Office,49375 Sporer Mount,4737665199,02112026113620567,Success,
14007,Office,726 Reese Rapids,4205954477,02112026113620567,Success,
1667,Office,399 Kshlerin Parkways,7459080431,02112026113620567,Success,
14007,Office,582 Fabian Mall,9085718547,02112026113620567,Success,
1667,Office,31292 Bert Center,4671122234,02112026113620567,Success,
14007,Office,420 Hank Passage,9028795003,02112026113620567,Success,
1667,Office,825 Shanahan Club,3877604595,02112026113620567,Success,
14007,Office,456 Maegan Roads,4983368323,02112026113620567,Success,
1667,Office,4170 Felipa Roads,9514366664,02112026113620567,Success,
14007,Office,642 Ward Brooks,4246686111,02112026113620567,Success,
1667,Office,87473 River Street,8623513635,02112026113620567,Success,
14007,Office,5625 W Bridge Street,5155560816,02112026113620567,Success,
1667,Office,268 Chelsey Mills,3667888115,02112026113620567,Success,
14007,Office,218 Kertzmann Glens,9500995474,02112026113620567,Success,
1667,Office,4337 Oma Center,1416119996,02112026113620567,Success,
14007,Office,787 Jocelyn Heights,4309809980,02112026113620567,Success,
1667,Office,774 Reva Loaf,8536329942,02112026113620567,Success,
14007,Office,559 Beier Canyon,3511661506,02112026113620567,Success,
1667,Office,6325 Dietrich Mews,9614229919,02112026113620567,Success,
14007,Office,5982 Gust Curve,9699885096,02112026113620567,Success,
1667,Office,394 Schamberger Corners,5269830588,02112026113620567,Success,
14007,Office,48410 Lavada Drive,5371161559,02112026113620567,Success,
1667,Office,2885 Cullen Circle,7403338798,02112026113620567,Success,
14007,Office,37830 Daniel Avenue,9095940635,02112026113620567,Success,
1667,Office,933 Main Street N,3730321045,02112026113620567,Success,
14007,Office,8794 Lindgren Square,8799572071,02112026113620567,Success,
1667,Office,535 Oak Lane,8118780191,02112026113620567,Success,
14007,Office,67327 King Freeway,4049296827,02112026113620567,Success,
1667,Office,893 Castle Close,9904330326,02112026113620567,Success,
14007,Office,123 Eda Extension,5247137684,02112026113620567,Success,
1667,Office,92396 Highland Avenue,7864521400,02112026113620567,Success,
14007,Office,84634 Romaguera Roads,7452198092,02112026113620567,Success,
1667,Office,7852 Marielle Lake,5547732975,02112026113620567,Success,
14007,Office,714 Rosenbaum Crossing,4405291730,02112026113620567,Success,
1667,Office,5132 Darrick Way,4645271560,02112026113620567,Success,
14007,Office,95472 Hettinger Stravenue,3343070129,02112026113620567,Success,
1667,Office,38297 Tillman Plain,9333774568,02112026113620567,Success,
14007,Office,96464 S Main,9815313566,02112026113620567,Success,
1667,Office,458 Riverside,4061385557,02112026113620567,Success,
14007,Office,303 Heaney Manor,5798081970,02112026113620567,Success,
1667,Office,8152 W Grand Avenue,3511571038,02112026113620567,Success,
14007,Office,7786 The Square,6585978876,02112026113620567,Success,
1667,Office,4619 Nikolaus Road,1798791910,02112026113620567,Success,
14007,Office,1821 Towne Drives,9148137498,02112026113620567,Success,
1667,Office,557 Long Lane,5018369452,02112026113620567,Success,
14007,Office,898 Windsor Avenue,6378603133,02112026113620567,Success,
1667,Office,218 Miracle View,1466328231,02112026113620567,Success,
14007,Office,266 Princess Glens,2790940083,02112026113620567,Success,
1667,Office,97177 Grange Road,2460356116,02112026113620567,Success,
14007,Office,541 Tomasa Field,9737689079,02112026113620567,Success,
1667,Office,858 Bridge Road,1598672887,02112026113620567,Success,
14007,Office,3156 Railway Street,3606806419,02112026113620567,Success,
1667,Office,4586 N Central Avenue,7226610864,02112026113620567,Success,
14007,Office,95325 E Market Street,2576627065,02112026113620567,Success,
1667,Office,3011 Satterfield Drives,9273354742,02112026113620567,Success,
14007,Office,68949 Hegmann Throughway,3393507635,02112026113620567,Success,
1667,Office,32390 Lodge Close,2550609247,02112026113620567,Success,
14007,Office,689 Shayne Crossroad,1057142538,02112026113620567,Success,
1667,Office,11901 Peyton Coves,5960019022,02112026113620567,Success,
14007,Office,3170 Jubilee Close,3086863820,02112026113620567,Success,
1667,Office,46019 Ziemann Cape,4432518961,02112026113620567,Success,
14007,Office,1366 Carter Inlet,9288223414,02112026113620567,Success,
1667,Office,46882 Mayfield Road,3751695046,02112026113620567,Success,
14007,Office,3960 Moor Lane,1146684247,02112026113620567,Success,
1667,Office,980 Ashton Heights,7608994677,02112026113620567,Success,
14007,Office,785 Ash Grove,9060894833,02112026113620567,Success,
1667,Office,752 W River Road,5914567667,02112026113620567,Success,
14007,Office,809 Schulist Mall,7174348706,02112026113620567,Success,
1667,Office,3373 Stark Alley,5532375486,02112026113620567,Success,
14007,Office,9514 Yundt Field,3588375227,02112026113620567,Success,
1667,Office,77846 Stanley Street,6421694661,02112026113620567,Success,
14007,Office,297 Witting Divide,4903682735,02112026113620567,Success,
1667,Office,4756 Lamont Inlet,7963728118,02112026113620567,Success,
14007,Office,8226 Ruthie Fort,5861744749,02112026113620567,Success,
1667,Office,781 Callie Harbors,6990103916,02112026113620567,Success,
14007,Office,25729 Auer Ports,2124814242,02112026113620567,Success,
1667,Office,9504 Chelsea Radial,5286566758,02112026113620567,Success,
14007,Office,6946 Lorenzo Ridges,1990514580,02112026113620567,Success,
1667,Office,135 Robyn Hollow,8222261964,02112026113620567,Success,
14007,Office,5193 Wilderman Rest,7837258725,02112026113620567,Success,
1667,Office,6877 Wilhelm Shoal,6289661253,02112026113620567,Success,
14007,Office,9117 O'Kon Flat,4878562110,02112026113620567,Success,
1667,Office,17257 Stroman Parkways,5415803206,02112026113620567,Success,
14007,Office,86931 Sporer Estate,4189277047,02112026113620567,Success,
1667,Office,4809 E Church Street,1955339587,02112026113620567,Success,
14007,Office,439 N Jefferson Street,1905170882,02112026113620567,Success,
1667,Office,2858 E South Street,3501588629,02112026113620567,Success,
14007,Office,846 Schuster Expressway,7747544910,02112026113620567,Success,
1667,Office,5097 Maryam Port,1430947444,02112026113620567,Success,
14007,Office,909 Ernie Loaf,3380857041,02112026113620567,Success,
1667,Office,379 George Street,5276115279,02112026113620567,Success,
14007,Office,105 N Jefferson Street,4595627789,02112026113620567,Success,
1667,Office,15510 Garret Radial,7871775880,02112026113620567,Success,
14007,Office,599 Bernier Way,7688594764,02112026113620567,Success,
1667,Office,70505 Ritchie Circles,2072334055,02112026113620567,Success,
14007,Office,6353 Swift Mills,5915144343,02112026113620567,Success,
1667,Office,590 Lehner Neck,3865449095,02112026113620567,Success,
14007,Office,383 Bashirian Rest,9928208081,02112026113620567,Success,
1667,Office,29722 Highfield Road,3080546663,02112026113620567,Success,
14007,Office,2916 E Maple Street,2244538838,02112026113620567,Success,
1667,Office,96910 Stoney Lane,8442526389,02112026113620567,Success,
14007,Office,539 Frami Grove,6165121192,02112026113620567,Success,
1667,Office,343 Rosina Manors,9586590359,02112026113620567,Success,
14007,Office,141 Brian Hills,7503724245,02112026113620567,Success,
1667,Office,24784 S Division Street,4830742416,02112026113620567,Success,
14007,Office,164 Earnestine Tunnel,7624975711,02112026113620567,Success,
1667,Office,67844 Zita Wells,1630865060,02112026113620567,Success,
14007,Office,48266 Wisoky Highway,8063812838,02112026113620567,Success,
1667,Office,889 Park Road,1084174012,02112026113620567,Success,
14007,Office,62276 8th Avenue,4115435530,02112026113620567,Success,
1667,Office,11116 Park Crescent,2593555885,02112026113620567,Success,
14007,Office,16113 St John's Road,9050404316,02112026113620567,Success,
1667,Office,37496 The Crescent,3232382203,02112026113620567,Success,
14007,Office,94214 Park View,7736299826,02112026113620567,Success,
1667,Office,317 W River Road,5220773290,02112026113620567,Success,
14007,Office,466 Kobe Garden,4040945565,02112026113620567,Success,
1667,Office,586 Barton Key,2946652285,02112026113620567,Success,
14007,Office,445 Duke Street,7488422709,02112026113620567,Success,
1667,Office,250 Nikolaus Harbors,3456048856,02112026113620567,Success,
14007,Office,152 Langworth Streets,9833188004,02112026113620567,Success,
1667,Office,1937 1st Street,4740610000,02112026113620567,Success,
14007,Office,5503 Rollin Cliff,9697043871,02112026113620567,Success,
1667,Office,2457 E 6th Street,3437540477,02112026113620567,Success,
14007,Office,149 Abelardo Prairie,2734206225,02112026113620567,Success,
1667,Office,144 Baumbach Parkway,1222794265,02112026113620567,Success,
14007,Office,74913 Koch Curve,5558348588,02112026113620567,Success,
1667,Office,84993 The Causeway,1755673396,02112026113620567,Success,
14007,Office,35455 Highfield Road,2017822759,02112026113620567,Success,
1667,Office,309 North Lane,4511625572,02112026113620567,Success,
14007,Office,229 Manor Road,9962471194,02112026113620567,Success,
1667,Office,31067 N 9th Street,6363468281,02112026113620567,Success,
14007,Office,95914 Bechtelar Prairie,3958974999,02112026113620567,Success,
1667,Office,951 Leffler Highway,5938114589,02112026113620567,Success,
14007,Office,33755 Natalie Freeway,2410635850,02112026113620567,Success,
1667,Office,3524 Dawson Freeway,1060593572,02112026113620567,Success,
14007,Office,673 Chester Road,1926780290,02112026113620567,Success,
1667,Office,47015 Brekke Courts,2607571997,02112026113620567,Success,
14007,Office,291 4th Avenue,7952506322,02112026113620567,Success,
1667,Office,159 Orchard Road,8141366231,02112026113620567,Success,
14007,Office,15016 Casey Ports,3150220410,02112026113620567,Success,
1667,Office,93632 Haley Walks,9010530822,02112026113620567,Success,
14007,Office,340 Zoie Heights,5399458554,02112026113620567,Success,
1667,Office,93544 Antonia Valleys,3687159591,02112026113620567,Success,
14007,Office,7070 Middle Street,3771138160,02112026113620567,Success,
1667,Office,64414 Stoltenberg Neck,8072093118,02112026113620567,Success,
14007,Office,272 Hills Crossroad,8185953369,02112026113620567,Success,
1667,Office,11288 McClure Club,8114619148,02112026113620567,Success,
14007,Office,40390 Cruz Highway,1315887916,02112026113620567,Success,
1667,Office,928 Hirthe Rue,4683849888,02112026113620567,Success,
14007,Office,71658 Elmo Crest,8108343253,02112026113620567,Success,
1667,Office,7310 Hessel Underpass,3557896277,02112026113620567,Success,
14007,Office,663 Rosalinda Row,5584891925,02112026113620567,Success,
1667,Office,394 Feeney Highway,8545687707,02112026113620567,Success,
14007,Office,8144 Price Spur,3801503397,02112026113620567,Success,
1667,Office,91456 York Street,5439392779,02112026113620567,Success,
14007,Office,7525 Noemy Shoals,5483786521,02112026113620567,Success,
1667,Office,319 Nannie Spur,4805718664,02112026113620567,Success,
14007,Office,60498 Grant Wells,8044855441,02112026113620567,Success,
1667,Office,20402 Alexandre Light,8264306439,02112026113620567,Success,
14007,Office,607 Tania Crescent,6008065048,02112026113620567,Success,
1667,Office,7024 Priscilla Light,8351849512,02112026113620567,Success,
14007,Office,2123 Casandra Spur,5281269295,02112026113620567,Success,
1667,Office,411 Ferry Greens,3723207090,02112026113620567,Success,
14007,Office,18126 Kaley Key,9293546387,02112026113620567,Success,
1667,Office,1640 Russell Street,9987554161,02112026113620567,Success,
14007,Office,38240 Vandervort View,5015373510,02112026113620567,Success,
1667,Office,83290 Celia Villages,9806980397,02112026113620567,Success,
14007,Office,631 Railroad Avenue,5601965304,02112026113620567,Success,
1667,Office,66394 4th Street,2606656356,02112026113620567,Success,
14007,Office,620 Lockman Parks,4837472518,02112026113620567,Success,
1667,Office,87428 W Broad Street,9690693965,02112026113620567,Success,
14007,Office,38870 Pink Trace,2086594966,02112026113620567,Success,
1667,Office,190 Jodie Forges,6370277572,02112026113620567,Success,
14007,Office,5869 Cheyanne Motorway,8205258810,02112026113620567,Success,
1667,Office,70248 Gisselle Curve,2811318452,02112026113620567,Success,
14007,Office,61856 Kamryn Parks,8136609547,02112026113620567,Success,
1667,Office,20404 South Road,2405918935,02112026113620567,Success,
14007,Office,68250 Ankunding Knolls,8364417870,02112026113620567,Success,
1667,Office,2292 Neha Corners,3688757201,02112026113620567,Success,
14007,Office,1349 Harvey Estates,5978571976,02112026113620567,Success,
1667,Office,138 Bruen Brook,3200607984,02112026113620567,Success,
14007,Office,99180 Caden Loop,9839367975,02112026113620567,Success,
1667,Office,29790 Hartmann Alley,7720077460,02112026113620567,Success,
14007,Office,9417 Ellen Rest,5240223745,02112026113620567,Success,
1667,Office,339 Cummerata Cliff,4816841378,02112026113620567,Success,
14007,Office,95193 Abshire Fork,9155903707,02112026113620567,Success,
1667,Office,103 S Bridge Street,4055118604,02112026113620567,Success,
14007,Office,677 Lyla Spur,8973868248,02112026113620567,Success,
1667,Office,129 Ruecker Drives,6525684632,02112026113620567,Success,
14007,Office,377 Hobart Passage,4902227201,02112026113620567,Success,
1667,Office,3872 Fadel Fort,2893555940,02112026113620567,Success,
14007,Office,98978 Kassulke Corner,6453404166,02112026113620567,Success,
1667,Office,723 Mount Street,5283801698,02112026113620567,Success,
14007,Office,7771 Wiegand Point,5234389759,02112026113620567,Success,
1667,Office,8377 Dooley Key,1328279544,02112026113620567,Success,
14007,Office,2242 Pansy Green,8283147450,02112026113620567,Success,
1667,Office,5166 Stiedemann Estate,1715916231,02112026113620567,Success,
14007,Office,988 Windsor Close,5334731887,02112026113620567,Success,
1667,Office,485 Wisozk Streets,6547790143,02112026113620567,Success,
14007,Office,234 Princes Street,3574597760,02112026113620567,Success,
1667,Office,64905 Bogan Port,4478583494,02112026113620567,Success,
14007,Office,2163 Ryann Glens,8984297331,02112026113620567,Success,
1667,Office,6283 Madilyn Islands,9492694870,02112026113620567,Success,
14007,Office,427 Winfield Manors,3988599221,02112026113620567,Success,
1667,Office,3027 Schneider Cliffs,5345966535,02112026113620567,Success,
14007,Office,100 Bridge Road,4085503971,02112026113620567,Success,
1667,Office,700 Anabel Roads,3615827685,02112026113620567,Success,
14007,Office,666 W State Street,2418072107,02112026113620567,Success,
1667,Office,561 Sedrick Gateway,6942948910,02112026113620567,Success,
14007,Office,979 Ziemann Cliffs,2456135658,02112026113620567,Success,
1667,Office,3465 Gulgowski Rapid,5940051810,02112026113620567,Success,
14007,Office,45006 Warren Close,2752999400,02112026113620567,Success,
1667,Office,933 Elise Knoll,4420731448,02112026113620567,Success,
14007,Office,2305 Manor Gardens,6071549495,02112026113620567,Success,
1667,Office,982 Layla Field,8331794520,02112026113620567,Success,
14007,Office,22851 Rectory Lane,8321020396,02112026113620567,Success,
1667,Office,7537 Kertzmann Stravenue,9311208386,02112026113620567,Success,
14007,Office,301 Christa Ramp,6992716313,02112026113620567,Success,
1667,Office,281 Myles Loop,9290727646,02112026113620567,Success,
14007,Office,431 Lauriane Key,9881384830,02112026113620567,Success,
1667,Office,21517 Ward Trail,7789066078,02112026113620567,Success,
14007,Office,65637 W 8th Street,7988780215,02112026113620567,Success,
1667,Office,3443 Parker Village,3503229373,02112026113620567,Success,
14007,Office,970 Georgiana Mill,9931180742,02112026113620567,Success,
1667,Office,99685 Birch Grove,3177905954,02112026113620567,Success,
14007,Office,16499 Church Path,9468896719,02112026113620567,Success,
1667,Office,89263 Cole Shoal,4008327325,02112026113620567,Success,
14007,Office,40099 Adrienne Garden,1719829681,02112026113620567,Success,
1667,Office,312 Castle Street,9992047035,02112026113620567,Success,
14007,Office,89289 Woodland Close,7885972260,02112026113620567,Success,
1667,Office,990 Maxime Wall,2605782615,02112026113620567,Success,
14007,Office,449 Julien Manor,6338916320,02112026113620567,Success,
1667,Office,254 W Broadway Street,6243427415,02112026113620567,Success,
14007,Office,40343 Elissa Common,8551850818,02112026113620567,Success,
1667,Office,4926 Effertz Walk,7607596954,02112026113620567,Success,
14007,Office,153 General Cove,4618608847,02112026113620567,Success,
1667,Office,763 Champlin Drives,1414343360,02112026113620567,Success,
14007,Office,1441 Tavares Flats,5700714778,02112026113620567,Success,
1667,Office,8808 Reichel Glen,3001112367,02112026113620567,Success,
14007,Office,8465 Gloucester Road,8944779379,02112026113620567,Success,
1667,Office,3152 Court Street,8177393186,02112026113620567,Success,
14007,Office,924 Glenda Lodge,7036491198,02112026113620567,Success,
1667,Office,46160 Dessie Ridge,2251628534,02112026113620567,Success,
14007,Office,985 Waterside,6160995729,02112026113620567,Success,
1667,Office,75238 Willa Curve,9591897131,02112026113620567,Success,
14007,Office,5452 Prospect Street,4857446073,02112026113620567,Success,
1667,Office,934 Hillside,4199252889,02112026113620567,Success,
14007,Office,23824 Ayana Brooks,8461077674,02112026113620567,Success,
1667,Office,3116 Riverside,7755730585,02112026113620567,Success,
14007,Office,4419 Cummerata Alley,2893079092,02112026113620567,Success,
1667,Office,417 Marcus Falls,9453065705,02112026113620567,Success,
14007,Office,115 Lebsack Branch,1633758711,02112026113620567,Success,
1667,Office,920 Rod Lodge,4841669508,02112026113620567,Success,
14007,Office,8207 W Union Street,3107066346,02112026113620567,Success,
1667,Office,964 Washington Boulevard,1268412813,02112026113620567,Success,
14007,Office,83348 Marcelina Ports,7061248699,02112026113620567,Success,
1667,Office,2899 Wisoky Underpass,9911416430,02112026113620567,Success,
14007,Office,33384 VonRueden Dale,4814438666,02112026113620567,Success,
1667,Office,3811 Ferry Route,5119702699,02112026113620567,Success,
14007,Office,994 Gus Forge,4729697292,02112026113620567,Success,
1667,Office,139 Cecilia Brook,4574124599,02112026113620567,Success,
14007,Office,65031 Madisyn Squares,2420154468,02112026113620567,Success,
1667,Office,195 Park View,6886023313,02112026113620567,Success,
14007,Office,8785 Jules Passage,9965843366,02112026113620567,Success,
1667,Office,481 Mafalda Shore,4168112603,02112026113620567,Success,
14007,Office,85922 W 7th Street,7736092593,02112026113620567,Success,
1667,Office,10604 Sebastian Locks,2082915291,02112026113620567,Success,
14007,Office,919 Sheridan Neck,1835194433,02112026113620567,Success,
1667,Office,1883 Yvette Park,5908518478,02112026113620567,Success,
14007,Office,93213 W Main Street,3834802844,02112026113620567,Success,
1667,Office,8291 Asa Street,8882073818,02112026113620567,Success,
14007,Office,1951 Cedar Road,2333958167,02112026113620567,Success,
1667,Office,750 Derwent Close,8493727882,02112026113620567,Success,
14007,Office,7969 Rhianna Harbors,5805857884,02112026113620567,Success,
1667,Office,2962 Antonietta Station,7392050989,02112026113620567,Success,
14007,Office,3470 First Avenue,5130981304,02112026113620567,Success,
1667,Office,992 South Drive,9883287237,02112026113620567,Success,
14007,Office,30072 Watery Lane,3727064666,02112026113620567,Success,
1667,Office,56498 Aufderhar Extensions,5171870242,02112026113620567,Success,
14007,Office,43946 Ziemann Wells,3568959544,02112026113620567,Success,
1667,Office,6829 Jeffrey Terrace,3592419467,02112026113620567,Success,
14007,Office,202 Newell Spur,9802485996,02112026113620567,Success,
1667,Office,289 Jamey Field,9028651607,02112026113620567,Success,
14007,Office,6599 Pearl Street,6830442301,02112026113620567,Success,
1667,Office,3625 Common Lane,1854665972,02112026113620567,Success,
14007,Office,259 Railroad Avenue,4434520749,02112026113620567,Success,
1667,Office,7251 Green Plains,6163881240,02112026113620567,Success,
14007,Office,35064 Cecile Green,9111586366,02112026113620567,Success,
1667,Office,722 Marvin Radial,2808786755,02112026113620567,Success,
14007,Office,66801 Kohler Motorway,9035126640,02112026113620567,Success,
1667,Office,3674 Hazel Close,4502089189,02112026113620567,Success,
14007,Office,8383 Pine Grove,5030671387,02112026113620567,Success,
1667,Office,72415 Cheyanne Locks,4382407386,02112026113620567,Success,
14007,Office,5357 W Washington Avenue,7757409065,02112026113620567,Success,
1667,Office,311 Commercial Road,7932190177,02112026113620567,Success,
14007,Office,23002 Connelly Camp,8864056093,02112026113620567,Success,
1667,Office,830 Franklin Street,9374089658,02112026113620567,Success,
14007,Office,88390 Hoppe Court,4793619031,02112026113620567,Success,
1667,Office,674 Johnston Mall,9619427302,02112026113620567,Success,
14007,Office,6908 Gerlach Knoll,7808825840,02112026113620567,Success,
1667,Office,1854 Isaiah Mountains,9904037354,02112026113620567,Success,
14007,Office,441 Keith Hill,8811136822,02112026113620567,Success,
1667,Office,87605 Kattie Manors,3577917654,02112026113620567,Success,
14007,Office,39071 Simonis Cape,7038018765,02112026113620567,Success,
1667,Office,3891 Lyric Causeway,6427968803,02112026113620567,Success,
14007,Office,73057 Ernesto Lake,7787113309,02112026113620567,Success,
1667,Office,9619 Church Avenue,5048854374,02112026113620567,Success,
14007,Office,6334 Albany Road,3002708918,02112026113620567,Success,
1667,Office,89684 Grove Street,6156416998,02112026113620567,Success,
14007,Office,437 Castle Road,7028292180,02112026113620567,Success,
1667,Office,6212 N Walnut Street,2732085086,02112026113620567,Success,
14007,Office,9032 E 14th Street,3343327602,02112026113620567,Success,
1667,Office,736 Beahan Overpass,8250490853,02112026113620567,Success,
14007,Office,389 Manor Drive,2588516445,02112026113620567,Success,
1667,Office,7700 Mac Throughway,6804164355,02112026113620567,Success,
14007,Office,49960 Clifford Rue,1229988615,02112026113620567,Success,
1667,Office,6605 E Elm Street,6600354210,02112026113620567,Success,
14007,Office,788 S Grand Avenue,6119600461,02112026113620567,Success,
1667,Office,64724 Anjali Islands,6464994345,02112026113620567,Success,
14007,Office,9004 Trantow Ridge,9320845701,02112026113620567,Success,
1667,Office,49620 George Street,2309551383,02112026113620567,Success,
14007,Office,385 Sipes Well,1714019954,02112026113620567,Success,
1667,Office,2323 Marcel Inlet,6350855057,02112026113620567,Success,
14007,Office,100 E Oak Street,1839277014,02112026113620567,Success,
1667,Office,390 Wellington Road,1482843650,02112026113620567,Success,
14007,Office,233 E Central Avenue,1448527989,02112026113620567,Success,
1667,Office,8392 Chester Forge,9706746609,02112026113620567,Success,
14007,Office,18364 O'Connell Wall,7297668234,02112026113620567,Success,
1667,Office,8015 Jeffrey Crossroad,4592522532,02112026113620567,Success,
14007,Office,54001 Okuneva Expressway,3480485992,02112026113620567,Success,
1667,Office,70779 Spinka Lake,1371573909,02112026113620567,Success,
14007,Office,7471 Stamm Harbor,5151728416,02112026113620567,Success,
1667,Office,186 Drew Orchard,6768328779,02112026113620567,Success,
14007,Office,8785 Elm Grove,8709417725,02112026113620567,Success,
1667,Office,904 N Pearl Street,8805796324,02112026113620567,Success,
14007,Office,158 Rylee Canyon,1596722891,02112026113620567,Success,
1667,Office,691 Welch Grove,7921389323,02112026113620567,Success,
14007,Office,450 Windler Mews,2404861261,02112026113620567,Success,
1667,Office,332 Skiles Crescent,6504794702,02112026113620567,Success,
14007,Office,35147 Corwin Lake,2009125955,02112026113620567,Success,
1667,Office,59157 Gerlach Island,8691983456,02112026113620567,Success,
14007,Office,65423 Franey Crossroad,8365455245,02112026113620567,Success,
1667,Office,75173 Sophie Manor,2859357975,02112026113620567,Success,
14007,Office,39497 Schaden Alley,8945579023,02112026113620567,Success,
1667,Office,8076 Lime Grove,3168500748,02112026113620567,Success,
14007,Office,64182 Kovacek Light,8690059998,02112026113620567,Success,
1667,Office,6389 S Broad Street,6852074708,02112026113620567,Success,
14007,Office,67799 Laurel Close,9493832480,02112026113620567,Success,
1667,Office,1686 Kuhn Shore,6426716073,02112026113620567,Success,
14007,Office,222 Lafayette Mews,5471609216,02112026113620567,Success,
1667,Office,4004 Brendan Landing,5041498946,02112026113620567,Success,
14007,Office,6756 Batz Mountains,3398972466,02112026113620567,Success,
1667,Office,92607 Church Hill,6247360989,02112026113620567,Success,
14007,Office,2948 Georgiana Cove,3136794598,02112026113620567,Success,
1667,Office,3771 Aliyah Drive,2214704598,02112026113620567,Success,
14007,Office,97117 Glover Circle,3531641656,02112026113620567,Success,
1667,Office,826 Main Avenue,2340254058,02112026113620567,Success,
14007,Office,227 Wisoky Courts,8647261003,02112026113620567,Success,
1667,Office,12970 Cindy Burgs,3992461590,02112026113620567,Success,
14007,Office,6681 Melba Villages,1994360981,02112026113620567,Success,
1667,Office,8226 Wiegand Ville,6445226970,02112026113620567,Success,
14007,Office,59968 Al River,4798934500,02112026113620567,Success,
1667,Office,39999 Willow Road,8186874390,02112026113620567,Success,
14007,Office,81738 Ruecker Corners,6426814907,02112026113620567,Success,
1667,Office,1187 Auer Estate,3116299881,02112026113620567,Success,
14007,Office,559 E River Road,6321691450,02112026113620567,Success,
1667,Office,825 Rodriguez Views,5305375362,02112026113620567,Success,
14007,Office,4906 Yvonne Streets,1485605655,02112026113620567,Success,
1667,Office,518 Dicki Key,7901202337,02112026113620567,Success,
14007,Office,482 Maudie Lock,2558988422,02112026113620567,Success,
1667,Office,972 Windmill Close,5772686458,02112026113620567,Success,
14007,Office,10764 Bruen Club,7633059821,02112026113620567,Success,
1667,Office,4750 Jaclyn Trafficway,7155493390,02112026113620567,Success,
14007,Office,2933 W Franklin Street,7127554108,02112026113620567,Success,
1667,Office,69692 Koch Way,5369902748,02112026113620567,Success,
14007,Office,61897 Talon Fort,5643474344,02112026113620567,Success,
1667,Office,490 Arnulfo Lodge,3432767479,02112026113620567,Success,
14007,Office,8182 Stokes Meadows,3319660427,02112026113620567,Success,
1667,Office,516 Dessie Meadows,9575930652,02112026113620567,Success,
14007,Office,904 The Spinney,5241967751,02112026113620567,Success,
1667,Office,786 Kariane Throughway,7111633033,02112026113620567,Success,
14007,Office,781 Grant Point,4957782558,02112026113620567,Success,
1667,Office,878 Cruickshank Corner,8855466457,02112026113620567,Success,
14007,Office,82873 Armani Causeway,3858270638,02112026113620567,Success,
1667,Office,8365 Marks Ranch,4789144661,02112026113620567,Success,
14007,Office,5374 Cummerata Glens,6739038992,02112026113620567,Success,
1667,Office,5091 Kaya Estates,4525799814,02112026113620567,Success,
14007,Office,67777 Kirlin Camp,9560007900,02112026113620567,Success,
1667,Office,1440 Vincenza Terrace,1708569887,02112026113620567,Success,
14007,Office,73887 Reagan Via,4912389784,02112026113620567,Success,
1667,Office,20256 Thompson Field,7258210919,02112026113620567,Success,
14007,Office,8749 Nelle Spur,9291011642,02112026113620567,Success,
1667,Office,8263 Gleichner Lane,8568039426,02112026113620567,Success,
14007,Office,3468 Moor Lane,1243805258,02112026113620567,Success,
1667,Office,22306 Cartwright Knolls,3490757554,02112026113620567,Success,
14007,Office,1265 Lambert Path,1699863460,02112026113620567,Success,
1667,Office,143 Block Glen,2225051591,02112026113620567,Success,
14007,Office,16900 Rempel Camp,6391790292,02112026113620567,Success,
1667,Office,759 Rutherford Neck,5943271212,02112026113620567,Success,
14007,Office,74677 Gorczany Ferry,2693353473,02112026113620567,Success,
1667,Office,9755 Fairfield Road,5376105261,02112026113620567,Success,
14007,Office,180 Conroy Trafficway,5758900264,02112026113620567,Success,
1667,Office,71006 Rippin Mill,3235834239,02112026113620567,Success,
14007,Office,51889 Heidi Club,5068294985,02112026113620567,Success,
1667,Office,28170 Washington Street,6341876765,02112026113620567,Success,
14007,Office,34491 Cavendish Road,6840934397,02112026113620567,Success,
1667,Office,69599 Christiana Mills,7911715237,02112026113620567,Success,
14007,Office,959 Watsica Parkways,6160016132,02112026113620567,Success,
1667,Office,31672 Center Road,4107277831,02112026113620567,Success,
14007,Office,14869 London Road,7287883489,02112026113620567,Success,
1667,Office,546 Sycamore Street,1301441298,02112026113620567,Success,
14007,Office,94453 Fore Street,5021919053,02112026113620567,Success,
1667,Office,101 Freddie Cape,2102881070,02112026113620567,Success,
14007,Office,1751 Shanahan Path,9167305975,02112026113620567,Success,
1667,Office,618 Romaguera Club,2269959505,02112026113620567,Success,
14007,Office,254 Nelson Rapids,6402789892,02112026113620567,Success,
1667,Office,492 6th Avenue,3637698022,02112026113620567,Success,
14007,Office,5582 Dayna Bypass,4633116133,02112026113620567,Success,
1667,Office,65304 Brain Flat,7319101853,02112026113620567,Success,
14007,Office,802 Washington Boulevard,6977082345,02112026113620567,Success,
1667,Office,6886 Zackary Mills,4224138613,02112026113620567,Success,
14007,Office,698 O'Conner Expressway,1043568923,02112026113620567,Success,
1667,Office,2414 Alexis Point,4712618145,02112026113620567,Success,
14007,Office,825 W Center Street,5177153310,02112026113620567,Success,
1667,Office,522 Emmanuelle Mount,8206897801,02112026113620567,Success,
14007,Office,1482 Kihn Mountain,7480001639,02112026113620567,Success,
1667,Office,221 Mann Land,9428196760,02112026113620567,Success,
14007,Office,6561 Beech Close,7649898848,02112026113620567,Success,
1667,Office,9942 Fritsch Mills,2116303587,02112026113620567,Success,
14007,Office,44455 Hillside Road,1057462265,02112026113620567,Success,
1667,Office,993 Hickory Street,9192185423,02112026113620567,Success,
14007,Office,519 Aufderhar Haven,5867460554,02112026113620567,Success,
1667,Office,72921 Littel Via,7988460398,02112026113620567,Success,
14007,Office,80221 Feeney Haven,2346694524,02112026113620567,Success,
1667,Office,6728 Norfolk Road,3216464147,02112026113620567,Success,
14007,Office,945 W 2nd Street,5636615572,02112026113620567,Success,
1667,Office,552 Windmill Lane,2376610465,02112026113620567,Success,
14007,Office,14694 Woodlands,1319817891,02112026113620567,Success,
1667,Office,9036 Ashton Lane,4974478899,02112026113620567,Success,
14007,Office,6127 Nelson Road,2954367189,02112026113620567,Success,
1667,Office,7006 Jovan Walk,7713359149,02112026113620567,Success,
14007,Office,140 Woodlands Close,8401334171,02112026113620567,Success,
1667,Office,86313 Cartwright Stravenue,1653466206,02112026113620567,Success,
14007,Office,852 Maple Close,1441935526,02112026113620567,Success,
1667,Office,9475 Weimann Overpass,7383296078,02112026113620567,Success,
14007,Office,746 Adrain Lodge,6657654578,02112026113620567,Success,
1667,Office,2215 Gregorio Ville,6947073463,02112026113620567,Success,
14007,Office,312 Kerluke Mission,3793631734,02112026113620567,Success,
1667,Office,91352 Martin Luther King Boulevard,7495327769,02112026113620567,Success,
14007,Office,1267 Dark Lane,7160016997,02112026113620567,Success,
1667,Office,333 S Lincoln Street,6606138416,02112026113620567,Success,
14007,Office,79158 Koch Causeway,4445837761,02112026113620567,Success,
1667,Office,162 Lindgren Loop,3271546943,02112026113620567,Success,
14007,Office,10880 Fay Views,2864775879,02112026113620567,Success,
1667,Office,35047 Kennedy Ville,7261604004,02112026113620567,Success,
14007,Office,8272 Columbus Flats,9704251835,02112026113620567,Success,
1667,Office,50066 The Mews,9465004321,02112026113620567,Success,
14007,Office,73471 Carter Fords,3541957126,02112026113620567,Success,
1667,Office,80087 Effertz Loaf,4519662718,02112026113620567,Success,
14007,Office,565 Abernathy Club,4364116775,02112026113620567,Success,
1667,Office,378 Wilhelmine Ways,3941869088,02112026113620567,Success,
14007,Office,53696 Bauch Knolls,6542032194,02112026113620567,Success,
1667,Office,120 The Chase,3122454928,02112026113620567,Success,
14007,Office,597 Charles Street,6155998640,02112026113620567,Success,
1667,Office,6812 Dolly Manor,4119795913,02112026113620567,Success,
14007,Office,891 Shanahan Tunnel,3490014461,02112026113620567,Success,
1667,Office,10728 Gleason Lights,2557899651,02112026113620567,Success,
14007,Office,9411 E 8th Street,6038599631,02112026113620567,Success,
1667,Office,15296 Alfred Street,8906048846,02112026113620567,Success,
14007,Office,46347 Treutel Knolls,2617183801,02112026113620567,Success,
1667,Office,8296 Bay Street,7923115740,02112026113620567,Success,
14007,Office,47633 Lawson Burg,5135261125,02112026113620567,Success,
1667,Office,63610 Milan Road,9803678818,02112026113620567,Success,
14007,Office,3762 Harber Mountain,5105960994,02112026113620567,Success,
1667,Office,41522 Rau Glens,1474629120,02112026113620567,Success,
14007,Office,149 Oxford Road,5483727980,02112026113620567,Success,
1667,Office,220 W South Street,1291392282,02112026113620567,Success,
14007,Office,162 15th Street,4498564663,02112026113620567,Success,
1667,Office,364 Lavada Alley,9508728097,02112026113620567,Success,
14007,Office,916 Moore Causeway,1983129063,02112026113620567,Success,
1667,Office,6416 Ondricka Lodge,3573451144,02112026113620567,Success,
14007,Office,63202 Ondricka Brooks,1042784671,02112026113620567,Success,
1667,Office,644 Hazel Close,6138856884,02112026113620567,Success,
14007,Office,94210 Railway Street,1931388391,02112026113620567,Success,
1667,Office,907 Gina Streets,6993302981,02112026113620567,Success,
14007,Office,8584 Hall Lane,9163148457,02112026113620567,Success,
1667,Office,5259 N Market Street,6072294841,02112026113620567,Success,
14007,Office,3544 Caleb Throughway,3933262929,02112026113620567,Success,
1667,Office,884 W Monroe Street,8712708858,02112026113620567,Success,
14007,Office,1902 Lebsack Spur,7324313548,02112026113620567,Success,
1667,Office,2260 Renner Corner,1649966579,02112026113620567,Success,
14007,Office,517 Yesenia Squares,4293656489,02112026113620567,Success,
1667,Office,43772 Main,2044980579,02112026113620567,Success,
14007,Office,4418 Brook Ville,3942782676,02112026113620567,Success,
1667,Office,753 Quigley Knolls,3778289782,02112026113620567,Success,
14007,Office,5684 Kaylee Crossroad,4473412509,02112026113620567,Success,
1667,Office,19438 Boehm Islands,3011734135,02112026113620567,Success,
14007,Office,42140 Mikayla Corner,1595099639,02112026113620567,Success,
1667,Office,2625 Gerda Cliff,1952526314,02112026113620567,Success,
14007,Office,935 The Beeches,4553927716,02112026113620567,Success,
1667,Office,9913 Maple Avenue,7358229878,02112026113620567,Success,
14007,Office,92609 Bernier Track,1247692620,02112026113620567,Success,
1667,Office,589 Jayne Rapids,1567718395,02112026113620567,Success,
14007,Office,44756 Oxford Street,3996497011,02112026113620567,Success,
1667,Office,5564 Clinton Street,5307196694,02112026113620567,Success,
14007,Office,672 Fahey Extensions,5787827531,02112026113620567,Success,
1667,Office,36176 W 6th Avenue,2175064774,02112026113620567,Success,
14007,Office,494 Hilll Summit,8551988792,02112026113620567,Success,
1667,Office,1306 Marvin Circle,4040708024,02112026113620567,Success,
14007,Office,113 Roman Road,1703030904,02112026113620567,Success,
1667,Office,8426 Gutkowski Light,5468743557,02112026113620567,Success,
14007,Office,21590 Abshire Coves,4382391565,02112026113620567,Success,
1667,Office,8086 11th Street,5972709133,02112026113620567,Success,
14007,Office,441 Eveline Hollow,5130331268,02112026113620567,Success,
1667,Office,80381 Wisozk Fort,1421701911,02112026113620567,Success,
14007,Office,7713 Crown Street,6384702458,02112026113620567,Success,
1667,Office,983 McCullough Vista,7831390697,02112026113620567,Success,
14007,Office,17250 Joyce Meadows,3372011711,02112026113620567,Success,
1667,Office,359 Delia Hills,9453682782,02112026113620567,Success,
14007,Office,251 Kelsie Creek,3083711675,02112026113620567,Success,
1667,Office,477 10th Street,6575853106,02112026113620567,Success,
14007,Office,24618 Wintheiser Mews,6450366720,02112026113620567,Success,
1667,Office,229 Johns Falls,3810540142,02112026113620567,Success,
14007,Office,65547 Prohaska Bypass,5339260534,02112026113620567,Success,
1667,Office,608 Donato Flats,6152516915,02112026113620567,Success,
14007,Office,842 Cumberland Street,5329876537,02112026113620567,Success,
1667,Office,9517 Berge Shoals,2081170926,02112026113620567,Success,
14007,Office,4206 Corkery Coves,6967873126,02112026113620567,Success,
1667,Office,5423 Judy Track,6494404689,02112026113620567,Success,
14007,Office,1756 Spruce Street,2949177401,02112026113620567,Success,
1667,Office,362 Schumm Greens,6051468628,02112026113620567,Success,
14007,Office,733 Lessie Mills,3187990976,02112026113620567,Success,
1667,Office,881 Imogene Camp,6608387825,02112026113620567,Success,
14007,Office,616 Teagan Views,8808634727,02112026113620567,Success,
1667,Office,7293 Jayne Wells,1079566596,02112026113620567,Success,
14007,Office,64286 E South Street,4396681609,02112026113620567,Success,
1667,Office,5466 Prohaska Road,4937935997,02112026113620567,Success,
14007,Office,6776 Valley Road,9695776990,02112026113620567,Success,
1667,Office,889 Gutmann Estate,4421137023,02112026113620567,Success,
14007,Office,24076 Franey Row,7777780736,02112026113620567,Success,
1667,Office,2168 2nd Street,1684591554,02112026113620567,Success,
14007,Office,7065 Johnson Street,3198747006,02112026113620567,Success,
1667,Office,4476 Olson Island,4152477303,02112026113620567,Success,
14007,Office,296 Everardo Mount,2197538691,02112026113620567,Success,
1667,Office,987 S 6th Street,1319341072,02112026113620567,Success,
14007,Office,1365 Rachael Walk,6419815071,02112026113620567,Success,
1667,Office,2658 A Street,2284893422,02112026113620567,Success,
14007,Office,8726 Green Close,7311210530,02112026113620567,Success,
1667,Office,93140 Diana Brook,4817270530,02112026113620567,Success,
14007,Office,30293 Pfeffer Canyon,4982430905,02112026113620567,Success,
1667,Office,31812 Jaqueline Gateway,4264727301,02112026113620567,Success,
14007,Office,26110 The Sidings,1297662145,02112026113620567,Success,
1667,Office,930 Wolf Cape,3526112916,02112026113620567,Success,
14007,Office,498 Merritt Summit,9688799796,02112026113620567,Success,
1667,Office,52488 Orland Junctions,1974628142,02112026113620567,Success,
14007,Office,34734 Lea Spur,6666406487,02112026113620567,Success,
1667,Office,4397 Carmel Viaduct,7500324861,02112026113620567,Success,
14007,Office,567 E 8th Street,4801901219,02112026113620567,Success,
1667,Office,88290 Eda Burgs,5399904450,02112026113620567,Success,
14007,Office,71056 Schroeder Forks,2779567073,02112026113620567,Success,
1667,Office,37202 Birch Grove,3348164545,02112026113620567,Success,
14007,Office,416 Green Street,6006316989,02112026113620567,Success,
1667,Office,7332 Kuhn Mount,8915470275,02112026113620567,Success,
14007,Office,212 Old Military Road,6304951093,02112026113620567,Success,
1667,Office,510 The Glebe,5797059554,02112026113620567,Success,
14007,Office,859 Cloyd Rapids,7259010635,02112026113620567,Success,
1667,Office,854 Euclid Avenue,6369490439,02112026113620567,Success,
14007,Office,452 W Market Street,4245955599,02112026113620567,Success,
1667,Office,832 Hawthorn Avenue,9397531408,02112026113620567,Success,
14007,Office,182 Candice Expressway,8612786509,02112026113620567,Success,
1667,Office,88563 Kathryne Mill,6818981665,02112026113620567,Success,
14007,Office,87581 Larkin Mountain,2896878366,02112026113620567,Success,
1667,Office,318 Bechtelar Burgs,3746407977,02112026113620567,Success,
14007,Office,8306 Jermey Cliff,5275250153,02112026113620567,Success,
1667,Office,86748 Stiedemann Alley,8620244173,02112026113620567,Success,
14007,Office,8718 D'Amore Rest,2571209796,02112026113620567,Success,
1667,Office,94023 Maud Shore,9416715265,02112026113620567,Success,
14007,Office,23315 Chapel Close,5722714792,02112026113620567,Success,
1667,Office,8396 Washington Street,9814504866,02112026113620567,Success,
14007,Office,5776 Lancaster Road,7123799937,02112026113620567,Success,
1667,Office,20954 Alfred Street,1476868083,02112026113620567,Success,
14007,Office,665 Klocko Groves,4073721011,02112026113620567,Success,
1667,Office,7794 Lubowitz Forest,2448576728,02112026113620567,Success,
14007,Office,4427 Tyrel Mountain,1350090838,02112026113620567,Success,
1667,Office,1040 Adeline Landing,1249074050,02112026113620567,Success,
14007,Office,4742 Kuphal Ramp,1189235630,02112026113620567,Success,
1667,Office,9521 Field Lane,1940780262,02112026113620567,Success,
14007,Office,6818 Cole Pines,9263796520,02112026113620567,Success,
1667,Office,289 Madison Street,9015777930,02112026113620567,Success,
14007,Office,737 Syble Cliffs,9119295709,02112026113620567,Success,
1667,Office,41559 Lew Drives,4736930974,02112026113620567,Success,
14007,Office,744 Octavia Garden,6761355695,02112026113620567,Success,
1667,Office,45323 Flatley Meadow,1027624005,02112026113620567,Success,
14007,Office,5711 E Broadway,6720462306,02112026113620567,Success,
1667,Office,640 Mitchell Shoals,3474693377,02112026113620567,Success,
14007,Office,5427 Littel Ports,6805459700,02112026113620567,Success,
1667,Office,20084 Ondricka Branch,3178009609,02112026113620567,Success,
14007,Office,13536 Water Lane,1385062705,02112026113620567,Success,
1667,Office,689 Marcelo Ways,8285442025,02112026113620567,Success,
14007,Office,25763 Jackson Street,9235923462,02112026113620567,Success,
1667,Office,434 8th Street,4491449857,02112026113620567,Success,
14007,Office,819 Lowe Tunnel,9703866289,02112026113620567,Success,
1667,Office,6915 Woodland Road,9643956288,02112026113620567,Success,
14007,Office,354 Gutmann Hollow,1710182783,02112026113620567,Success,
1667,Office,501 Nadia Falls,7464584181,02112026113620567,Success,
14007,Office,75945 Center Street,8144552040,02112026113620567,Success,
1667,Office,173 Fisher Crest,1277340335,02112026113620567,Success,
14007,Office,172 Dallas Fall,9753590737,02112026113620567,Success,
1667,Office,294 The Poplars,5601689953,02112026113620567,Success,
14007,Office,6640 Lincoln Vista,2805176262,02112026113620567,Success,
1667,Office,6012 Pollich Route,3952679692,02112026113620567,Success,
14007,Office,71214 Halvorson Hill,5268839742,02112026113620567,Success,
1667,Office,39125 Ruby Knoll,9456499939,02112026113620567,Success,
14007,Office,4414 Krajcik Cliff,4083027547,02112026113620567,Success,
1667,Office,89126 Monica Courts,6005340705,02112026113620567,Success,
14007,Office,988 Harvey Orchard,6214350945,02112026113620567,Success,
1667,Office,574 Jaime Expressway,7309605631,02112026113620567,Success,
14007,Office,22793 Mayert Way,3000324281,02112026113620567,Success,
1667,Office,714 Mitchell Station,2831037228,02112026113620567,Success,
14007,Office,45123 Lincoln Road,5867682201,02112026113620567,Success,
1667,Office,39533 Main,3431542774,02112026113620567,Success,
14007,Office,380 Vito Freeway,5428631349,02112026113620567,Success,
1667,Office,112 Fermin Ville,2718187791,02112026113620567,Success,
14007,Office,7014 W 1st Street,4953844700,02112026113620567,Success,
1667,Office,77962 Stiedemann Drives,4322125115,02112026113620567,Success,
14007,Office,21553 Schumm Row,4280438121,02112026113620567,Success,
1667,Office,3688 Moss Lane,9065799778,02112026113620567,Success,
14007,Office,45917 Oren Way,7107174965,02112026113620567,Success,
1667,Office,5025 Hillside Close,3134413703,02112026113620567,Success,
14007,Office,76353 Meadow Way,4726284507,02112026113620567,Success,
1667,Office,1012 Collins Cliff,6537132244,02112026113620567,Success,
14007,Office,66781 13th Street,6380298776,02112026113620567,Success,
1667,Office,390 N Pine Street,7575804477,02112026113620567,Success,
14007,Office,2211 Marlborough Road,8030634480,02112026113620567,Success,
1667,Office,644 Brook Street,3940797552,02112026113620567,Success,
14007,Office,76183 Baker Street,7071429948,02112026113620567,Success,
1667,Office,43633 Davis Mall,9108060154,02112026113620567,Success,
14007,Office,654 Hagenes Unions,4104691570,02112026113620567,Success,
1667,Office,325 W 3rd Street,6254165250,02112026113620567,Success,
14007,Office,3839 Oak Lane,7350881349,02112026113620567,Success,
1667,Office,6769 Richmond Road,3960655529,02112026113620567,Success,
14007,Office,84877 Junius River,5492588786,02112026113620567,Success,
1667,Office,3803 Bailee Overpass,2795803050,02112026113620567,Success,
14007,Office,38993 Lois Ranch,3353969559,02112026113620567,Success,
1667,Office,4471 N 7th Street,6613847231,02112026113620567,Success,
14007,Office,787 Herman Turnpike,3091255570,02112026113620567,Success,
1667,Office,66574 Rita Trail,3624764699,02112026113620567,Success,
14007,Office,22400 N Broadway,2340200533,02112026113620567,Success,
1667,Office,28849 Schumm Club,7606891126,02112026113620567,Success,
14007,Office,472 Leffler Drive,3201747521,02112026113620567,Success,
1667,Office,6799 Blanca Mill,3729243859,02112026113620567,Success,
14007,Office,16092 Rey Cove,2184332813,02112026113620567,Success,
1667,Office,85068 Davis Street,9915778011,02112026113620567,Success,
14007,Office,50960 Ursula Fork,1127572667,02112026113620567,Success,
1667,Office,579 Ryan Fields,7855482537,02112026113620567,Success,
14007,Office,8217 White Mountain,9409324103,02112026113620567,Success,
1667,Office,74912 Crescent Road,9864987227,02112026113620567,Success,
14007,Office,375 Rodrick Estate,1950713146,02112026113620567,Success,
1667,Office,592 Carter Junction,8552220238,02112026113620567,Success,
14007,Office,55003 Field Close,4405497270,02112026113620567,Success,
1667,Office,197 Modesta Drive,1348433552,02112026113620567,Success,
14007,Office,3884 Stephanie Rest,4893491436,02112026113620567,Success,
1667,Office,8676 Burnice Garden,8214842743,02112026113620567,Success,
14007,Office,181 Reinger Ford,8849050584,02112026113620567,Success,
1667,Office,8652 Schulist Corner,6606017434,02112026113620567,Success,
14007,Office,807 Front Street,3017608671,02112026113620567,Success,
1667,Office,97878 Garnett Avenue,4034647253,02112026113620567,Success,
14007,Office,692 W Center Street,3419008462,02112026113620567,Success,
1667,Office,736 Bell Lane,1890021972,02112026113620567,Success,
14007,Office,89909 Chester Causeway,5439521665,02112026113620567,Success,
1667,Office,4765 Wisoky Burg,5311728250,02112026113620567,Success,
14007,Office,856 Witting Parks,9014991389,02112026113620567,Success,
1667,Office,250 Uriah Place,3839957160,02112026113620567,Success,
14007,Office,970 Barry Village,4554681354,02112026113620567,Success,
1667,Office,3227 Torp Burg,7149671981,02112026113620567,Success,
14007,Office,90863 Bogan Underpass,3630913235,02112026113620567,Success,
1667,Office,717 Trystan Streets,3275320365,02112026113620567,Success,
14007,Office,93548 Manley Junction,9876352765,02112026113620567,Success,
1667,Office,46798 W Broadway Avenue,2146904874,02112026113620567,Success,
14007,Office,93818 Kamron Overpass,2984658256,02112026113620567,Success,
1667,Office,96740 Barry Stravenue,9068389125,02112026113620567,Success,
14007,Office,17668 Zieme Key,4982134228,02112026113620567,Success,
1667,Office,672 Amari Vista,1568796349,02112026113620567,Success,
14007,Office,15957 Mill Close,1170733240,02112026113620567,Success,
1667,Office,775 Selina Ranch,5041250453,02112026113620567,Success,
14007,Office,7916 Evangeline Valleys,1650622948,02112026113620567,Success,
1667,Office,149 Church View,6461620702,02112026113620567,Success,
14007,Office,68065 Virgil Junction,6644780437,02112026113620567,Success,
1667,Office,48050 Blaise Haven,9305065929,02112026113620567,Success,
14007,Office,947 Skyla Turnpike,2328164456,02112026113620567,Success,
1667,Office,1675 Hermann Falls,1197310146,02112026113620567,Success,
14007,Office,20750 Harris Vista,1885737743,02112026113620567,Success,
1667,Office,698 Cambridge Street,3514897787,02112026113620567,Success,
14007,Office,612 Cara Path,6187805564,02112026113620567,Success,
1667,Office,33341 Carter Alley,2615457143,02112026113620567,Success,
14007,Office,462 Rectory Lane,9589985574,02112026113620567,Success,
1667,Office,1696 W Broadway Avenue,6068140806,02112026113620567,Success,
14007,Office,19675 Stokes Parkway,3067638666,02112026113620567,Success,
1667,Office,172 Sanford Row,6860794675,02112026113620567,Success,
14007,Office,201 Elmore Cape,1852581828,02112026113620567,Success,
1667,Office,37815 Gina Center,3841639423,02112026113620567,Success,
14007,Office,42858 S 7th Street,1753161059,02112026113620567,Success,
1667,Office,1994 Clemmie Row,7275366655,02112026113620567,Success,
14007,Office,882 Senger Drives,1827294106,02112026113620567,Success,
1667,Office,15447 E Jackson Street,4004330999,02112026113620567,Success,
14007,Office,15319 Westgate,3339649333,02112026113620567,Success,
1667,Office,25716 Park Crescent,8982982487,02112026113620567,Success,
14007,Office,63607 Keeling Mission,8366868332,02112026113620567,Success,
1667,Office,835 Ross Glen,2980813385,02112026113620567,Success,
14007,Office,951 Beahan Burg,5680230330,02112026113620567,Success,
1667,Office,12642 E Grand Avenue,4901204061,02112026113620567,Success,
14007,Office,72243 Willow Close,6168081424,02112026113620567,Success,
1667,Office,780 Sycamore Avenue,6888717514,02112026113620567,Success,
14007,Office,336 Cassandra Port,7277240341,02112026113620567,Success,
1667,Office,8131 Bailey Common,6703269141,02112026113620567,Success,
14007,Office,5770 Maiya Bridge,8817294449,02112026113620567,Success,
1667,Office,6616 Field Lane,2893707177,02112026113620567,Success,
14007,Office,35973 Fairfield Road,6094359601,02112026113620567,Success,
1667,Office,256 Hartmann Via,1929679562,02112026113620567,Success,
14007,Office,185 Sheila Squares,9082795961,02112026113620567,Success,
1667,Office,133 Parker Orchard,3070184424,02112026113620567,Success,
14007,Office,55491 Zion Centers,8711567767,02112026113620567,Success,
1667,Office,8007 Windsor Avenue,2056466803,02112026113620567,Success,
14007,Office,303 Jay River,8853366933,02112026113620567,Success,
1667,Office,67898 Ziemann View,9747593887,02112026113620567,Success,
14007,Office,813 Otis Fork,2178649186,02112026113620567,Success,
1667,Office,443 Smitham Ramp,1738650912,02112026113620567,Success,
14007,Office,944 State Avenue,6189952240,02112026113620567,Success,
1667,Office,9100 Market Street,2197084480,02112026113620567,Success,
14007,Office,6334 Wuckert Ville,7536089933,02112026113620567,Success,
1667,Office,61587 Sheila Rapids,1076752996,02112026113620567,Success,
14007,Office,9667 Keagan Point,3197067259,02112026113620567,Success,
1667,Office,89695 Marsh Lane,1514845359,02112026113620567,Success,
14007,Office,1421 Harris Field,8116375414,02112026113620567,Success,
1667,Office,762 Senger Center,7712601377,02112026113620567,Success,
14007,Office,20254 Marlin Rapid,8024584941,02112026113620567,Success,
1667,Office,406 Price Mountains,4444968139,02112026113620567,Success,
14007,Office,146 Lueilwitz Wall,1806540549,02112026113620567,Success,
1667,Office,78841 E Cedar Street,4654187714,02112026113620567,Success,
14007,Office,3362 Block Glen,9035905338,02112026113620567,Success,
1667,Office,248 Harrison Avenue,6662295700,02112026113620567,Success,
14007,Office,5364 Aspen Close,4476633067,02112026113620567,Success,
1667,Office,259 Predovic Hollow,8826225596,02112026113620567,Success,
14007,Office,5953 Lonnie Alley,9732467661,02112026113620567,Success,
1667,Office,93015 Bode River,9305762101,02112026113620567,Success,
14007,Office,3990 Ash Close,4754443233,02112026113620567,Success,
1667,Office,36577 Middle Street,7508229250,02112026113620567,Success,
14007,Office,5940 Schowalter Mountain,8246603625,02112026113620567,Success,
1667,Office,13658 Kevin Haven,2855391492,02112026113620567,Success,
14007,Office,8833 Maximo Avenue,2002995279,02112026113620567,Success,
1667,Office,9758 N Water Street,7768736507,02112026113620567,Success,
14007,Office,54199 Medhurst Vista,6151698490,02112026113620567,Success,
1667,Office,36176 Loyal Mission,7397676024,02112026113620567,Success,
14007,Office,8125 Lucius Plaza,8413225317,02112026113620567,Success,
1667,Office,87241 Ole Mount,1287048989,02112026113620567,Success,
14007,Office,884 Corine Course,6271832194,02112026113620567,Success,
1667,Office,3228 Nadia Fork,3299128132,02112026113620567,Success,
14007,Office,866 Ritchie Grove,7861483147,02112026113620567,Success,
1667,Office,82420 Boehm Loaf,1450424515,02112026113620567,Success,
14007,Office,55187 Princes Street,3587740798,02112026113620567,Success,
1667,Office,47787 Bramley Close,9926844861,02112026113620567,Success,
14007,Office,23049 Martin Hill,2846495584,02112026113620567,Success,
1667,Office,29564 Emmalee Locks,8531965637,02112026113620567,Success,
14007,Office,4907 Blanche Mount,6348254189,02112026113620567,Success,
1667,Office,7917 Anissa Cliffs,5307961934,02112026113620567,Success,
14007,Office,613 Coleman Greens,6175840638,02112026113620567,Success,
1667,Office,5814 Miguel Courts,5109395849,02112026113620567,Success,
14007,Office,59759 Mervin Park,5347779677,02112026113620567,Success,
1667,Office,531 Garden Close,8742385570,02112026113620567,Success,
14007,Office,52879 Marietta Locks,2378547152,02112026113620567,Success,
1667,Office,6988 Juwan Glens,3151089705,02112026113620567,Success,
14007,Office,2790 Nina Meadows,2361917089,02112026113620567,Success,
1667,Office,370 Kulas Trace,3744416987,02112026113620567,Success,
14007,Office,31377 Zakary Stream,1749576418,02112026113620567,Success,
1667,Office,7223 Jarrod Square,7428302890,02112026113620567,Success,
14007,Office,4226 Isabel Drive,3112832965,02112026113620567,Success,
1667,Office,8685 Ernie Rest,4363664012,02112026113620567,Success,
14007,Office,752 Murray Circle,1240934898,02112026113620567,Success,
1667,Office,98895 Columbia Avenue,4021765565,02112026113620567,Success,
14007,Office,10363 Dante Tunnel,7796170518,02112026113620567,Success,
1667,Office,162 Franklin Road,2768859773,02112026113620567,Success,
14007,Office,524 Schimmel Rapids,5453452827,02112026113620567,Success,
1667,Office,55162 Reilly Via,7409939441,02112026113620567,Success,
14007,Office,333 Dale Street,8444927731,02112026113620567,Success,
1667,Office,955 Padberg Dale,2824733937,02112026113620567,Success,
14007,Office,6909 Omari Run,6423688767,02112026113620567,Success,
1667,Office,210 Gleichner Club,3167683982,02112026113620567,Success,
14007,Office,1734 Honeysuckle Close,9902594315,02112026113620567,Success,
1667,Office,389 Roman Road,9425634928,02112026113620567,Success,
14007,Office,38903 S Lincoln Street,2154785068,02112026113620567,Success,
1667,Office,46126 Koelpin Pass,2533563550,02112026113620567,Success,
14007,Office,1160 Jade Expressway,6995078573,02112026113620567,Success,
1667,Office,19446 Daryl Pike,4003976005,02112026113620567,Success,
14007,Office,99641 Darrin Corner,4815898740,02112026113620567,Success,
1667,Office,632 Manor Road,8928790796,02112026113620567,Success,
14007,Office,442 Nienow Ridges,3171732409,02112026113620567,Success,
1667,Office,993 Upton Ferry,8375538034,02112026113620567,Success,
14007,Office,8965 Holly Close,4424302914,02112026113620567,Success,
1667,Office,755 State Avenue,5347635652,02112026113620567,Success,
14007,Office,2053 Antonette Pines,1492330772,02112026113620567,Success,
1667,Office,346 Greenholt Rapids,9218009704,02112026113620567,Success,
14007,Office,931 Harrison Avenue,3125692298,02112026113620567,Success,
1667,Office,372 Castle Road,5107882847,02112026113620567,Success,
14007,Office,290 Ursula Glens,5579291163,02112026113620567,Success,
1667,Office,51224 Mossie Shores,3524477005,02112026113620567,Success,
14007,Office,5369 Robel Drive,8636572127,02112026113620567,Success,
1667,Office,44552 Mill Close,9306703798,02112026113620567,Success,
14007,Office,3582 Theron Station,5527581536,02112026113620567,Success,
1667,Office,7660 Cleveland Street,1154913774,02112026113620567,Success,
14007,Office,283 Beech Close,1727943643,02112026113620567,Success,
1667,Office,1361 Domenic Spur,2993717639,02112026113620567,Success,
14007,Office,395 Greenway,3369464796,02112026113620567,Success,
1667,Office,726 Fore Street,3829557109,02112026113620567,Success,
14007,Office,2510 Nasir Freeway,8142145312,02112026113620567,Success,
1667,Office,42512 Earnest Road,1254431046,02112026113620567,Success,
14007,Office,321 Wilfredo Village,5012688098,02112026113620567,Success,
1667,Office,650 5th Street,3011364561,02112026113620567,Success,
14007,Office,70368 Elnora Rapids,8551149073,02112026113620567,Success,
1667,Office,85852 Mayert Path,5090686650,02112026113620567,Success,
14007,Office,12764 Bill Ferry,6016355702,02112026113620567,Success,
1667,Office,935 Field Lane,6975479872,02112026113620567,Success,
14007,Office,110 Kyra Summit,3160703652,02112026113620567,Success,
1667,Office,18446 Laila Light,4823902764,02112026113620567,Success,
14007,Office,228 Chanelle Meadow,1979829161,02112026113620567,Success,
1667,Office,1411 E State Street,1787188382,02112026113620567,Success,
14007,Office,733 Joan Route,2300329663,02112026113620567,Success,
1667,Office,38380 Reynolds Cove,1444968749,02112026113620567,Success,
14007,Office,4330 Ondricka Harbors,9613889853,02112026113620567,Success,
1667,Office,385 Jacobi Center,3875593950,02112026113620567,Success,
14007,Office,697 S Jefferson Street,5015304628,02112026113620567,Success,
1667,Office,13596 Center Avenue,3933491022,02112026113620567,Success,
14007,Office,144 Schoen Ridge,4839136316,02112026113620567,Success,
1667,Office,49539 W Division Street,1110575007,02112026113620567,Success,
14007,Office,68211 Norma Ville,3447561626,02112026113620567,Success,
1667,Office,9958 Letitia Walk,7123801475,02112026113620567,Success,
14007,Office,61769 Birch Close,4685272808,02112026113620567,Success,
1667,Office,82803 Windler Mission,8097116503,02112026113620567,Success,
14007,Office,563 Vinnie Mews,1485366685,02112026113620567,Success,
1667,Office,764 Salvatore Island,9133784609,02112026113620567,Success,
14007,Office,51052 Bartell Via,4409997511,02112026113620567,Success,
1667,Office,344 Sycamore Close,8075633236,02112026113620567,Success,
14007,Office,2422 Pollich Prairie,6785243153,02112026113620567,Success,
1667,Office,37793 Murazik Spur,9547828459,02112026113620567,Success,
14007,Office,27569 Maple Drive,8841358661,02112026113620567,Success,
1667,Office,765 Nicole Path,2044496806,02112026113620567,Success,
14007,Office,21821 Parkside,4670749228,02112026113620567,Success,
1667,Office,75638 Weber Roads,9435525718,02112026113620567,Success,
14007,Office,9217 Eleazar Ranch,9385136575,02112026113620567,Success,
1667,Office,83360 Water Street,6920099319,02112026113620567,Success,
14007,Office,7579 Brookside,6720567025,02112026113620567,Success,
1667,Office,8232 Shanie Knolls,1944969720,02112026113620567,Success,
14007,Office,346 Schinner Lane,2699466780,02112026113620567,Success,
1667,Office,864 Mann Heights,7554698056,02112026113620567,Success,
14007,Office,51650 Charity Circle,7641389840,02112026113620567,Success,
1667,Office,48245 Queen's Road,5288541578,02112026113620567,Success,
14007,Office,4696 Mack Lights,2418456250,02112026113620567,Success,
1667,Office,4106 State Avenue,6764818983,02112026113620567,Success,
14007,Office,332 Sidney Park,1402261789,02112026113620567,Success,
1667,Office,573 Mitchell Parks,4714560963,02112026113620567,Success,
14007,Office,842 The Paddock,1612618355,02112026113620567,Success,
1667,Office,6265 Koss Light,9560958978,02112026113620567,Success,
14007,Office,4501 Streich Loaf,6153829170,02112026113620567,Success,
1667,Office,976 Jenkins Hollow,6907829309,02112026113620567,Success,
14007,Office,2870 North Lane,8988906751,02112026113620567,Success,
1667,Office,7272 Airport Road,4041255339,02112026113620567,Success,
14007,Office,973 Christiansen Ways,5648885898,02112026113620567,Success,
1667,Office,531 West Street,8160848392,02112026113620567,Success,
14007,Office,89570 Annamarie Harbor,1753263484,02112026113620567,Success,
1667,Office,30668 W Church Street,5868833563,02112026113620567,Success,
14007,Office,17200 Gulgowski Crest,9365319685,02112026113620567,Success,
1667,Office,55579 Josue Road,9330623406,02112026113620567,Success,
14007,Office,48333 Pfeffer Extensions,2389221891,02112026113620567,Success,
1667,Office,11144 N Main Avenue,1084650032,02112026113620567,Success,
14007,Office,89007 Manor Way,2289914867,02112026113620567,Success,
1667,Office,260 Zetta Crescent,2322432299,02112026113620567,Success,
14007,Office,795 N Maple Street,4298477169,02112026113620567,Success,
1667,Office,90396 West Road,4424510153,02112026113620567,Success,
14007,Office,479 Mills Well,6275750425,02112026113620567,Success,
1667,Office,4019 S Oak Street,9772554810,02112026113620567,Success,
14007,Office,7673 Shanahan Ville,3596595739,02112026113620567,Success,
1667,Office,7100 Urban Ford,1301247462,02112026113620567,Success,
14007,Office,68030 The Paddocks,8131050586,02112026113620567,Success,
1667,Office,3598 Highfield Road,3061962940,02112026113620567,Success,
14007,Office,2742 Bogan Cliff,1990187687,02112026113620567,Success,
1667,Office,109 Parisian Extensions,7996263187,02112026113620567,Success,
14007,Office,333 St Mary's Close,6878954489,02112026113620567,Success,
1667,Office,325 W Main,2763904398,02112026113620567,Success,
14007,Office,1340 Quigley Terrace,4041257806,02112026113620567,Success,
1667,Office,12156 11th Street,6245981534,02112026113620567,Success,
14007,Office,877 Willow Creek,8688442548,02112026113620567,Success,
1667,Office,59379 E Pine Street,6855424886,02112026113620567,Success,
14007,Office,291 S Broad Street,9878863160,02112026113620567,Success,
1667,Office,58293 Dibbert Coves,4117413412,02112026113620567,Success,
14007,Office,952 Frontage Road,2872854263,02112026113620567,Success,
1667,Office,9825 Marquardt Ville,2494316617,02112026113620567,Success,
14007,Office,707 Anastasia Brooks,3885343944,02112026113620567,Success,
1667,Office,85935 Emile Overpass,8976168231,02112026113620567,Success,
14007,Office,35210 Mann Crest,8497770914,02112026113620567,Success,
1667,Office,2228 Cliff Road,7796600512,02112026113620567,Success,
14007,Office,5423 Bernice Forks,4602583015,02112026113620567,Success,
1667,Office,222 Hazel Grove,4742273908,02112026113620567,Success,
14007,Office,5870 East Road,6971590614,02112026113620567,Success,
1667,Office,7512 W Washington Avenue,6973785546,02112026113620567,Success,
14007,Office,521 Howell Throughway,2411380385,02112026113620567,Success,
1667,Office,2163 Brett Burgs,5426724707,02112026113620567,Success,
14007,Office,36657 Bernardo Ramp,2346488647,02112026113620567,Success,
1667,Office,8119 Ali Ford,2672235065,02112026113620567,Success,
14007,Office,916 Aurelio Avenue,7022289605,02112026113620567,Success,
1667,Office,70255 Cedar Close,4275208465,02112026113620567,Success,
14007,Office,5315 Mateo Motorway,3221235358,02112026113620567,Success,
1667,Office,864 E Water Street,1119431592,02112026113620567,Success,
14007,Office,2566 Meadow Close,3646834474,02112026113620567,Success,
1667,Office,6173 Jarrett Forest,4951976157,02112026113620567,Success,
14007,Office,200 Jefferson Street,7809556328,02112026113620567,Success,
1667,Office,35725 Abshire Coves,9548795333,02112026113620567,Success,
14007,Office,1344 Kuhic Run,9117348527,02112026113620567,Success,
1667,Office,9480 Sienna Pass,9934683758,02112026113620567,Success,
14007,Office,40494 N Division Street,7903710925,02112026113620567,Success,
1667,Office,188 Bridie Underpass,1768295275,02112026113620567,Success,
14007,Office,62894 Vern Forge,5193617312,02112026113620567,Success,
1667,Office,64221 W Monroe Street,2669773931,02112026113620567,Success,
14007,Office,4903 Ona Mount,7478874089,02112026113620567,Success,
1667,Office,408 Ova Ramp,5772242980,02112026113620567,Success,
14007,Office,544 Park Drive,5836850426,02112026113620567,Success,
1667,Office,764 Georgianna Neck,8793127306,02112026113620567,Success,
14007,Office,894 Cemetery Road,2575717035,02112026113620567,Success,
1667,Office,3983 Herzog Underpass,4872554549,02112026113620567,Success,
14007,Office,381 Ari Divide,9147283167,02112026113620567,Success,
1667,Office,63333 Washington Road,6088966049,02112026113620567,Success,
14007,Office,8139 Izaiah Ridges,8103576126,02112026113620567,Success,
1667,Office,88570 Main Street W,8739787848,02112026113620567,Success,
14007,Office,2396 Adella Fords,6002406104,02112026113620567,Success,
1667,Office,81215 Blick Drives,6658986600,02112026113620567,Success,
14007,Office,59952 Cali Curve,7091439568,02112026113620567,Success,
1667,Office,502 Rowan Close,5092451122,02112026113620567,Success,
14007,Office,169 Warren Road,8642471285,02112026113620567,Success,
1667,Office,295 Joannie Mountains,2035567319,02112026113620567,Success,
14007,Office,54420 Market Place,7250844287,02112026113620567,Success,
1667,Office,378 Runolfsson Crossing,1437790650,02112026113620567,Success,
14007,Office,97335 Zemlak Harbors,6643358005,02112026113620567,Success,
1667,Office,77133 Rice Trail,3165567519,02112026113620567,Success,
14007,Office,3283 Annie Station,4139651259,02112026113620567,Success,
1667,Office,1533 Odell Ville,4849804272,02112026113620567,Success,
14007,Office,41193 Dejah Rapids,8140190740,02112026113620567,Success,
1667,Office,33293 Gerlach Street,5875817468,02112026113620567,Success,
14007,Office,5124 Yost Mall,6594346624,02112026113620567,Success,
1667,Office,4944 Gleichner Knoll,5028573291,02112026113620567,Success,
14007,Office,875 Market Place,9487824532,02112026113620567,Success,
1667,Office,458 County Line Road,2987914786,02112026113620567,Success,
14007,Office,5928 N Walnut Street,5378645195,02112026113620567,Success,
1667,Office,848 Woodland Close,9194853565,02112026113620567,Success,
14007,Office,4186 Steuber Fall,4580505085,02112026113620567,Success,
1667,Office,49312 Prospect Place,3264162084,02112026113620567,Success,
14007,Office,123 Quincy Islands,4936529846,02112026113620567,Success,
1667,Office,649 Mante Fort,4243655918,02112026113620567,Success,
14007,Office,79654 High Road,3572899892,02112026113620567,Success,
1667,Office,8936 Hessel Knolls,2043772179,02112026113620567,Success,
14007,Office,2556 High Road,1897291065,02112026113620567,Success,
1667,Office,30054 Nikolaus Vista,4066579268,02112026113620567,Success,
14007,Office,759 Cummerata View,4531998072,02112026113620567,Success,
1667,Office,87022 Devon Isle,1166770261,02112026113620567,Success,
14007,Office,7743 Madilyn Street,3498807102,02112026113620567,Success,
1667,Office,355 VonRueden Ferry,6595082950,02112026113620567,Success,
14007,Office,728 Nathaniel Drive,8732141235,02112026113620567,Success,
1667,Office,7652 Hane Turnpike,7179460321,02112026113620567,Success,
14007,Office,36896 Cremin Via,7298663233,02112026113620567,Success,
1667,Office,60368 Wehner Ridges,6885089415,02112026113620567,Success,
14007,Office,287 The Fairway,5103859422,02112026113620567,Success,
1667,Office,669 Herminio Corners,3974375939,02112026113620567,Success,
14007,Office,10193 Chester Road,8676868580,02112026113620567,Success,
1667,Office,4105 Vernon Squares,3971180992,02112026113620567,Success,
14007,Office,72903 Jacobson Forks,2321334963,02112026113620567,Success,
1667,Office,1963 Kip Spurs,7969445435,02112026113620567,Success,
14007,Office,629 West Street,2408885752,02112026113620567,Success,
1667,Office,50707 Heaven Motorway,4597497791,02112026113620567,Success,
14007,Office,13125 Lee Street,3268527534,02112026113620567,Success,
1667,Office,79183 Nikolaus Forks,4322789753,02112026113620567,Success,
14007,Office,74580 Cornelius Rue,6856689755,02112026113620567,Success,
1667,Office,827 Flatley Locks,3988642535,02112026113620567,Success,
14007,Office,34813 Natasha Ways,4606096733,02112026113620567,Success,
1667,Office,619 Manchester Road,4022199004,02112026113620567,Success,
14007,Office,1800 Yessenia Track,3544779821,02112026113620567,Success,
1667,Office,45825 Tyrique Coves,6133687620,02112026113620567,Success,
14007,Office,9434 Stracke Port,5907557140,02112026113620567,Success,
1667,Office,505 N Chestnut Street,1565327217,02112026113620567,Success,
14007,Office,66204 Adolfo Point,9072871309,02112026113620567,Success,
1667,Office,554 Blanda Loop,3122845225,02112026113620567,Success,
14007,Office,65458 Matt Burgs,8998991355,02112026113620567,Success,
1667,Office,662 Odell Pass,6313737120,02112026113620567,Success,
14007,Office,1346 Hessel Extension,7231414486,02112026113620567,Success,
1667,Office,802 Maia Plains,3169602383,02112026113620567,Success,
14007,Office,13884 Flatley Causeway,5290723216,02112026113620567,Success,
1667,Office,891 1st Avenue,4225094679,02112026113620567,Success,
14007,Office,99928 N 4th Street,8823987442,02112026113620567,Success,
1667,Office,224 Cooper Extension,3227625899,02112026113620567,Success,
14007,Office,4172 Olson Parks,4117546567,02112026113620567,Success,
1667,Office,6787 Modesta Plain,5157379439,02112026113620567,Success,
14007,Office,765 York Road,6705839188,02112026113620567,Success,
1667,Office,7240 Kiehn Forge,5828383860,02112026113620567,Success,
14007,Office,62743 Denesik Underpass,8866119124,02112026113620567,Success,
1667,Office,150 Marsh Lane,4645180214,02112026113620567,Success,
14007,Office,3633 Fritsch Harbors,8114942312,02112026113620567,Success,
1667,Office,5386 Bosco Fort,3266111789,02112026113620567,Success,
14007,Office,2613 Lisandro Ports,2481210643,02112026113620567,Success,
1667,Office,10496 Larson Loop,5492624901,02112026113620567,Success,
14007,Office,7518 Green Street,2067713830,02112026113620567,Success,
1667,Office,506 School Street,2893448337,02112026113620567,Success,
14007,Office,53054 Depot Street,5973606110,02112026113620567,Success,
1667,Office,15613 Willow Drive,5459005547,02112026113620567,Success,
14007,Office,80407 Krystal Ville,7832720445,02112026113620567,Success,
1667,Office,55632 Murphy Garden,1488385756,02112026113620567,Success,
14007,Office,29025 Maria Spurs,1152126799,02112026113620567,Success,
1667,Office,63163 Telly Gardens,7305725322,02112026113620567,Success,
14007,Office,44117 Hillside Avenue,5361409627,02112026113620567,Success,
1667,Office,4061 E Broadway,3203610500,02112026113620567,Success,
14007,Office,63538 Madilyn Road,5180058547,02112026113620567,Success,
1667,Office,9427 Daisha Oval,6273085013,02112026113620567,Success,
14007,Office,208 Maple Close,8413749415,02112026113620567,Success,
1667,Office,2128 W Jackson Street,5597446207,02112026113620567,Success,
14007,Office,429 Melissa Wall,4550381767,02112026113620567,Success,
1667,Office,39333 Will Lane,8045743669,02112026113620567,Success,
14007,Office,34579 Keyshawn Row,4638409363,02112026113620567,Success,
1667,Office,766 Park View,2584232352,02112026113620567,Success,
14007,Office,96913 Christophe Crossroad,4301824348,02112026113620567,Success,
1667,Office,8808 Stella Grove,5508903662,02112026113620567,Success,
14007,Office,7692 Park Street,4430871071,02112026113620567,Success,
1667,Office,8098 Main Road,1016510645,02112026113620567,Success,
14007,Office,67384 Enola View,3705380212,02112026113620567,Success,
1667,Office,451 Denesik Harbor,3999156938,02112026113620567,Success,
14007,Office,71747 Casimir Alley,8086306806,02112026113620567,Success,
1667,Office,51651 Stanton Plains,4566931742,02112026113620567,Success,
14007,Office,155 Bins Lakes,9403265986,02112026113620567,Success,
1667,Office,3082 Beier Fords,3486212171,02112026113620567,Success,
14007,Office,115 Hyman Loaf,4302055675,02112026113620567,Success,
1667,Office,9310 Karl Mills,3957702111,02112026113620567,Success,
14007,Office,6344 Spruce Street,6494852178,02112026113620567,Success,
1667,Office,345 Cummings Meadow,1882184273,02112026113620567,Success,
14007,Office,67487 Schneider Knolls,9354996708,02112026113620567,Success,
1667,Office,807 Frami Orchard,3102071808,02112026113620567,Success,
14007,Office,3143 Maymie Burg,4664531994,02112026113620567,Success,
1667,Office,19292 Quitzon Ramp,6685321332,02112026113620567,Success,
14007,Office,90515 Cross Street,9671073467,02112026113620567,Success,
1667,Office,17441 Brody Rue,9473649711,02112026113620567,Success,
14007,Office,543 Lesch Flats,5744172549,02112026113620567,Success,
1667,Office,29693 W Main,6542019423,02112026113620567,Success,
14007,Office,310 Hettinger Lights,1866888563,02112026113620567,Success,
1667,Office,2668 Veterans Memorial Highway,5681509592,02112026113620567,Success,
14007,Office,4966 Hayes Cliffs,4865970083,02112026113620567,Success,
1667,Office,56226 Norma Causeway,9520688114,02112026113620567,Success,
14007,Office,2295 Scottie Tunnel,4800531908,02112026113620567,Success,
1667,Office,36626 Parisian Summit,4243369997,02112026113620567,Success,
14007,Office,68335 Dock Key,1449698511,02112026113620567,Success,
1667,Office,434 Paucek Forge,2167789876,02112026113620567,Success,
14007,Office,51470 Bernhard Shoal,6742018450,02112026113620567,Success,
1667,Office,20793 Burley Knolls,1996254569,02112026113620567,Success,
14007,Office,74373 Madison Brook,4174516681,02112026113620567,Success,
1667,Office,4700 Ewell Camp,5013204347,02112026113620567,Success,
14007,Office,402 Delphia Via,7428335319,02112026113620567,Success,
1667,Office,169 Washington Avenue,6979790491,02112026113620567,Success,
14007,Office,9559 Hoeger Valleys,7042385283,02112026113620567,Success,
1667,Office,3210 Heath Road,9839275932,02112026113620567,Success,
14007,Office,1990 S Maple Street,5024433488,02112026113620567,Success,
1667,Office,669 Parisian Harbor,4074063775,02112026113620567,Success,
14007,Office,90360 Brenna Gardens,7407642597,02112026113620567,Success,
1667,Office,1141 Veum Views,7563775459,02112026113620567,Success,
14007,Office,146 Glover Cape,8769612156,02112026113620567,Success,
1667,Office,7502 Margret Meadows,8561065694,02112026113620567,Success,
14007,Office,3111 Church Road,6035898627,02112026113620567,Success,
1667,Office,2932 Consuelo Plains,8175502195,02112026113620567,Success,
14007,Office,570 Bobbie Bridge,8157938843,02112026113620567,Success,
1667,Office,36808 Oak Lane,7689981370,02112026113620567,Success,
14007,Office,55723 Kub Throughway,1177347746,02112026113620567,Success,
1667,Office,6211 Front Street,2071767570,02112026113620567,Success,
14007,Office,44843 Funk Key,1581243384,02112026113620567,Success,
1667,Office,594 Schneider Forges,4655237980,02112026113620567,Success,
14007,Office,2476 Sheila Haven,7055264426,02112026113620567,Success,
1667,Office,3895 Poplar Road,1879488164,02112026113620567,Success,
14007,Office,692 Dickinson Plains,9458648084,02112026113620567,Success,
1667,Office,28517 Railroad Avenue,4320328565,02112026113620567,Success,
14007,Office,7665 St Andrew's Road,1770052436,02112026113620567,Success,
1667,Office,21145 Dorothea Expressway,7594233679,02112026113620567,Success,
14007,Office,3496 Nader Cove,1288271702,02112026113620567,Success,
1667,Office,31396 Bernhard Skyway,6000120659,02112026113620567,Success,
14007,Office,2294 Kurt Way,1716814627,02112026113620567,Success,
1667,Office,531 Moss Lane,8396109992,02112026113620567,Success,
14007,Office,65087 Lionel Cliffs,2321969202,02112026113620567,Success,
1667,Office,914 Station Road,5178709616,02112026113620567,Success,
14007,Office,981 Zaria Village,6815363851,02112026113620567,Success,
1667,Office,379 Tyrel Well,7606317850,02112026113620567,Success,
14007,Office,468 Jarod Greens,5359492323,02112026113620567,Success,
1667,Office,6440 S Mill Street,6982444797,02112026113620567,Success,
14007,Office,4145 Sycamore Avenue,3593612488,02112026113620567,Success,
1667,Office,2112 Delphia Station,3683867496,02112026113620567,Success,
14007,Office,327 Humberto Parks,4008195459,02112026113620567,Success,
1667,Office,140 Lauriane Drives,3775830882,02112026113620567,Success,
14007,Office,70003 Ivy Cliffs,1162124133,02112026113620567,Success,
1667,Office,853 Lincoln Avenue,7404357399,02112026113620567,Success,
14007,Office,740 Bailey Fork,2021180026,02112026113620567,Success,
1667,Office,232 Reanna Pike,7133620302,02112026113620567,Success,
14007,Office,807 VonRueden Cliffs,4867670196,02112026113620567,Success,
1667,Office,5474 Dietrich Cove,3490083938,02112026113620567,Success,
14007,Office,4078 Cummerata Views,7264575425,02112026113620567,Success,
1667,Office,254 Olson Harbor,5771282424,02112026113620567,Success,
14007,Office,181 Mandy Radial,2049443281,02112026113620567,Success,
1667,Office,100 Lonzo Lakes,9592789499,02112026113620567,Success,
14007,Office,81205 Chapel Hill,4865403075,02112026113620567,Success,
1667,Office,4936 Judd Fort,2671907186,02112026113620567,Success,
14007,Office,9459 Howard Street,2598158253,02112026113620567,Success,
1667,Office,7375 Toy Field,1440327034,02112026113620567,Success,
14007,Office,248 Blind Lane,9241174530,02112026113620567,Success,
1667,Office,1367 N Court Street,5072331916,02112026113620567,Success,
14007,Office,2775 Amos Lane,2247620179,02112026113620567,Success,
1667,Office,9285 Belmont Road,1049381876,02112026113620567,Success,
14007,Office,26773 Andres Lane,4068359359,02112026113620567,Success,
1667,Office,9116 Torrey Ridges,8413224848,02112026113620567,Success,
14007,Office,79744 Muller Port,1847778944,02112026113620567,Success,
1667,Office,8272 Williamson Bypass,2769309081,02112026113620567,Success,
14007,Office,47150 Kris Cove,2210533844,02112026113620567,Success,
1667,Office,53252 Boyer Cliffs,1435336790,02112026113620567,Success,
14007,Office,11191 Turner Circles,4485771606,02112026113620567,Success,
1667,Office,4505 Hall Lane,7084490513,02112026113620567,Success,
14007,Office,75985 Ethyl Land,6838825444,02112026113620567,Success,
1667,Office,8056 Name Forest,3569526386,02112026113620567,Success,
14007,Office,290 Washington Boulevard,8944494503,02112026113620567,Success,
1667,Office,2419 Bechtelar Forges,5504327645,02112026113620567,Success,
14007,Office,20703 Feest Hill,6198420217,02112026113620567,Success,
1667,Office,4588 The Woodlands,4945627136,02112026113620567,Success,
14007,Office,361 Will Lights,5522216547,02112026113620567,Success,
1667,Office,32045 Jackson Street,3971381250,02112026113620567,Success,
14007,Office,8483 Champlin Mews,5723803688,02112026113620567,Success,
1667,Office,8011 Anderson Pine,9417388396,02112026113620567,Success,
14007,Office,780 Renner Points,7995712463,02112026113620567,Success,
1667,Office,97411 Chapel Road,1973882382,02112026113620567,Success,
14007,Office,27110 Timmy Oval,1405664245,02112026113620567,Success,
1667,Office,230 Yasmeen Common,2500354264,02112026113620567,Success,
14007,Office,181 Balistreri Port,7193353104,02112026113620567,Success,
1667,Office,2441 W Park Street,5465553616,02112026113620567,Success,
14007,Office,19091 Labadie Spur,1044148665,02112026113620567,Success,
1667,Office,2794 Jan Lock,9672085259,02112026113620567,Success,
14007,Office,6055 Mac Branch,4564259054,02112026113620567,Success,
1667,Office,2373 Klocko Parkway,2424514549,02112026113620567,Success,
14007,Office,7846 Weldon Village,9242705629,02112026113620567,Success,
1667,Office,2028 The Rise,7192870314,02112026113620567,Success,
14007,Office,96403 Mohammed Mews,1130398217,02112026113620567,Success,
1667,Office,91890 Oxford Road,8343720125,02112026113620567,Success,
14007,Office,724 Schuster Groves,8183533323,02112026113620567,Success,
1667,Office,6647 Orchard Lane,2876968038,02112026113620567,Success,
14007,Office,20709 W Oak Street,6060699902,02112026113620567,Success,
1667,Office,8390 Lesch Orchard,2195611902,02112026113620567,Success,
14007,Office,1419 Abbott Lights,4532648363,02112026113620567,Success,
1667,Office,7478 O'Kon Underpass,1200716647,02112026113620567,Success,
14007,Office,322 Gloucester Road,5829822917,02112026113620567,Success,
1667,Office,765 Buford Viaduct,2207786186,02112026113620567,Success,
14007,Office,95078 Johnathan Brook,7846823081,02112026113620567,Success,
1667,Office,1937 Stamm Center,5667673582,02112026113620567,Success,
14007,Office,2979 Heller Rapid,9404212220,02112026113620567,Success,
1667,Office,9607 Keagan Streets,9047384453,02112026113620567,Success,
14007,Office,812 Micah Wall,5370973432,02112026113620567,Success,
1667,Office,92083 W Grand Avenue,8789371448,02112026113620567,Success,
14007,Office,2974 Alf Underpass,9711544207,02112026113620567,Success,
1667,Office,98765 Abshire Plains,1964440656,02112026113620567,Success,
14007,Office,86647 S College Street,1778688823,02112026113620567,Success,
1667,Office,6793 Wood Street,5644082406,02112026113620567,Success,
14007,Office,323 Augusta Pine,6474405497,02112026113620567,Success,
1667,Office,10750 Schoen Burgs,5027627683,02112026113620567,Success,
14007,Office,6955 Anna Ferry,7940493028,02112026113620567,Success,
1667,Office,467 Beatty Route,8773875538,02112026113620567,Success,
14007,Office,26418 Gerhold Drive,1532429350,02112026113620567,Success,
1667,Office,540 Gerhold Estates,6446396844,02112026113620567,Success,
14007,Office,982 Kingfisher Close,1778860110,02112026113620567,Success,
1667,Office,141 Krista Haven,3569622264,02112026113620567,Success,
14007,Office,886 Andreanne Villages,7331608618,02112026113620567,Success,
1667,Office,15038 Jennyfer Roads,7296732614,02112026113620567,Success,
14007,Office,184 Huels Ridge,7894036244,02112026113620567,Success,
1667,Office,6216 Stamm Dale,2092117398,02112026113620567,Success,
14007,Office,300 Cassandra Skyway,5964143797,02112026113620567,Success,
1667,Office,368 Zulauf Harbors,1694929267,02112026113620567,Success,
14007,Office,95954 Mount Pleasant,4934390993,02112026113620567,Success,
1667,Office,21361 Janis Mills,7385839135,02112026113620567,Success,
14007,Office,485 Perry Crossroad,6807826796,02112026113620567,Success,
1667,Office,89931 Benton Centers,8503227071,02112026113620567,Success,
14007,Office,101 Treutel Flat,8222936180,02112026113620567,Success,
1667,Office,87239 Effertz Rest,8602332504,02112026113620567,Success,
14007,Office,57921 Riverside Avenue,2480701924,02112026113620567,Success,
1667,Office,5507 Blanche Lake,1980585120,02112026113620567,Success,
14007,Office,5967 York Street,4082110692,02112026113620567,Success,
1667,Office,395 Division Street,5145308381,02112026113620567,Success,
14007,Office,898 Jefferson Avenue,3900019419,02112026113620567,Success,
1667,Office,467 Elenor Crescent,2730380209,02112026113620567,Success,
14007,Office,8457 Pasquale Ford,2258495554,02112026113620567,Success,
1667,Office,5551 Frami Hill,7748620337,02112026113620567,Success,
14007,Office,870 Elm Grove,1900850468,02112026113620567,Success,
1667,Office,493 Kirlin Expressway,5829160015,02112026113620567,Success,
14007,Office,7847 Ezequiel Falls,8696771195,02112026113620567,Success,
1667,Office,76438 Jacobson Mall,9560300861,02112026113620567,Success,
14007,Office,7145 Feeney Rapids,2260668099,02112026113620567,Success,
1667,Office,5952 Myra Run,7595157201,02112026113620567,Success,
14007,Office,9461 Mitchell Avenue,8977368352,02112026113620567,Success,
1667,Office,793 Tennyson Road,2896834414,02112026113620567,Success,
14007,Office,6681 Lisa Rue,3305494711,02112026113620567,Success,
1667,Office,5009 Dorcas Curve,3069337093,02112026113620567,Success,
14007,Office,29881 Laurel Close,3351535226,02112026113620567,Success,
1667,Office,315 Christiansen Flats,7991964686,02112026113620567,Success,
14007,Office,3391 Milton Shoals,8765160286,02112026113620567,Success,
1667,Office,8237 Anita Passage,6322287362,02112026113620567,Success,
14007,Office,5317 Lancaster Road,5480389709,02112026113620567,Success,
1667,Office,946 W 7th Street,7355087803,02112026113620567,Success,
14007,Office,868 Ralph Ford,2990137674,02112026113620567,Success,
1667,Office,8083 Jackie Meadows,7233287383,02112026113620567,Success,
14007,Office,364 W 1st Street,7357874786,02112026113620567,Success,
1667,Office,363 Kreiger Parks,2561819215,02112026113620567,Success,
14007,Office,583 Zemlak Mount,3651346822,02112026113620567,Success,
1667,Office,7889 N High Street,4262328815,02112026113620567,Success,
14007,Office,3687 Cherry Close,5953901960,02112026113620567,Success,
1667,Office,398 Christina Loaf,8656908666,02112026113620567,Success,
14007,Office,1730 Ritchie Corners,6607551926,02112026113620567,Success,
1667,Office,45031 Kuhn Cape,9687436390,02112026113620567,Success,
14007,Office,9094 Kertzmann Harbors,7542418096,02112026113620567,Success,
1667,Office,515 Sylvia Key,9197496557,02112026113620567,Success,
14007,Office,185 Welch Highway,6089016968,02112026113620567,Success,
1667,Office,619 Daugherty Walk,1564627580,02112026113620567,Success,
14007,Office,2413 Ferry Cliff,1055869647,02112026113620567,Success,
1667,Office,2709 Church Path,9154989492,02112026113620567,Success,
14007,Office,4772 Euclid Avenue,2615149684,02112026113620567,Success,
1667,Office,8408 Ophelia Wall,4241991395,02112026113620567,Success,
14007,Office,555 Jensen Row,7700001412,02112026113620567,Success,
1667,Office,306 Frederick Ford,6588489037,02112026113620567,Success,
14007,Office,200 Bins Skyway,6822021871,02112026113620567,Success,
1667,Office,6374 Sammy View,3500907274,02112026113620567,Success,
14007,Office,720 Grady Neck,3474831693,02112026113620567,Success,
1667,Office,31485 Grove Road,9253432376,02112026113620567,Success,
14007,Office,2540 Dianna Mews,4942569685,02112026113620567,Success,
1667,Office,72406 Oak Drive,2438897903,02112026113620567,Success,
14007,Office,77958 Ryan Fork,6752922829,02112026113620567,Success,
1667,Office,5509 Cambridge Street,5908816488,02112026113620567,Success,
14007,Office,387 W South Street,7446169218,02112026113620567,Success,
1667,Office,562 Weimann Plaza,3734875474,02112026113620567,Success,
14007,Office,1979 Domingo Way,6728781664,02112026113620567,Success,
1667,Office,309 Wuckert Point,7070763276,02112026113620567,Success,
14007,Office,32760 Candace Mall,3613944585,02112026113620567,Success,
1667,Office,2227 Hazel Close,4789129108,02112026113620567,Success,
14007,Office,60416 Leuschke Junction,9627932921,02112026113620567,Success,
1667,Office,498 Manor Road,2227631351,02112026113620567,Success,
14007,Office,963 W Elm Street,1823783310,02112026113620567,Success,
1667,Office,901 East Avenue,5600502290,02112026113620567,Success,
14007,Office,5068 Feeney Light,7928340584,02112026113620567,Success,
1667,Office,461 Rodriguez Curve,4837970545,02112026113620567,Success,
14007,Office,11890 Mathias Radial,7309894388,02112026113620567,Success,
1667,Office,61073 Gusikowski Terrace,2486109688,02112026113620567,Success,
14007,Office,2725 Clay Lane,2275162086,02112026113620567,Success,
1667,Office,8065 Ruecker Oval,5980178064,02112026113620567,Success,
14007,Office,817 Abelardo Spring,1763259322,02112026113620567,Success,
1667,Office,93844 Cassin Glen,8640260823,02112026113620567,Success,
14007,Office,709 Konopelski Valleys,9713451059,02112026113620567,Success,
1667,Office,370 Alek Greens,9664689882,02112026113620567,Success,
14007,Office,22058 Sycamore Drive,9578588128,02112026113620567,Success,
1667,Office,9170 S Park Street,1175992609,02112026113620567,Success,
14007,Office,927 Willow Drive,6291050996,02112026113620567,Success,
1667,Office,755 Melvin Villages,7906735291,02112026113620567,Success,
14007,Office,40405 Lynch Underpass,8358332587,02112026113620567,Success,
1667,Office,501 Beech Grove,6741479234,02112026113620567,Success,
14007,Office,7380 Jamir Heights,1277454502,02112026113620567,Success,
1667,Office,39270 Mertz Fall,9892502058,02112026113620567,Success,
14007,Office,1352 W Pine Street,1240419663,02112026113620567,Success,
1667,Office,119 E 6th Street,2065455780,02112026113620567,Success,
14007,Office,76913 Reichert Passage,8787482736,02112026113620567,Success,
1667,Office,2904 Nikolaus Shore,6511850918,02112026113620567,Success,
14007,Office,9225 Woodrow Valleys,1115756592,02112026113620567,Success,
1667,Office,6727 Brendon Viaduct,3645489415,02112026113620567,Success,
14007,Office,25682 Jerde Lane,3267542209,02112026113620567,Success,
1667,Office,76838 Katharina Prairie,4697477238,02112026113620567,Success,
14007,Office,16460 Denesik Trail,9118152842,02112026113620567,Success,
1667,Office,830 Baker Street,1171271207,02112026113620567,Success,
14007,Office,76732 Hester Inlet,6023898402,02112026113620567,Success,
1667,Office,51590 Hilll Mills,8332067674,02112026113620567,Success,
14007,Office,889 Jacobs Plain,1597524636,02112026113620567,Success,
1667,Office,286 Hodkiewicz Lodge,6439681746,02112026113620567,Success,
14007,Office,57281 Clement Road,4417158052,02112026113620567,Success,
1667,Office,8763 Hane Street,5361507005,02112026113620567,Success,
14007,Office,1849 Laila Circles,7422510221,02112026113620567,Success,
1667,Office,95211 S Washington Street,5627575059,02112026113620567,Success,
14007,Office,57855 Monahan Streets,5620518391,02112026113620567,Success,
1667,Office,90044 Bradtke Junctions,6307153493,02112026113620567,Success,
14007,Office,9921 Martin Luther King Boulevard,9785252716,02112026113620567,Success,
1667,Office,5638 Runolfsson Roads,8891170261,02112026113620567,Success,
14007,Office,31160 Spring Gardens,4922245792,02112026113620567,Success,
1667,Office,925 Jennifer Dam,8596049409,02112026113620567,Success,
14007,Office,1649 Weissnat Corner,5299635190,02112026113620567,Success,
1667,Office,85813 Teresa Manors,6053595723,02112026113620567,Success,
14007,Office,212 N Front Street,4773151284,02112026113620567,Success,
1667,Office,2340 Erica Estates,1800013967,02112026113620567,Success,
14007,Office,8230 S Broadway Street,7503407560,02112026113620567,Success,
1667,Office,6146 Sipes Point,3627252636,02112026113620567,Success,
14007,Office,47420 Asia Alley,8390544968,02112026113620567,Success,
1667,Office,74092 Hirthe Causeway,9667987625,02112026113620567,Success,
14007,Office,78055 Wren Close,5311875796,02112026113620567,Success,
1667,Office,8667 Lancaster Road,1175326924,02112026113620567,Success,
14007,Office,4144 Rath Creek,7915843918,02112026113620567,Success,
1667,Office,705 Flatley Corners,4512465894,02112026113620567,Success,
14007,Office,4153 Birch Close,3072673021,02112026113620567,Success,
1667,Office,4941 Murazik Crest,1908235677,02112026113620567,Success,
14007,Office,426 Alyson Street,1123611135,02112026113620567,Success,
1667,Office,1484 Naomi Manor,2829287798,02112026113620567,Success,
14007,Office,69116 Eldridge Ford,1967260923,02112026113620567,Success,
1667,Office,44475 Laurel Close,2695327448,02112026113620567,Success,
14007,Office,419 Field Close,8028143554,02112026113620567,Success,
1667,Office,5773 Ziemann Course,8149075010,02112026113620567,Success,
14007,Office,81274 Alan Green,9909490468,02112026113620567,Success,
1667,Office,86232 The Oval,1875304538,02112026113620567,Success,
14007,Office,38189 Back Lane,3724685623,02112026113620567,Success,
1667,Office,328 Amalia Gardens,8243172606,02112026113620567,Success,
14007,Office,990 Jasen Circles,6912936124,02112026113620567,Success,
1667,Office,906 Rowe Via,5815876142,02112026113620567,Success,
14007,Office,647 The Crescent,5927571492,02112026113620567,Success,
1667,Office,5259 High Street,6179728210,02112026113620567,Success,
14007,Office,559 Terry Unions,6315717395,02112026113620567,Success,
1667,Office,448 Stanley Street,3409954014,02112026113620567,Success,
14007,Office,5165 Gorczany Estates,1382904393,02112026113620567,Success,
1667,Office,501 The Green,6668679277,02112026113620567,Success,
14007,Office,87268 S Walnut Street,3609753926,02112026113620567,Success,
1667,Office,8868 Well Lane,4850674682,02112026113620567,Success,
14007,Office,44887 Parisian Cape,7762645342,02112026113620567,Success,
1667,Office,8303 Graham Alley,8171691136,02112026113620567,Success,
14007,Office,8519 Grove Lane,2564816528,02112026113620567,Success,
1667,Office,3240 Tower Road,4546732027,02112026113620567,Success,
14007,Office,465 Champlin Circles,6830399209,02112026113620567,Success,
1667,Office,83980 E Market Street,9295112022,02112026113620567,Success,
14007,Office,33767 Cherry Close,4945850934,02112026113620567,Success,
1667,Office,862 Klocko Shore,6414731300,02112026113620567,Success,
14007,Office,5328 Stark Center,5514951446,02112026113620567,Success,
1667,Office,6526 Keira Pass,5198957648,02112026113620567,Success,
14007,Office,18345 Rowland Via,3854846949,02112026113620567,Success,
1667,Office,60002 Noemi Parkways,5913385099,02112026113620567,Success,
14007,Office,505 Leland Ferry,1812008860,02112026113620567,Success,
1667,Office,56245 Jerde Ridge,2426285473,02112026113620567,Success,
14007,Office,6295 Coronation Avenue,8629160774,02112026113620567,Success,
1667,Office,37276 Soledad Ramp,8626881860,02112026113620567,Success,
14007,Office,64306 Lehner Walks,6171919525,02112026113620567,Success,
1667,Office,1823 Flossie Haven,7606622638,02112026113620567,Success,
14007,Office,5562 N Broadway Street,1267036353,02112026113620567,Success,
1667,Office,71921 Gerlach Pike,3706642796,02112026113620567,Success,
14007,Office,641 Sanford Pass,4183663609,02112026113620567,Success,
1667,Office,450 Weimann Causeway,8480177498,02112026113620567,Success,
14007,Office,9183 Schroeder Overpass,1233487668,02112026113620567,Success,
1667,Office,87269 Nienow Lock,8666515080,02112026113620567,Success,
14007,Office,2936 Ethelyn Streets,7924232981,02112026113620567,Success,
1667,Office,6009 Tremaine Center,9793199245,02112026113620567,Success,
14007,Office,8747 Bramley Close,3028032107,02112026113620567,Success,
1667,Office,2085 Margot Extension,9726982690,02112026113620567,Success,
14007,Office,4781 Maple Drive,4497071029,02112026113620567,Success,
1667,Office,32754 Kemmer Harbor,9556019854,02112026113620567,Success,
14007,Office,275 Division Street,5766396415,02112026113620567,Success,
1667,Office,361 Wayne Center,4904477496,02112026113620567,Success,
14007,Office,529 Rose Fords,4654018945,02112026113620567,Success,
1667,Office,4403 Hermiston Spurs,5243694260,02112026113620567,Success,
14007,Office,31670 Jared Isle,7374022386,02112026113620567,Success,
1667,Office,738 The Willows,2428047421,02112026113620567,Success,
14007,Office,5474 W Central Avenue,7127249350,02112026113620567,Success,
1667,Office,196 Abbott Meadows,9183888304,02112026113620567,Success,
14007,Office,304 Sandringham Road,6612173880,02112026113620567,Success,
1667,Office,30592 Halvorson Manors,6252838184,02112026113620567,Success,
14007,Office,8147 Tyra Gateway,8911985801,02112026113620567,Success,
1667,Office,3299 Peter Row,7747789337,02112026113620567,Success,
14007,Office,361 Grady Rapids,8380980264,02112026113620567,Success,
1667,Office,24174 S Washington Avenue,7883705957,02112026113620567,Success,
14007,Office,754 Cedar Avenue,2222143204,02112026113620567,Success,
1667,Office,88849 W 5th Street,5674216613,02112026113620567,Success,
14007,Office,21172 Nolan Drives,9744166166,02112026113620567,Success,
1667,Office,282 Spring Street,7793018523,02112026113620567,Success,
14007,Office,2943 Rudolph Trafficway,2623636513,02112026113620567,Success,
1667,Office,8492 Fletcher Greens,1926503430,02112026113620567,Success,
14007,Office,393 Hilll Radial,9358515165,02112026113620567,Success,
1667,Office,878 Karine Estates,7082749154,02112026113620567,Success,
14007,Office,6188 Kutch Ridges,7813929698,02112026113620567,Success,
1667,Office,98021 Mohr Mount,7972506363,02112026113620567,Success,
14007,Office,414 Lawrence Street,2859635859,02112026113620567,Success,
1667,Office,8652 West Road,7785255241,02112026113620567,Success,
14007,Office,39970 Weber Ferry,7568748501,02112026113620567,Success,
1667,Office,20560 Brain Rapids,9537719315,02112026113620567,Success,
14007,Office,30935 Emmerich Extensions,4307771371,02112026113620567,Success,
1667,Office,3694 Don Lakes,5644322271,02112026113620567,Success,
14007,Office,9107 Stehr Keys,4116850545,02112026113620567,Success,
1667,Office,21174 Cormier Estates,7016397738,02112026113620567,Success,
14007,Office,7623 N 4th Street,8149786200,02112026113620567,Success,
1667,Office,17799 Fadel Garden,8213049211,02112026113620567,Success,
14007,Office,66555 Harrison Street,7738916056,02112026113620567,Success,
1667,Office,394 Schneider Ford,2101280147,02112026113620567,Success,
14007,Office,46190 Ondricka Neck,5159763715,02112026113620567,Success,
1667,Office,948 Glover Walks,9667678460,02112026113620567,Success,
14007,Office,25897 Beech Close,6145896933,02112026113620567,Success,
1667,Office,748 Mallie Port,5682260787,02112026113620567,Success,
14007,Office,38811 Forrest Branch,8313170713,02112026113620567,Success,
1667,Office,7552 Norwood Parkway,6792728083,02112026113620567,Success,
14007,Office,81201 E Church Street,8646311276,02112026113620567,Success,
1667,Office,2593 Victoria Place,3726951784,02112026113620567,Success,
14007,Office,62678 Strosin Circle,5263996361,02112026113620567,Success,
1667,Office,6144 Broad Street,1866770990,02112026113620567,Success,
14007,Office,7040 The Beeches,2550771373,02112026113620567,Success,
1667,Office,929 4th Avenue,6921299053,02112026113620567,Success,
14007,Office,98247 Cathryn Fort,2197704787,02112026113620567,Success,
1667,Office,72898 Fatima Camp,8071258271,02112026113620567,Success,
14007,Office,27433 Bath Street,9196266503,02112026113620567,Success,
1667,Office,46282 Park Lane,6597489879,02112026113620567,Success,
14007,Office,1373 Alec Cape,5696191465,02112026113620567,Success,
1667,Office,3600 Poplar Close,4356911276,02112026113620567,Success,
14007,Office,10438 Main Street S,6552569681,02112026113620567,Success,
1667,Office,3269 Precious Common,2512277869,02112026113620567,Success,
14007,Office,68173 Woodlands Road,7876654721,02112026113620567,Success,
1667,Office,979 Franecki Center,7451611298,02112026113620567,Success,
14007,Office,73851 Hane Divide,3044255557,02112026113620567,Success,
1667,Office,672 Bay Street,1174197533,02112026113620567,Success,
14007,Office,9968 N Front Street,1539136529,02112026113620567,Success,
1667,Office,980 South View,9256183554,02112026113620567,Success,
14007,Office,60873 Montana Spring,3703066440,02112026113620567,Success,
1667,Office,7077 Daisy Green,4460310086,02112026113620567,Success,
14007,Office,96827 E 7th Street,9515712871,02112026113620567,Success,
1667,Office,6129 Heller Roads,1072896871,02112026113620567,Success,
14007,Office,3840 Breitenberg Camp,2235537606,02112026113620567,Success,
1667,Office,630 Herzog Point,6886367908,02112026113620567,Success,
14007,Office,83382 Vida Motorway,6601224697,02112026113620567,Success,
1667,Office,428 Davis Rest,4237822224,02112026113620567,Success,
14007,Office,98816 Roman Point,8132798371,02112026113620567,Success,
1667,Office,1841 Goodwin Locks,2311621008,02112026113620567,Success,
14007,Office,79320 Hamill Plaza,2688106178,02112026113620567,Success,
1667,Office,38456 Vicenta Vista,6461616392,02112026113620567,Success,
14007,Office,52696 Cormier Summit,7073110786,02112026113620567,Success,
1667,Office,5483 W 9th Street,2188237077,02112026113620567,Success,
14007,Office,279 Dion Forks,8935436040,02112026113620567,Success,
1667,Office,80712 Craig Burg,1867649232,02112026113620567,Success,
14007,Office,36908 Rempel Springs,3039613308,02112026113620567,Success,
1667,Office,983 Christiansen Ways,8661964784,02112026113620567,Success,
14007,Office,47258 Sauer Freeway,7704924136,02112026113620567,Success,
1667,Office,577 Koch Meadow,8598611729,02112026113620567,Success,
14007,Office,12251 Caitlyn Bypass,8899347293,02112026113620567,Success,
1667,Office,548 D'Amore Stravenue,4035546662,02112026113620567,Success,
14007,Office,20234 Becker Knolls,7918874247,02112026113620567,Success,
1667,Office,52728 Brekke Ports,9466854170,02112026113620567,Success,
14007,Office,245 Kunde Fords,4974919744,02112026113620567,Success,
1667,Office,6729 Marielle Points,2110603704,02112026113620567,Success,
14007,Office,41185 Freddy Point,7312511979,02112026113620567,Success,
1667,Office,542 W 5th Street,6923007005,02112026113620567,Success,
14007,Office,765 Riley Road,7240206248,02112026113620567,Success,
1667,Office,31143 Steuber Glens,2445368385,02112026113620567,Success,
14007,Office,71387 West Mall,4905911134,02112026113620567,Success,
1667,Office,7068 Low Road,2835190724,02112026113620567,Success,
14007,Office,7097 Hamill Courts,2728644307,02112026113620567,Success,
1667,Office,71082 Gwen Field,9041100414,02112026113620567,Success,
14007,Office,555 Vine Street,5709974779,02112026113620567,Success,
1667,Office,7141 Rolando Circle,4808298463,02112026113620567,Success,
14007,Office,459 Bode Shoal,2528342496,02112026113620567,Success,
1667,Office,49724 Christopher Throughway,2165591340,02112026113620567,Success,
14007,Office,27999 Hettinger Neck,4098154598,02112026113620567,Success,
1667,Office,985 Rowan Close,8177220662,02112026113620567,Success,
14007,Office,853 New Lane,8173494418,02112026113620567,Success,
1667,Office,13297 Kuvalis Fort,3055929403,02112026113620567,Success,
14007,Office,718 Maynard Isle,8001288041,02112026113620567,Success,
1667,Office,87791 Tobin Ranch,9065116354,02112026113620567,Success,
14007,Office,82354 School Road,8284975763,02112026113620567,Success,
1667,Office,33876 Tito Junctions,2878712677,02112026113620567,Success,
14007,Office,34515 Osinski Motorway,6695151561,02112026113620567,Success,
1667,Office,2661 Rod Loaf,6469413838,02112026113620567,Success,
14007,Office,39678 Reichert Crossing,6191596177,02112026113620567,Success,
1667,Office,39571 Christiansen Junctions,5784837315,02112026113620567,Success,
14007,Office,1611 Hirthe Underpass,9713505687,02112026113620567,Success,
1667,Office,457 Kihn Station,4735135590,02112026113620567,Success,
14007,Office,867 Glebe Close,3276770847,02112026113620567,Success,
1667,Office,35547 S 1st Avenue,4459282194,02112026113620567,Success,
14007,Office,770 W 14th Street,7165611234,02112026113620567,Success,
1667,Office,22706 Bailey Fields,5818809080,02112026113620567,Success,
14007,Office,10330 Lowe Freeway,5377191868,02112026113620567,Success,
1667,Office,677 Hand Islands,8458310981,02112026113620567,Success,
14007,Office,78850 Wiegand Gateway,1218986847,02112026113620567,Success,
1667,Office,410 N Center Street,4592704951,02112026113620567,Success,
14007,Office,535 N Jackson Street,9793838947,02112026113620567,Success,
1667,Office,677 Angel Locks,1299784113,02112026113620567,Success,
14007,Office,17846 Forest Avenue,1976670007,02112026113620567,Success,
1667,Office,8974 N 3rd Street,8735995083,02112026113620567,Success,
14007,Office,322 Arvel Dale,2039998573,02112026113620567,Success,
1667,Office,56604 Fisher Plain,7773159174,02112026113620567,Success,
14007,Office,259 Rectory Lane,9800628493,02112026113620567,Success,
1667,Office,6776 N Railroad Street,8942879285,02112026113620567,Success,
14007,Office,5994 Atlantic Avenue,4293670664,02112026113620567,Success,
1667,Office,94702 Cyrus Rapids,4484384576,02112026113620567,Success,
14007,Office,86970 Langworth Ferry,4219516034,02112026113620567,Success,
1667,Office,4914 Harrison Street,2657099319,02112026113620567,Success,
14007,Office,114 W 1st Street,5311599739,02112026113620567,Success,
1667,Office,21095 Christelle Neck,4212282354,02112026113620567,Success,
14007,Office,4843 Boehm Expressway,1837520146,02112026113620567,Success,
1667,Office,6030 Jess Mountain,6757899436,02112026113620567,Success,
14007,Office,244 5th Street,6012576170,02112026113620567,Success,
1667,Office,533 Steuber Ranch,7173997604,02112026113620567,Success,
14007,Office,59527 Osinski Branch,4113376191,02112026113620567,Success,
1667,Office,865 Marlin Freeway,8909333138,02112026113620567,Success,
14007,Office,7174 Gail Club,1132018807,02112026113620567,Success,
1667,Office,271 Boyer Ridges,3186997341,02112026113620567,Success,
14007,Office,7035 Hammes Overpass,2683000292,02112026113620567,Success,
1667,Office,68450 Fahey Run,5450183523,02112026113620567,Success,
14007,Office,22838 Coronation Road,5140525957,02112026113620567,Success,
1667,Office,9647 Castle Road,5545722562,02112026113620567,Success,
14007,Office,581 W Lake Street,5787347670,02112026113620567,Success,
1667,Office,593 E Church Street,1165589982,02112026113620567,Success,
14007,Office,55652 Leanne Union,3718812956,02112026113620567,Success,
1667,Office,4746 Mitchell Falls,4344161251,02112026113620567,Success,
14007,Office,44816 Hill Road,2484730970,02112026113620567,Success,
1667,Office,342 Malika Lane,9044553876,02112026113620567,Success,
14007,Office,95486 Wintheiser Common,6786270605,02112026113620567,Success,
1667,Office,1425 Grayce Mountain,4059313727,02112026113620567,Success,
14007,Office,19003 Riverside,6744394632,02112026113620567,Success,
1667,Office,9341 Sandrine Station,9599052562,02112026113620567,Success,
14007,Office,82657 Helene Views,8194610535,02112026113620567,Success,
1667,Office,94274 Myron Corners,2748989055,02112026113620567,Success,
14007,Office,54613 Jaylin Haven,5817694674,02112026113620567,Success,
1667,Office,6191 Grange Avenue,4647788863,02112026113620567,Success,
14007,Office,3424 S 9th Street,1337550285,02112026113620567,Success,
1667,Office,66161 Mayer Fort,9301739908,02112026113620567,Success,
14007,Office,2621 Morar Junctions,9612946398,02112026113620567,Success,
1667,Office,6548 Cordell Roads,3303572180,02112026113620567,Success,
14007,Office,4404 W 3rd Street,4196157563,02112026113620567,Success,
1667,Office,702 Strosin Lake,6091135142,02112026113620567,Success,
14007,Office,837 Alene Park,8730704842,02112026113620567,Success,
1667,Office,3514 Satterfield Fork,8070841858,02112026113620567,Success,
14007,Office,44406 Hollie Flat,4670997502,02112026113620567,Success,
1667,Office,876 Center Street,8093687643,02112026113620567,Success,
14007,Office,688 Hammes Ports,9813587449,02112026113620567,Success,
1667,Office,68240 Garrett Way,4874625913,02112026113620567,Success,
14007,Office,340 Fritsch Wells,1821844245,02112026113620567,Success,
1667,Office,2335 Hartmann Glen,4247574139,02112026113620567,Success,
14007,Office,25326 Brook Street,3388857758,02112026113620567,Success,
1667,Office,6529 Hills Parks,2328598499,02112026113620567,Success,
14007,Office,61328 Mikel Bridge,9489232798,02112026113620567,Success,
1667,Office,345 Lesch Port,9125401775,02112026113620567,Success,
14007,Office,75461 Waterloo Road,9020973023,02112026113620567,Success,
1667,Office,42376 Luettgen Summit,9073142502,02112026113620567,Success,
14007,Office,62484 Ivory Route,1894640013,02112026113620567,Success,
1667,Office,99789 Littel Bridge,5024715665,02112026113620567,Success,
14007,Office,6402 Richmond Road,8325213032,02112026113620567,Success,
1667,Office,72359 Dora Cape,5306081285,02112026113620567,Success,
14007,Office,2576 Union Avenue,5838890149,02112026113620567,Success,
1667,Office,437 St Andrews Close,9584749237,02112026113620567,Success,
14007,Office,2449 Oral Way,4672009819,02112026113620567,Success,
1667,Office,5695 Buckingham Road,8037413571,02112026113620567,Success,
14007,Office,962 Dickens View,3973049399,02112026113620567,Success,
1667,Office,45063 Windsor Drive,3824658967,02112026113620567,Success,
14007,Office,364 The Laurels,2038926216,02112026113620567,Success,
1667,Office,664 Sadie Union,2533947838,02112026113620567,Success,
14007,Office,755 Gregory Circles,2148466600,02112026113620567,Success,
1667,Office,72563 W Lake Street,7212264875,02112026113620567,Success,
14007,Office,8397 Swaniawski Port,8177441052,02112026113620567,Success,
1667,Office,1964 Maple Road,1975401774,02112026113620567,Success,
14007,Office,397 Hauck Wells,8781100939,02112026113620567,Success,
1667,Office,193 Valley Road,7022672357,02112026113620567,Success,
14007,Office,1133 Judd Knolls,2294145141,02112026113620567,Success,
1667,Office,6126 County Road,2584524460,02112026113620567,Success,
14007,Office,2850 The Paddocks,2384103433,02112026113620567,Success,
1667,Office,315 Madison Street,7220966652,02112026113620567,Success,
14007,Office,751 Santos Pine,2507712063,02112026113620567,Success,
1667,Office,42615 Brook Street,8483238252,02112026113620567,Success,
14007,Office,1903 Bergstrom Glens,7149611126,02112026113620567,Success,
1667,Office,45523 Railroad Street,8962454915,02112026113620567,Success,
14007,Office,372 N Pearl Street,4857622612,02112026113620567,Success,
1667,Office,358 Broadway Street,4539234769,02112026113620567,Success,
14007,Office,72734 Anibal Pine,9863321081,02112026113620567,Success,
1667,Office,8446 Clark Street,6669116301,02112026113620567,Success,
14007,Office,62974 Sporer Curve,9520034749,02112026113620567,Success,
1667,Office,731 Emily Row,8685927016,02112026113620567,Success,
14007,Office,22558 N Poplar Street,7413782656,02112026113620567,Success,
1667,Office,73474 Camryn Way,6429759123,02112026113620567,Success,
14007,Office,8203 The Square,9363472524,02112026113620567,Success,
1667,Office,27476 W Grand Avenue,9249614557,02112026113620567,Success,
14007,Office,2504 Main Street E,9501729481,02112026113620567,Success,
1667,Office,33735 Martin Field,6491554581,02112026113620567,Success,
14007,Office,7434 Bridge Road,3181655532,02112026113620567,Success,
1667,Office,279 Milton Road,5196869823,02112026113620567,Success,
14007,Office,56839 Rosenbaum Wells,3734353704,02112026113620567,Success,
1667,Office,75280 McCullough Hill,5388954313,02112026113620567,Success,
14007,Office,80163 Wintheiser Spur,6826275838,02112026113620567,Success,
1667,Office,2388 S College Street,5263490733,02112026113620567,Success,
14007,Office,360 Emory Lock,5397906780,02112026113620567,Success,
1667,Office,154 Francis Crossroad,6005714902,02112026113620567,Success,
14007,Office,8339 Mann Flats,8625951376,02112026113620567,Success,
1667,Office,91142 Gunnar Mount,5945964773,02112026113620567,Success,
14007,Office,77048 Kelley Groves,9683003551,02112026113620567,Success,
1667,Office,77492 Koss Garden,5877377178,02112026113620567,Success,
14007,Office,47589 S Elm Street,4733050083,02112026113620567,Success,
1667,Office,4238 Daniel Ways,1857531130,02112026113620567,Success,
14007,Office,8696 Beaulah Way,5138913687,02112026113620567,Success,
1667,Office,95235 North Lane,1031450207,02112026113620567,Success,
14007,Office,47632 Miller Wall,1231169134,02112026113620567,Success,
1667,Office,84952 Justine Mountains,5970678205,02112026113620567,Success,
14007,Office,34902 Zakary Valleys,8159474477,02112026113620567,Success,
1667,Office,743 Lulu Summit,7865494622,02112026113620567,Success,
14007,Office,219 Effertz Vista,5331922679,02112026113620567,Success,
1667,Office,6229 Clay Lane,4197312080,02112026113620567,Success,
14007,Office,3594 Labadie Rest,2714603636,02112026113620567,Success,
1667,Office,508 Adams Avenue,8986677221,02112026113620567,Success,
14007,Office,2398 Oak Road,1420074497,02112026113620567,Success,
1667,Office,6504 Railroad Avenue,5612158434,02112026113620567,Success,
14007,Office,68603 Isabella Meadows,3862518271,02112026113620567,Success,
1667,Office,9277 Euna Park,5797534211,02112026113620567,Success,
14007,Office,1836 Howard Road,3200117028,02112026113620567,Success,
1667,Office,54414 Liberty Street,7250996560,02112026113620567,Success,
14007,Office,65715 Main Street S,2064776746,02112026113620567,Success,
1667,Office,117 Lake Avenue,1691725828,02112026113620567,Success,
14007,Office,621 Manor Road,2635040490,02112026113620567,Success,
1667,Office,81669 Mount Pleasant,2781496709,02112026113620567,Success,
14007,Office,4220 Immanuel Stream,6369699148,02112026113620567,Success,
1667,Office,6628 Yost Loaf,8333684218,02112026113620567,Success,
14007,Office,14567 Milton Road,6229880658,02112026113620567,Success,
1667,Office,568 Chapel Hill,8463142008,02112026113620567,Success,
14007,Office,529 Elda Glens,2251629823,02112026113620567,Success,
1667,Office,25091 Euclid Avenue,5790910568,02112026113620567,Success,
14007,Office,91585 Center Street,8279537271,02112026113620567,Success,
1667,Office,13911 Anastacio Wall,8048977585,02112026113620567,Success,
14007,Office,2547 Parker Cape,4948823448,02112026113620567,Success,
1667,Office,6114 Jenkins Club,7852081928,02112026113620567,Success,
14007,Office,267 Bauch Overpass,1221401589,02112026113620567,Success,
1667,Office,53055 Pearl Street,7491412229,02112026113620567,Success,
14007,Office,4208 Shanahan Isle,6939833886,02112026113620567,Success,
1667,Office,78755 Deven Gardens,1950483349,02112026113620567,Success,
14007,Office,150 Kendra Summit,1669458451,02112026113620567,Success,
1667,Office,7944 Quentin Gateway,6454107861,02112026113620567,Success,
14007,Office,1479 Lindgren Junction,8663177999,02112026113620567,Success,
1667,Office,315 Gregg Corners,6540383305,02112026113620567,Success,
14007,Office,7511 Delphia Harbor,2105714981,02112026113620567,Success,
1667,Office,229 E 9th Street,5922411859,02112026113620567,Success,
14007,Office,75231 School Close,4771034841,02112026113620567,Success,
1667,Office,7500 Flavie Roads,1242379946,02112026113620567,Success,
14007,Office,47339 Raynor Estate,4961071458,02112026113620567,Success,
1667,Office,72082 Milton Street,9848468087,02112026113620567,Success,
14007,Office,242 King Parkway,9651459947,02112026113620567,Success,
1667,Office,7772 West Neck,5775734479,02112026113620567,Success,
14007,Office,132 16th Street,2493054543,02112026113620567,Success,
1667,Office,9503 Ida Springs,9281657240,02112026113620567,Success,
14007,Office,3337 Alden Port,8869629998,02112026113620567,Success,
1667,Office,88538 Dolly Via,4809656258,02112026113620567,Success,
14007,Office,8095 Timmy Burg,6785223240,02112026113620567,Success,
1667,Office,52562 Ash Street,1720918349,02112026113620567,Success,
14007,Office,863 Ruben Pines,9756818277,02112026113620567,Success,
1667,Office,546 York Road,7285011138,02112026113620567,Success,
14007,Office,617 W 8th Street,7677481698,02112026113620567,Success,
1667,Office,9135 Antonio Keys,3248430753,02112026113620567,Success,
14007,Office,2262 Main Street N,7349180440,02112026113620567,Success,
1667,Office,76307 Carey Court,9221595949,02112026113620567,Success,
14007,Office,90953 Low Road,8404442210,02112026113620567,Success,
1667,Office,1215 Kristoffer Junction,8912907427,02112026113620567,Success,
14007,Office,57933 Claremont Road,2750108676,02112026113620567,Success,
1667,Office,59054 Maple Close,7774068737,02112026113620567,Success,
14007,Office,957 Hazel Close,6324428793,02112026113620567,Success,
1667,Office,6865 Lewis Lights,3729396003,02112026113620567,Success,
14007,Office,923 Hilma Oval,7526071041,02112026113620567,Success,
1667,Office,8549 Hahn Lakes,6366216062,02112026113620567,Success,
14007,Office,349 Maurice Curve,9798116592,02112026113620567,Success,
1667,Office,5666 Linnea Lights,2846016503,02112026113620567,Success,
14007,Office,3999 Kassulke Terrace,2672618814,02112026113620567,Success,
1667,Office,7601 Bart Dam,5769778896,02112026113620567,Success,
14007,Office,30398 West End,3604986784,02112026113620567,Success,
1667,Office,194 Ole Mill,8987114992,02112026113620567,Success,
14007,Office,128 Martin Luther King Jr Boulevard,8741523236,02112026113620567,Success,
1667,Office,51922 Schoen Walk,8826083574,02112026113620567,Success,
14007,Office,9611 North Street,7864822506,02112026113620567,Success,
1667,Office,1386 Hamill Route,9348162806,02112026113620567,Success,
14007,Office,8963 Osborne Junction,2286543281,02112026113620567,Success,
1667,Office,9952 N Washington Avenue,6146288932,02112026113620567,Success,
14007,Office,85012 Retha Walk,7429899723,02112026113620567,Success,
1667,Office,19496 Kaylee Lock,3277556003,02112026113620567,Success,
14007,Office,49339 Minnie Prairie,3336785256,02112026113620567,Success,
1667,Office,60675 Jorge Ridge,7110654749,02112026113620567,Success,
14007,Office,423 Perry Estates,4423522365,02112026113620567,Success,
1667,Office,2063 Spinka Pass,9185106843,02112026113620567,Success,
14007,Office,27845 Bridge Street,1020509968,02112026113620567,Success,
1667,Office,296 N Park Street,7545743220,02112026113620567,Success,
14007,Office,933 Elwin Roads,3132778050,02112026113620567,Success,
1667,Office,40183 Orlo Bypass,7110745916,02112026113620567,Success,
14007,Office,89421 Eloisa Alley,9297949874,02112026113620567,Success,
1667,Office,6575 Alvina Mountain,6539940204,02112026113620567,Success,
14007,Office,565 Gusikowski Courts,9908598753,02112026113620567,Success,
1667,Office,21676 Boyle Forge,8548507618,02112026113620567,Success,
14007,Office,5961 S 3rd Street,3575883285,02112026113620567,Success,
1667,Office,820 E Washington Avenue,9034987789,02112026113620567,Success,
14007,Office,37680 Kathleen Spurs,8982190206,02112026113620567,Success,
1667,Office,397 Abshire Hill,6655796855,02112026113620567,Success,
14007,Office,7163 Gleichner Path,6838164838,02112026113620567,Success,
1667,Office,35493 Jessika Mews,1267826794,02112026113620567,Success,
14007,Office,18932 Annabell Ferry,6093329805,02112026113620567,Success,
1667,Office,374 Angelica Harbor,9554670099,02112026113620567,Success,
14007,Office,50448 Washington Road,5032248359,02112026113620567,Success,
1667,Office,174 Ansley Views,3907732509,02112026113620567,Success,
14007,Office,5515 Romaguera Coves,8254997816,02112026113620567,Success,
1667,Office,6376 Wilkinson Lakes,2113647901,02112026113620567,Success,
14007,Office,52337 Rice Centers,8922768940,02112026113620567,Success,
1667,Office,19409 Ernser Spur,9212471098,02112026113620567,Success,
14007,Office,6297 Marvin Mill,7426782772,02112026113620567,Success,
1667,Office,66438 Hall Lane,5797254386,02112026113620567,Success,
14007,Office,32579 Constance Brooks,9196291600,02112026113620567,Success,
1667,Office,8495 E 5th Street,5707279159,02112026113620567,Success,
14007,Office,3008 Runolfsdottir Pike,1231511469,02112026113620567,Success,
1667,Office,59701 Molly Dale,1118232740,02112026113620567,Success,
14007,Office,864 Lancaster Road,7031653471,02112026113620567,Success,
1667,Office,7019 Patricia Vista,7628745628,02112026113620567,Success,
14007,Office,971 Cumberland Street,4427129772,02112026113620567,Success,
1667,Office,29139 Brennan Locks,9216004533,02112026113620567,Success,
14007,Office,57661 Pine Close,5012047808,02112026113620567,Success,
1667,Office,36535 Oak Lane,7979256386,02112026113620567,Success,
14007,Office,1545 Kerluke Ports,4432310804,02112026113620567,Success,
1667,Office,9712 Hazel Grove,5397601481,02112026113620567,Success,
14007,Office,664 Dewitt Isle,8003956789,02112026113620567,Success,
1667,Office,288 Ulices Falls,4337333336,02112026113620567,Success,
14007,Office,81471 Bartoletti Fields,4199369601,02112026113620567,Success,
1667,Office,7940 Fay Island,9712178368,02112026113620567,Success,
14007,Office,374 Rupert Vista,2205754044,02112026113620567,Success,
1667,Office,245 Nienow Rapid,1157517407,02112026113620567,Success,
14007,Office,73858 Clarendon Road,9981075922,02112026113620567,Success,
1667,Office,35079 Erwin Overpass,3857953402,02112026113620567,Success,
14007,Office,3034 Freeman Valleys,7940244991,02112026113620567,Success,
1667,Office,426 Luna Camp,8729224578,02112026113620567,Success,
14007,Office,56415 Kristina Terrace,5992949836,02112026113620567,Success,
1667,Office,1456 Saul Well,1241988187,02112026113620567,Success,
14007,Office,6925 Amina Common,9003151678,02112026113620567,Success,
1667,Office,19910 S Bridge Street,2215746235,02112026113620567,Success,
14007,Office,454 Vicenta Cape,8012483861,02112026113620567,Success,
1667,Office,1833 Railway Street,2383772413,02112026113620567,Success,
14007,Office,57004 9th Street,8264053088,02112026113620567,Success,
1667,Office,2941 Lancaster Road,9291529894,02112026113620567,Success,
14007,Office,32922 The Glebe,5876465158,02112026113620567,Success,
1667,Office,285 Veterans Memorial Drive,6323444283,02112026113620567,Success,
14007,Office,9743 D'Amore Gateway,6142409307,02112026113620567,Success,
1667,Office,987 N 5th Street,8156872323,02112026113620567,Success,
14007,Office,851 Nelson Road,6960101331,02112026113620567,Success,
1667,Office,80697 Destini Club,4588975543,02112026113620567,Success,
14007,Office,6224 King Union,9183395267,02112026113620567,Success,
1667,Office,252 Will Canyon,8025921738,02112026113620567,Success,
14007,Office,6807 Purdy Spring,4588803970,02112026113620567,Success,
1667,Office,93418 E River Road,7256780752,02112026113620567,Success,
14007,Office,90398 Conn Viaduct,1522144484,02112026113620567,Success,
1667,Office,7850 Mallory Throughway,3635273920,02112026113620567,Success,
14007,Office,699 Lyla Fields,9606955739,02112026113620567,Success,
1667,Office,41929 Valentin Shore,6121042421,02112026113620567,Success,
14007,Office,62588 Considine Hollow,5961588225,02112026113620567,Success,
1667,Office,47895 Cruickshank Pike,3909289271,02112026113620567,Success,
14007,Office,30675 Rippin Inlet,6151925806,02112026113620567,Success,
1667,Office,485 Stoney Lane,8772633911,02112026113620567,Success,
14007,Office,12674 W Maple Street,9345007200,02112026113620567,Success,
1667,Office,325 Delta Fall,1246177650,02112026113620567,Success,
14007,Office,7488 Tudor Close,2759549591,02112026113620567,Success,
1667,Office,50297 Konopelski Islands,1190922929,02112026113620567,Success,
14007,Office,32885 Schowalter Path,7805089959,02112026113620567,Success,
1667,Office,63596 Tremblay Plaza,9664148579,02112026113620567,Success,
14007,Office,29789 Hauck Fort,6856517910,02112026113620567,Success,
1667,Office,31215 Trantow River,6894247478,02112026113620567,Success,
14007,Office,27088 Walsh Greens,8442780851,02112026113620567,Success,
1667,Office,6326 Destin Well,9820884769,02112026113620567,Success,
14007,Office,77866 Stanton Squares,8435224460,02112026113620567,Success,
1667,Office,76137 Eliseo Coves,9976294916,02112026113620567,Success,
14007,Office,25859 Gilda Curve,3157948829,02112026113620567,Success,
1667,Office,571 S Park Street,9670852494,02112026113620567,Success,
14007,Office,913 Lenny Flats,7417956330,02112026113620567,Success,
1667,Office,69437 E Broad Street,4999994684,02112026113620567,Success,
14007,Office,896 Ebert View,3812257966,02112026113620567,Success,
1667,Office,3063 Larson Ridges,5236826029,02112026113620567,Success,
14007,Office,650 Woodlands Road,9020991923,02112026113620567,Success,
1667,Office,27690 Ash Grove,3569252168,02112026113620567,Success,
14007,Office,52618 Mills Branch,9744698321,02112026113620567,Success,
1667,Office,5062 Hand Forest,3382406431,02112026113620567,Success,
14007,Office,93399 E Main,7021311260,02112026113620567,Success,
1667,Office,7026 Gleason Parkways,3714872522,02112026113620567,Success,
14007,Office,7947 Hoppe Heights,7113109089,02112026113620567,Success,
1667,Office,14898 Strosin Trafficway,1181664404,02112026113620567,Success,
14007,Office,64507 Kyleigh Corners,4714684025,02112026113620567,Success,
1667,Office,786 Elm Grove,9915738343,02112026113620567,Success,
14007,Office,1675 Ledner Turnpike,9338891679,02112026113620567,Success,
1667,Office,802 Washington Avenue,4547465495,02112026113620567,Success,
14007,Office,8604 10th Street,8329415283,02112026113620567,Success,
1667,Office,9417 Kilback Grove,5048655562,02112026113620567,Success,
14007,Office,1089 Ludie Fall,6729957759,02112026113620567,Success,
1667,Office,7498 Maple Drive,6325671695,02112026113620567,Success,
14007,Office,390 Rickey Centers,1111768860,02112026113620567,Success,
1667,Office,752 April Gateway,4416361650,02112026113620567,Success,
14007,Office,870 Vilma Camp,8931440942,02112026113620567,Success,
1667,Office,55800 Veterans Memorial Highway,9872893382,02112026113620567,Success,
14007,Office,22407 Felicity Forge,8748164925,02112026113620567,Success,
1667,Office,859 Karley Stream,6196170900,02112026113620567,Success,
14007,Office,4399 Cow Lane,3356507503,02112026113620567,Success,
1667,Office,7340 O'Reilly Bypass,1353183298,02112026113620567,Success,
14007,Office,230 Donavon Coves,1661984346,02112026113620567,Success,
1667,Office,8685 Green Crossroad,5751305016,02112026113620567,Success,
14007,Office,524 Cleveland Street,5527921260,02112026113620567,Success,
1667,Office,96758 N Washington Street,6014074503,02112026113620567,Success,
14007,Office,75763 Warren Close,6521232057,02112026113620567,Success,
1667,Office,14329 Woodrow Haven,2141728620,02112026113620567,Success,
14007,Office,268 Krajcik Cape,5845267617,02112026113620567,Success,
1667,Office,89963 Beahan Drive,2125585733,02112026113620567,Success,
14007,Office,85412 Main Street S,8154434187,02112026113620567,Success,
1667,Office,89280 Runolfsdottir Mountain,2455055746,02112026113620567,Success,
14007,Office,465 Kestrel Close,7225484095,02112026113620567,Success,
1667,Office,32196 Miles Rapids,3968744710,02112026113620567,Success,
14007,Office,39277 The Ridgeway,7798211014,02112026113620567,Success,
1667,Office,3847 Clarence Street,9771245676,02112026113620567,Success,
14007,Office,972 Vandervort Wells,5911624978,02112026113620567,Success,
1667,Office,98887 S Jefferson Street,1808725721,02112026113620567,Success,
14007,Office,7925 Cartwright Point,3289072359,02112026113620567,Success,
1667,Office,1160 Wiegand Club,2714104008,02112026113620567,Success,
14007,Office,9559 E 4th Avenue,1064701695,02112026113620567,Success,
1667,Office,8575 Mitchell Hill,3579009384,02112026113620567,Success,
14007,Office,61858 Jackson Avenue,3931476315,02112026113620567,Success,
1667,Office,27165 Joana Estates,3425144554,02112026113620567,Success,
14007,Office,312 Eunice Port,1307980458,02112026113620567,Success,
1667,Office,25983 Elvie Heights,2378604370,02112026113620567,Success,
14007,Office,1895 Center Avenue,2675304250,02112026113620567,Success,
1667,Office,620 Stephan Harbors,1786458407,02112026113620567,Success,
14007,Office,972 Alessia Crest,8861942782,02112026113620567,Success,
1667,Office,799 McGlynn Extension,2308634871,02112026113620567,Success,
14007,Office,8002 Albina Green,5842551657,02112026113620567,Success,
1667,Office,21397 Theodora Park,9279188385,02112026113620567,Success,
14007,Office,3489 Verona Dale,4397907869,02112026113620567,Success,
1667,Office,2081 Mosciski Radial,5442991440,02112026113620567,Success,
14007,Office,6662 Donnie Crescent,3644411843,02112026113620567,Success,
1667,Office,700 Albert Valleys,2399184682,02112026113620567,Success,
14007,Office,60311 Beahan Drive,5283752304,02112026113620567,Success,
1667,Office,292 Haylie Freeway,3446134659,02112026113620567,Success,
14007,Office,303 Terrance Mews,8640988911,02112026113620567,Success,
1667,Office,743 Rylan Ville,9921510758,02112026113620567,Success,
14007,Office,64593 Runolfsson Meadows,1004982887,02112026113620567,Success,
1667,Office,5767 Libbie Valleys,5274961299,02112026113620567,Success,
14007,Office,668 W 4th Street,4269676915,02112026113620567,Success,
1667,Office,3327 Margaretta Path,2247121590,02112026113620567,Success,
14007,Office,7114 Randal Cliffs,1648167777,02112026113620567,Success,
1667,Office,28259 Vicarage Close,7439382322,02112026113620567,Success,
14007,Office,16114 Station Street,9757183577,02112026113620567,Success,
1667,Office,69546 The Glebe,2483111681,02112026113620567,Success,
14007,Office,38307 6th Street,3177848281,02112026113620567,Success,
1667,Office,91217 Tudor Close,8422795994,02112026113620567,Success,
14007,Office,5650 Third Street,5624309928,02112026113620567,Success,
1667,Office,189 Thompson Plains,9421934806,02112026113620567,Success,
14007,Office,894 Ray Meadow,5896605051,02112026113620567,Success,
1667,Office,4598 Kaylah Rue,1923704390,02112026113620567,Success,
14007,Office,448 Armani Parks,6373663997,02112026113620567,Success,
1667,Office,41825 O'Connell Views,2045283296,02112026113620567,Success,
14007,Office,7187 Antonina Pike,3347979664,02112026113620567,Success,
1667,Office,749 Lesch Court,6753697230,02112026113620567,Success,
14007,Office,938 Adams Harbors,5956840245,02112026113620567,Success,
1667,Office,71101 Rosario Throughway,2659080759,02112026113620567,Success,
14007,Office,9842 Hintz Burgs,8930364949,02112026113620567,Success,
1667,Office,4715 Volkman Port,5155302836,02112026113620567,Success,
14007,Office,3289 Victoria Road,1310715673,02112026113620567,Success,
1667,Office,8757 Schiller Squares,5277600720,02112026113620567,Success,
14007,Office,3326 The Meadows,3157221910,02112026113620567,Success,
1667,Office,933 Kingsway,6412547864,02112026113620567,Success,
14007,Office,4370 Alexzander Path,6932939589,02112026113620567,Success,
1667,Office,1240 Schmitt Underpass,1283365684,02112026113620567,Success,
14007,Office,42612 Bayer Freeway,2799337880,02112026113620567,Success,
1667,Office,461 Martin Luther King Jr Boulevard,4541092320,02112026113620567,Success,
14007,Office,1141 Alvena Gardens,9964682954,02112026113620567,Success,
1667,Office,21132 W Front Street,6125272076,02112026113620567,Success,
14007,Office,17784 Langworth Wall,5688199121,02112026113620567,Success,
1667,Office,763 N Cedar Street,1336698580,02112026113620567,Success,
14007,Office,1845 Collier Mount,7282478594,02112026113620567,Success,
1667,Office,275 W State Street,6390771354,02112026113620567,Success,
14007,Office,2891 N Washington Street,8954672391,02112026113620567,Success,
1667,Office,904 S Monroe Street,1205646579,02112026113620567,Success,
14007,Office,9653 Smith Street,6717275090,02112026113620567,Success,
1667,Office,2079 Buckingham Road,1274576185,02112026113620567,Success,
14007,Office,9115 Metz Mews,7198528761,02112026113620567,Success,
1667,Office,8174 Stanley Road,8179067101,02112026113620567,Success,
14007,Office,61352 Park Crescent,4448120186,02112026113620567,Success,
1667,Office,640 Jarvis Valleys,9148868625,02112026113620567,Success,
14007,Office,588 Cormier Drive,8804136382,02112026113620567,Success,
1667,Office,262 Assunta Viaduct,8201533035,02112026113620567,Success,
14007,Office,213 Schumm Isle,7788792922,02112026113620567,Success,
1667,Office,7645 N State Street,5764522082,02112026113620567,Success,
14007,Office,48061 Medhurst Curve,3222695897,02112026113620567,Success,
1667,Office,92864 Block Orchard,9802701466,02112026113620567,Success,
14007,Office,26731 Jacobi Trace,8039317571,02112026113620567,Success,
1667,Office,8774 1st Street,7662861022,02112026113620567,Success,
14007,Office,7769 Cromwell Road,1970244441,02112026113620567,Success,
1667,Office,9281 Alyce Union,4093858057,02112026113620567,Success,
14007,Office,6783 Reinger Extension,2872102451,02112026113620567,Success,
1667,Office,7006 VonRueden Causeway,8763081406,02112026113620567,Success,
14007,Office,12282 Abigale Mountain,7250632859,02112026113620567,Success,
1667,Office,575 N Market Street,1269259048,02112026113620567,Success,
14007,Office,2261 Antonietta Valleys,9803555803,02112026113620567,Success,
1667,Office,47608 Borer Mills,5811605675,02112026113620567,Success,
14007,Office,3080 Lodge Close,9894824972,02112026113620567,Success,
1667,Office,58684 Katelin Crest,8805227984,02112026113620567,Success,
14007,Office,7790 Maude Loaf,7615121626,02112026113620567,Success,
1667,Office,574 Flatley Meadow,7440051133,02112026113620567,Success,
14007,Office,88267 River Parkways,6198101242,02112026113620567,Success,
1667,Office,518 Wayne Pike,2673763259,02112026113620567,Success,
14007,Office,666 Borer Way,9312075170,02112026113620567,Success,
1667,Office,5565 Dark Lane,3241624120,02112026113620567,Success,
14007,Office,313 Marge Causeway,2703012746,02112026113620567,Success,
1667,Office,45338 Bahringer Bypass,4995689871,02112026113620567,Success,
14007,Office,3515 Heidenreich Court,8396818623,02112026113620567,Success,
1667,Office,3297 Manor Way,8750962198,02112026113620567,Success,
14007,Office,71820 County Line Road,5728314226,02112026113620567,Success,
1667,Office,9190 Jefferson Street,5405828328,02112026113620567,Success,
14007,Office,115 Aracely Ports,5575794174,02112026113620567,Success,
1667,Office,55097 Garett Extensions,1529090760,02112026113620567,Success,
14007,Office,52488 Helene Roads,1514021818,02112026113620567,Success,
1667,Office,3397 Christop Brook,1965944760,02112026113620567,Success,
14007,Office,8030 Alberto Islands,3856102931,02112026113620567,Success,
1667,Office,43487 Braun Expressway,3981834496,02112026113620567,Success,
14007,Office,808 O'Conner Plaza,1779066385,02112026113620567,Success,
1667,Office,985 The Glebe,2100161660,02112026113620567,Success,
14007,Office,517 Hermann Courts,9447073389,02112026113620567,Success,
1667,Office,16997 7th Street,5845940506,02112026113620567,Success,
14007,Office,73316 Cemetery Road,2999135403,02112026113620567,Success,
1667,Office,74785 Vergie Coves,6158735484,02112026113620567,Success,
14007,Office,63844 Larkin Inlet,4544476775,02112026113620567,Success,
1667,Office,851 Teagan Turnpike,1317806709,02112026113620567,Success,
14007,Office,177 Krystina Estates,1424639079,02112026113620567,Success,
1667,Office,75820 S Main Avenue,7445220493,02112026113620567,Success,
14007,Office,5808 Wehner Pike,4545163592,02112026113620567,Success,
1667,Office,289 Krystal Station,2254219285,02112026113620567,Success,
14007,Office,15276 Madonna Loaf,3751390759,02112026113620567,Success,
1667,Office,301 Horace Forks,4987126632,02112026113620567,Success,
14007,Office,3832 Predovic Glens,4198512670,02112026113620567,Success,
1667,Office,5110 Osinski Stream,5738896839,02112026113620567,Success,
14007,Office,97187 E 5th Street,3546243356,02112026113620567,Success,
1667,Office,249 Oceane Roads,9247862610,02112026113620567,Success,
14007,Office,851 Ladarius Corner,3548630996,02112026113620567,Success,
1667,Office,75528 Orchard Drive,8798876081,02112026113620567,Success,
14007,Office,864 The Square,5720773637,02112026113620567,Success,
1667,Office,808 Darlene Skyway,2843052620,02112026113620567,Success,
14007,Office,256 Frankie Hill,8538595635,02112026113620567,Success,
1667,Office,79744 Thompson Coves,6700370036,02112026113620567,Success,
14007,Office,29029 Canal Street,4393984169,02112026113620567,Success,
1667,Office,3794 Von Manors,3211039440,02112026113620567,Success,
14007,Office,90583 W 3rd Street,1251127199,02112026113620567,Success,
1667,Office,791 Josie Pine,8409733464,02112026113620567,Success,
14007,Office,6202 Jaylon Meadows,3858991761,02112026113620567,Success,
1667,Office,195 Kutch Drive,4567743896,02112026113620567,Success,
14007,Office,72767 South Drive,4319522212,02112026113620567,Success,
1667,Office,463 Kolby Station,8906447647,02112026113620567,Success,
14007,Office,195 N Chestnut Street,9072615603,02112026113620567,Success,
1667,Office,413 Francis Spur,9238323557,02112026113620567,Success,
14007,Office,2725 Hills Valley,6044464182,02112026113620567,Success,
1667,Office,43262 Hills Island,5455475253,02112026113620567,Success,
14007,Office,63713 Jakayla Parkways,8455730901,02112026113620567,Success,
1667,Office,22391 N Union Street,6695124121,02112026113620567,Success,
14007,Office,99684 Church Road,1932912311,02112026113620567,Success,
1667,Office,362 Waelchi Pines,7456029235,02112026113620567,Success,
14007,Office,62432 6th Street,7516615261,02112026113620567,Success,
1667,Office,354 Ursula Square,9946776178,02112026113620567,Success,
14007,Office,614 Bluebell Close,7237055642,02112026113620567,Success,
1667,Office,41585 S 2nd Street,3817746668,02112026113620567,Success,
14007,Office,726 Mary Street,8264649655,02112026113620567,Success,
1667,Office,7995 Murray Shoals,6296594273,02112026113620567,Success,
14007,Office,146 Gregory Keys,2398609525,02112026113620567,Success,
1667,Office,7430 Rice Plains,1787574253,02112026113620567,Success,
14007,Office,206 Meadow Way,9076722829,02112026113620567,Success,
1667,Office,18761 Darrick Ramp,6809067545,02112026113620567,Success,
14007,Office,253 Western Road,5543094904,02112026113620567,Success,
1667,Office,4953 Rosa Alley,9313111858,02112026113620567,Success,
14007,Office,6673 County Road,2626751831,02112026113620567,Success,
1667,Office,854 Reichel Ranch,3001675223,02112026113620567,Success,
14007,Office,2249 Balistreri Stravenue,7052834248,02112026113620567,Success,
1667,Office,5445 Thomas Path,8191590540,02112026113620567,Success,
14007,Office,7861 Division Street,8368002332,02112026113620567,Success,
1667,Office,907 Boyer Well,1317722911,02112026113620567,Success,
14007,Office,43318 S Water Street,2513725325,02112026113620567,Success,
1667,Office,2823 E 4th Avenue,3906010319,02112026113620567,Success,
14007,Office,7842 N Maple Street,5621558125,02112026113620567,Success,
1667,Office,60443 Mayert Junction,8411839374,02112026113620567,Success,
14007,Office,8311 Grimes Islands,1833809575,02112026113620567,Success,
1667,Office,5511 The Chase,1966674818,02112026113620567,Success,
14007,Office,1887 Adolphus Row,6331104263,02112026113620567,Success,
1667,Office,76844 Jadon Mountain,2650292450,02112026113620567,Success,
14007,Office,606 Glenna Alley,9182166869,02112026113620567,Success,
1667,Office,30847 Meadow Close,4456014543,02112026113620567,Success,
14007,Office,903 Hilma Rue,5308165478,02112026113620567,Success,
1667,Office,67137 Woodrow Harbors,8851294614,02112026113620567,Success,
14007,Office,889 N Monroe Street,7789481427,02112026113620567,Success,
1667,Office,50909 Avis Burgs,4950386091,02112026113620567,Success,
14007,Office,327 Carol Land,6329467748,02112026113620567,Success,
1667,Office,7989 Ondricka Valley,9640424647,02112026113620567,Success,
14007,Office,181 Champlin Via,3570802159,02112026113620567,Success,
1667,Office,3212 D'Amore Squares,4545399602,02112026113620567,Success,
14007,Office,29339 Elna Ford,5052522049,02112026113620567,Success,
1667,Office,33250 The Avenue,9210917099,02112026113620567,Success,
14007,Office,79127 Bradtke Well,2654434561,02112026113620567,Success,
1667,Office,4277 Nasir Terrace,3333776097,02112026113620567,Success,
14007,Office,237 Koelpin Summit,3355943573,02112026113620567,Success,
1667,Office,33573 Volkman Parkways,2445086269,02112026113620567,Success,
14007,Office,2144 Ash Grove,4769224044,02112026113620567,Success,
1667,Office,98438 Bramble Close,1843988593,02112026113620567,Success,
14007,Office,8021 Commerce Street,9273217717,02112026113620567,Success,
1667,Office,10434 E Washington Avenue,5248537592,02112026113620567,Success,
14007,Office,264 Hermiston Shore,3806661867,02112026113620567,Success,
1667,Office,9750 Lansdowne Road,7069495654,02112026113620567,Success,
14007,Office,504 Fadel Mission,8396272686,02112026113620567,Success,
1667,Office,430 Edna Glen,5641812647,02112026113620567,Success,
14007,Office,60026 Main Avenue,8420327425,02112026113620567,Success,
1667,Office,3444 Barrett Mission,9587935492,02112026113620567,Success,
14007,Office,94396 Pacocha Manor,1721735672,02112026113620567,Success,
1667,Office,5990 Rowe Shoal,6547716479,02112026113620567,Success,
14007,Office,58533 Lonny Spur,9290497714,02112026113620567,Success,
1667,Office,59990 Jefferson Avenue,6831253174,02112026113620567,Success,
14007,Office,39830 Dawn Dale,9087829697,02112026113620567,Success,
1667,Office,7498 N 3rd Street,2528624518,02112026113620567,Success,
14007,Office,2644 York Road,4536405465,02112026113620567,Success,
1667,Office,893 N Broadway Street,5338798481,02112026113620567,Success,
14007,Office,612 Nicola Oval,7923551869,02112026113620567,Success,
1667,Office,8829 Sawayn Bypass,6940261752,02112026113620567,Success,
14007,Office,271 Andrew Glen,5423969366,02112026113620567,Success,
1667,Office,7437 Jackie Spur,6075697987,02112026113620567,Success,
14007,Office,73368 St Mary's Close,2176074643,02112026113620567,Success,
1667,Office,88459 Eugene Trace,5998503972,02112026113620567,Success,
14007,Office,30330 Market Street,6889381054,02112026113620567,Success,
1667,Office,33650 Macy Gateway,4357559309,02112026113620567,Success,
14007,Office,4952 N Front Street,7769179732,02112026113620567,Success,
1667,Office,960 Stanton Fords,2820785907,02112026113620567,Success,
14007,Office,1827 Hoppe Estate,8182266179,02112026113620567,Success,
1667,Office,803 E Cedar Street,6710740291,02112026113620567,Success,
14007,Office,7135 Konopelski Route,3752746243,02112026113620567,Success,
1667,Office,3929 W Washington Avenue,5316196339,02112026113620567,Success,
14007,Office,510 Schinner Stravenue,6776567874,02112026113620567,Success,
1667,Office,97370 Leon Unions,3064564831,02112026113620567,Success,
14007,Office,168 Sycamore Close,2597049744,02112026113620567,Success,
1667,Office,5259 Ebba Squares,8010752240,02112026113620567,Success,
14007,Office,774 Greenfelder Shoals,5997378415,02112026113620567,Success,
1667,Office,32353 Kuhn Avenue,6587369205,02112026113620567,Success,
14007,Office,4913 Miracle Canyon,3060640789,02112026113620567,Success,
1667,Office,170 Alda Neck,6225721027,02112026113620567,Success,
14007,Office,268 Denesik Mill,1193440380,02112026113620567,Success,
1667,Office,57025 O'Reilly Hills,8239968433,02112026113620567,Success,
14007,Office,6516 Vivien Freeway,2875649495,02112026113620567,Success,
1667,Office,21715 Alf Hill,6634112020,02112026113620567,Success,
14007,Office,52684 Howe Garden,4175511330,02112026113620567,Success,
1667,Office,47489 Herman Mountain,4727016836,02112026113620567,Success,
14007,Office,52076 Watsica Neck,9612309832,02112026113620567,Success,
1667,Office,95505 Javon Ramp,5778427788,02112026113620567,Success,
14007,Office,6854 Wuckert Inlet,7544473639,02112026113620567,Success,
1667,Office,390 Lawrence Street,7182736663,02112026113620567,Success,
14007,Office,990 Veum Trafficway,9483638467,02112026113620567,Success,
1667,Office,70197 Jewel Rest,6281076748,02112026113620567,Success,
14007,Office,57389 Hassie Village,1350861136,02112026113620567,Success,
1667,Office,90061 Natasha Canyon,2966822163,02112026113620567,Success,
14007,Office,44184 Kasey Village,1646662412,02112026113620567,Success,
1667,Office,49439 Park Place,6481609221,02112026113620567,Success,
14007,Office,7526 The Fairway,6496277504,02112026113620567,Success,
1667,Office,517 Avenue Road,9384758993,02112026113620567,Success,
14007,Office,7181 W Oak Street,8888059007,02112026113620567,Success,
1667,Office,220 Garden Street,1327978610,02112026113620567,Success,
14007,Office,27348 Neha Row,9401418361,02112026113620567,Success,
1667,Office,3165 Jany Street,2836002974,02112026113620567,Success,
14007,Office,16410 Kenyon Burgs,9488125026,02112026113620567,Success,
1667,Office,126 Orchard Road,6544940805,02112026113620567,Success,
14007,Office,4798 Hallie Canyon,4317358168,02112026113620567,Success,
1667,Office,458 Juwan Pass,8895153055,02112026113620567,Success,
14007,Office,4025 Duke Street,4125184353,02112026113620567,Success,
1667,Office,70372 Jubilee Close,9009957121,02112026113620567,Success,
14007,Office,9427 Derwent Close,1516423091,02112026113620567,Success,
1667,Office,721 Jefferey Parkway,9471230884,02112026113620567,Success,
14007,Office,565 Oak Road,2879120714,02112026113620567,Success,
1667,Office,393 King Street,9653882960,02112026113620567,Success,
14007,Office,546 Willow Street,7497316499,02112026113620567,Success,
1667,Office,9243 Dickinson Club,9835236714,02112026113620567,Success,
14007,Office,692 Main Street N,1814426620,02112026113620567,Success,
1667,Office,3343 Deven Stravenue,5421262943,02112026113620567,Success,
14007,Office,2206 Ezekiel Villages,7850947936,02112026113620567,Success,
1667,Office,28662 Claire Hollow,4070382443,02112026113620567,Success,
14007,Office,66481 Woodrow Circle,5321443032,02112026113620567,Success,
1667,Office,67338 Farm Close,8702095418,02112026113620567,Success,
14007,Office,6128 Coronation Avenue,3382670070,02112026113620567,Success,
1667,Office,64975 Market Square,9092924149,02112026113620567,Success,
14007,Office,9098 Alysson Fall,4209367918,02112026113620567,Success,
1667,Office,1101 Chester Tunnel,6191326932,02112026113620567,Success,
14007,Office,8813 Considine Trace,7400579583,02112026113620567,Success,
1667,Office,260 Khalil Well,5044814896,02112026113620567,Success,
14007,Office,783 Bartoletti Mount,8980442213,02112026113620567,Success,
1667,Office,8242 Jaskolski Pike,5213447628,02112026113620567,Success,
14007,Office,4805 Rippin Meadows,3881838713,02112026113620567,Success,
1667,Office,9668 Moshe Harbors,9559343535,02112026113620567,Success,
14007,Office,72555 Ignatius Ranch,5413117668,02112026113620567,Success,
1667,Office,592 S Main Avenue,1726620322,02112026113620567,Success,
14007,Office,657 Dudley Islands,5186959583,02112026113620567,Success,
1667,Office,760 Grant Ford,5186953915,02112026113620567,Success,
14007,Office,2578 Crown Street,9700182625,02112026113620567,Success,
1667,Office,824 Zane River,9825978839,02112026113620567,Success,
14007,Office,876 North Avenue,1633681966,02112026113620567,Success,
1667,Office,994 Orn Causeway,3109207599,02112026113620567,Success,
14007,Office,144 Franecki Mountains,1164131947,02112026113620567,Success,
1667,Office,811 Donavon Highway,4921209178,02112026113620567,Success,
14007,Office,4757 Doyle Flat,5404396756,02112026113620567,Success,
1667,Office,723 New Road,3799426365,02112026113620567,Success,
14007,Office,59923 Yew Tree Close,2183783283,02112026113620567,Success,
1667,Office,9548 Ashley Harbors,6055383809,02112026113620567,Success,
14007,Office,913 Catherine Oval,8523406571,02112026113620567,Success,
1667,Office,7840 Greta Fort,7638220940,02112026113620567,Success,
14007,Office,6219 Herminio Shoal,4446982617,02112026113620567,Success,
1667,Office,10827 Graham Park,1104234583,02112026113620567,Success,
14007,Office,6358 St Andrew's Road,9707309839,02112026113620567,Success,
1667,Office,597 Langworth View,1468271004,02112026113620567,Success,
14007,Office,7785 Mayfield Road,9997245436,02112026113620567,Success,
1667,Office,2349 Goodwin Rue,1331086196,02112026113620567,Success,
14007,Office,609 Walker Ridges,1426390802,02112026113620567,Success,
1667,Office,52578 Noemie Port,2911936202,02112026113620567,Success,
14007,Office,1108 Seamus Light,8357124482,02112026113620567,Success,
1667,Office,526 Grant Street,4807482176,02112026113620567,Success,
14007,Office,204 Moore Fork,9783100734,02112026113620567,Success,
1667,Office,9995 Funk Cliff,8074950557,02112026113620567,Success,
14007,Office,576 Liberty Street,5208824745,02112026113620567,Success,
1667,Office,6814 Central Street,7289787749,02112026113620567,Success,
14007,Office,967 Dylan Street,6443394417,02112026113620567,Success,
1667,Office,757 Amya Gardens,9502018821,02112026113620567,Success,
14007,Office,949 George Street,9661448763,02112026113620567,Success,
1667,Office,67784 Daniel Parkway,6627099841,02112026113620567,Success,
14007,Office,7283 Aubree Mount,2684871689,02112026113620567,Success,
1667,Office,7273 Daniel Hill,5350753316,02112026113620567,Success,
14007,Office,4865 Stamm Road,8690934234,02112026113620567,Success,
1667,Office,859 Rahul Common,4783624505,02112026113620567,Success,
14007,Office,456 12th Street,6969756677,02112026113620567,Success,
1667,Office,20568 Hattie Harbors,7357537751,02112026113620567,Success,
14007,Office,32841 Burnice Lodge,3180011295,02112026113620567,Success,
1667,Office,786 Elinore Prairie,1579907789,02112026113620567,Success,
14007,Office,6038 Walker Streets,2452402706,02112026113620567,Success,
1667,Office,191 O'Connell Viaduct,6682389026,02112026113620567,Success,
14007,Office,46655 The Beeches,1677742184,02112026113620567,Success,
1667,Office,2582 Claremont Road,7962133569,02112026113620567,Success,
14007,Office,551 Park Place,1084254128,02112026113620567,Success,
1667,Office,22778 Renner Circles,1871514678,02112026113620567,Success,
14007,Office,276 Lemke Expressway,2772617649,02112026113620567,Success,
1667,Office,91008 Hal Trail,5762201577,02112026113620567,Success,
14007,Office,78769 Lodge Lane,1047682410,02112026113620567,Success,
1667,Office,42050 Reynolds Estates,8568102547,02112026113620567,Success,
14007,Office,507 Crooks Park,2201134780,02112026113620567,Success,
1667,Office,7797 Brookside,6344772240,02112026113620567,Success,
14007,Office,7324 Veterans Memorial Highway,4166341223,02112026113620567,Success,
1667,Office,8587 Edwina Field,9918722107,02112026113620567,Success,
14007,Office,221 Bode Brooks,6378164767,02112026113620567,Success,
1667,Office,385 Sandra Neck,2782395565,02112026113620567,Success,
14007,Office,331 Hirthe Cliffs,5327703261,02112026113620567,Success,
1667,Office,557 Third Avenue,1632443635,02112026113620567,Success,
14007,Office,99429 Crona Throughway,3554052563,02112026113620567,Success,
1667,Office,22998 Price Corner,7960425677,02112026113620567,Success,
14007,Office,64032 Stoltenberg Mills,6101701657,02112026113620567,Success,
1667,Office,933 Emmerich Gateway,8092953640,02112026113620567,Success,
14007,Office,6047 Church Avenue,7100427553,02112026113620567,Success,
1667,Office,4502 Lucinda Falls,2298646651,02112026113620567,Success,
14007,Office,728 Barney Expressway,6065339771,02112026113620567,Success,
1667,Office,80865 Howe Plain,7613733771,02112026113620567,Success,
14007,Office,477 Larch Close,4204048834,02112026113620567,Success,
1667,Office,475 N College Street,1185924705,02112026113620567,Success,
14007,Office,543 Lodge Close,8319521737,02112026113620567,Success,
1667,Office,43351 Eudora Crossing,7360640995,02112026113620567,Success,
14007,Office,158 East Road,3032946012,02112026113620567,Success,
1667,Office,991 Weber Ranch,5507091551,02112026113620567,Success,
14007,Office,4631 Jabari Plain,8430929721,02112026113620567,Success,
1667,Office,121 Martin Luther King Jr Boulevard,3425940354,02112026113620567,Success,
14007,Office,91122 Hettinger Track,9295349963,02112026113620567,Success,
1667,Office,512 Marvin Gateway,8098909694,02112026113620567,Success,
14007,Office,2437 Junior Squares,1503831977,02112026113620567,Success,
1667,Office,94549 Devonshire Road,7807975049,02112026113620567,Success,
14007,Office,6229 Madison Street,8901152637,02112026113620567,Success,
1667,Office,37587 Rowan Close,7955467831,02112026113620567,Success,
14007,Office,5641 Oaklands,8085391960,02112026113620567,Success,
1667,Office,77818 Lou Port,7323859667,02112026113620567,Success,
14007,Office,178 Stuart Stravenue,7001634588,02112026113620567,Success,
1667,Office,2496 Zboncak Streets,1322317089,02112026113620567,Success,
14007,Office,90166 Cheyanne Valley,6017905146,02112026113620567,Success,
1667,Office,28203 Parker Point,9950263063,02112026113620567,Success,
14007,Office,8551 Roman Falls,8408158348,02112026113620567,Success,
1667,Office,95999 Crooks Prairie,4052520095,02112026113620567,Success,
14007,Office,9092 Strosin Circle,2854216777,02112026113620567,Success,
1667,Office,942 Laurine Ramp,4707074642,02112026113620567,Success,
14007,Office,363 Cremin Glens,2611336907,02112026113620567,Success,
1667,Office,368 Loren Lock,7652177306,02112026113620567,Success,
14007,Office,85845 Bednar Fields,7932002641,02112026113620567,Success,
1667,Office,65202 Mohr Place,6274453931,02112026113620567,Success,
14007,Office,493 W River Road,6658725074,02112026113620567,Success,
1667,Office,6216 South Drive,8448696337,02112026113620567,Success,
14007,Office,70230 Marsh Lane,5437819448,02112026113620567,Success,
1667,Office,5990 Bergstrom Rest,3990010642,02112026113620567,Success,
14007,Office,527 Hansen Alley,9464536164,02112026113620567,Success,
1667,Office,4576 Adams Street,3340109106,02112026113620567,Success,
14007,Office,516 Skyline Drive,6388035658,02112026113620567,Success,
1667,Office,129 Rasheed Corner,1867904298,02112026113620567,Success,
14007,Office,98562 Colten Crossroad,7340917398,02112026113620567,Success,
1667,Office,960 N 7th Street,8703931849,02112026113620567,Success,
14007,Office,37693 Gleichner Lakes,4485431951,02112026113620567,Success,
1667,Office,65247 Magnolia Canyon,3990770294,02112026113620567,Success,
14007,Office,136 Delpha Vista,1897337719,02112026113620567,Success,
1667,Office,5173 Domenic Crossroad,7554482098,02112026113620567,Success,
14007,Office,306 Quitzon Summit,5791416423,02112026113620567,Success,
1667,Office,225 Greenwood Road,5629113481,02112026113620567,Success,
14007,Office,872 E State Street,6043656307,02112026113620567,Success,
1667,Office,64953 E 12th Street,2210671721,02112026113620567,Success,
14007,Office,3943 Conroy Harbor,1961771798,02112026113620567,Success,
1667,Office,625 E Bridge Street,3011410452,02112026113620567,Success,
14007,Office,50979 Veterans Memorial Drive,3728591767,02112026113620567,Success,
1667,Office,4844 Audreanne Skyway,1786209210,02112026113620567,Success,
14007,Office,22291 Fausto Drives,6152624145,02112026113620567,Success,
1667,Office,46601 Morris Mountain,1532589529,02112026113620567,Success,
14007,Office,900 Alivia Ridges,2716310317,02112026113620567,Success,
1667,Office,53958 A Street,7259922253,02112026113620567,Success,
14007,Office,14747 Fore Street,7221417371,02112026113620567,Success,
1667,Office,278 Stiedemann Mount,4110771191,02112026113620567,Success,
14007,Office,2682 E 3rd Street,2211921256,02112026113620567,Success,
1667,Office,4908 Church Path,8295547236,02112026113620567,Success,
14007,Office,4222 Delpha Avenue,6691417569,02112026113620567,Success,
1667,Office,340 Johns Meadow,8232662760,02112026113620567,Success,
14007,Office,711 Hazel Close,6855054678,02112026113620567,Success,
1667,Office,82651 Michaela Well,3508732179,02112026113620567,Success,
14007,Office,6874 Addie Ramp,8560127933,02112026113620567,Success,
1667,Office,2730 Bins Bypass,5093385996,02112026113620567,Success,
14007,Office,259 Rowan Close,9930451978,02112026113620567,Success,
1667,Office,32872 Makenzie Street,2944765089,02112026113620567,Success,
14007,Office,161 Cassidy Radial,1078559790,02112026113620567,Success,
1667,Office,368 Windsor Close,4721864695,02112026113620567,Success,
14007,Office,627 Wood Street,2242804826,02112026113620567,Success,
1667,Office,88867 Lauryn Valleys,7429842528,02112026113620567,Success,
14007,Office,621 Leslie Isle,7177217279,02112026113620567,Success,
1667,Office,12520 Schoen Harbor,4289067712,02112026113620567,Success,
14007,Office,4995 Post Road,1040961280,02112026113620567,Success,
1667,Office,97466 Robel Shore,3083677917,02112026113620567,Success,
14007,Office,75519 Hintz Tunnel,6626046628,02112026113620567,Success,
1667,Office,97122 Schimmel Spurs,9190721043,02112026113620567,Success,
14007,Office,68734 Davonte River,1658414418,02112026113620567,Success,
1667,Office,55755 Mitchell Ways,1094330505,02112026113620567,Success,
14007,Office,31156 W Monroe Street,8003884041,02112026113620567,Success,
1667,Office,5963 Salvador Plaza,7203015405,02112026113620567,Success,
14007,Office,7621 Lang Ferry,2081785552,02112026113620567,Success,
1667,Office,24162 Garden Street,6930883204,02112026113620567,Success,
14007,Office,8109 Bednar Lock,9053839346,02112026113620567,Success,
1667,Office,64734 Arnulfo Skyway,7749099791,02112026113620567,Success,
14007,Office,800 Spring Street,7860931297,02112026113620567,Success,
1667,Office,38115 Jordan Shoals,6869567424,02112026113620567,Success,
14007,Office,611 Johnson Bridge,4409112238,02112026113620567,Success,
1667,Office,9544 Oxford Street,7534379026,02112026113620567,Success,
14007,Office,15799 Kutch Tunnel,4882145369,02112026113620567,Success,
1667,Office,9422 S Monroe Street,9620598150,02112026113620567,Success,
14007,Office,3548 Stanton Loaf,6793919812,02112026113620567,Success,
1667,Office,13881 Beahan Terrace,9404904526,02112026113620567,Success,
14007,Office,96691 Nolan Ford,5893036416,02112026113620567,Success,
1667,Office,267 Marie Manors,3813111096,02112026113620567,Success,
14007,Office,3137 Satterfield Corners,1434043347,02112026113620567,Success,
1667,Office,1713 McDermott Course,3378861670,02112026113620567,Success,
14007,Office,26825 Langosh Parks,7667447327,02112026113620567,Success,
1667,Office,874 Beier Pike,7366601985,02112026113620567,Success,
14007,Office,244 Mohr Track,8085814592,02112026113620567,Success,
1667,Office,54657 7th Street,6834562436,02112026113620567,Success,
14007,Office,1407 Lawson Gateway,3284097026,02112026113620567,Success,
1667,Office,831 Orie Extension,3785418505,02112026113620567,Success,
14007,Office,54921 Selena Ford,3092986734,02112026113620567,Success,
1667,Office,7783 Harber Cliff,8762178647,02112026113620567,Success,
14007,Office,6909 Locust Street,4020425464,02112026113620567,Success,
1667,Office,166 Samara Stream,9895205503,02112026113620567,Success,
14007,Office,7487 Roob Orchard,3373486337,02112026113620567,Success,
1667,Office,321 Greenfelder Springs,8194034965,02112026113620567,Success,
14007,Office,74150 Emory Point,8787392526,02112026113620567,Success,
1667,Office,90118 Milton Street,1289308638,02112026113620567,Success,
14007,Office,94405 Herzog Wells,6701201727,02112026113620567,Success,
1667,Office,4204 Dino Centers,5578376945,02112026113620567,Success,
14007,Office,55179 S Pine Street,8180394426,02112026113620567,Success,
1667,Office,568 Denesik Lake,2902544552,02112026113620567,Success,
14007,Office,46656 Steuber Expressway,8394497382,02112026113620567,Success,
1667,Office,5382 Nader Way,2676107031,02112026113620567,Success,
14007,Office,40691 Stoltenberg Path,5741700094,02112026113620567,Success,
1667,Office,373 Cemetery Road,2546142957,02112026113620567,Success,
14007,Office,93789 Fay Causeway,7040840000,02112026113620567,Success,
1667,Office,69680 Deon Green,8484790519,02112026113620567,Success,
14007,Office,2583 Cherry Close,2521102513,02112026113620567,Success,
1667,Office,53511 S 1st Avenue,9047128828,02112026113620567,Success,
14007,Office,388 The Glebe,4922100214,02112026113620567,Success,
1667,Office,87280 Margarett Fields,9155540035,02112026113620567,Success,
14007,Office,363 Lorna Radial,5311946401,02112026113620567,Success,
1667,Office,31910 Cierra Lane,1145271546,02112026113620567,Success,
14007,Office,181 Stamm Shores,9395344984,02112026113620567,Success,
1667,Office,37523 Triston Brooks,1354265988,02112026113620567,Success,
14007,Office,980 Carolyne Cape,3791328231,02112026113620567,Success,
1667,Office,44607 Natalie Circle,9343329957,02112026113620567,Success,
14007,Office,401 Hawthorn Avenue,7659126284,02112026113620567,Success,
1667,Office,922 Franklin Street,3863550148,02112026113620567,Success,
14007,Office,6775 Jacobs Causeway,3908112966,02112026113620567,Success,
1667,Office,9376 Schroeder Track,6176126691,02112026113620567,Success,
14007,Office,2530 South Road,2356608880,02112026113620567,Success,
1667,Office,636 Lyla Parkway,3011650646,02112026113620567,Success,
14007,Office,792 E Pine Street,9352820453,02112026113620567,Success,
1667,Office,80767 Lodge Lane,1963252760,02112026113620567,Success,
14007,Office,8299 Highfield Close,2720057928,02112026113620567,Success,
1667,Office,54658 Bailey Mountains,5187543894,02112026113620567,Success,
14007,Office,71533 Johan Course,6477892048,02112026113620567,Success,
1667,Office,77580 Pacocha Plaza,5526810121,02112026113620567,Success,
14007,Office,21531 Ash Road,2388628111,02112026113620567,Success,
1667,Office,59627 Heidenreich Center,6148643809,02112026113620567,Success,
14007,Office,732 Barton Route,6294677168,02112026113620567,Success,
1667,Office,8997 Jennifer Union,2233066010,02112026113620567,Success,
14007,Office,241 W Broadway Street,8703966999,02112026113620567,Success,
1667,Office,49991 N Franklin Street,3591190351,02112026113620567,Success,
14007,Office,1157 Francis Rapids,2651314100,02112026113620567,Success,
1667,Office,94654 London Road,6307581532,02112026113620567,Success,
14007,Office,3345 Senger Ranch,8831748385,02112026113620567,Success,
1667,Office,613 State Street,5285129232,02112026113620567,Success,
14007,Office,943 W Market Street,2615880885,02112026113620567,Success,
1667,Office,7291 Cyrus Loaf,2279958689,02112026113620567,Success,
14007,Office,868 Howell Cliff,2936298837,02112026113620567,Success,
1667,Office,46241 Birch Close,5127880137,02112026113620567,Success,
14007,Office,778 Shawn View,8961344553,02112026113620567,Success,
1667,Office,3088 The Ridings,1539637676,02112026113620567,Success,
14007,Office,2679 Smith Street,4053484835,02112026113620567,Success,
1667,Office,483 Elm Road,5874938767,02112026113620567,Success,
14007,Office,127 Noe Way,1439624401,02112026113620567,Success,
1667,Office,591 Moss Lane,6027623777,02112026113620567,Success,
14007,Office,649 Flatley Point,5350833569,02112026113620567,Success,
1667,Office,8737 Mose Falls,5802995254,02112026113620567,Success,
14007,Office,6735 Glover Terrace,7485643082,02112026113620567,Success,
1667,Office,7275 Leannon Pine,2153588874,02112026113620567,Success,
14007,Office,208 N Broadway Street,8216727937,02112026113620567,Success,
1667,Office,748 Hagenes Hollow,5236055637,02112026113620567,Success,
14007,Office,44872 Durgan Estates,6680679138,02112026113620567,Success,
1667,Office,123 Bill Shoals,2080355673,02112026113620567,Success,
14007,Office,8987 Bert Lock,3976715586,02112026113620567,Success,
1667,Office,7891 Leonardo Estates,1502874905,02112026113620567,Success,
14007,Office,8628 Larkin Crest,9066901205,02112026113620567,Success,
1667,Office,31052 N Main,8751361236,02112026113620567,Success,
14007,Office,94614 Crown Street,5277136021,02112026113620567,Success,
1667,Office,4321 Kingfisher Close,8427330586,02112026113620567,Success,
14007,Office,3089 Sauer Lane,1616531904,02112026113620567,Success,
1667,Office,5981 Hawthorn Close,2056523234,02112026113620567,Success,
14007,Office,32163 Jenkins Lodge,9622220970,02112026113620567,Success,
1667,Office,334 Clementine Rapids,8281328447,02112026113620567,Success,
14007,Office,23784 Milton Road,1926579582,02112026113620567,Success,
1667,Office,2745 Satterfield Shoal,1746197963,02112026113620567,Success,
14007,Office,60129 Ryan Dam,1912655957,02112026113620567,Success,
1667,Office,20644 Old Lane,6795198500,02112026113620567,Success,
14007,Office,3425 Ankunding Ramp,5876259530,02112026113620567,Success,
1667,Office,37973 Israel Stream,6920670432,02112026113620567,Success,
14007,Office,6465 Shawna Freeway,8870845921,02112026113620567,Success,
1667,Office,9101 Frieda Harbors,6047291235,02112026113620567,Success,
14007,Office,82665 Kuphal Shoals,7835079974,02112026113620567,Success,
1667,Office,777 Leonie Springs,8322313127,02112026113620567,Success,
14007,Office,2505 Buster Extensions,5383484079,02112026113620567,Success,
1667,Office,8678 S West Street,4225622203,02112026113620567,Success,
14007,Office,53405 Pollich Skyway,3619227109,02112026113620567,Success,
1667,Office,78342 E 10th Street,2857402776,02112026113620567,Success,
14007,Office,1947 Candido Ways,2611063641,02112026113620567,Success,
1667,Office,54822 Morar Ferry,4116793803,02112026113620567,Success,
14007,Office,1933 Parisian Coves,5319995274,02112026113620567,Success,
1667,Office,7206 Meta Ranch,9327784261,02112026113620567,Success,
14007,Office,5567 Reynolds Divide,4218055462,02112026113620567,Success,
1667,Office,84570 Laron Alley,9609177338,02112026113620567,Success,
14007,Office,656 Izabella Way,6525800813,02112026113620567,Success,
1667,Office,765 Aliza Via,4160920777,02112026113620567,Success,
14007,Office,5812 Somerset Road,2182228360,02112026113620567,Success,
1667,Office,6128 Chyna Knolls,1239987119,02112026113620567,Success,
14007,Office,330 Mill Road,8295508079,02112026113620567,Success,
1667,Office,89847 Ash Close,3793261607,02112026113620567,Success,
14007,Office,88891 Lueilwitz Loop,6990144953,02112026113620567,Success,
1667,Office,35221 Santos Drives,6903252652,02112026113620567,Success,
14007,Office,415 Schamberger Ports,5190307696,02112026113620567,Success,
1667,Office,5237 Price Hills,9850340526,02112026113620567,Success,
14007,Office,351 Vergie Stream,5592024802,02112026113620567,Success,
1667,Office,630 Ferry Road,2847859018,02112026113620567,Success,
14007,Office,353 Ernesto Valleys,2384599314,02112026113620567,Success,
1667,Office,95014 Wilfredo Trail,3102570299,02112026113620567,Success,
14007,Office,73745 Bergnaum Walk,9081701379,02112026113620567,Success,
1667,Office,33760 Upton Station,8661159206,02112026113620567,Success,
14007,Office,246 Commerce Street,9718596308,02112026113620567,Success,
1667,Office,16613 Howe Port,9807003156,02112026113620567,Success,
14007,Office,76534 E 9th Street,6393462534,02112026113620567,Success,
1667,Office,417 Izaiah Crescent,5631409236,02112026113620567,Success,
14007,Office,73474 S Broadway Street,5941194870,02112026113620567,Success,
1667,Office,524 Chestnut Street,3213752847,02112026113620567,Success,
14007,Office,62902 Keebler Lock,3776118469,02112026113620567,Success,
1667,Office,8060 S Broadway,4263682286,02112026113620567,Success,
14007,Office,836 Castle Close,6805669429,02112026113620567,Success,
1667,Office,40251 Crescent Road,9596429132,02112026113620567,Success,
14007,Office,15909 Emelia Field,9161101464,02112026113620567,Success,
1667,Office,5463 The Oval,2922195429,02112026113620567,Success,
14007,Office,96567 West Garden,8329115495,02112026113620567,Success,
1667,Office,463 Homenick Passage,3887621676,02112026113620567,Success,
14007,Office,433 White Hollow,7953611343,02112026113620567,Success,
1667,Office,512 Ebert Gateway,9083706061,02112026113620567,Success,
14007,Office,253 Bogan Passage,3111251961,02112026113620567,Success,
1667,Office,861 Tracy Drives,2230908201,02112026113620567,Success,
14007,Office,25270 Koepp View,7992334003,02112026113620567,Success,
1667,Office,270 O'Connell Centers,5150628888,02112026113620567,Success,
14007,Office,149 S Park Street,3468531058,02112026113620567,Success,
1667,Office,34723 Beech Drive,9396416607,02112026113620567,Success,
14007,Office,151 Highland Avenue,3804449939,02112026113620567,Success,
1667,Office,8549 Nina Summit,5316992248,02112026113620567,Success,
14007,Office,9501 Clarence Street,7538927962,02112026113620567,Success,
1667,Office,84345 Leffler Crossing,4069607118,02112026113620567,Success,
14007,Office,585 Muller Motorway,3703322753,02112026113620567,Success,
1667,Office,1031 Larson Flat,7113350271,02112026113620567,Success,
14007,Office,68855 Klein Radial,4585543509,02112026113620567,Success,
1667,Office,73395 Poplar Street,9658010241,02112026113620567,Success,
14007,Office,712 Russ Ridges,9419589455,02112026113620567,Success,
1667,Office,24864 Shanahan Inlet,5260946619,02112026113620567,Success,
14007,Office,5517 Gordon Street,7956140213,02112026113620567,Success,
1667,Office,40529 Grimes Streets,1218138650,02112026113620567,Success,
14007,Office,2508 S 14th Street,5633605753,02112026113620567,Success,
1667,Office,18229 May Dam,3679448634,02112026113620567,Success,
14007,Office,73137 Nathanael Common,7978885302,02112026113620567,Success,
1667,Office,313 Beech Close,4204153076,02112026113620567,Success,
14007,Office,7831 Belmont Road,7109762344,02112026113620567,Success,
1667,Office,9292 Braun Branch,4831082974,02112026113620567,Success,
14007,Office,2862 Jolie Port,8740465029,02112026113620567,Success,
1667,Office,850 Madison Street,1684717550,02112026113620567,Success,
14007,Office,5814 Feest Divide,7381201416,02112026113620567,Success,
1667,Office,4051 Deckow Streets,6650802405,02112026113620567,Success,
14007,Office,21400 Cumberland Street,7496964275,02112026113620567,Success,
1667,Office,385 Kshlerin Parks,1326274749,02112026113620567,Success,
14007,Office,58702 Feeney Garden,3876873581,02112026113620567,Success,
1667,Office,73062 Grove Lane,4717364739,02112026113620567,Success,
14007,Office,2363 Jackson Street,6743880875,02112026113620567,Success,
1667,Office,54567 Medhurst Glen,7755160698,02112026113620567,Success,
14007,Office,95957 Hettie Forge,3079385381,02112026113620567,Success,
1667,Office,13741 Vicente Centers,2232682078,02112026113620567,Success,
14007,Office,32443 Johns Key,5080620887,02112026113620567,Success,
1667,Office,207 Broadway Street,3137764593,02112026113620567,Success,
14007,Office,828 W Elm Street,9883662762,02112026113620567,Success,
1667,Office,314 Roberts Mews,8229729652,02112026113620567,Success,
14007,Office,474 Oswald Track,3245837281,02112026113620567,Success,
1667,Office,4430 Cicero Cliffs,9353985602,02112026113620567,Success,
14007,Office,30239 Garrick Via,4691861747,02112026113620567,Success,
1667,Office,46700 Jamarcus River,2080332202,02112026113620567,Success,
14007,Office,136 Fay Place,4876264772,02112026113620567,Success,
1667,Office,87010 Lawrence Street,4909458081,02112026113620567,Success,
14007,Office,6864 Jacobs Radial,4390482866,02112026113620567,Success,
1667,Office,2627 Lyla Rapid,9878350288,02112026113620567,Success,
14007,Office,9816 Chapel Street,3688552661,02112026113620567,Success,
1667,Office,673 Belmont Road,2176526748,02112026113620567,Success,
14007,Office,22674 Baumbach Roads,9500272974,02112026113620567,Success,
1667,Office,319 Bradtke Garden,6133911748,02112026113620567,Success,
14007,Office,6105 Clair Pines,8197903624,02112026113620567,Success,
1667,Office,95466 Gene Mission,3763012055,02112026113620567,Success,
14007,Office,3394 Madison Street,1480346316,02112026113620567,Success,
1667,Office,581 Ashlee Fork,3778653533,02112026113620567,Success,
14007,Office,998 Johns Motorway,2930884456,02112026113620567,Success,
1667,Office,3723 Deckow Lane,6588349148,02112026113620567,Success,
14007,Office,916 Reginald Parks,1741538315,02112026113620567,Success,
1667,Office,5121 Front Street,7870849203,02112026113620567,Success,
14007,Office,18994 Kailee Shores,2452616740,02112026113620567,Success,
1667,Office,48921 Koepp Cape,9580257500,02112026113620567,Success,
14007,Office,98826 Gladyce Garden,9949668771,02112026113620567,Success,
1667,Office,110 Parisian Canyon,9862805777,02112026113620567,Success,
14007,Office,22693 Ericka Crest,9302865415,02112026113620567,Success,
1667,Office,73006 Orchard Road,1123660867,02112026113620567,Success,
14007,Office,8147 Roberts Expressway,2831150260,02112026113620567,Success,
1667,Office,801 Kshlerin Shoals,1201074274,02112026113620567,Success,
14007,Office,1000 Hoppe Brooks,4822830443,02112026113620567,Success,
1667,Office,89165 Bosco Bypass,1127058214,02112026113620567,Success,
14007,Office,93542 Elijah Forge,6717726975,02112026113620567,Success,
1667,Office,8766 Depot Street,9346919195,02112026113620567,Success,
14007,Office,24535 Bailey Brooks,6494632296,02112026113620567,Success,
1667,Office,82266 Rocio Route,3439977460,02112026113620567,Success,
14007,Office,872 Market Street,6903238126,02112026113620567,Success,
1667,Office,824 Dameon Groves,5178746995,02112026113620567,Success,
14007,Office,8376 W Front Street,1336012120,02112026113620567,Success,
1667,Office,854 Vergie Landing,2104562062,02112026113620567,Success,
14007,Office,2932 Dibbert Knoll,6725474918,02112026113620567,Success,
1667,Office,588 The Croft,7242149343,02112026113620567,Success,
14007,Office,4373 Stanley Road,3127478861,02112026113620567,Success,
1667,Office,3384 Schuppe Brooks,1662570516,02112026113620567,Success,
14007,Office,2337 State Avenue,9792402600,02112026113620567,Success,
1667,Office,49997 Ryan Mount,1127969723,02112026113620567,Success,
14007,Office,3440 Stella Radial,9835576311,02112026113620567,Success,
1667,Office,9226 Deron Place,6755565835,02112026113620567,Success,
14007,Office,50583 Bailey Greens,8158366863,02112026113620567,Success,
1667,Office,74032 Velva Turnpike,6829227012,02112026113620567,Success,
14007,Office,6314 Larkin Corner,9240653350,02112026113620567,Success,
1667,Office,851 Erik Crescent,6372125746,02112026113620567,Success,
14007,Office,76620 Nolan Knolls,7854248337,02112026113620567,Success,
1667,Office,6845 Jakubowski Rue,5623031833,02112026113620567,Success,
14007,Office,43762 Fredy Forge,2365952821,02112026113620567,Success,
1667,Office,494 Dario Loaf,5612248553,02112026113620567,Success,
14007,Office,364 Kuphal River,5816681774,02112026113620567,Success,
1667,Office,1565 Letitia Bridge,7111844615,02112026113620567,Success,
14007,Office,44081 Field Close,5470531318,02112026113620567,Success,
1667,Office,76903 Rice Meadow,5474305718,02112026113620567,Success,
14007,Office,492 Sabina Ridges,7443414826,02112026113620567,Success,
1667,Office,3372 Ratke Valley,6926049152,02112026113620567,Success,
14007,Office,7802 Gianni Terrace,3508287783,02112026113620567,Success,
1667,Office,258 Weissnat Well,1756967474,02112026113620567,Success,
14007,Office,443 Rodriguez Streets,5534501458,02112026113620567,Success,
1667,Office,75784 Haley Flats,3918793671,02112026113620567,Success,
14007,Office,2646 Vicarage Close,6344419977,02112026113620567,Success,
1667,Office,510 Chris Avenue,1730067937,02112026113620567,Success,
14007,Office,862 Deckow Shoal,3951920962,02112026113620567,Success,
1667,Office,43817 Bergstrom Dam,9338729948,02112026113620567,Success,
14007,Office,2274 Queen's Road,7111261743,02112026113620567,Success,
1667,Office,286 Coronation Avenue,6818186195,02112026113620567,Success,
14007,Office,797 Hilda Rue,6523025752,02112026113620567,Success,
1667,Office,2114 Keeley Well,6696611144,02112026113620567,Success,
14007,Office,7679 Cruickshank Throughway,2835679160,02112026113620567,Success,
1667,Office,4144 Silver Street,7780784811,02112026113620567,Success,
14007,Office,465 Sawayn Viaduct,1626634352,02112026113620567,Success,
1667,Office,21648 Florida Parkways,4434401557,02112026113620567,Success,
14007,Office,6978 Martin Luther King Jr Boulevard,4658639151,02112026113620567,Success,
1667,Office,37660 Berenice Cove,9601994033,02112026113620567,Success,
14007,Office,826 Nelda Harbor,4589322404,02112026113620567,Success,
1667,Office,848 3rd Street,7357316161,02112026113620567,Success,
14007,Office,1074 Prospect Street,4479469369,02112026113620567,Success,
1667,Office,6970 Carroll Spur,5756826959,02112026113620567,Success,
14007,Office,54946 Oswaldo Route,1819495903,02112026113620567,Success,
1667,Office,47211 Poplar Road,5624882716,02112026113620567,Success,
14007,Office,24341 St Andrew's Road,6917047848,02112026113620567,Success,
1667,Office,716 Parker Crest,7773401979,02112026113620567,Success,
14007,Office,14048 Alexandrine Junction,5844826629,02112026113620567,Success,
1667,Office,7056 Kendra Green,4912938090,02112026113620567,Success,
14007,Office,9062 Mary Street,2725750395,02112026113620567,Success,
1667,Office,24577 School Close,6830554152,02112026113620567,Success,
14007,Office,664 S Washington Street,6170597561,02112026113620567,Success,
1667,Office,33029 N Main Avenue,1818187850,02112026113620567,Success,
14007,Office,552 Russel Meadows,6850373544,02112026113620567,Success,
1667,Office,1135 Church Road,9529418075,02112026113620567,Success,
14007,Office,9104 Jaylan Motorway,2631655623,02112026113620567,Success,
1667,Office,30994 Watsica Course,5895979568,02112026113620567,Success,
14007,Office,1146 Crona Centers,2418530412,02112026113620567,Success,
1667,Office,51062 S Monroe Street,3713086313,02112026113620567,Success,
14007,Office,5928 S 7th Street,6471017652,02112026113620567,Success,
1667,Office,49132 Hall Street,8340730357,02112026113620567,Success,
14007,Office,87320 Beech Road,1615040975,02112026113620567,Success,
1667,Office,790 Russel Terrace,2473983234,02112026113620567,Success,
14007,Office,18734 Precious Loaf,6831307095,02112026113620567,Success,
1667,Office,47638 W 5th Street,8489295303,02112026113620567,Success,
14007,Office,48570 Cartwright Falls,9944095586,02112026113620567,Success,
1667,Office,6466 Fourth Avenue,8587989827,02112026113620567,Success,
14007,Office,9732 Windmill Lane,8397854342,02112026113620567,Success,
1667,Office,350 Hane Valley,9614438223,02112026113620567,Success,
14007,Office,397 Tre Via,4656549508,02112026113620567,Success,
1667,Office,4164 Alejandra Parkway,9256677230,02112026113620567,Success,
14007,Office,38437 O'Keefe Shoals,1317285826,02112026113620567,Success,
1667,Office,9275 Austyn Spring,4880033084,02112026113620567,Success,
14007,Office,5044 Bertram Underpass,5583328898,02112026113620567,Success,
1667,Office,7104 Melyna Keys,4378800014,02112026113620567,Success,
14007,Office,2503 Russel Ferry,2752826765,02112026113620567,Success,
1667,Office,117 Bode Trafficway,2524706802,02112026113620567,Success,
14007,Office,93301 Candido Path,5344842059,02112026113620567,Success,
1667,Office,78725 Albert Road,9359892030,02112026113620567,Success,
14007,Office,719 Spinka Mountains,1860002089,02112026113620567,Success,
1667,Office,639 Larson Stream,6533468777,02112026113620567,Success,
14007,Office,7858 Orchard Lane,8374250124,02112026113620567,Success,
1667,Office,29588 W Broadway Street,8912681051,02112026113620567,Success,
14007,Office,75524 West Lane,5588497207,02112026113620567,Success,
1667,Office,93363 Beech Close,9841080499,02112026113620567,Success,
14007,Office,52520 Conroy Meadow,7186078356,02112026113620567,Success,
1667,Office,67356 Dare Garden,4186007685,02112026113620567,Success,
14007,Office,8771 Moore Cliff,7171579792,02112026113620567,Success,
1667,Office,60865 Hill Street,9731561216,02112026113620567,Success,
14007,Office,4194 Domenick Stravenue,9454238302,02112026113620567,Success,
1667,Office,222 Ebba Mountains,6915189568,02112026113620567,Success,
14007,Office,61999 Schumm Causeway,7922767952,02112026113620567,Success,
1667,Office,765 Armstrong Island,1531110293,02112026113620567,Success,
14007,Office,96588 Rosenbaum Route,7130434419,02112026113620567,Success,
1667,Office,803 Railroad Street,8604332115,02112026113620567,Success,
14007,Office,613 Mohr Ramp,6852204228,02112026113620567,Success,
1667,Office,35007 Gregg Alley,2636826718,02112026113620567,Success,
14007,Office,3613 Main Street W,6411997692,02112026113620567,Success,
1667,Office,379 Haag Grove,6865340159,02112026113620567,Success,
14007,Office,9251 Waterloo Road,6902514372,02112026113620567,Success,
1667,Office,683 Weissnat Center,4935565967,02112026113620567,Success,
14007,Office,239 Hailey Trafficway,1961775264,02112026113620567,Success,
1667,Office,2617 Riverside,5879685045,02112026113620567,Success,
14007,Office,4163 Dewayne Light,3577704691,02112026113620567,Success,
1667,Office,55074 Mill Road,6105566170,02112026113620567,Success,
14007,Office,9603 N 9th Street,7230283332,02112026113620567,Success,
1667,Office,252 Prospect Road,7900643995,02112026113620567,Success,
14007,Office,98551 Daniella Motorway,1221750146,02112026113620567,Success,
1667,Office,3827 Breana Harbor,2928037231,02112026113620567,Success,
14007,Office,71955 Erik Terrace,2572313160,02112026113620567,Success,
1667,Office,3715 Giovani Spur,3036967705,02112026113620567,Success,
14007,Office,5951 Cristobal Harbor,8747861713,02112026113620567,Success,
1667,Office,227 Denesik Divide,6236528840,02112026113620567,Success,
14007,Office,3905 Becker Drives,8358653052,02112026113620567,Success,
1667,Office,892 Aspen Close,5977543089,02112026113620567,Success,
14007,Office,39975 Schuppe Groves,7471185031,02112026113620567,Success,
1667,Office,692 Flatley Ridge,2067488821,02112026113620567,Success,
14007,Office,5682 Denis Valleys,7529067892,02112026113620567,Success,
1667,Office,709 Botsford Lane,4465220159,02112026113620567,Success,
14007,Office,308 Kautzer Falls,1428398587,02112026113620567,Success,
1667,Office,755 Omer Mall,8939413224,02112026113620567,Success,
14007,Office,2934 Fore Street,5092782554,02112026113620567,Success,
1667,Office,7292 Graciela Turnpike,2308074632,02112026113620567,Success,
14007,Office,2340 Jeanne Plain,2762663910,02112026113620567,Success,
1667,Office,496 Mercedes Cliffs,3790604513,02112026113620567,Success,
14007,Office,867 Garnett Centers,4955382144,02112026113620567,Success,
1667,Office,8623 Feest Rest,1349096229,02112026113620567,Success,
14007,Office,276 The Beeches,5789359475,02112026113620567,Success,
1667,Office,37397 Marcel Keys,9307271336,02112026113620567,Success,
14007,Office,5868 Tremblay Corners,2429120979,02112026113620567,Success,
1667,Office,74190 Sheridan Springs,4473847542,02112026113620567,Success,
14007,Office,9568 W Church Street,1543977780,02112026113620567,Success,
1667,Office,8091 N State Street,8655404367,02112026113620567,Success,
14007,Office,774 E State Street,4535828097,02112026113620567,Success,
1667,Office,287 Bailey Summit,9361300816,02112026113620567,Success,
14007,Office,9495 Ervin Mission,5570502210,02112026113620567,Success,
1667,Office,17996 Talbot Road,9975178594,02112026113620567,Success,
14007,Office,33989 Buckridge Wells,8458749013,02112026113620567,Success,
1667,Office,8444 O'Reilly Skyway,5549744074,02112026113620567,Success,
14007,Office,8128 N College Street,9886265614,02112026113620567,Success,
1667,Office,5482 Brandyn Course,9534668258,02112026113620567,Success,
14007,Office,998 Brionna Glens,1923063928,02112026113620567,Success,
1667,Office,6584 Leuschke Centers,9729926978,02112026113620567,Success,
14007,Office,239 Judy Coves,4923134660,02112026113620567,Success,
1667,Office,8151 Ash Grove,9794968979,02112026113620567,Success,
14007,Office,66951 Market Square,2959981706,02112026113620567,Success,
1667,Office,392 Lenna Mews,5538035232,02112026113620567,Success,
14007,Office,17443 S 1st Avenue,3359670212,02112026113620567,Success,
1667,Office,20273 Predovic Junction,3063166680,02112026113620567,Success,
14007,Office,139 Pollich Knoll,4412763087,02112026113620567,Success,
1667,Office,96500 Stella Valleys,6983839088,02112026113620567,Success,
14007,Office,620 N Jackson Street,1851442694,02112026113620567,Success,
1667,Office,13973 Woodlands,6798618037,02112026113620567,Success,
14007,Office,94853 N Walnut Street,6502924635,02112026113620567,Success,
1667,Office,162 Casey Lock,3962960514,02112026113620567,Success,
14007,Office,8943 Jermey Oval,1809943724,02112026113620567,Success,
1667,Office,393 W Washington Avenue,9739713669,02112026113620567,Success,
14007,Office,85465 Luther Shores,3621356708,02112026113620567,Success,
1667,Office,8937 Hintz Knoll,6788410927,02112026113620567,Success,
14007,Office,6590 S Park Street,6568372454,02112026113620567,Success,
1667,Office,5490 Koelpin Forges,7431059945,02112026113620567,Success,
14007,Office,6421 Walnut Street,7878995633,02112026113620567,Success,
1667,Office,999 S Central Avenue,3746295249,02112026113620567,Success,
14007,Office,4465 McCullough Flats,1181557352,02112026113620567,Success,
1667,Office,78525 O'Keefe Coves,2191032215,02112026113620567,Success,
14007,Office,52838 Margot Pines,7354594801,02112026113620567,Success,
1667,Office,5137 Feeney Parkway,1213673160,02112026113620567,Success,
14007,Office,32616 Adan Causeway,7121550484,02112026113620567,Success,
1667,Office,991 Washington Road,5185543042,02112026113620567,Success,
14007,Office,7204 Tyler Falls,6498914987,02112026113620567,Success,
1667,Office,8786 Brielle Brook,7676329653,02112026113620567,Success,
14007,Office,817 E State Street,7870999858,02112026113620567,Success,
1667,Office,690 Greyson Hill,1361638050,02112026113620567,Success,
14007,Office,177 Hall Street,7827566589,02112026113620567,Success,
1667,Office,13685 Corwin Hill,5920679800,02112026113620567,Success,
14007,Office,1319 Reilly Green,9172472574,02112026113620567,Success,
1667,Office,2802 Pine Street,8855052010,02112026113620567,Success,
14007,Office,617 Rowland Burgs,1433716019,02112026113620567,Success,
1667,Office,403 Tatum Plains,8528322469,02112026113620567,Success,
14007,Office,890 N Railroad Street,4633947889,02112026113620567,Success,
1667,Office,4529 Lueilwitz Burgs,8215741378,02112026113620567,Success,
14007,Office,71241 Hoppe Cape,4021622947,02112026113620567,Success,
1667,Office,798 Woodlands,1585108475,02112026113620567,Success,
14007,Office,6053 Augusta Glen,4846449207,02112026113620567,Success,
1667,Office,558 Hahn Divide,6763802348,02112026113620567,Success,
14007,Office,38860 Dooley Stream,1922192412,02112026113620567,Success,
1667,Office,23547 Alek Trafficway,3667978421,02112026113620567,Success,
14007,Office,965 Nils Avenue,4446041390,02112026113620567,Success,
1667,Office,6198 Cleveland Street,6536659279,02112026113620567,Success,
14007,Office,995 W 8th Street,7325155096,02112026113620567,Success,
1667,Office,7863 Antonette Hollow,7677773475,02112026113620567,Success,
14007,Office,9144 Dooley Gardens,3608293922,02112026113620567,Success,
1667,Office,61593 Zoey Harbor,6769942929,02112026113620567,Success,
14007,Office,8527 Leuschke Ways,8333226472,02112026113620567,Success,
1667,Office,144 Somerset Road,2858249648,02112026113620567,Success,
14007,Office,79419 Nora Ridges,1293744350,02112026113620567,Success,
1667,Office,2089 Kathryn Rest,4793363458,02112026113620567,Success,
14007,Office,329 Rosendo View,8212940517,02112026113620567,Success,
1667,Office,4274 Brookside,6511577827,02112026113620567,Success,
14007,Office,1319 Highfield Close,8795284587,02112026113620567,Success,
1667,Office,70944 Kilback Ranch,8282924353,02112026113620567,Success,
14007,Office,3741 Orchard Drive,8996807666,02112026113620567,Success,
1667,Office,53802 Predovic Valleys,6709336314,02112026113620567,Success,
14007,Office,908 Wood Lane,3252517713,02112026113620567,Success,
1667,Office,58835 Hauck Land,4620597197,02112026113620567,Success,
14007,Office,984 York Street,9283138386,02112026113620567,Success,
1667,Office,4046 North Street,1132781511,02112026113620567,Success,
14007,Office,471 W Union Street,2514292838,02112026113620567,Success,
1667,Office,5274 Main Avenue,1633065613,02112026113620567,Success,
14007,Office,57262 Tia Way,6679076241,02112026113620567,Success,
1667,Office,17872 Weber Field,8027890618,02112026113620567,Success,
14007,Office,9080 Main Road,6079550848,02112026113620567,Success,
1667,Office,3206 Memorial Drive,4383771860,02112026113620567,Success,
14007,Office,69865 Mayer Fords,7843241118,02112026113620567,Success,
1667,Office,66755 VonRueden Canyon,9119420909,02112026113620567,Success,
14007,Office,3445 Melba Plain,1467544757,02112026113620567,Success,
1667,Office,259 Immanuel Parkway,1708801267,02112026113620567,Success,
14007,Office,5790 Trenton Valley,3851223853,02112026113620567,Success,
1667,Office,343 North Road,8114948088,02112026113620567,Success,
14007,Office,7679 Otho Hollow,3784489972,02112026113620567,Success,
1667,Office,950 Imogene Stream,6767326006,02112026113620567,Success,
14007,Office,4262 Quitzon Union,7994064585,02112026113620567,Success,
1667,Office,7956 Springfield Road,9568316885,02112026113620567,Success,
14007,Office,969 Tito Fork,1418489183,02112026113620567,Success,
1667,Office,101 Gordon Road,6497424878,02112026113620567,Success,
14007,Office,89686 Bashirian Falls,2663820834,02112026113620567,Success,
1667,Office,33714 Claremont Road,4226478096,02112026113620567,Success,
14007,Office,3726 Kenya Divide,2866821177,02112026113620567,Success,
1667,Office,225 Tennyson Road,8388826750,02112026113620567,Success,
14007,Office,414 Ondricka Ridge,7648667829,02112026113620567,Success,
1667,Office,918 Spinka Cliffs,7790040288,02112026113620567,Success,
14007,Office,290 Aurelio Isle,4128603829,02112026113620567,Success,
1667,Office,410 Nathaniel Wells,5111979364,02112026113620567,Success,
14007,Office,47152 Kilback Fall,7812868276,02112026113620567,Success,
1667,Office,377 Wiegand Expressway,6440927800,02112026113620567,Success,
14007,Office,9518 Norfolk Road,2160796236,02112026113620567,Success,
1667,Office,415 Jonathan Villages,2524804915,02112026113620567,Success,
14007,Office,2896 Daphnee Forge,1929006655,02112026113620567,Success,
1667,Office,10461 Orchard Drive,5741806528,02112026113620567,Success,
14007,Office,43648 Green Street,2119448708,02112026113620567,Success,
1667,Office,4150 S Union Street,9918079129,02112026113620567,Success,
14007,Office,624 Nannie Parkway,3893433876,02112026113620567,Success,
1667,Office,9184 Monte Parkways,1981729104,02112026113620567,Success,
14007,Office,596 Orchard Road,9986165099,02112026113620567,Success,
1667,Office,89627 Wilkinson Estate,7394151633,02112026113620567,Success,
14007,Office,251 Gerhold Loop,2649659899,02112026113620567,Success,
1667,Office,4028 Otis Parkway,4674528070,02112026113620567,Success,
14007,Office,502 Hartmann Pass,9509341189,02112026113620567,Success,
1667,Office,8738 Jast Valleys,4389993088,02112026113620567,Success,
14007,Office,3766 Keven Key,4931535243,02112026113620567,Success,
1667,Office,23081 Batz Lake,4888943680,02112026113620567,Success,
14007,Office,313 Noble Point,5466781036,02112026113620567,Success,
1667,Office,282 Maple Drive,4261541361,02112026113620567,Success,
14007,Office,162 Pinfold Lane,5101843143,02112026113620567,Success,
1667,Office,586 Wellington Road,4959885096,02112026113620567,Success,
14007,Office,4864 Hyatt Shoal,5356578223,02112026113620567,Success,
1667,Office,94060 Emard Terrace,1105151741,02112026113620567,Success,
14007,Office,46903 Marsh Lane,4741947933,02112026113620567,Success,
1667,Office,873 Thompson Rest,1167590597,02112026113620567,Success,
14007,Office,548 Jefferson Street,8575517068,02112026113620567,Success,
1667,Office,196 E 12th Street,6353551198,02112026113620567,Success,
14007,Office,36502 Mante Fort,4869375273,02112026113620567,Success,
1667,Office,9276 Lelia Gateway,5521210570,02112026113620567,Success,
14007,Office,40129 Josue Overpass,4539952737,02112026113620567,Success,
1667,Office,97235 Kuvalis Track,8224534521,02112026113620567,Success,
14007,Office,6564 Wilderman Canyon,9927636495,02112026113620567,Success,
1667,Office,5831 Mount Street,5935809933,02112026113620567,Success,
14007,Office,4786 Macejkovic Circle,1432286913,02112026113620567,Success,
1667,Office,712 Stamm Overpass,3442207092,02112026113620567,Success,
14007,Office,353 Huels Route,2267607628,02112026113620567,Success,
1667,Office,2564 Juana Ridges,4030545093,02112026113620567,Success,
14007,Office,42449 First Avenue,8609115628,02112026113620567,Success,
1667,Office,4199 Marc Avenue,2498545955,02112026113620567,Success,
14007,Office,952 Raymundo Ford,4192799297,02112026113620567,Success,
1667,Office,84235 Kilback View,8982032353,02112026113620567,Success,
14007,Office,330 Aric Plain,1688958405,02112026113620567,Success,
1667,Office,2895 Peter Fork,3046332341,02112026113620567,Success,
14007,Office,74545 Florencio Causeway,4170733948,02112026113620567,Success,
1667,Office,3950 Makenna Canyon,8074616481,02112026113620567,Success,
14007,Office,51775 Adams Avenue,4708266397,02112026113620567,Success,
1667,Office,5627 Sylvester Road,9267881911,02112026113620567,Success,
14007,Office,2883 Pearl Street,8831121357,02112026113620567,Success,
1667,Office,9395 George Garden,8212545243,02112026113620567,Success,
14007,Office,9935 8th Street,2551926848,02112026113620567,Success,
1667,Office,64028 Ward Row,4138246865,02112026113620567,Success,
14007,Office,47835 Breitenberg Haven,5111716604,02112026113620567,Success,
1667,Office,962 Kingsway,9018633416,02112026113620567,Success,
14007,Office,610 Jaskolski Rue,3494639249,02112026113620567,Success,
1667,Office,1879 Union Avenue,3314070227,02112026113620567,Success,
14007,Office,403 Casper Isle,3216991896,02112026113620567,Success,
1667,Office,3979 S East Street,5131093638,02112026113620567,Success,
14007,Office,80720 Hammes Port,1002251370,02112026113620567,Success,
1667,Office,541 N Elm Street,1669298212,02112026113620567,Success,
14007,Office,9409 Dorcas Turnpike,7196484386,02112026113620567,Success,
1667,Office,84771 Cielo Ranch,7002043909,02112026113620567,Success,
14007,Office,99558 Heather Close,9282905587,02112026113620567,Success,
1667,Office,7278 Grady Ford,1516952813,02112026113620567,Success,
14007,Office,384 Kathryn Heights,9264224195,02112026113620567,Success,
1667,Office,3853 Newton Road,2119106588,02112026113620567,Success,
14007,Office,716 Price Falls,6131079889,02112026113620567,Success,
1667,Office,79787 Turcotte Gardens,5224346296,02112026113620567,Success,
14007,Office,323 Beatty Viaduct,4267625649,02112026113620567,Success,
1667,Office,5759 Kings Highway,9065767068,02112026113620567,Success,
14007,Office,783 Wintheiser Avenue,1025958435,02112026113620567,Success,
1667,Office,1123 Howe Fork,2635525874,02112026113620567,Success,
14007,Office,73387 Oakfield Road,1214720165,02112026113620567,Success,
1667,Office,761 Lowe Pines,2847610783,02112026113620567,Success,
14007,Office,787 W Franklin Street,2050861916,02112026113620567,Success,
1667,Office,541 Zetta Street,9386218368,02112026113620567,Success,
14007,Office,23842 Kingfisher Close,1289039643,02112026113620567,Success,
1667,Office,7310 Howard Street,7649232867,02112026113620567,Success,
14007,Office,1725 Amari Brook,8217126977,02112026113620567,Success,
1667,Office,33623 Adams Manors,2449570029,02112026113620567,Success,
14007,Office,680 Howe View,3042492434,02112026113620567,Success,
1667,Office,301 Huel Parkways,9218736206,02112026113620567,Success,
14007,Office,4670 Kreiger Inlet,3448641346,02112026113620567,Success,
1667,Office,95301 Mill Street,9488124048,02112026113620567,Success,
14007,Office,577 Jackson Street,3274850009,02112026113620567,Success,
1667,Office,620 Polly Shores,2771205109,02112026113620567,Success,
14007,Office,540 Jolie Glens,1304687888,02112026113620567,Success,
1667,Office,63921 Norwood Parkway,9638876105,02112026113620567,Success,
14007,Office,49760 Alexandra Islands,9697544192,02112026113620567,Success,
1667,Office,760 N 7th Street,1416181670,02112026113620567,Success,
14007,Office,4728 Waelchi Stream,4053834414,02112026113620567,Success,
1667,Office,4797 Sonya Key,5479756439,02112026113620567,Success,
14007,Office,53846 7th Street,4408238451,02112026113620567,Success,
1667,Office,486 E Broad Street,2155218342,02112026113620567,Success,
14007,Office,2547 Bridge Road,9947741537,02112026113620567,Success,
1667,Office,5679 Cole Lodge,2290580403,02112026113620567,Success,
14007,Office,62297 Auer Garden,4555495298,02112026113620567,Success,
1667,Office,19036 Marcelo Mews,7604602594,02112026113620567,Success,
14007,Office,378 Beahan Via,1661405565,02112026113620567,Success,
1667,Office,3860 Marquise Garden,8986007654,02112026113620567,Success,
14007,Office,204 Terry Port,1901437385,02112026113620567,Success,
1667,Office,7691 Stracke Islands,1296264227,02112026113620567,Success,
14007,Office,709 N State Street,6802291749,02112026113620567,Success,
1667,Office,788 Janis Mews,5176230882,02112026113620567,Success,
14007,Office,371 Talbot Road,3914017655,02112026113620567,Success,
1667,Office,942 Kohler Passage,5641572222,02112026113620567,Success,
14007,Office,907 Mittie Hill,2753673680,02112026113620567,Success,
1667,Office,26181 Schumm Squares,9556561042,02112026113620567,Success,
14007,Office,7211 Ruecker Terrace,7205705914,02112026113620567,Success,
1667,Office,744 Reichel Walks,5585370613,02112026113620567,Success,
14007,Office,66122 Lora Glen,1205137205,02112026113620567,Success,
1667,Office,8583 Sycamore Avenue,1853962568,02112026113620567,Success,
14007,Office,525 Cummings Mountains,5341775509,02112026113620567,Success,
1667,Office,7493 Elnora Dam,9497554901,02112026113620567,Success,
14007,Office,548 Kuhlman Burgs,2155823550,02112026113620567,Success,
1667,Office,502 Runolfsdottir Throughway,8805156111,02112026113620567,Success,
14007,Office,5906 Anjali Fort,4657265489,02112026113620567,Success,
1667,Office,662 Elnora Inlet,7048751214,02112026113620567,Success,
14007,Office,50110 Wyman Manor,7303056529,02112026113620567,Success,
1667,Office,31167 Janis Points,4501055730,02112026113620567,Success,
14007,Office,1731 Kenyon Place,2006928628,02112026113620567,Success,
1667,Office,90826 Celia Expressway,5034943541,02112026113620567,Success,
14007,Office,3323 Western Road,5117646956,02112026113620567,Success,
1667,Office,95019 The Chase,3716684454,02112026113620567,Success,
14007,Office,1844 Daisy Shore,1711182114,02112026113620567,Success,
1667,Office,8610 Pine Grove,1670775159,02112026113620567,Success,
14007,Office,970 Depot Street,2500356285,02112026113620567,Success,
1667,Office,5632 Regan Highway,8020218906,02112026113620567,Success,
14007,Office,768 Back Lane,3498726523,02112026113620567,Success,
1667,Office,3743 Corkery Mills,1600665403,02112026113620567,Success,
14007,Office,4581 Linnie Neck,1976920510,02112026113620567,Success,
1667,Office,7069 Vilma Fork,9953312154,02112026113620567,Success,
14007,Office,91734 Marcelina Street,8510819500,02112026113620567,Success,
1667,Office,27593 Kihn Coves,4595969475,02112026113620567,Success,
14007,Office,891 Flo Points,8924971814,02112026113620567,Success,
1667,Office,2329 Wanda Turnpike,4603247069,02112026113620567,Success,
14007,Office,5857 Forest Road,5187370512,02112026113620567,Success,
1667,Office,4227 Cedar Street,1792943058,02112026113620567,Success,
14007,Office,8223 Hill Road,2136456435,02112026113620567,Success,
1667,Office,112 Larry Keys,7438726826,02112026113620567,Success,
14007,Office,881 Monahan Plaza,9481534385,02112026113620567,Success,
1667,Office,348 Greenfelder Dam,3499707598,02112026113620567,Success,
14007,Office,501 Rodriguez Creek,7937272206,02112026113620567,Success,
1667,Office,6554 Schiller Rapids,1955255163,02112026113620567,Success,
14007,Office,27334 S Mill Street,1703737704,02112026113620567,Success,
1667,Office,72031 Johns Loop,2097269022,02112026113620567,Success,
14007,Office,48396 Welch Road,9606727888,02112026113620567,Success,
1667,Office,999 Willow Road,2850733183,02112026113620567,Success,
14007,Office,6496 Kihn Streets,3071931744,02112026113620567,Success,
1667,Office,84356 The Oval,6369407629,02112026113620567,Success,
14007,Office,78325 Heron Close,9227194648,02112026113620567,Success,
1667,Office,3717 Wilderman Point,4573807973,02112026113620567,Success,
14007,Office,874 King's Road,6582237265,02112026113620567,Success,
1667,Office,723 Hand Expressway,4669401868,02112026113620567,Success,
14007,Office,8735 Rice Pine,5691624545,02112026113620567,Success,
1667,Office,5289 E Washington Street,6064188244,02112026113620567,Success,
14007,Office,9419 Boehm Cliff,1501903305,02112026113620567,Success,
1667,Office,408 Greenholt Mountain,1576402777,02112026113620567,Success,
14007,Office,74702 Muller Path,4961405815,02112026113620567,Success,
1667,Office,717 Lamar Land,4515987268,02112026113620567,Success,
14007,Office,37117 Hayes Union,4124270080,02112026113620567,Success,
1667,Office,4189 5th Street,8724225060,02112026113620567,Success,
14007,Office,645 Moss Lane,8698054187,02112026113620567,Success,
1667,Office,1682 Carmela Lock,1457636941,02112026113620567,Success,
14007,Office,2789 W Jefferson Street,6245136295,02112026113620567,Success,
1667,Office,3628 Johnny Flat,1786946136,02112026113620567,Success,
14007,Office,486 Baumbach Burg,9009382160,02112026113620567,Success,
1667,Office,8312 The Fairway,5653732788,02112026113620567,Success,
14007,Office,3596 Jacobi Run,2426802094,02112026113620567,Success,
1667,Office,594 Arne Burgs,6722178900,02112026113620567,Success,
14007,Office,441 German Forges,1667938209,02112026113620567,Success,
1667,Office,61199 Honeysuckle Close,6907953580,02112026113620567,Success,
14007,Office,69089 Breitenberg Overpass,7272919247,02112026113620567,Success,
1667,Office,316 Evangeline Trafficway,5646535884,02112026113620567,Success,
14007,Office,5335 Philip Roads,7520045142,02112026113620567,Success,
1667,Office,66251 Gia Knoll,9179929582,02112026113620567,Success,
14007,Office,4814 N Jefferson Street,1164629801,02112026113620567,Success,
1667,Office,5807 Larkin Course,8766944643,02112026113620567,Success,
14007,Office,4733 Bay Street,1780304618,02112026113620567,Success,
1667,Office,1943 Torp Radial,3757796859,02112026113620567,Success,
14007,Office,58486 W Bridge Street,3033401836,02112026113620567,Success,
1667,Office,69469 Woodlands Road,2780991119,02112026113620567,Success,
14007,Office,645 12th Street,6773681257,02112026113620567,Success,
1667,Office,388 West Avenue,9874859919,02112026113620567,Success,
14007,Office,7748 Jaren Mall,4653692484,02112026113620567,Success,
1667,Office,4002 Main Street,8747398114,02112026113620567,Success,
14007,Office,535 Osinski Keys,9798971030,02112026113620567,Success,
1667,Office,6533 E 14th Street,8908384417,02112026113620567,Success,
14007,Office,45409 Marley Crest,1220856477,02112026113620567,Success,
1667,Office,429 Mill Close,1289237365,02112026113620567,Success,
14007,Office,76936 The Sidings,9253635127,02112026113620567,Success,
1667,Office,637 Chelsea Rest,8033256405,02112026113620567,Success,
14007,Office,53458 Marcelino Extensions,8904663137,02112026113620567,Success,
1667,Office,2849 Conroy Gateway,2327999367,02112026113620567,Success,
14007,Office,2743 Estefania Lodge,8540784104,02112026113620567,Success,
1667,Office,9595 Bahringer Forks,2222667543,02112026113620567,Success,
14007,Office,7613 Wolff Light,3593641041,02112026113620567,Success,
1667,Office,21135 Reynolds Shores,9688650150,02112026113620567,Success,
14007,Office,649 Washington Road,6855155746,02112026113620567,Success,
1667,Office,8172 Shannon Center,7109532887,02112026113620567,Success,
14007,Office,936 Belmont Road,6870964052,02112026113620567,Success,
1667,Office,8546 Westgate,7435772862,02112026113620567,Success,
14007,Office,144 Annette Station,4516664921,02112026113620567,Success,
1667,Office,669 Amir Mews,3626315777,02112026113620567,Success,
14007,Office,896 Spinka Light,4211275933,02112026113620567,Success,
1667,Office,20225 Houston Crest,7866476166,02112026113620567,Success,
14007,Office,8967 State Street,1361805479,02112026113620567,Success,
1667,Office,81754 E State Street,2649974557,02112026113620567,Success,
14007,Office,392 Murphy Garden,5786672770,02112026113620567,Success,
1667,Office,98075 Hyatt Stravenue,7755026841,02112026113620567,Success,
14007,Office,475 W 4th Avenue,6656051113,02112026113620567,Success,
1667,Office,301 Arvel Vista,7182771791,02112026113620567,Success,
14007,Office,74322 Kuvalis Circle,4762798053,02112026113620567,Success,
1667,Office,27560 N Franklin Street,9459651721,02112026113620567,Success,
14007,Office,73122 W Maple Street,7353681178,02112026113620567,Success,
1667,Office,14059 Onie Port,1048754644,02112026113620567,Success,
14007,Office,6408 Charles Street,1485639701,02112026113620567,Success,
1667,Office,2586 N Bridge Street,9853205968,02112026113620567,Success,
14007,Office,5557 Pearline Cliffs,5820846534,02112026113620567,Success,
1667,Office,67203 Jazmyn Locks,8353810017,02112026113620567,Success,
14007,Office,592 Ernest Harbors,4242014907,02112026113620567,Success,
1667,Office,31934 Howard Path,6597941185,02112026113620567,Success,
14007,Office,950 Broadway,9732512605,02112026113620567,Success,
1667,Office,51485 Derwent Close,5244280763,02112026113620567,Success,
14007,Office,565 Hessel Plaza,2270570304,02112026113620567,Success,
1667,Office,655 Chance Shoal,2942882541,02112026113620567,Success,
14007,Office,544 Arno Shore,3993879801,02112026113620567,Success,
1667,Office,3399 Heather Close,4151161276,02112026113620567,Success,
14007,Office,5226 S 5th Street,3493686283,02112026113620567,Success,
1667,Office,1940 12th Street,4173016026,02112026113620567,Success,
14007,Office,170 Gerlach Ways,1135615496,02112026113620567,Success,
1667,Office,20874 E 6th Avenue,7161872381,02112026113620567,Success,
14007,Office,5680 DuBuque Motorway,8748340959,02112026113620567,Success,
1667,Office,85111 Mitchell Greens,5781054958,02112026113620567,Success,
14007,Office,962 Oak Lane,9577051737,02112026113620567,Success,
1667,Office,49547 Heathcote Fork,6573154473,02112026113620567,Success,
14007,Office,6560 Park Drive,9069119720,02112026113620567,Success,
1667,Office,1539 S 3rd Street,6157374937,02112026113620567,Success,
14007,Office,641 S Walnut Street,7246551348,02112026113620567,Success,
1667,Office,724 Theresa Forest,4547360556,02112026113620567,Success,
14007,Office,553 Eunice Park,4881833725,02112026113620567,Success,
1667,Office,4704 Valley Road,3191792637,02112026113620567,Success,
14007,Office,449 Mayer Mountain,3253869456,02112026113620567,Success,
1667,Office,3907 Jones Roads,1864833806,02112026113620567,Success,
14007,Office,961 Cherry Tree Close,1808364763,02112026113620567,Success,
1667,Office,7311 The Laurels,5671766687,02112026113620567,Success,
14007,Office,8698 Meadow Close,8697520322,02112026113620567,Success,
1667,Office,45758 Grant Ways,3070956942,02112026113620567,Success,
14007,Office,60492 Olson Prairie,5689269746,02112026113620567,Success,
1667,Office,622 Naomie Branch,4900644958,02112026113620567,Success,
14007,Office,8103 Concepcion Junctions,5324626062,02112026113620567,Success,
1667,Office,89695 Howe Plains,4193979573,02112026113620567,Success,
14007,Office,56892 Vicenta Tunnel,6588922000,02112026113620567,Success,
1667,Office,3422 Kuvalis Pass,2069492738,02112026113620567,Success,
14007,Office,34894 Domenica Course,8341986983,02112026113620567,Success,
1667,Office,52156 Gerson Common,3130151915,02112026113620567,Success,
14007,Office,706 Hirthe Mills,6989150373,02112026113620567,Success,
1667,Office,6572 Amely Camp,9013733545,02112026113620567,Success,
14007,Office,2531 Champlin Village,6263407351,02112026113620567,Success,
1667,Office,73861 Germaine Manor,1569096025,02112026113620567,Success,
14007,Office,497 Adelbert Lights,1228892933,02112026113620567,Success,
1667,Office,164 Somerset Road,9246277910,02112026113620567,Success,
14007,Office,77420 Davis Street,7936295630,02112026113620567,Success,
1667,Office,3156 Gleason Lock,9055156993,02112026113620567,Success,
14007,Office,64491 Nayeli Ranch,5082487689,02112026113620567,Success,
1667,Office,57682 Braun Knoll,9291573180,02112026113620567,Success,
14007,Office,5926 Bill Ridge,6736647354,02112026113620567,Success,
1667,Office,192 Johnson Street,8673482941,02112026113620567,Success,
14007,Office,613 Imani Union,5777279421,02112026113620567,Success,
1667,Office,175 Reynolds Prairie,6691033431,02112026113620567,Success,
14007,Office,7919 Runolfsson Burg,3612420634,02112026113620567,Success,
1667,Office,280 Quitzon Villages,8803117094,02112026113620567,Success,
14007,Office,245 Main Street S,7463544633,02112026113620567,Success,
1667,Office,18610 Funk Court,2230096149,02112026113620567,Success,
14007,Office,16841 W Church Street,9455645843,02112026113620567,Success,
1667,Office,99837 Raphael Well,8374157059,02112026113620567,Success,
14007,Office,87788 Buckingham Road,4438165668,02112026113620567,Success,
1667,Office,207 Welch Passage,5297508792,02112026113620567,Success,
14007,Office,13179 Becker Bridge,5741563278,02112026113620567,Success,
1667,Office,268 Braun Bypass,6979546574,02112026113620567,Success,
14007,Office,301 Claude Loaf,3026653392,02112026113620567,Success,
1667,Office,71103 Gail Crossroad,6248002192,02112026113620567,Success,
14007,Office,3800 Low Road,7358676128,02112026113620567,Success,
1667,Office,611 E 7th Street,6600972775,02112026113620567,Success,
14007,Office,583 Billie Village,2967362651,02112026113620567,Success,
1667,Office,29289 Collins Centers,7634643155,02112026113620567,Success,
14007,Office,58066 Vivien Squares,9882898740,02112026113620567,Success,
1667,Office,80107 Greg Loaf,6719752997,02112026113620567,Success,
14007,Office,89673 Cartwright Plains,4285426111,02112026113620567,Success,
1667,Office,5285 Kuhlman Villages,2979040554,02112026113620567,Success,
14007,Office,8229 Windsor Drive,5380102775,02112026113620567,Success,
1667,Office,9777 Cambridge Street,2137585574,02112026113620567,Success,
14007,Office,52336 Domenick Gardens,4131330328,02112026113620567,Success,
1667,Office,4969 Castle Lane,9793894388,02112026113620567,Success,
14007,Office,8995 Eloisa Circle,8254536153,02112026113620567,Success,
1667,Office,548 Emard Causeway,7975357748,02112026113620567,Success,
14007,Office,95406 Trisha Drive,4080648620,02112026113620567,Success,
1667,Office,81082 Runolfsdottir Hill,9951865277,02112026113620567,Success,
14007,Office,444 Karson Lights,3407805403,02112026113620567,Success,
1667,Office,1830 Ofelia Glens,4317216617,02112026113620567,Success,
14007,Office,6594 Mills Neck,9852615529,02112026113620567,Success,
1667,Office,20522 Kulas Station,7979530300,02112026113620567,Success,
