AgreementId,AddressType,Address,MobileNumber,WorkRequestId,UploadStatus,ErrorMessage
14007,Office,107 Abernathy Prairie,8810810126,02182026025045537,Success,
1667,Office,332 Cremin Via,7708887751,02182026025045537,Success,
14007,Office,789 Camren Turnpike,2168516959,02182026025045537,Success,
1667,Office,83709 Shannon Bridge,6641878950,02182026025045537,Success,
14007,Office,538 Honeysuckle Close,9445965777,02182026025045537,Success,
1667,Office,7611 Streich Flats,2155155628,02182026025045537,Success,
14007,Office,35638 Morris Mall,4079439021,02182026025045537,Success,
1667,Office,7071 Luisa Manors,9731362855,02182026025045537,Success,
14007,Office,23930 Maybelle Divide,3847675526,02182026025045537,Success,
1667,Office,2808 Daniel Lane,5806660965,02182026025045537,Success,
14007,Office,4938 Jast Corner,7625584572,02182026025045537,Success,
1667,Office,2627 Schroeder Skyway,3205980277,02182026025045537,Success,
14007,Office,369 Jonathan Well,5527884382,02182026025045537,Success,
1667,Office,672 Talon Lane,4985804390,02182026025045537,Success,
14007,Office,94784 Eriberto Forge,5688594230,02182026025045537,Success,
1667,Office,15077 S Grand Avenue,2860618897,02182026025045537,Success,
14007,Office,5961 Arturo Wells,7565184708,02182026025045537,Success,
1667,Office,97051 Lawrence Street,2684187142,02182026025045537,Success,
14007,Office,3918 Laurine Haven,3128979085,02182026025045537,Success,
1667,Office,31901 Daugherty Burg,1972766654,02182026025045537,Success,
14007,Office,353 S Broad Street,3612998421,02182026025045537,Success,
1667,Office,568 W 9th Street,6874957046,02182026025045537,Success,
14007,Office,668 Prohaska Corner,2769527428,02182026025045537,Success,
1667,Office,78657 Claudine Dale,7048484775,02182026025045537,Success,
14007,Office,372 State Street,1103011467,02182026025045537,Success,
1667,Office,957 S 7th Street,9331024687,02182026025045537,Success,
14007,Office,81355 Buckridge Road,9776477428,02182026025045537,Success,
1667,Office,71585 Sauer Flat,8104163437,02182026025045537,Success,
14007,Office,921 Old Lane,2033205190,02182026025045537,Success,
1667,Office,9048 Borer Locks,3496043671,02182026025045537,Success,
14007,Office,354 Nella Parkways,1492572594,02182026025045537,Success,
1667,Office,9600 Elm Road,4306049558,02182026025045537,Success,
14007,Office,39384 Maximillia Lakes,7808014006,02182026025045537,Success,
1667,Office,5881 Lubowitz Road,5131935424,02182026025045537,Success,
14007,Office,767 A Street,8977160945,02182026025045537,Success,
1667,Office,3765 Verla Glen,2176053709,02182026025045537,Success,
14007,Office,60310 Forest Avenue,7094781681,02182026025045537,Success,
1667,Office,330 Gottlieb Glen,1389395551,02182026025045537,Success,
14007,Office,8310 Washington Road,3503278804,02182026025045537,Success,
1667,Office,59122 S East Street,7280854672,02182026025045537,Success,
14007,Office,254 Hudson Road,9941243532,02182026025045537,Success,
1667,Office,389 Heaney Isle,5509395089,02182026025045537,Success,
14007,Office,4702 9th Street,7618544136,02182026025045537,Success,
1667,Office,1097 Harley Park,5261231456,02182026025045537,Success,
14007,Office,68504 Claremont Road,1070108720,02182026025045537,Success,
1667,Office,708 Lesch Manors,8476296738,02182026025045537,Success,
14007,Office,204 Karen Mountain,6624223974,02182026025045537,Success,
1667,Office,8759 Birch Avenue,2959553045,02182026025045537,Success,
14007,Office,7118 Stanton Points,6024903758,02182026025045537,Success,
1667,Office,89874 Terrell Parks,7267828884,02182026025045537,Success,
14007,Office,448 Luz Shores,6336822627,02182026025045537,Success,
1667,Office,41829 Powlowski Crossroad,5499423215,02182026025045537,Success,
14007,Office,37472 Stanton Harbor,4078379405,02182026025045537,Success,
1667,Office,3577 Haley Rue,3760744023,02182026025045537,Success,
14007,Office,3104 Lula Lake,2665528634,02182026025045537,Success,
1667,Office,7383 Flavie Cliff,3963462615,02182026025045537,Success,
14007,Office,577 Tower Road,5766874690,02182026025045537,Success,
1667,Office,58233 Lenore Fork,3952591669,02182026025045537,Success,
14007,Office,5661 Hettie Mews,5878445397,02182026025045537,Success,
1667,Office,52370 State Line Road,2858500603,02182026025045537,Success,
14007,Office,876 Georgette Rest,8979757349,02182026025045537,Success,
1667,Office,4473 Nienow Flat,8712566747,02182026025045537,Success,
14007,Office,1239 Woodland Road,7643951604,02182026025045537,Success,
1667,Office,190 Ferry Road,5238446468,02182026025045537,Success,
14007,Office,646 Broadway Street,7215210664,02182026025045537,Success,
1667,Office,10760 Lorena Shore,8577743479,02182026025045537,Success,
14007,Office,536 Sycamore Avenue,8756049979,02182026025045537,Success,
1667,Office,86643 Smitham Landing,4864899539,02182026025045537,Success,
14007,Office,60175 S Center Street,3803314148,02182026025045537,Success,
1667,Office,658 Jodie Shores,5112275086,02182026025045537,Success,
14007,Office,105 Trantow Springs,9705588936,02182026025045537,Success,
1667,Office,8129 Molly Walk,3094730829,02182026025045537,Success,
14007,Office,218 Towne Avenue,4933827822,02182026025045537,Success,
1667,Office,84796 E 12th Street,3934332692,02182026025045537,Success,
14007,Office,1279 Mariah Terrace,2926383222,02182026025045537,Success,
1667,Office,14945 Isadore Throughway,3551422860,02182026025045537,Success,
14007,Office,27852 Cathryn Trace,3234582165,02182026025045537,Success,
1667,Office,556 Victoria Fields,5420097298,02182026025045537,Success,
14007,Office,31229 Angelita Walks,2696366720,02182026025045537,Success,
1667,Office,337 Heller Parkway,9908474252,02182026025045537,Success,
14007,Office,969 Barn Close,8854426498,02182026025045537,Success,
1667,Office,684 Bryon Meadow,8948687174,02182026025045537,Success,
14007,Office,7391 Durgan Coves,3327127845,02182026025045537,Success,
1667,Office,9334 Pine Street,5083566568,02182026025045537,Success,
14007,Office,3691 Clifton Road,1692426296,02182026025045537,Success,
1667,Office,2089 Trantow Lake,6967646269,02182026025045537,Success,
14007,Office,177 Douglas Mall,9864290535,02182026025045537,Success,
1667,Office,23151 Feest Burgs,6927379028,02182026025045537,Success,
14007,Office,676 Graham Street,1069937562,02182026025045537,Success,
1667,Office,549 Champlin Junction,7463053084,02182026025045537,Success,
14007,Office,755 Reichel Haven,6918909388,02182026025045537,Success,
1667,Office,14034 Heather Close,4778615715,02182026025045537,Success,
14007,Office,671 Muller Extension,4082619059,02182026025045537,Success,
1667,Office,3783 Stracke Via,7111726326,02182026025045537,Success,
14007,Office,38653 The Orchard,1865779665,02182026025045537,Success,
1667,Office,901 Pink Plain,9831544349,02182026025045537,Success,
14007,Office,69160 Geo Shore,5280748582,02182026025045537,Success,
1667,Office,61431 Nestor Run,1835607652,02182026025045537,Success,
14007,Office,394 Elva Harbor,7964843515,02182026025045537,Success,
1667,Office,969 The Sidings,1312525347,02182026025045537,Success,
14007,Office,7452 Juniper Close,7951967272,02182026025045537,Success,
1667,Office,1752 Agnes Place,5349567644,02182026025045537,Success,
14007,Office,318 Washington Street,9953648477,02182026025045537,Success,
1667,Office,347 Cassin Plaza,9432023841,02182026025045537,Success,
14007,Office,893 Heath Radial,5736255683,02182026025045537,Success,
1667,Office,515 Jana Ramp,4134136773,02182026025045537,Success,
14007,Office,463 Hildegard Ways,4403715743,02182026025045537,Success,
1667,Office,973 The Crescent,4807645170,02182026025045537,Success,
14007,Office,1094 Stanley Street,9215517768,02182026025045537,Success,
1667,Office,1603 Opal Neck,3413004838,02182026025045537,Success,
14007,Office,71866 The Ridgeway,8670406173,02182026025045537,Success,
1667,Office,46139 Jeremie Oval,2785296593,02182026025045537,Success,
14007,Office,63670 Verda Freeway,9832402936,02182026025045537,Success,
1667,Office,682 Legros Squares,2851864308,02182026025045537,Success,
14007,Office,8275 Seth Harbors,9457418367,02182026025045537,Success,
1667,Office,7302 Jaycee Centers,1184383282,02182026025045537,Success,
14007,Office,7937 Duke Street,3893285388,02182026025045537,Success,
1667,Office,364 Royal Rapids,1274672078,02182026025045537,Success,
14007,Office,301 S Oak Street,8903483052,02182026025045537,Success,
1667,Office,8406 Gutmann Plain,9634918762,02182026025045537,Success,
14007,Office,86632 Lawrence Street,7522995717,02182026025045537,Success,
1667,Office,539 Forest Avenue,3218110483,02182026025045537,Success,
14007,Office,24146 Rice Forges,7975126483,02182026025045537,Success,
1667,Office,4607 Daphnee Circle,5837456975,02182026025045537,Success,
14007,Office,3579 Kozey Gateway,3796679187,02182026025045537,Success,
1667,Office,692 State Road,9139433477,02182026025045537,Success,
14007,Office,23807 Irma Cliff,8854549643,02182026025045537,Success,
1667,Office,8432 Cronin Flat,4459789144,02182026025045537,Success,
14007,Office,83219 S 6th Street,4295635864,02182026025045537,Success,
1667,Office,24166 Lancaster Road,5882955301,02182026025045537,Success,
14007,Office,6518 Kimberly Shore,3542163321,02182026025045537,Success,
1667,Office,930 Kelly Pine,7056162126,02182026025045537,Success,
14007,Office,584 E River Road,8865003977,02182026025045537,Success,
1667,Office,531 N 2nd Street,6414792844,02182026025045537,Success,
14007,Office,78038 Maple Close,2730648974,02182026025045537,Success,
1667,Office,779 Dare Crossroad,7125664422,02182026025045537,Success,
14007,Office,4161 Charity Mountains,3635138197,02182026025045537,Success,
1667,Office,885 Weimann Drive,7162438054,02182026025045537,Success,
14007,Office,1996 Walsh Fork,2281520582,02182026025045537,Success,
1667,Office,7152 Terence Circle,5428233767,02182026025045537,Success,
14007,Office,6581 Nelson Road,3431051062,02182026025045537,Success,
1667,Office,312 Tina Forks,8440881007,02182026025045537,Success,
14007,Office,772 Tower Road,9310635269,02182026025045537,Error,Duplicate contact
1667,Office,280 N Broadway Street,5204030914,02182026025045537,Success,
14007,Office,79352 Buckingham Road,8042005800,02182026025045537,Success,
1667,Office,62096 Hintz Mountains,7076508762,02182026025045537,Success,
14007,Office,6707 Runte Rapids,5062740492,02182026025045537,Success,
1667,Office,1679 Gleichner Fort,8078285769,02182026025045537,Success,
14007,Office,58961 Feeney Lakes,8234017681,02182026025045537,Success,
1667,Office,4443 Bechtelar Circles,3097269767,02182026025045537,Success,
14007,Office,8264 Vernon Forge,4948187458,02182026025045537,Success,
1667,Office,3922 Virginia Burgs,3498739339,02182026025045537,Success,
14007,Office,98588 Carmela Flat,9354085083,02182026025045537,Success,
1667,Office,74955 Rosa Rapids,8584700419,02182026025045537,Success,
14007,Office,2389 Victoria Spur,8943682327,02182026025045537,Success,
1667,Office,26660 Kailey Fields,7180831215,02182026025045537,Success,
14007,Office,77806 Satterfield Alley,6240041751,02182026025045537,Success,
1667,Office,327 Immanuel Forges,1381986366,02182026025045537,Success,
14007,Office,30871 Ted Meadows,8128205457,02182026025045537,Success,
1667,Office,9593 Fairfield Road,5666968972,02182026025045537,Success,
14007,Office,2995 S Center Street,9990696115,02182026025045537,Success,
1667,Office,291 Dino Orchard,9345605725,02182026025045537,Success,
14007,Office,49302 Klocko Points,8857599334,02182026025045537,Success,
1667,Office,611 Candelario Oval,4254314089,02182026025045537,Success,
14007,Office,78303 S Division Street,4736350091,02182026025045537,Success,
1667,Office,500 S Jefferson Street,1345509656,02182026025045537,Success,
14007,Office,30710 Monroe Street,4822429855,02182026025045537,Success,
1667,Office,41580 Champlin Forge,9806900950,02182026025045537,Success,
14007,Office,30428 Cummerata Squares,4845345542,02182026025045537,Success,
1667,Office,1248 Greenwood Road,8840386887,02182026025045537,Success,
14007,Office,5624 Diego Unions,8686800414,02182026025045537,Success,
1667,Office,93706 Alfonzo Cliff,5572348763,02182026025045537,Success,
14007,Office,22071 Deon Park,2701621927,02182026025045537,Success,
1667,Office,53871 Luettgen Ville,5849230375,02182026025045537,Success,
14007,Office,18166 Borer Dam,2341102224,02182026025045537,Success,
1667,Office,725 Charles Knoll,1406554405,02182026025045537,Success,
14007,Office,57986 Wiza Shores,7927804541,02182026025045537,Success,
1667,Office,59771 Seth Drive,1218097862,02182026025045537,Success,
14007,Office,8640 Abbey Road,5312395172,02182026025045537,Success,
1667,Office,94602 Nathen Radial,7062201519,02182026025045537,Success,
14007,Office,78264 Lesch Ridges,2987581918,02182026025045537,Success,
1667,Office,8762 Crist Run,6924543478,02182026025045537,Success,
14007,Office,30625 Chestnut Drive,6653601250,02182026025045537,Success,
1667,Office,498 S Jefferson Street,2193032661,02182026025045537,Success,
14007,Office,4000 Danielle Gardens,1026436936,02182026025045537,Success,
1667,Office,288 Megane Groves,3882588550,02182026025045537,Success,
14007,Office,86296 Crist Mills,5257981117,02182026025045537,Success,
1667,Office,7473 Trystan Underpass,5526063606,02182026025045537,Success,
14007,Office,489 Zora Fort,6468091721,02182026025045537,Success,
1667,Office,86572 Abigail Lock,5807523622,02182026025045537,Success,
14007,Office,7708 Maritza Well,8650912358,02182026025045537,Success,
1667,Office,5338 South Drive,6004977502,02182026025045537,Success,
14007,Office,3924 Warren Close,5825827631,02182026025045537,Success,
1667,Office,364 Stoney Lane,6391790443,02182026025045537,Success,
14007,Office,19805 Donnelly Pine,5189881125,02182026025045537,Success,
1667,Office,7882 Cartwright Squares,2069773959,02182026025045537,Success,
14007,Office,6375 Gideon Extensions,8115954222,02182026025045537,Success,
1667,Office,836 Alexander Groves,1807640476,02182026025045537,Success,
14007,Office,8558 Bashirian Burgs,1011815126,02182026025045537,Success,
1667,Office,1746 Arlene Island,2474658223,02182026025045537,Success,
14007,Office,531 Lorena Gateway,6694015966,02182026025045537,Success,
1667,Office,70962 Adele Unions,4446372224,02182026025045537,Success,
14007,Office,622 Metz Gateway,4602826431,02182026025045537,Success,
1667,Office,1968 Shields Gardens,7131598404,02182026025045537,Success,
14007,Office,2112 Marjorie Ramp,8680223611,02182026025045537,Success,
1667,Office,8170 Pearl Street,5942209579,02182026025045537,Success,
14007,Office,9134 Eleazar Brook,8854819338,02182026025045537,Success,
1667,Office,37712 Jonathon Junction,9069732267,02182026025045537,Success,
14007,Office,68936 Corene Burg,3389362418,02182026025045537,Success,
1667,Office,1719 Mitchell Ways,5374240810,02182026025045537,Success,
14007,Office,61991 Hackett Spurs,4528885528,02182026025045537,Success,
1667,Office,7108 Muller Falls,6893684574,02182026025045537,Success,
14007,Office,336 Stroman Motorway,6646231558,02182026025045537,Success,
1667,Office,3979 Water Street,1296927605,02182026025045537,Success,
14007,Office,34596 S Jackson Street,9333029880,02182026025045537,Success,
1667,Office,64015 Wilkinson Dale,1311569815,02182026025045537,Success,
14007,Office,523 Arjun Trace,6989136756,02182026025045537,Success,
1667,Office,30415 Marcelle Estate,7257016246,02182026025045537,Success,
14007,Office,7279 Douglas Greens,4640192442,02182026025045537,Success,
1667,Office,2423 N 3rd Street,3981876179,02182026025045537,Success,
14007,Office,629 Ferne Alley,7185405098,02182026025045537,Success,
1667,Office,185 Friesen River,8354224690,02182026025045537,Success,
14007,Office,11392 Fisher Mount,8158358014,02182026025045537,Success,
1667,Office,1018 E 14th Street,3294003854,02182026025045537,Success,
14007,Office,1786 Shaina Squares,3857799953,02182026025045537,Success,
1667,Office,4639 Ondricka Land,6063863419,02182026025045537,Success,
14007,Office,445 Barbara Path,1796818782,02182026025045537,Success,
1667,Office,22883 Kovacek Trace,7516952894,02182026025045537,Success,
14007,Office,52583 Dena Course,6414127866,02182026025045537,Success,
1667,Office,641 Princess Street,9957931231,02182026025045537,Success,
14007,Office,43893 Manor Road,3544323149,02182026025045537,Success,
1667,Office,298 Consuelo Ridge,8680913391,02182026025045537,Success,
14007,Office,193 McDermott Neck,9457534133,02182026025045537,Success,
1667,Office,3224 Adela Streets,3036810250,02182026025045537,Success,
14007,Office,98506 Joseph Roads,8266707591,02182026025045537,Success,
1667,Office,679 Parkside,6293311322,02182026025045537,Success,
14007,Office,9490 Martin Luther King Drive,9676827616,02182026025045537,Success,
1667,Office,1220 Erdman Fields,2758383114,02182026025045537,Success,
14007,Office,81768 Cross Street,9423931903,02182026025045537,Success,
1667,Office,6695 Morgan Mission,6101841545,02182026025045537,Success,
14007,Office,9791 6th Street,8891891031,02182026025045537,Success,
1667,Office,766 Gail Village,1214197779,02182026025045537,Success,
14007,Office,51194 Erika Manors,3205149203,02182026025045537,Success,
1667,Office,5558 Georgiana Ferry,8873828642,02182026025045537,Success,
14007,Office,4749 Valentine Springs,4397412372,02182026025045537,Success,
1667,Office,76789 The Orchard,3366552168,02182026025045537,Success,
14007,Office,4659 Serena Union,4471154382,02182026025045537,Success,
1667,Office,43716 Jevon Knolls,8041817808,02182026025045537,Success,
14007,Office,138 Princess Street,7063883258,02182026025045537,Success,
1667,Office,238 Huel Shoals,9708109580,02182026025045537,Success,
14007,Office,252 Huel Hills,2882575003,02182026025045537,Success,
1667,Office,49467 Norene Crescent,9780357537,02182026025045537,Success,
14007,Office,2751 Cherry Street,6227601331,02182026025045537,Success,
1667,Office,17782 N Park Street,4857879265,02182026025045537,Success,
14007,Office,97838 Lemuel Estates,2420998183,02182026025045537,Success,
1667,Office,4421 Highfield Avenue,3475040699,02182026025045537,Success,
14007,Office,9712 Alberto Oval,6891287912,02182026025045537,Success,
1667,Office,66252 Greenfelder Crest,5346493011,02182026025045537,Success,
14007,Office,294 Madie Shoal,9280613290,02182026025045537,Success,
1667,Office,70753 Union Street,7645388756,02182026025045537,Success,
14007,Office,9075 Cordia Forges,4202121950,02182026025045537,Success,
1667,Office,157 Romaine Burgs,3987117104,02182026025045537,Success,
14007,Office,143 Brando Loaf,4851114610,02182026025045537,Success,
1667,Office,6554 Borer Spurs,8818850858,02182026025045537,Success,
14007,Office,30417 Quinten Skyway,5013534633,02182026025045537,Success,
1667,Office,790 Krajcik Spring,2444712181,02182026025045537,Success,
14007,Office,74930 Cristobal Mount,8087840416,02182026025045537,Success,
1667,Office,657 W Park Street,3107705563,02182026025045537,Success,
14007,Office,3518 Enola Cove,2480625234,02182026025045537,Success,
1667,Office,41581 Cheyanne Harbor,1265524806,02182026025045537,Success,
14007,Office,2711 Balmoral Road,4155081529,02182026025045537,Success,
1667,Office,194 Satterfield Avenue,2200675175,02182026025045537,Success,
14007,Office,478 DuBuque Extension,9862934641,02182026025045537,Success,
1667,Office,98342 Green Close,1914577432,02182026025045537,Success,
14007,Office,7110 Orval Creek,9572333550,02182026025045537,Success,
1667,Office,199 Wisozk Row,9713138688,02182026025045537,Success,
14007,Office,16769 Baby Ramp,1169836537,02182026025045537,Success,
1667,Office,71369 Madison Avenue,2476859953,02182026025045537,Success,
14007,Office,84820 Zane Pike,8535076381,02182026025045537,Success,
1667,Office,3934 N 8th Street,3324379849,02182026025045537,Success,
14007,Office,631 Walnut Street,2916458875,02182026025045537,Success,
1667,Office,96715 Brakus Course,3648970599,02182026025045537,Success,
14007,Office,1820 Moore Viaduct,3960658112,02182026025045537,Success,
1667,Office,2597 Western Road,3164876772,02182026025045537,Success,
14007,Office,4384 Mya Junctions,7447170861,02182026025045537,Success,
1667,Office,16587 Prosacco Ways,2253075914,02182026025045537,Success,
14007,Office,31371 Main Street W,7882255911,02182026025045537,Success,
1667,Office,9955 Aiden Mews,7933720294,02182026025045537,Success,
14007,Office,8131 Washington Boulevard,7846658531,02182026025045537,Success,
1667,Office,790 Sycamore Street,1147193386,02182026025045537,Success,
14007,Office,691 Water Street,3613316529,02182026025045537,Success,
1667,Office,914 Muriel Trail,9227233715,02182026025045537,Success,
14007,Office,500 Tate Drive,9874970774,02182026025045537,Success,
1667,Office,29816 Lorna Rue,1560409784,02182026025045537,Success,
14007,Office,75677 Funk Causeway,8234229920,02182026025045537,Success,
1667,Office,462 Angelita Club,8121994137,02182026025045537,Success,
14007,Office,5200 Monroe Street,1838315744,02182026025045537,Success,
1667,Office,44369 Mikayla Cove,9496358484,02182026025045537,Success,
14007,Office,32664 Jackie Mountain,5045009047,02182026025045537,Success,
1667,Office,28994 Honeysuckle Close,5189234408,02182026025045537,Success,
14007,Office,2397 State Road,1723199221,02182026025045537,Success,
1667,Office,8462 Lowe Way,4499956114,02182026025045537,Success,
14007,Office,6646 Daphnee Points,1889929689,02182026025045537,Success,
1667,Office,931 Carter Neck,1089598236,02182026025045537,Success,
14007,Office,5732 Muriel Circles,5968460712,02182026025045537,Success,
1667,Office,805 Predovic Hollow,8871464933,02182026025045537,Success,
14007,Office,7766 Hazel Close,3061612317,02182026025045537,Success,
1667,Office,247 Nienow View,2869662935,02182026025045537,Success,
14007,Office,751 Park Lane,9235550396,02182026025045537,Success,
1667,Office,812 Larson Falls,6695744647,02182026025045537,Success,
14007,Office,80093 11th Street,3632504131,02182026025045537,Success,
1667,Office,903 Caterina Land,7151868631,02182026025045537,Success,
14007,Office,3257 Pfannerstill Corner,2585684690,02182026025045537,Success,
1667,Office,7133 Graham Fork,8318050414,02182026025045537,Success,
14007,Office,912 Mayer Valleys,9928766377,02182026025045537,Success,
1667,Office,4111 Larson Forge,4819414252,02182026025045537,Success,
14007,Office,45101 Dortha Lakes,9182822442,02182026025045537,Success,
1667,Office,8674 Poplar Street,8354854138,02182026025045537,Success,
14007,Office,439 Buckridge Rapid,9008957182,02182026025045537,Success,
1667,Office,7977 S Water Street,7709884930,02182026025045537,Success,
14007,Office,2045 W Union Street,5575309990,02182026025045537,Success,
1667,Office,83001 McClure Forges,4130601767,02182026025045537,Success,
14007,Office,3572 Huels Avenue,1703907266,02182026025045537,Success,
1667,Office,48968 Anderson Forest,2211536595,02182026025045537,Success,
14007,Office,4666 Howe Fork,7710017939,02182026025045537,Success,
1667,Office,4136 Back Lane,6018052409,02182026025045537,Success,
14007,Office,95340 Fadel Center,8129386387,02182026025045537,Success,
1667,Office,633 Murray Dale,4218313494,02182026025045537,Success,
14007,Office,43322 W Center Street,3809204267,02182026025045537,Success,
1667,Office,423 Hegmann Forges,1317491548,02182026025045537,Success,
14007,Office,9101 Cruickshank Manor,9749386483,02182026025045537,Success,
1667,Office,3849 Monroe Street,2678693606,02182026025045537,Success,
14007,Office,9418 Jefferson Street,3829093765,02182026025045537,Success,
1667,Office,30502 Beier Walks,8789768481,02182026025045537,Success,
14007,Office,9587 Rowan Close,7664145139,02182026025045537,Success,
1667,Office,1193 Keebler Burgs,2052102894,02182026025045537,Success,
14007,Office,3072 Altenwerth Crossing,4641398761,02182026025045537,Success,
1667,Office,8022 Zula Unions,6029111203,02182026025045537,Success,
14007,Office,915 Dante Crescent,3970955104,02182026025045537,Success,
1667,Office,77937 Kenny Cliffs,5398490254,02182026025045537,Success,
14007,Office,877 Daugherty Heights,4349749759,02182026025045537,Success,
1667,Office,370 Honeysuckle Close,5693031433,02182026025045537,Success,
14007,Office,647 Rogelio Pines,1927994782,02182026025045537,Success,
1667,Office,4153 S East Street,7751632614,02182026025045537,Success,
14007,Office,59220 Fairfield Road,5766467892,02182026025045537,Success,
1667,Office,725 Farm Close,9368359840,02182026025045537,Success,
14007,Office,61091 Elmo Curve,9324873358,02182026025045537,Success,
1667,Office,6732 Khalil Street,3406546611,02182026025045537,Success,
14007,Office,67284 The Willows,3835191335,02182026025045537,Success,
1667,Office,947 Beech Close,4613776004,02182026025045537,Success,
14007,Office,251 Woodside Road,6784258109,02182026025045537,Success,
1667,Office,8495 Wunsch Wells,4502632627,02182026025045537,Success,
14007,Office,2038 Nicolas Rue,3906152788,02182026025045537,Success,
1667,Office,5836 Ford Union,5497733175,02182026025045537,Success,
14007,Office,75185 Stokes Parks,3496236988,02182026025045537,Success,
1667,Office,539 2nd Avenue,5514470323,02182026025045537,Success,
14007,Office,956 S Main,8634408477,02182026025045537,Success,
1667,Office,3308 Rowan Close,4410854178,02182026025045537,Success,
14007,Office,455 Birdie Expressway,2340999316,02182026025045537,Success,
1667,Office,751 Legros Curve,7443531020,02182026025045537,Success,
14007,Office,976 Fairfield Road,2046373055,02182026025045537,Success,
1667,Office,364 Antone Avenue,6299746663,02182026025045537,Success,
14007,Office,131 Bergstrom Mall,5690341964,02182026025045537,Success,
1667,Office,20841 Mueller Port,9229576982,02182026025045537,Success,
14007,Office,365 Mante Corners,6784904605,02182026025045537,Success,
1667,Office,8490 Becker Shores,4385400651,02182026025045537,Success,
14007,Office,3840 Windler Crescent,1618594404,02182026025045537,Success,
1667,Office,972 Goyette Parkways,9010699680,02182026025045537,Success,
14007,Office,141 Abbey Bridge,2400075115,02182026025045537,Success,
1667,Office,5896 Henry Pass,1047755960,02182026025045537,Success,
14007,Office,1349 W 4th Avenue,7054879445,02182026025045537,Success,
1667,Office,8733 Bluebell Close,5298442914,02182026025045537,Success,
14007,Office,433 Brenna Isle,8211543711,02182026025045537,Success,
1667,Office,506 Brandt Wells,2443587829,02182026025045537,Success,
14007,Office,484 Abshire Garden,8768941320,02182026025045537,Success,
1667,Office,28272 Verna Wall,8338614950,02182026025045537,Success,
14007,Office,5757 W 5th Street,9487550112,02182026025045537,Success,
1667,Office,94866 Lind Manors,4446275991,02182026025045537,Success,
14007,Office,26926 The Dell,6093818028,02182026025045537,Success,
1667,Office,9005 Windler Squares,8471104435,02182026025045537,Success,
14007,Office,3430 Anastacio Ramp,7789692624,02182026025045537,Success,
1667,Office,6295 Buckridge Glen,8297111380,02182026025045537,Success,
14007,Office,434 N Market Street,6897592135,02182026025045537,Success,
1667,Office,257 N Lincoln Street,1045525971,02182026025045537,Success,
14007,Office,43399 Wyman Orchard,2682786595,02182026025045537,Success,
1667,Office,8054 Hilton Mountains,2779556926,02182026025045537,Success,
14007,Office,991 Keeling Harbors,8106080077,02182026025045537,Success,
1667,Office,9167 Devante Shoals,3766772377,02182026025045537,Success,
14007,Office,354 Cronin Brook,8393681509,02182026025045537,Success,
1667,Office,55487 Kerluke Glens,7596746866,02182026025045537,Success,
14007,Office,598 S 9th Street,6834749862,02182026025045537,Success,
1667,Office,871 Delbert Keys,9658983211,02182026025045537,Success,
14007,Office,336 Ratke Radial,7977947746,02182026025045537,Success,
1667,Office,6286 College Avenue,9021274815,02182026025045537,Success,
14007,Office,99191 Park Place,8136544496,02182026025045537,Success,
1667,Office,571 N 8th Street,5878537431,02182026025045537,Success,
14007,Office,496 Zemlak Corners,3373326112,02182026025045537,Success,
1667,Office,907 County Road,6477802684,02182026025045537,Success,
14007,Office,1934 Mills Knolls,6383332659,02182026025045537,Success,
1667,Office,849 Howell Walk,7025093686,02182026025045537,Success,
14007,Office,7709 Luella Ridge,9712195487,02182026025045537,Success,
1667,Office,667 Connelly Green,7857715877,02182026025045537,Success,
14007,Office,541 Toni Ford,2279354664,02182026025045537,Success,
1667,Office,4648 Rectory Lane,8646901539,02182026025045537,Success,
14007,Office,6852 Alan Trace,4002050747,02182026025045537,Success,
1667,Office,48574 Hahn Center,7007804046,02182026025045537,Success,
14007,Office,247 Cummings Plaza,5491338673,02182026025045537,Success,
1667,Office,79387 Mustafa Brooks,3032817647,02182026025045537,Success,
14007,Office,72078 Wisozk Hollow,8224686042,02182026025045537,Success,
1667,Office,469 Carroll Expressway,3193867478,02182026025045537,Success,
14007,Office,66816 Huels Centers,1255135458,02182026025045537,Success,
1667,Office,2810 Kutch Avenue,5621525500,02182026025045537,Success,
14007,Office,268 Johnston Squares,9340753970,02182026025045537,Success,
1667,Office,2878 Domenick Common,2798474533,02182026025045537,Success,
14007,Office,945 Porter Corners,4511829006,02182026025045537,Success,
1667,Office,75743 Karen Run,7073009653,02182026025045537,Success,
14007,Office,6841 Swaniawski River,4940147570,02182026025045537,Success,
1667,Office,38805 Clarence Road,8525751907,02182026025045537,Success,
14007,Office,9394 Destiney Ridge,4169174877,02182026025045537,Success,
1667,Office,525 Daniel Oval,5687229156,02182026025045537,Success,
14007,Office,39586 Herzog Track,7796271795,02182026025045537,Success,
1667,Office,93511 Jaiden Valleys,9222687354,02182026025045537,Success,
14007,Office,90635 Goldner Neck,2566763581,02182026025045537,Success,
1667,Office,72509 Gulgowski Corners,4053539855,02182026025045537,Success,
14007,Office,1242 Ullrich Bridge,5698595776,02182026025045537,Success,
1667,Office,6404 Lenore Villages,7865698336,02182026025045537,Success,
14007,Office,62027 Maple Road,6726401694,02182026025045537,Success,
1667,Office,37854 Washington Avenue,9019974606,02182026025045537,Success,
14007,Office,7938 S Bridge Street,2684801607,02182026025045537,Success,
1667,Office,59933 County Line Road,1945715933,02182026025045537,Success,
14007,Office,279 2nd Street,9087670327,02182026025045537,Success,
1667,Office,60872 Koepp Flats,4370645520,02182026025045537,Success,
14007,Office,27711 Roberts Stravenue,6768718789,02182026025045537,Success,
1667,Office,61776 Kutch Cliff,7753074455,02182026025045537,Success,
14007,Office,27380 Roob Rapid,9586441276,02182026025045537,Success,
1667,Office,20566 Woodlands Road,7875519450,02182026025045537,Success,
14007,Office,22587 Bartell Gardens,4025734190,02182026025045537,Success,
1667,Office,918 Davion Islands,2195299578,02182026025045537,Success,
14007,Office,846 Mona Haven,1553547946,02182026025045537,Success,
1667,Office,68001 Wilfred Inlet,8006546524,02182026025045537,Success,
14007,Office,462 Allie Route,9561668531,02182026025045537,Success,
1667,Office,5649 Laburnum Grove,5764422108,02182026025045537,Success,
14007,Office,31630 Kassulke Shoals,1305478261,02182026025045537,Success,
1667,Office,78870 Enola View,2350647546,02182026025045537,Success,
14007,Office,5847 Kaci Forge,5621437896,02182026025045537,Success,
1667,Office,7639 Elissa Valleys,9659576696,02182026025045537,Success,
14007,Office,99456 Romaguera Valleys,2817164651,02182026025045537,Success,
1667,Office,4628 Arely Springs,4359034958,02182026025045537,Success,
14007,Office,1096 Betsy Highway,2908562201,02182026025045537,Success,
1667,Office,2129 Martina Groves,1034758371,02182026025045537,Success,
14007,Office,1465 Heidenreich Wells,6796836194,02182026025045537,Success,
1667,Office,306 The Meadows,7581693218,02182026025045537,Success,
14007,Office,4844 Salvador Course,9413187305,02182026025045537,Success,
1667,Office,3091 Reinger Spur,8839866693,02182026025045537,Success,
14007,Office,726 Marks Unions,1555237926,02182026025045537,Success,
1667,Office,266 Trantow Brook,5251081475,02182026025045537,Success,
14007,Office,4232 Amiya Parks,2433621738,02182026025045537,Success,
1667,Office,7987 Bogisich Crossroad,5738980189,02182026025045537,Success,
14007,Office,61856 Bernhard Expressway,7514716039,02182026025045537,Success,
1667,Office,906 Helena Camp,4153205134,02182026025045537,Success,
14007,Office,777 N Poplar Street,8691280250,02182026025045537,Success,
1667,Office,8763 Berge Common,2627668272,02182026025045537,Success,
14007,Office,83861 Kilback Brook,9803283825,02182026025045537,Success,
1667,Office,1353 Sylvia Inlet,5980001974,02182026025045537,Success,
14007,Office,30600 Rice Skyway,2188735029,02182026025045537,Success,
1667,Office,2197 Keven Ridges,2801268179,02182026025045537,Success,
14007,Office,88762 Keebler Glens,4902775894,02182026025045537,Success,
1667,Office,7202 Bradley Unions,9407739243,02182026025045537,Success,
14007,Office,4759 Abernathy Motorway,8121303801,02182026025045537,Success,
1667,Office,2461 Stroman Roads,8205526780,02182026025045537,Success,
14007,Office,315 Davis Highway,4081189048,02182026025045537,Success,
1667,Office,6751 N Division Street,3648090614,02182026025045537,Success,
14007,Office,35422 Kertzmann Station,8755279114,02182026025045537,Success,
1667,Office,38342 Walker Camp,4041601954,02182026025045537,Success,
14007,Office,263 Don Lights,3840796867,02182026025045537,Success,
1667,Office,1195 The Glebe,5283545908,02182026025045537,Success,
14007,Office,6721 Old State Road,2450878355,02182026025045537,Success,
1667,Office,8238 Baumbach Junction,8982192450,02182026025045537,Success,
14007,Office,10489 Ivah View,3126868991,02182026025045537,Success,
1667,Office,862 Kihn Station,8858537616,02182026025045537,Success,
14007,Office,8162 W Washington Avenue,6676246291,02182026025045537,Success,
1667,Office,7614 Gleichner Skyway,8553627008,02182026025045537,Success,
14007,Office,387 W 11th Street,9679241088,02182026025045537,Success,
1667,Office,493 Abdiel Centers,4051709661,02182026025045537,Success,
14007,Office,15347 Shields Points,5768838479,02182026025045537,Success,
1667,Office,792 N Franklin Street,4376252142,02182026025045537,Success,
14007,Office,5160 Abbey Road,2558932296,02182026025045537,Success,
1667,Office,4514 Barton Court,2384358492,02182026025045537,Success,
14007,Office,13536 Melissa Extension,1415384306,02182026025045537,Success,
1667,Office,5343 Quarry Lane,1379730941,02182026025045537,Success,
14007,Office,9237 Zemlak Parks,3975429482,02182026025045537,Success,
1667,Office,74117 Langworth Fords,3013232573,02182026025045537,Success,
14007,Office,106 Okuneva Ways,6735980516,02182026025045537,Success,
1667,Office,635 Union Avenue,6590155566,02182026025045537,Success,
14007,Office,1167 Edmund Extension,9981215961,02182026025045537,Success,
1667,Office,323 Neal Greens,3909625270,02182026025045537,Success,
14007,Office,3354 Runte Course,9637749256,02182026025045537,Success,
1667,Office,6128 Memorial Drive,6277993933,02182026025045537,Success,
14007,Office,688 McLaughlin Union,3863150767,02182026025045537,Success,
1667,Office,2851 Olson Junction,8658789971,02182026025045537,Success,
14007,Office,84331 Araceli Groves,1168987536,02182026025045537,Success,
1667,Office,6759 Sid Well,6949475046,02182026025045537,Success,
14007,Office,297 Von Extensions,6739278416,02182026025045537,Success,
1667,Office,9923 Jakayla Trafficway,7961001986,02182026025045537,Success,
14007,Office,3455 Swaniawski Manors,7818256834,02182026025045537,Success,
1667,Office,7014 Lee Street,5742015136,02182026025045537,Success,
14007,Office,465 3rd Avenue,3910426973,02182026025045537,Success,
1667,Office,30184 Parisian Knolls,6648851244,02182026025045537,Success,
14007,Office,28486 Ash Street,4334021818,02182026025045537,Success,
1667,Office,70392 W Chestnut Street,5080915478,02182026025045537,Success,
14007,Office,8074 High Street,1674142701,02182026025045537,Success,
1667,Office,38275 Gottlieb Greens,8803538835,02182026025045537,Success,
14007,Office,2855 Larkin Crescent,9868949787,02182026025045537,Success,
1667,Office,10474 Mayfield Road,3267956990,02182026025045537,Success,
14007,Office,34885 Newton Drives,7719184462,02182026025045537,Success,
1667,Office,2355 N Court Street,4268047136,02182026025045537,Success,
14007,Office,74411 Jaylin Ford,8405887635,02182026025045537,Success,
1667,Office,652 S 14th Street,8165123708,02182026025045537,Success,
14007,Office,59894 Jerod Green,6286587751,02182026025045537,Success,
1667,Office,8476 Highfield Road,7384598080,02182026025045537,Success,
14007,Office,327 Hauck Court,9018775718,02182026025045537,Success,
1667,Office,486 Mosciski Orchard,6158371471,02182026025045537,Success,
14007,Office,44352 W River Road,7205739146,02182026025045537,Success,
1667,Office,6914 Abernathy Forges,4273831839,02182026025045537,Success,
14007,Office,95802 S Washington Avenue,3266631480,02182026025045537,Success,
1667,Office,8736 Marks Way,5149570346,02182026025045537,Success,
14007,Office,749 South View,5818700384,02182026025045537,Success,
1667,Office,1038 Levi Passage,9770971893,02182026025045537,Success,
14007,Office,23916 Oral Isle,1253156869,02182026025045537,Success,
1667,Office,840 Jodie Highway,1929861759,02182026025045537,Success,
14007,Office,2532 Wyman Divide,2190735948,02182026025045537,Success,
1667,Office,1532 Koepp Bypass,6898196436,02182026025045537,Success,
14007,Office,208 Hegmann Corner,3855027166,02182026025045537,Success,
1667,Office,506 Tony Causeway,4390512506,02182026025045537,Success,
14007,Office,378 Kihn Center,2702509989,02182026025045537,Success,
1667,Office,69937 Bramble Close,4887489350,02182026025045537,Success,
14007,Office,36363 Kayleigh Ridges,5020729213,02182026025045537,Success,
1667,Office,897 Hessel Lake,6656954813,02182026025045537,Success,
14007,Office,51025 Heller Island,6448537704,02182026025045537,Success,
1667,Office,8245 Lina Wall,2536445937,02182026025045537,Success,
14007,Office,5774 Huel Cliffs,1445264551,02182026025045537,Success,
1667,Office,44281 Mann Crest,5917440704,02182026025045537,Success,
14007,Office,6248 Romaguera Haven,4003514533,02182026025045537,Success,
1667,Office,3042 Gia Shore,1378714888,02182026025045537,Success,
14007,Office,23501 Prospect Avenue,4005524897,02182026025045537,Success,
1667,Office,98681 Stracke Crescent,2709872518,02182026025045537,Success,
14007,Office,403 Bartoletti Alley,2259461707,02182026025045537,Success,
1667,Office,50790 Wiza Fields,2546227098,02182026025045537,Success,
14007,Office,438 Koepp Mountains,1195986989,02182026025045537,Success,
1667,Office,5736 S Broad Street,5521771494,02182026025045537,Success,
14007,Office,4784 Tomasa Cape,8737555583,02182026025045537,Success,
1667,Office,22353 Kiera Expressway,4109853160,02182026025045537,Success,
14007,Office,29010 Antonietta Greens,3591508274,02182026025045537,Success,
1667,Office,1353 Donnelly Landing,9164558191,02182026025045537,Success,
14007,Office,712 Von Garden,3906635575,02182026025045537,Success,
1667,Office,198 Vella Islands,1140604840,02182026025045537,Success,
14007,Office,92127 Bo Walk,2212310227,02182026025045537,Success,
1667,Office,90385 Runolfsdottir Circle,7252630726,02182026025045537,Success,
14007,Office,517 Martin Luther King Jr Boulevard,9328326349,02182026025045537,Success,
1667,Office,316 Sycamore Avenue,2263720765,02182026025045537,Success,
14007,Office,5357 Deja Place,9392061035,02182026025045537,Success,
1667,Office,59271 Middle Street,3836000491,02182026025045537,Success,
14007,Office,37946 Dicki Ramp,9759437381,02182026025045537,Success,
1667,Office,6279 Nader Run,1756203560,02182026025045537,Success,
14007,Office,23206 4th Street,7885567396,02182026025045537,Success,
1667,Office,5944 Gulgowski Shores,6049692967,02182026025045537,Success,
14007,Office,200 Prohaska Way,6860914688,02182026025045537,Success,
1667,Office,3516 Farm Close,4625358274,02182026025045537,Success,
14007,Office,882 O'Keefe Highway,6030025209,02182026025045537,Success,
1667,Office,982 Luz Forks,6264875960,02182026025045537,Success,
14007,Office,473 Mossie Rue,4926841279,02182026025045537,Success,
1667,Office,22575 Nicolas Circle,1249327370,02182026025045537,Success,
14007,Office,85064 Woodland Close,9462248907,02182026025045537,Success,
1667,Office,87205 S High Street,6743085027,02182026025045537,Success,
14007,Office,1608 Veterans Memorial Drive,3675448384,02182026025045537,Success,
1667,Office,67903 Marilou Tunnel,4759818813,02182026025045537,Success,
14007,Office,53166 Gleichner Ways,9147811530,02182026025045537,Success,
1667,Office,265 Schiller Alley,3663502002,02182026025045537,Success,
14007,Office,297 Feil Groves,6478151499,02182026025045537,Success,
1667,Office,545 O'Reilly Crossroad,5088087335,02182026025045537,Success,
14007,Office,9156 Edison Knoll,7692457093,02182026025045537,Success,
1667,Office,78824 Hills Throughway,2693965743,02182026025045537,Success,
14007,Office,681 Glebe Close,2171863516,02182026025045537,Success,
1667,Office,821 Flatley Lock,9805534547,02182026025045537,Success,
14007,Office,4505 Bath Street,5444235096,02182026025045537,Success,
1667,Office,521 Lincoln Road,7758115177,02182026025045537,Success,
14007,Office,3261 Domingo Stream,4258699748,02182026025045537,Success,
1667,Office,2253 Mylene Forges,3022136847,02182026025045537,Success,
14007,Office,23604 Porter Cape,3723313698,02182026025045537,Success,
1667,Office,5736 E 9th Street,1483653380,02182026025045537,Success,
14007,Office,79371 East Avenue,8425365231,02182026025045537,Success,
1667,Office,314 Beech Grove,5629407718,02182026025045537,Success,
14007,Office,735 Ward Mills,4653330552,02182026025045537,Success,
1667,Office,412 Mill Lane,8765943569,02182026025045537,Success,
14007,Office,891 King Street,7686514952,02182026025045537,Success,
1667,Office,2872 S Broadway,2992645708,02182026025045537,Success,
14007,Office,1991 Quarry Lane,3923401985,02182026025045537,Success,
1667,Office,5138 E Main Street,5060400491,02182026025045537,Success,
14007,Office,8421 Maria Manors,9314301797,02182026025045537,Success,
1667,Office,27410 County Line Road,6448896731,02182026025045537,Success,
14007,Office,96558 Beech Road,2365598399,02182026025045537,Success,
1667,Office,943 Aditya Walks,9521494586,02182026025045537,Success,
14007,Office,16485 Donnelly Circles,3773506925,02182026025045537,Success,
1667,Office,179 Old Road,7958447826,02182026025045537,Success,
14007,Office,3644 Gardner Ranch,5521827246,02182026025045537,Success,
1667,Office,34164 Austin Junctions,4301477498,02182026025045537,Success,
14007,Office,268 Cavendish Road,8262632365,02182026025045537,Success,
1667,Office,6313 Homenick Rapids,8634386756,02182026025045537,Success,
14007,Office,3837 Barrows Spurs,6013855864,02182026025045537,Success,
1667,Office,5441 Paucek Passage,9724675427,02182026025045537,Success,
14007,Office,2084 Broadway Avenue,4690166723,02182026025045537,Success,
1667,Office,2955 Blair Ways,5000082324,02182026025045537,Success,
14007,Office,900 S 14th Street,4879651626,02182026025045537,Success,
1667,Office,70053 Joshuah Orchard,7415145287,02182026025045537,Success,
14007,Office,1772 Nader Lights,3820194989,02182026025045537,Success,
1667,Office,44549 N Jefferson Street,1764540502,02182026025045537,Success,
14007,Office,444 McCullough Ridge,9823319668,02182026025045537,Success,
1667,Office,987 Daisha Light,2495342217,02182026025045537,Success,
14007,Office,9388 Sandringham Road,1771736579,02182026025045537,Success,
1667,Office,9321 Metz Ramp,8236709940,02182026025045537,Success,
14007,Office,92741 Rippin Spur,7757697450,02182026025045537,Success,
1667,Office,52425 Glen Ford,6187797997,02182026025045537,Success,
14007,Office,44111 N 9th Street,6813447280,02182026025045537,Success,
1667,Office,8558 N Market Street,2448519821,02182026025045537,Success,
14007,Office,30855 First Street,8279970309,02182026025045537,Success,
1667,Office,534 Farm Close,7578068397,02182026025045537,Success,
14007,Office,397 Joelle Corners,9339187697,02182026025045537,Success,
1667,Office,467 Coy Trace,5268196881,02182026025045537,Success,
14007,Office,403 Reilly Underpass,4187876330,02182026025045537,Success,
1667,Office,90503 York Road,1563223398,02182026025045537,Success,
14007,Office,1360 Hoeger Canyon,6905012403,02182026025045537,Success,
1667,Office,6707 Elisha Parkway,3894964361,02182026025045537,Success,
14007,Office,92919 Oscar Glens,4481771970,02182026025045537,Success,
1667,Office,6498 Kasey Loop,8816524379,02182026025045537,Success,
14007,Office,815 Hayes Landing,4364062518,02182026025045537,Success,
1667,Office,1888 Windsor Close,8536019041,02182026025045537,Success,
14007,Office,418 W 2nd Street,7768595608,02182026025045537,Success,
1667,Office,956 Field Lane,7732381714,02182026025045537,Success,
14007,Office,423 Conroy Parks,3135246055,02182026025045537,Success,
1667,Office,6080 Goyette Gateway,7453028102,02182026025045537,Success,
14007,Office,820 Jermain Avenue,4207515915,02182026025045537,Success,
1667,Office,3794 McLaughlin Lake,5279063353,02182026025045537,Success,
14007,Office,688 Pine Street,1155689926,02182026025045537,Success,
1667,Office,25442 Kaley Rapids,6878422531,02182026025045537,Success,
14007,Office,2750 Grimes Meadows,7096341766,02182026025045537,Success,
1667,Office,3990 Gerhard Burg,9806014621,02182026025045537,Success,
14007,Office,57717 Percival Bypass,9301876036,02182026025045537,Success,
1667,Office,957 Adams Isle,9693870961,02182026025045537,Success,
14007,Office,102 Roman Springs,9606122907,02182026025045537,Success,
1667,Office,104 N Front Street,1430909670,02182026025045537,Success,
14007,Office,59254 Hudson Groves,9443349031,02182026025045537,Success,
1667,Office,833 Halvorson Manors,1452688021,02182026025045537,Success,
14007,Office,511 Priory Close,3751923034,02182026025045537,Success,
1667,Office,473 Duke Street,7402095646,02182026025045537,Success,
14007,Office,71456 Kuhlman Common,1025115795,02182026025045537,Success,
1667,Office,703 Kreiger Meadow,1054513011,02182026025045537,Success,
14007,Office,19110 Schroeder Well,4285848670,02182026025045537,Success,
1667,Office,86784 Cassandra Spur,7346899940,02182026025045537,Success,
14007,Office,864 Harris Crescent,3320422613,02182026025045537,Success,
1667,Office,581 Lodge Close,4258827581,02182026025045537,Success,
14007,Office,2307 Friesen Land,6272529938,02182026025045537,Success,
1667,Office,5610 Charles Street,2186488627,02182026025045537,Success,
14007,Office,587 Amani Mills,6130929136,02182026025045537,Success,
1667,Office,8044 Walnut Street,6559775470,02182026025045537,Success,
14007,Office,2525 Martine Freeway,1576355905,02182026025045537,Success,
1667,Office,786 Carmela Heights,9170900603,02182026025045537,Success,
14007,Office,9307 Gregg Crossroad,5469572751,02182026025045537,Success,
1667,Office,638 Theo Skyway,4305107006,02182026025045537,Success,
14007,Office,1951 Broad Street,1888741239,02182026025045537,Success,
1667,Office,212 Lincoln Highway,4376805927,02182026025045537,Success,
14007,Office,810 King Place,6736328962,02182026025045537,Success,
1667,Office,812 E 6th Avenue,2827776241,02182026025045537,Success,
14007,Office,6413 Moore Groves,3917566311,02182026025045537,Success,
1667,Office,214 Mante Mission,6859051733,02182026025045537,Success,
14007,Office,812 Huels Parkways,1242179862,02182026025045537,Success,
1667,Office,1900 Nicolas Plain,8303356000,02182026025045537,Success,
14007,Office,834 Welch Shoals,8120575209,02182026025045537,Success,
1667,Office,34546 Elyssa Square,3991979374,02182026025045537,Success,
14007,Office,9708 Anya Expressway,5579551903,02182026025045537,Success,
1667,Office,63454 The Lane,9573065482,02182026025045537,Success,
14007,Office,906 Dooley Corners,2307367651,02182026025045537,Success,
1667,Office,99445 Kathlyn Lakes,9883153995,02182026025045537,Success,
14007,Office,6122 Crooks Dale,1154867018,02182026025045537,Success,
1667,Office,2749 Millie Mill,9179154350,02182026025045537,Success,
14007,Office,833 E 10th Street,9756108057,02182026025045537,Success,
1667,Office,940 Osinski Mission,2760978030,02182026025045537,Success,
14007,Office,3957 Quitzon Row,8779706683,02182026025045537,Success,
1667,Office,54087 Pauline Throughway,3443228351,02182026025045537,Success,
14007,Office,3078 Quarry Lane,2451267420,02182026025045537,Success,
1667,Office,18887 Langosh Canyon,5888655024,02182026025045537,Success,
14007,Office,979 N Park Street,6197375528,02182026025045537,Success,
1667,Office,27068 Tremblay Valleys,4193965200,02182026025045537,Success,
14007,Office,71749 Jenkins Estates,7393918684,02182026025045537,Success,
1667,Office,55803 Park Place,6522224162,02182026025045537,Success,
14007,Office,62944 S Park Street,5214845334,02182026025045537,Success,
1667,Office,5065 Louisa Meadows,4962256559,02182026025045537,Success,
14007,Office,975 Chestnut Street,7531231156,02182026025045537,Success,
1667,Office,420 Maggio Lake,5827145890,02182026025045537,Success,
14007,Office,152 Main Road,5528834044,02182026025045537,Success,
1667,Office,47207 Streich Freeway,4021425270,02182026025045537,Success,
14007,Office,40898 Westfield Road,6123940797,02182026025045537,Success,
1667,Office,22219 N Washington Street,2296091647,02182026025045537,Success,
14007,Office,51855 Bode Port,2687140204,02182026025045537,Success,
1667,Office,935 Balmoral Road,9051961202,02182026025045537,Success,
14007,Office,28892 Park Street,1971961203,02182026025045537,Success,
1667,Office,304 Cross Street,5670088686,02182026025045537,Success,
14007,Office,21522 Santiago Prairie,9883152939,02182026025045537,Success,
1667,Office,543 Bins Causeway,6945368831,02182026025045537,Success,
14007,Office,112 Yessenia Pass,6188293500,02182026025045537,Success,
1667,Office,496 Dicki Lights,4527895810,02182026025045537,Success,
14007,Office,3026 Stanley Road,5715207844,02182026025045537,Success,
1667,Office,92189 Blair Union,3112175255,02182026025045537,Success,
14007,Office,5095 Verlie Camp,7823682325,02182026025045537,Success,
1667,Office,430 Gudrun Junction,7162635944,02182026025045537,Success,
14007,Office,8232 Garden Street,5862820592,02182026025045537,Success,
1667,Office,509 Juvenal Green,4869135770,02182026025045537,Success,
14007,Office,9873 Jaclyn Key,9305028111,02182026025045537,Success,
1667,Office,2374 Denesik Ferry,6022444289,02182026025045537,Success,
14007,Office,5110 Hannah Centers,1410171551,02182026025045537,Success,
1667,Office,21992 W Franklin Street,2417580396,02182026025045537,Success,
14007,Office,663 Cordelia Lights,3795511879,02182026025045537,Success,
1667,Office,81850 Mabelle Loaf,6240733577,02182026025045537,Success,
14007,Office,3780 Howard Street,9642647867,02182026025045537,Success,
1667,Office,4286 Ettie Ville,7133140942,02182026025045537,Success,
14007,Office,8743 Low Road,1824039202,02182026025045537,Success,
1667,Office,1891 E Bridge Street,3146589103,02182026025045537,Success,
14007,Office,1966 Kendrick Brook,3583021841,02182026025045537,Success,
1667,Office,66594 Maple Avenue,4973144991,02182026025045537,Success,
14007,Office,3559 Wilkinson Fork,1481018042,02182026025045537,Success,
1667,Office,781 Craig Inlet,6137159981,02182026025045537,Success,
14007,Office,922 E Center Street,2949220049,02182026025045537,Success,
1667,Office,142 The Causeway,4363022134,02182026025045537,Success,
14007,Office,120 Agustina Keys,5019439867,02182026025045537,Success,
1667,Office,901 Furman Parkway,4343177209,02182026025045537,Success,
14007,Office,191 Highfield Road,1416520680,02182026025045537,Success,
1667,Office,756 Foster Unions,5788902601,02182026025045537,Success,
14007,Office,8121 E Oak Street,4945415976,02182026025045537,Success,
1667,Office,781 Smith Street,4670817344,02182026025045537,Success,
14007,Office,815 Tara Plain,2792827200,02182026025045537,Success,
1667,Office,81674 Brown Track,8918676724,02182026025045537,Success,
14007,Office,34063 Greenway,9535583666,02182026025045537,Success,
1667,Office,923 Green Close,9201911536,02182026025045537,Success,
14007,Office,423 W Church Street,2865980064,02182026025045537,Success,
1667,Office,1241 Mateo Point,3826747328,02182026025045537,Success,
14007,Office,94161 Prohaska Knoll,5175635590,02182026025045537,Success,
1667,Office,80836 Pine Grove,9182705654,02182026025045537,Success,
14007,Office,81297 E Jackson Street,7573018239,02182026025045537,Success,
1667,Office,200 Monahan Cliffs,9477976141,02182026025045537,Success,
14007,Office,8177 Rowan Close,3985088168,02182026025045537,Success,
1667,Office,112 Broadway Street,1470515042,02182026025045537,Success,
14007,Office,507 Ankunding Walks,4647903347,02182026025045537,Success,
1667,Office,42289 South Street,9649580454,02182026025045537,Success,
14007,Office,9997 Denis Fall,1240837410,02182026025045537,Success,
1667,Office,71226 Kilback Crescent,8292038345,02182026025045537,Success,
14007,Office,7965 Haley Brooks,5100988996,02182026025045537,Success,
1667,Office,1365 Grant Street,3438528616,02182026025045537,Success,
14007,Office,752 E Broad Street,7236766149,02182026025045537,Success,
1667,Office,745 Willms Lakes,7494248290,02182026025045537,Success,
14007,Office,9578 New Road,9386073469,02182026025045537,Success,
1667,Office,5527 Oaklands,2316905270,02182026025045537,Success,
14007,Office,768 Stoltenberg Lane,9473467677,02182026025045537,Success,
1667,Office,69500 Marquise Roads,9333517349,02182026025045537,Success,
14007,Office,48321 Church Avenue,6182233964,02182026025045537,Success,
1667,Office,861 The Beeches,6214676251,02182026025045537,Success,
14007,Office,8443 Ruecker Union,7365933249,02182026025045537,Success,
1667,Office,52545 Marks Extensions,6940526378,02182026025045537,Success,
14007,Office,48211 Birch Avenue,6552627138,02182026025045537,Success,
1667,Office,8447 Walter Branch,7168226925,02182026025045537,Success,
14007,Office,7638 Rosa Views,5059523198,02182026025045537,Success,
1667,Office,104 Shaina Forks,7235633388,02182026025045537,Success,
14007,Office,53169 Schneider Curve,9909869965,02182026025045537,Success,
1667,Office,137 Pagac Forges,7527125364,02182026025045537,Success,
14007,Office,6463 Mante Crescent,1384419743,02182026025045537,Success,
1667,Office,4727 Long Lane,1155405355,02182026025045537,Success,
14007,Office,870 Blanda Path,5786537395,02182026025045537,Success,
1667,Office,10855 Torphy Causeway,2255777346,02182026025045537,Success,
14007,Office,3498 Conn Pike,8317781037,02182026025045537,Success,
1667,Office,70286 Victoria Road,9420306165,02182026025045537,Success,
14007,Office,41520 W Washington Street,9085905075,02182026025045537,Success,
1667,Office,21333 Shaina Fields,9327806214,02182026025045537,Success,
14007,Office,505 Main Street W,7012394951,02182026025045537,Success,
1667,Office,67932 Cleora Extension,2404872428,02182026025045537,Success,
14007,Office,98026 Schaefer Coves,7664485214,02182026025045537,Success,
1667,Office,80379 Brian Branch,7306305511,02182026025045537,Success,
14007,Office,596 Blick Mills,3332552178,02182026025045537,Success,
1667,Office,730 E Washington Avenue,6162639889,02182026025045537,Success,
14007,Office,86601 Hillside Road,5040531381,02182026025045537,Success,
1667,Office,605 Domenica Glen,6233098779,02182026025045537,Success,
14007,Office,579 6th Street,1803291275,02182026025045537,Success,
1667,Office,475 Waters Ways,4378556133,02182026025045537,Success,
14007,Office,5398 Bradtke Trace,8829630240,02182026025045537,Success,
1667,Office,54655 Hauck Estate,2500392958,02182026025045537,Success,
14007,Office,8195 Buckridge Way,6740103687,02182026025045537,Success,
1667,Office,475 Julien Ridge,7794134783,02182026025045537,Success,
14007,Office,50519 Wuckert Estate,1654979304,02182026025045537,Success,
1667,Office,5453 Jermaine Knoll,5627822772,02182026025045537,Success,
14007,Office,92588 Audra Lake,5323721328,02182026025045537,Success,
1667,Office,52043 W Park Street,1941029186,02182026025045537,Success,
14007,Office,122 Streich Walks,3882032218,02182026025045537,Success,
1667,Office,149 Maud Route,4530310099,02182026025045537,Success,
14007,Office,4050 Meghan Radial,6156359858,02182026025045537,Success,
1667,Office,6187 Maryse Green,8930360035,02182026025045537,Success,
14007,Office,447 W North Street,8018642713,02182026025045537,Success,
1667,Office,21375 Kameron Bridge,3574449898,02182026025045537,Success,
14007,Office,9713 S Division Street,5000371236,02182026025045537,Success,
1667,Office,8960 Orn Mill,7441612175,02182026025045537,Success,
14007,Office,81039 Thomas Flat,2199074817,02182026025045537,Success,
1667,Office,5099 Abigail Inlet,3832488833,02182026025045537,Success,
14007,Office,806 Thiel Neck,3437813664,02182026025045537,Success,
1667,Office,7441 Kshlerin Lakes,3107390715,02182026025045537,Success,
14007,Office,11914 Kimberly Burgs,4903115704,02182026025045537,Success,
1667,Office,642 Prospect Street,7422025274,02182026025045537,Success,
14007,Office,85908 Church Close,2482106197,02182026025045537,Success,
1667,Office,85323 Diego Unions,9752417757,02182026025045537,Success,
14007,Office,2154 Ryan Manor,3416627499,02182026025045537,Success,
1667,Office,100 Isabelle Mountain,8343242327,02182026025045537,Success,
14007,Office,9824 Jaime Loaf,1176564210,02182026025045537,Success,
1667,Office,6547 Kaylie Stream,7859196340,02182026025045537,Success,
14007,Office,8227 Field Lane,9791470836,02182026025045537,Success,
1667,Office,219 Rutherford Curve,4132811338,02182026025045537,Success,
14007,Office,198 Friesen Freeway,4684661592,02182026025045537,Success,
1667,Office,20881 Division Street,7977610254,02182026025045537,Success,
14007,Office,95349 Reba Villages,4960768226,02182026025045537,Success,
1667,Office,85633 Fadel Hills,1008121958,02182026025045537,Success,
14007,Office,262 Precious Glen,1762336818,02182026025045537,Success,
1667,Office,2130 Manor Way,7191543377,02182026025045537,Success,
14007,Office,7749 Jaden Station,5692072741,02182026025045537,Success,
1667,Office,51052 W North Street,1625570195,02182026025045537,Success,
14007,Office,947 Leuschke River,8572284143,02182026025045537,Success,
1667,Office,36423 Littel Prairie,1147069518,02182026025045537,Success,
14007,Office,694 Broadway Avenue,6686535856,02182026025045537,Success,
1667,Office,6776 Veum Lock,4062671635,02182026025045537,Success,
14007,Office,6949 Rylan Crescent,5646610601,02182026025045537,Success,
1667,Office,626 Myrtis Spring,1197644085,02182026025045537,Success,
14007,Office,77138 Skiles Throughway,3033126428,02182026025045537,Success,
1667,Office,821 Brendon Plaza,1762916244,02182026025045537,Success,
14007,Office,903 Kulas Canyon,4640977393,02182026025045537,Success,
1667,Office,3839 Amari Crest,2132501785,02182026025045537,Success,
14007,Office,6444 Silver Street,1261501071,02182026025045537,Success,
1667,Office,2512 Cassin Pass,5689337172,02182026025045537,Success,
14007,Office,4649 Sipes Fall,4283344928,02182026025045537,Success,
1667,Office,89816 Fahey Plains,5111960598,02182026025045537,Success,
14007,Office,371 E Bridge Street,8251538412,02182026025045537,Success,
1667,Office,23522 MacGyver Unions,8472429152,02182026025045537,Success,
14007,Office,72736 Mraz Orchard,8608587479,02182026025045537,Success,
1667,Office,29072 Windsor Drive,8869867823,02182026025045537,Success,
14007,Office,2335 Meadow Close,8619603198,02182026025045537,Success,
1667,Office,3337 Mina Via,9951505644,02182026025045537,Success,
14007,Office,20185 Wood Lane,1792591273,02182026025045537,Success,
1667,Office,100 State Line Road,3391415871,02182026025045537,Success,
14007,Office,120 Leatha Crossroad,2056030699,02182026025045537,Success,
1667,Office,93322 S Grand Avenue,2509280389,02182026025045537,Success,
14007,Office,1380 Landen Haven,8524571371,02182026025045537,Success,
1667,Office,863 Turcotte Flats,7122712734,02182026025045537,Success,
14007,Office,5854 E 5th Street,6654324058,02182026025045537,Success,
1667,Office,63032 Gorczany Mill,2823586139,02182026025045537,Success,
14007,Office,58330 Watery Lane,5967775053,02182026025045537,Success,
1667,Office,2373 Lake Road,8917070351,02182026025045537,Success,
14007,Office,74223 Trey Shoals,5716049360,02182026025045537,Success,
1667,Office,8341 Woodside Road,5974663108,02182026025045537,Success,
14007,Office,30668 Beier Streets,1841134113,02182026025045537,Success,
1667,Office,55499 Aron Mills,2509102154,02182026025045537,Success,
14007,Office,8463 Savannah Station,2873035136,02182026025045537,Success,
1667,Office,4800 N High Street,9541007545,02182026025045537,Success,
14007,Office,108 Corkery Terrace,3334543977,02182026025045537,Success,
1667,Office,74136 S Oak Street,4741903802,02182026025045537,Success,
14007,Office,9768 Macey Camp,6058125037,02182026025045537,Success,
1667,Office,28226 Marge Walks,7611061155,02182026025045537,Success,
14007,Office,228 Champlin Centers,1951294982,02182026025045537,Success,
1667,Office,3676 Tina Fords,8044379414,02182026025045537,Success,
14007,Office,55552 Elm Grove,1777157802,02182026025045537,Success,
1667,Office,842 Harrison Avenue,7580548243,02182026025045537,Success,
14007,Office,921 Woodland Close,7038171623,02182026025045537,Success,
1667,Office,185 Belle Mills,3076440597,02182026025045537,Success,
14007,Office,7260 Koelpin Flats,5976365595,02182026025045537,Success,
1667,Office,982 University Drive,5012720390,02182026025045537,Success,
14007,Office,447 The Dell,3641962294,02182026025045537,Success,
1667,Office,5884 William Street,9137527828,02182026025045537,Success,
14007,Office,607 Fay Rapid,2135030908,02182026025045537,Success,
1667,Office,3574 The Ridings,4573996070,02182026025045537,Success,
14007,Office,3342 Rupert Row,4355462272,02182026025045537,Success,
1667,Office,59077 Hermann Port,8691696677,02182026025045537,Success,
14007,Office,4077 New Road,7850642716,02182026025045537,Success,
1667,Office,941 Quigley Brook,6739114159,02182026025045537,Success,
14007,Office,681 Rempel Spur,2046154714,02182026025045537,Success,
1667,Office,9751 Bridie Radial,8720698432,02182026025045537,Success,
14007,Office,1731 S Front Street,8209432023,02182026025045537,Success,
1667,Office,6932 Murray Mountain,3663180588,02182026025045537,Success,
14007,Office,782 Goodwin Manors,7673026624,02182026025045537,Success,
1667,Office,364 Stroman Fork,3034949797,02182026025045537,Success,
14007,Office,4477 Hall Street,6983219747,02182026025045537,Success,
1667,Office,693 O'Connell Course,6125049835,02182026025045537,Success,
14007,Office,30564 Sawayn Turnpike,2136568726,02182026025045537,Success,
1667,Office,23890 Stark Place,3860263181,02182026025045537,Success,
14007,Office,891 Haven Valleys,9117240091,02182026025045537,Success,
1667,Office,12072 Chestnut Drive,7929360321,02182026025045537,Success,
14007,Office,37092 Prudence Pike,3121664108,02182026025045537,Success,
1667,Office,116 Stroman Fall,9101545977,02182026025045537,Success,
14007,Office,26773 E 6th Street,4093953542,02182026025045537,Success,
1667,Office,1925 Hauck Parkways,4596115310,02182026025045537,Success,
14007,Office,19850 Wintheiser Branch,4917047028,02182026025045537,Success,
1667,Office,854 Carroll Greens,8579440824,02182026025045537,Success,
14007,Office,704 Chapel Street,1946505676,02182026025045537,Success,
1667,Office,33200 Nolan Meadows,5586557652,02182026025045537,Success,
14007,Office,616 Kyra Freeway,3398271315,02182026025045537,Success,
1667,Office,29619 Maegan River,4961260559,02182026025045537,Success,
14007,Office,3542 Highfield Avenue,6833709641,02182026025045537,Success,
1667,Office,70624 Veum Hills,2064223649,02182026025045537,Success,
14007,Office,5005 8th Avenue,3655304606,02182026025045537,Success,
1667,Office,664 Maritza Highway,5737622974,02182026025045537,Success,
14007,Office,247 Lake Street,2489280636,02182026025045537,Success,
1667,Office,1604 Kunze Keys,3735244332,02182026025045537,Success,
14007,Office,1618 Rex Forges,9593159546,02182026025045537,Success,
1667,Office,36979 Runolfsson Points,2605599016,02182026025045537,Success,
14007,Office,872 Annamae Place,8076122402,02182026025045537,Success,
1667,Office,666 W Broadway Avenue,2956504584,02182026025045537,Success,
14007,Office,695 Riverside Avenue,6542695005,02182026025045537,Success,
1667,Office,875 Orchard Lane,1673513321,02182026025045537,Success,
14007,Office,24113 Rodrick Orchard,6855084347,02182026025045537,Success,
1667,Office,7748 Ladarius Track,2231544920,02182026025045537,Success,
14007,Office,801 Wolff Ranch,8717793824,02182026025045537,Success,
1667,Office,6911 Main Road,8355188294,02182026025045537,Success,
14007,Office,675 Mireille Rest,5525047933,02182026025045537,Success,
1667,Office,7815 E 11th Street,4509613752,02182026025045537,Success,
14007,Office,1994 Jerad Parks,9862807534,02182026025045537,Success,
1667,Office,15689 Ferne Station,3741619451,02182026025045537,Success,
14007,Office,5104 Brakus Wells,9096350268,02182026025045537,Success,
1667,Office,6632 Wolf Ford,6584837914,02182026025045537,Success,
14007,Office,7031 The Crescent,2839376904,02182026025045537,Success,
1667,Office,426 W Main Street,9394943845,02182026025045537,Success,
14007,Office,412 Oberbrunner Plain,3027174053,02182026025045537,Success,
1667,Office,6549 Wintheiser Route,5697772363,02182026025045537,Success,
14007,Office,461 Pollich Mountains,9092657449,02182026025045537,Success,
1667,Office,4566 Nathaniel Orchard,7539582167,02182026025045537,Success,
14007,Office,73949 E Elm Street,6204778558,02182026025045537,Success,
1667,Office,7651 Jast Shoals,6090301405,02182026025045537,Success,
14007,Office,4223 Krystal Court,1677380889,02182026025045537,Success,
1667,Office,1096 Aliya Terrace,9225366974,02182026025045537,Success,
14007,Office,3577 W Division Street,2220592031,02182026025045537,Success,
1667,Office,3616 Clinton Springs,6011901207,02182026025045537,Success,
14007,Office,236 Hartmann Spur,5895335234,02182026025045537,Success,
1667,Office,8422 Ebert Way,7395654891,02182026025045537,Success,
14007,Office,814 Keebler Course,5308215233,02182026025045537,Success,
1667,Office,98251 The Mews,6735943518,02182026025045537,Success,
14007,Office,1567 Gislason Camp,1308931690,02182026025045537,Success,
1667,Office,125 Alexanne Estate,3801295641,02182026025045537,Success,
14007,Office,11342 Walter Valley,7849934373,02182026025045537,Success,
1667,Office,35372 Ocie Estate,9390078065,02182026025045537,Success,
14007,Office,859 Mount Pleasant,6091946571,02182026025045537,Success,
1667,Office,4078 Roob Spurs,4289954701,02182026025045537,Success,
14007,Office,41481 Collier Burg,6234582797,02182026025045537,Success,
1667,Office,313 Brock Union,6583264814,02182026025045537,Success,
14007,Office,3183 Meadow View,5520052692,02182026025045537,Success,
1667,Office,876 Kenyon Skyway,8023544896,02182026025045537,Success,
14007,Office,2461 West Avenue,6662078961,02182026025045537,Success,
1667,Office,76389 Veterans Memorial Drive,6134692368,02182026025045537,Success,
14007,Office,942 Daryl Plains,3875622605,02182026025045537,Success,
1667,Office,271 Garden Close,4138733163,02182026025045537,Success,
14007,Office,93199 Marcelo Harbors,6033632820,02182026025045537,Success,
1667,Office,51710 Maxime Meadows,8658753671,02182026025045537,Success,
14007,Office,92997 Hal Corners,8066062738,02182026025045537,Success,
1667,Office,77143 S Central Avenue,4224648090,02182026025045537,Success,
14007,Office,863 Stefanie Lodge,8039707998,02182026025045537,Success,
1667,Office,664 Maxime Summit,9618639817,02182026025045537,Success,
14007,Office,3126 Orin Bypass,8461613430,02182026025045537,Success,
1667,Office,44446 Margarete Forge,7011756667,02182026025045537,Success,
14007,Office,441 Gracie Lane,3231736159,02182026025045537,Success,
1667,Office,659 Milton Street,5259196511,02182026025045537,Success,
14007,Office,61821 Stoney Lane,3402317260,02182026025045537,Success,
1667,Office,2747 Donnie Parkways,2020922294,02182026025045537,Success,
14007,Office,900 Schuster Brooks,1355107039,02182026025045537,Success,
1667,Office,52824 Mack Falls,6706674497,02182026025045537,Success,
14007,Office,32931 Schroeder Walk,2968678065,02182026025045537,Success,
1667,Office,7028 Treva Key,5570135988,02182026025045537,Success,
14007,Office,182 Santino Hill,5627916017,02182026025045537,Success,
1667,Office,35800 Charlie Shoal,9797674731,02182026025045537,Success,
14007,Office,39513 Dale Street,4999802350,02182026025045537,Success,
1667,Office,195 Trent Place,7572422273,02182026025045537,Success,
14007,Office,477 Michaela Land,5520562537,02182026025045537,Success,
1667,Office,8266 Willow Drive,3757428266,02182026025045537,Success,
14007,Office,8200 Aileen Lodge,6214824661,02182026025045537,Success,
1667,Office,54150 Hessel Meadow,2019868288,02182026025045537,Success,
14007,Office,234 Simone Divide,2025122595,02182026025045537,Success,
1667,Office,364 Fourth Avenue,1374054679,02182026025045537,Success,
14007,Office,312 W Lake Street,1541930418,02182026025045537,Success,
1667,Office,78829 Mill Close,8274013161,02182026025045537,Success,
14007,Office,592 Shaina Via,2904880278,02182026025045537,Success,
1667,Office,79644 McDermott Branch,3283751970,02182026025045537,Success,
14007,Office,5886 Claremont Road,2683689516,02182026025045537,Success,
1667,Office,17477 Brown Junctions,7188759345,02182026025045537,Success,
14007,Office,8843 Schuster Via,3535430394,02182026025045537,Success,
1667,Office,99162 Bode Corner,2313893549,02182026025045537,Success,
14007,Office,62430 Von Junctions,9566023330,02182026025045537,Success,
1667,Office,89757 W High Street,2841047533,02182026025045537,Success,
14007,Office,489 N Court Street,4196383989,02182026025045537,Success,
1667,Office,44425 Madison Street,2936148988,02182026025045537,Success,
14007,Office,82992 Vicarage Close,5858059134,02182026025045537,Success,
1667,Office,48372 E 12th Street,4512302417,02182026025045537,Success,
14007,Office,674 W 12th Street,5095003976,02182026025045537,Success,
1667,Office,936 Volkman Route,9641986435,02182026025045537,Success,
14007,Office,829 McDermott Brook,1863060297,02182026025045537,Success,
1667,Office,9225 Rodriguez Throughway,3867217729,02182026025045537,Success,
14007,Office,3256 Main Street N,9077889727,02182026025045537,Success,
1667,Office,446 The Willows,6425106001,02182026025045537,Success,
14007,Office,83586 E Central Avenue,7964333752,02182026025045537,Success,
1667,Office,5598 Murazik Crossing,6078039798,02182026025045537,Success,
14007,Office,336 Grove Lane,7698037970,02182026025045537,Success,
1667,Office,939 Abner Mission,1263913751,02182026025045537,Success,
14007,Office,18972 May Greens,3493649690,02182026025045537,Success,
1667,Office,501 N Harrison Street,3065723847,02182026025045537,Success,
14007,Office,695 Asia Shores,9226151919,02182026025045537,Success,
1667,Office,614 Auer Island,6183455836,02182026025045537,Success,
14007,Office,818 Chaya Spring,9594873423,02182026025045537,Success,
1667,Office,471 Oma Greens,4192739034,02182026025045537,Success,
14007,Office,66994 Zieme Terrace,6233060884,02182026025045537,Success,
1667,Office,625 W 8th Street,5064503742,02182026025045537,Success,
14007,Office,431 Emmerich Springs,9150192223,02182026025045537,Success,
1667,Office,507 S College Street,8414839675,02182026025045537,Success,
14007,Office,90115 Reed Fork,3495817810,02182026025045537,Success,
1667,Office,354 Cormier Stravenue,2975594370,02182026025045537,Success,
14007,Office,9796 Griffin Orchard,3460808917,02182026025045537,Success,
1667,Office,48715 Greenfelder Hill,7824991078,02182026025045537,Success,
14007,Office,4736 Pennsylvania Avenue,5754205393,02182026025045537,Success,
1667,Office,5776 Kian Key,2123408015,02182026025045537,Success,
14007,Office,8058 Alvera Burgs,2723387645,02182026025045537,Success,
1667,Office,159 S Union Street,6997258333,02182026025045537,Success,
14007,Office,2613 Krajcik Parkways,4560451201,02182026025045537,Success,
1667,Office,6864 Hickory Street,7526505647,02182026025045537,Success,
14007,Office,7727 Spencer Grove,8086055084,02182026025045537,Success,
1667,Office,3735 Melissa Spurs,1899047642,02182026025045537,Success,
14007,Office,7638 Hawthorn Avenue,9086039866,02182026025045537,Success,
1667,Office,863 Hodkiewicz Turnpike,1354351804,02182026025045537,Success,
14007,Office,27399 Koelpin Parks,1344081744,02182026025045537,Success,
1667,Office,956 Domenica Estates,8906483984,02182026025045537,Success,
14007,Office,63441 Gerhold Prairie,1873402828,02182026025045537,Success,
1667,Office,72287 Lafayette Street,1411465847,02182026025045537,Success,
14007,Office,41509 Adams Groves,1894505344,02182026025045537,Success,
1667,Office,508 Fleta Junctions,4519294803,02182026025045537,Success,
14007,Office,976 Farm Close,6447011452,02182026025045537,Success,
1667,Office,9506 Riverside Drive,5430176390,02182026025045537,Success,
14007,Office,8359 Heron Close,7358251845,02182026025045537,Success,
1667,Office,345 S Park Street,9337491669,02182026025045537,Success,
14007,Office,587 Flatley Pine,8913703765,02182026025045537,Success,
1667,Office,781 Broadway,2216573881,02182026025045537,Success,
14007,Office,5614 Constantin Lakes,9205976068,02182026025045537,Success,
1667,Office,84158 Tiara Trail,1784062758,02182026025045537,Success,
14007,Office,7478 Griffin Turnpike,9978622591,02182026025045537,Success,
1667,Office,9533 Hawthorn Close,3874444027,02182026025045537,Success,
14007,Office,302 Main Street E,8667128995,02182026025045537,Success,
1667,Office,463 Locust Street,3572051760,02182026025045537,Success,
14007,Office,446 Darrion Flats,2865636751,02182026025045537,Success,
1667,Office,86244 Grange Close,3351534769,02182026025045537,Success,
14007,Office,24637 N Central Avenue,7674244281,02182026025045537,Success,
1667,Office,1729 Glover Walks,4505023332,02182026025045537,Success,
14007,Office,771 Johnson Walk,5847629200,02182026025045537,Success,
1667,Office,285 Jarrett Terrace,7392326517,02182026025045537,Success,
14007,Office,976 Okuneva Curve,3785983487,02182026025045537,Success,
1667,Office,52377 S Washington Avenue,6113698307,02182026025045537,Success,
14007,Office,7928 Chapel Road,2540413167,02182026025045537,Success,
1667,Office,23850 Angelina Oval,7113151617,02182026025045537,Success,
14007,Office,8399 Priory Close,8785253417,02182026025045537,Success,
1667,Office,23166 16th Street,4678686971,02182026025045537,Success,
14007,Office,669 The Beeches,8186411903,02182026025045537,Success,
1667,Office,4810 Carole Lights,7473017705,02182026025045537,Success,
14007,Office,433 Sven River,1167682811,02182026025045537,Success,
1667,Office,43683 S Grand Avenue,3758935842,02182026025045537,Success,
14007,Office,5256 Schuppe Center,8259104255,02182026025045537,Success,
1667,Office,315 Delores Summit,5223733240,02182026025045537,Success,
14007,Office,383 Wyman Island,7244871887,02182026025045537,Success,
1667,Office,696 W Franklin Street,1029563523,02182026025045537,Success,
14007,Office,21473 Watery Lane,6844745033,02182026025045537,Success,
1667,Office,64188 Chloe Corner,7560906417,02182026025045537,Success,
14007,Office,31653 Boyle Extension,1405732885,02182026025045537,Success,
1667,Office,54388 Church Hill,3272598107,02182026025045537,Success,
14007,Office,38871 Mossie Cape,9970015638,02182026025045537,Success,
1667,Office,81911 Ridge Road,8326661427,02182026025045537,Success,
14007,Office,411 Russel Rapids,3814684036,02182026025045537,Success,
1667,Office,97705 Cavendish Road,4228195236,02182026025045537,Success,
14007,Office,839 Sandy Lane,8205376169,02182026025045537,Success,
1667,Office,1294 Strosin Pike,8431598872,02182026025045537,Success,
14007,Office,682 Main Street N,8107665074,02182026025045537,Success,
1667,Office,563 Raynor Gardens,3913641484,02182026025045537,Success,
14007,Office,5058 S Franklin Street,4356440585,02182026025045537,Success,
1667,Office,20846 Bradtke Drive,2760283634,02182026025045537,Success,
14007,Office,12101 Manor Gardens,8643632413,02182026025045537,Success,
1667,Office,6564 Quigley Overpass,2574430585,02182026025045537,Success,
14007,Office,3572 Duke Street,8281664468,02182026025045537,Success,
1667,Office,841 E 8th Street,6284807465,02182026025045537,Success,
14007,Office,34425 Mercedes Turnpike,9734032806,02182026025045537,Success,
1667,Office,40376 Larkin Fords,2612019092,02182026025045537,Success,
14007,Office,3273 Mike Burgs,4270383001,02182026025045537,Success,
1667,Office,568 Berneice Manors,6892278954,02182026025045537,Success,
14007,Office,438 St Andrews Close,2384406118,02182026025045537,Success,
1667,Office,145 Walker Ferry,2032656741,02182026025045537,Success,
14007,Office,574 Railway Street,4343180805,02182026025045537,Success,
1667,Office,20109 Raymundo Plains,3196088409,02182026025045537,Success,
14007,Office,138 Mazie Highway,2675331030,02182026025045537,Success,
1667,Office,305 W 1st Street,1359183218,02182026025045537,Success,
14007,Office,8550 Giovanna Land,2300405847,02182026025045537,Success,
1667,Office,858 Grange Close,2698991889,02182026025045537,Success,
14007,Office,1348 S Market Street,4026622033,02182026025045537,Success,
1667,Office,73075 W 9th Street,9449608346,02182026025045537,Success,
14007,Office,9697 15th Street,6027102369,02182026025045537,Success,
1667,Office,4147 Lyric Extension,9469823594,02182026025045537,Success,
14007,Office,3948 The Ridgeway,5433517875,02182026025045537,Success,
1667,Office,31504 Mabel Extension,6224366289,02182026025045537,Success,
14007,Office,3872 Nathanael Mountains,7317196579,02182026025045537,Success,
1667,Office,56443 Brook Lane,2027646018,02182026025045537,Success,
14007,Office,361 Virgil Roads,8532387172,02182026025045537,Success,
1667,Office,55855 Stroman Overpass,5420598400,02182026025045537,Success,
14007,Office,66887 Court Street,9746472146,02182026025045537,Success,
1667,Office,658 Donnelly Hill,4402238670,02182026025045537,Success,
14007,Office,63258 1st Avenue,8155506931,02182026025045537,Success,
1667,Office,5295 Schmidt Hills,1243175962,02182026025045537,Success,
14007,Office,9540 E Jefferson Street,9658754853,02182026025045537,Success,
1667,Office,3234 N Broadway Street,9825882112,02182026025045537,Success,
14007,Office,5307 Kody Mill,9711103172,02182026025045537,Success,
1667,Office,9401 Adonis Creek,3875674521,02182026025045537,Success,
14007,Office,860 Edwin Knolls,4866195385,02182026025045537,Success,
1667,Office,7334 Hyatt Walks,3337630486,02182026025045537,Success,
14007,Office,723 North Road,1363753259,02182026025045537,Success,
1667,Office,1807 W River Road,5815986125,02182026025045537,Success,
14007,Office,876 Julius Skyway,2440342607,02182026025045537,Success,
1667,Office,8019 Bernier Ports,5717881696,02182026025045537,Success,
14007,Office,4992 Nicola Pike,8219590916,02182026025045537,Success,
1667,Office,797 Chadd Keys,4596898438,02182026025045537,Success,
14007,Office,6624 Cassin Run,6287725452,02182026025045537,Success,
1667,Office,798 Grange Avenue,2068087731,02182026025045537,Success,
14007,Office,9747 Blind Lane,3851780014,02182026025045537,Success,
1667,Office,953 Bernier Stravenue,5349913781,02182026025045537,Success,
14007,Office,919 Roxane Motorway,1449980455,02182026025045537,Success,
1667,Office,2587 Kara Lock,3894838585,02182026025045537,Success,
14007,Office,2857 Christiansen Place,7102995361,02182026025045537,Success,
1667,Office,8636 Woodlands Road,5025366662,02182026025045537,Success,
14007,Office,85466 Hermann Hollow,1866921384,02182026025045537,Success,
1667,Office,13220 Sigrid Park,8620624596,02182026025045537,Success,
14007,Office,233 Bernhard Forks,2174983927,02182026025045537,Success,
1667,Office,57997 Jana Mount,3358789799,02182026025045537,Success,
14007,Office,67850 Belmont Road,4971485104,02182026025045537,Success,
1667,Office,57428 Shanahan Harbors,5844857217,02182026025045537,Success,
14007,Office,467 Hickle Loop,8750940523,02182026025045537,Success,
1667,Office,346 Gia Brook,7456121310,02182026025045537,Success,
14007,Office,67649 Luigi Shoal,9774694983,02182026025045537,Success,
1667,Office,265 Gladstone Road,7837690497,02182026025045537,Success,
14007,Office,420 Roob Station,7773408920,02182026025045537,Success,
1667,Office,718 Noel Knolls,3556001263,02182026025045537,Success,
14007,Office,90799 Laburnum Grove,7072568051,02182026025045537,Success,
1667,Office,4566 N High Street,7319902665,02182026025045537,Success,
14007,Office,2865 Mitchell Stream,3178610536,02182026025045537,Success,
1667,Office,129 Agnes Unions,8307239096,02182026025045537,Success,
14007,Office,457 Hyatt Burg,2541606643,02182026025045537,Success,
1667,Office,23354 N Washington Avenue,1554677868,02182026025045537,Success,
14007,Office,8007 Velva Land,1335327966,02182026025045537,Success,
1667,Office,8778 Dibbert Extensions,6348329592,02182026025045537,Success,
14007,Office,39612 Forest Road,6773279470,02182026025045537,Success,
1667,Office,9826 Earline Estates,5033430638,02182026025045537,Success,
14007,Office,688 Nathen Lodge,7434917878,02182026025045537,Success,
1667,Office,227 Harmon Shore,3845601151,02182026025045537,Success,
14007,Office,51420 Larch Close,8313998453,02182026025045537,Success,
1667,Office,3587 Woodrow Tunnel,9652772452,02182026025045537,Success,
14007,Office,1428 N Poplar Street,6272986380,02182026025045537,Success,
1667,Office,9112 Schimmel Harbor,7639253707,02182026025045537,Success,
14007,Office,31786 Larkin Ville,7705729429,02182026025045537,Success,
1667,Office,8598 Bell Lane,8159564532,02182026025045537,Success,
14007,Office,82602 E Bridge Street,7229975436,02182026025045537,Success,
1667,Office,192 Micheal Mews,1226539095,02182026025045537,Success,
14007,Office,31770 Valentin Shoals,8557087438,02182026025045537,Success,
1667,Office,416 Kingsway,2062138679,02182026025045537,Success,
14007,Office,227 Asa Cape,3590945017,02182026025045537,Success,
1667,Office,500 Kovacek Forge,1908551298,02182026025045537,Success,
14007,Office,36142 Torphy Ranch,3270318185,02182026025045537,Success,
1667,Office,1345 Klocko Way,6711803156,02182026025045537,Success,
14007,Office,5149 Wilhelmine Shore,9203333479,02182026025045537,Success,
1667,Office,7280 Pamela Green,7552739297,02182026025045537,Success,
14007,Office,625 Wisoky Wall,3447003008,02182026025045537,Success,
1667,Office,60613 Mayra Extension,7410586567,02182026025045537,Success,
14007,Office,5305 Daugherty Flat,2201922670,02182026025045537,Success,
1667,Office,94175 Waverley Road,2178948776,02182026025045537,Success,
14007,Office,46965 S Division Street,9945016848,02182026025045537,Success,
1667,Office,339 Marilou Freeway,2176403564,02182026025045537,Success,
14007,Office,136 Haley Ramp,1423285167,02182026025045537,Success,
1667,Office,8505 S Chestnut Street,2724474782,02182026025045537,Success,
14007,Office,45911 Hudson Terrace,2394585962,02182026025045537,Success,
1667,Office,7704 W Broadway Avenue,9981556279,02182026025045537,Success,
14007,Office,67317 Dorothea Groves,3512419700,02182026025045537,Success,
1667,Office,22403 Teresa Glen,1965960927,02182026025045537,Success,
14007,Office,589 E Elm Street,9815213166,02182026025045537,Success,
1667,Office,27791 Alf Loaf,5257822508,02182026025045537,Success,
14007,Office,327 S Bridge Street,3304539756,02182026025045537,Success,
1667,Office,1220 Senger Village,8380447861,02182026025045537,Success,
14007,Office,817 Ephraim Place,5434519119,02182026025045537,Success,
1667,Office,9457 Hester Loop,4544586827,02182026025045537,Success,
14007,Office,65713 E 3rd Street,9618056104,02182026025045537,Success,
1667,Office,6423 Carter Unions,1892774741,02182026025045537,Success,
14007,Office,6578 Stiedemann Fall,6276335690,02182026025045537,Success,
1667,Office,162 Koepp Brooks,2923298541,02182026025045537,Success,
14007,Office,70775 Martin Luther King Boulevard,8697403907,02182026025045537,Success,
1667,Office,6552 E River Road,1633790628,02182026025045537,Success,
14007,Office,2907 Cherry Tree Close,4960054978,02182026025045537,Success,
1667,Office,612 Gislason Plaza,5171468544,02182026025045537,Success,
14007,Office,4823 S 1st Street,7849645704,02182026025045537,Success,
1667,Office,3359 E Broadway Street,3296096098,02182026025045537,Success,
14007,Office,9934 Greyson Corners,3919496506,02182026025045537,Success,
1667,Office,3810 Macejkovic Extension,4302054905,02182026025045537,Success,
14007,Office,836 Rippin Drive,1001973233,02182026025045537,Success,
1667,Office,9244 Reuben Ridge,6699206953,02182026025045537,Success,
14007,Office,28305 Kessler Square,2835472633,02182026025045537,Success,
1667,Office,4822 8th Street,6808085649,02182026025045537,Success,
14007,Office,364 Karina Road,8891658189,02182026025045537,Success,
1667,Office,44509 The Lane,8221052683,02182026025045537,Success,
14007,Office,2899 Bennett Valleys,4112983543,02182026025045537,Success,
1667,Office,226 Oaklands,4526106535,02182026025045537,Success,
14007,Office,16918 Kemmer Shoals,6413945806,02182026025045537,Success,
1667,Office,49093 Gulgowski Glen,5718041366,02182026025045537,Success,
14007,Office,6513 Connelly Walks,6235146683,02182026025045537,Success,
1667,Office,452 Pearl Street,1610259826,02182026025045537,Success,
14007,Office,43005 Albany Road,1018682262,02182026025045537,Success,
1667,Office,4340 Krystina Camp,5622727213,02182026025045537,Success,
14007,Office,785 Flavio Rapid,9143699491,02182026025045537,Success,
1667,Office,8778 Noemie Ports,4341280797,02182026025045537,Success,
14007,Office,4141 N State Street,4901184733,02182026025045537,Success,
1667,Office,471 Kunze Port,9517903183,02182026025045537,Success,
14007,Office,9868 Anita Trace,6879877137,02182026025045537,Success,
1667,Office,27466 Yundt Circle,7892317377,02182026025045537,Success,
14007,Office,4951 Hickle Rue,1376950785,02182026025045537,Success,
1667,Office,369 W Oak Street,6623110395,02182026025045537,Success,
14007,Office,762 Franecki Corner,6892884459,02182026025045537,Success,
1667,Office,1164 Sauer Loaf,5618373545,02182026025045537,Success,
14007,Office,316 Dicki Isle,7924532771,02182026025045537,Success,
1667,Office,825 Marco Radial,2253986125,02182026025045537,Success,
14007,Office,60355 Bradtke Pines,8193754010,02182026025045537,Success,
1667,Office,9326 Shania Meadow,6851874258,02182026025045537,Success,
14007,Office,35555 Gutkowski Meadow,2204807791,02182026025045537,Success,
1667,Office,9624 N Elm Street,6952246941,02182026025045537,Success,
14007,Office,73661 W Monroe Street,1440093070,02182026025045537,Success,
1667,Office,4890 Theo Hills,3631845828,02182026025045537,Success,
14007,Office,530 Dedric Garden,1552386296,02182026025045537,Success,
1667,Office,43193 Billie Meadows,3714581338,02182026025045537,Success,
14007,Office,61208 Nitzsche Throughway,4643596287,02182026025045537,Success,
1667,Office,407 S Jefferson Street,4479898353,02182026025045537,Success,
14007,Office,7791 Hudson Ville,7696721026,02182026025045537,Success,
1667,Office,4716 Ambrose Brook,8499582019,02182026025045537,Success,
14007,Office,91707 Parisian Hollow,9598914690,02182026025045537,Success,
1667,Office,355 Metz Prairie,8928771765,02182026025045537,Success,
14007,Office,6682 The Lane,8932484693,02182026025045537,Success,
1667,Office,144 Flatley Parkway,2385861217,02182026025045537,Success,
14007,Office,507 McKenzie Crest,6672568561,02182026025045537,Success,
1667,Office,3020 S Broadway Street,8810008429,02182026025045537,Success,
14007,Office,67751 Suzanne Corners,5358514695,02182026025045537,Success,
1667,Office,93111 Wood Lane,1528305950,02182026025045537,Success,
14007,Office,9573 Vidal Mountain,1395257151,02182026025045537,Success,
1667,Office,3538 Angel Harbors,2852629365,02182026025045537,Success,
14007,Office,97349 Lia Stream,9104289010,02182026025045537,Success,
1667,Office,388 Taurean Shoals,9865486593,02182026025045537,Success,
14007,Office,3279 Yew Tree Close,4143950241,02182026025045537,Success,
1667,Office,7178 Aliya Way,8112770700,02182026025045537,Success,
14007,Office,81904 Kirstin Knoll,1598153979,02182026025045537,Success,
1667,Office,9701 Beatty Viaduct,4070718236,02182026025045537,Success,
14007,Office,131 Karianne Vista,2388739873,02182026025045537,Success,
1667,Office,39388 Dare Ways,8492817513,02182026025045537,Success,
14007,Office,89965 Station Road,4910374187,02182026025045537,Success,
1667,Office,26137 Old State Road,3556118582,02182026025045537,Success,
14007,Office,73843 Lubowitz Land,5465247240,02182026025045537,Success,
1667,Office,8555 The Laurels,2319812779,02182026025045537,Success,
14007,Office,9973 Tyra Keys,9953129764,02182026025045537,Success,
1667,Office,497 W Monroe Street,3588988404,02182026025045537,Success,
14007,Office,23630 Elody Stream,9625355346,02182026025045537,Success,
1667,Office,473 Harvey Shore,9921391232,02182026025045537,Success,
14007,Office,501 E Main Street,4375187380,02182026025045537,Success,
1667,Office,64241 Airport Road,6068494733,02182026025045537,Success,
14007,Office,1420 Lonnie Hills,4740072598,02182026025045537,Success,
1667,Office,609 Dorothea Mount,1204992623,02182026025045537,Success,
14007,Office,6206 Church Close,2856022955,02182026025045537,Success,
1667,Office,8574 N Broad Street,9561889291,02182026025045537,Success,
14007,Office,82675 Torp Point,3745661232,02182026025045537,Success,
1667,Office,1127 Cheyanne Valleys,6020849241,02182026025045537,Success,
14007,Office,9966 Mosciski Terrace,9359057004,02182026025045537,Success,
1667,Office,3091 Cummerata Dam,3201511546,02182026025045537,Success,
14007,Office,3718 Leilani Plains,8190732437,02182026025045537,Success,
1667,Office,667 Conroy Prairie,6052255950,02182026025045537,Success,
14007,Office,6252 Celestino Hollow,3412774566,02182026025045537,Success,
1667,Office,9720 Cremin Key,2745463667,02182026025045537,Success,
14007,Office,909 Gus Crossroad,8349194328,02182026025045537,Success,
1667,Office,7249 Rey Trail,8021739944,02182026025045537,Success,
14007,Office,9492 Stoney Lane,3933477536,02182026025045537,Success,
1667,Office,12181 Amiya Locks,4288134674,02182026025045537,Success,
14007,Office,444 S 9th Street,8815307057,02182026025045537,Success,
1667,Office,71473 Kihn Hill,4546239207,02182026025045537,Success,
14007,Office,6256 Hammes Circles,9594103896,02182026025045537,Success,
1667,Office,8661 The Coppice,3154019821,02182026025045537,Success,
14007,Office,49746 Amos Union,8233104039,02182026025045537,Success,
1667,Office,8465 Stiedemann Square,1707843983,02182026025045537,Success,
14007,Office,595 Romaguera Prairie,6110395244,02182026025045537,Success,
1667,Office,6690 Clifton Road,1708246643,02182026025045537,Success,
14007,Office,2308 Kreiger Place,1974946513,02182026025045537,Success,
1667,Office,539 Schmeler Brook,6564593249,02182026025045537,Success,
14007,Office,700 Wilfredo Court,6660642176,02182026025045537,Success,
1667,Office,72974 4th Avenue,9810011086,02182026025045537,Success,
14007,Office,6460 S Franklin Street,6678578954,02182026025045537,Success,
1667,Office,441 Wolff Fords,3256760350,02182026025045537,Success,
14007,Office,1438 Frances Gateway,2032043166,02182026025045537,Success,
1667,Office,5707 W Central Avenue,6471400401,02182026025045537,Success,
14007,Office,22816 Victoria Street,6102479504,02182026025045537,Success,
1667,Office,219 Antoinette Path,4686114711,02182026025045537,Success,
14007,Office,99007 Isabel Parkways,3597968460,02182026025045537,Success,
1667,Office,37151 Windler Creek,4550588746,02182026025045537,Success,
14007,Office,89299 Schultz Village,6592126648,02182026025045537,Success,
1667,Office,77218 Merritt Run,4850941574,02182026025045537,Success,
14007,Office,10084 Federico Lock,7742497791,02182026025045537,Success,
1667,Office,49588 Willow Road,6593601491,02182026025045537,Success,
14007,Office,38285 Rippin Pines,6373001149,02182026025045537,Success,
1667,Office,524 Brakus Drive,4652854036,02182026025045537,Success,
14007,Office,11456 Tanner Garden,7668916789,02182026025045537,Success,
1667,Office,8096 E 5th Street,5811022746,02182026025045537,Success,
14007,Office,921 Orn Lodge,7919927404,02182026025045537,Success,
1667,Office,5240 Dillan Forest,2899025072,02182026025045537,Success,
14007,Office,881 Chapel Street,4060567542,02182026025045537,Success,
1667,Office,49027 Nader Valley,5281653329,02182026025045537,Success,
14007,Office,8909 Kaley Passage,7871529389,02182026025045537,Success,
1667,Office,3674 N Water Street,1892804853,02182026025045537,Success,
14007,Office,18160 S 3rd Street,4865677974,02182026025045537,Success,
1667,Office,1073 McCullough Run,8546465739,02182026025045537,Success,
14007,Office,804 Lamar Islands,7858833481,02182026025045537,Success,
1667,Office,833 Agustin Villages,4674391160,02182026025045537,Success,
14007,Office,4591 Idella Overpass,5229931496,02182026025045537,Success,
1667,Office,37327 Milan Parkway,4249855019,02182026025045537,Success,
14007,Office,36944 Thompson Bridge,7873792552,02182026025045537,Success,
1667,Office,30392 Willow Ways,1502512349,02182026025045537,Success,
14007,Office,42834 Market Square,8576063050,02182026025045537,Success,
1667,Office,299 Eloy Highway,1962380428,02182026025045537,Success,
14007,Office,3780 Mohr Meadows,2597310159,02182026025045537,Success,
1667,Office,6397 North Lane,6504482195,02182026025045537,Success,
14007,Office,9762 Hazel Close,8848222171,02182026025045537,Success,
1667,Office,800 Vine Street,8195014501,02182026025045537,Success,
14007,Office,8145 Leola Route,5041621428,02182026025045537,Success,
1667,Office,1162 Toby Island,3622986977,02182026025045537,Success,
14007,Office,8832 The Willows,1577276272,02182026025045537,Success,
1667,Office,2025 Howe Ridge,3370126503,02182026025045537,Success,
14007,Office,679 Church View,8907369037,02182026025045537,Success,
1667,Office,3517 Brook Lane,2149004748,02182026025045537,Success,
14007,Office,9146 Ibrahim Stravenue,4499321084,02182026025045537,Success,
1667,Office,64545 Kuvalis Harbors,6644576103,02182026025045537,Success,
14007,Office,6244 Williamson Unions,2059291982,02182026025045537,Success,
1667,Office,206 Boundary Road,4588911285,02182026025045537,Success,
14007,Office,71274 Luigi Circle,7616174294,02182026025045537,Success,
1667,Office,85479 Ledner Pass,6502893259,02182026025045537,Success,
14007,Office,68283 Littel Expressway,3592629925,02182026025045537,Success,
1667,Office,2556 O'Keefe Coves,3538521455,02182026025045537,Success,
14007,Office,694 Reilly Park,8006470102,02182026025045537,Success,
1667,Office,991 Chapel Hill,3939214734,02182026025045537,Success,
14007,Office,500 Serena Vista,8024176244,02182026025045537,Success,
1667,Office,382 Lindgren Causeway,6645069172,02182026025045537,Success,
14007,Office,67381 The Mews,6921160078,02182026025045537,Success,
1667,Office,223 Wendell Shoals,7974231390,02182026025045537,Success,
14007,Office,3586 Cole Extension,8268745206,02182026025045537,Success,
1667,Office,8584 Heaney Mountain,1127143201,02182026025045537,Success,
14007,Office,8164 Douglas Divide,5475936144,02182026025045537,Success,
1667,Office,848 Martin Luther King Jr Boulevard,9135732124,02182026025045537,Success,
14007,Office,99682 E 3rd Street,1504572467,02182026025045537,Success,
1667,Office,75998 Tremblay Brook,2878998285,02182026025045537,Success,
14007,Office,537 Simonis Loop,9819791140,02182026025045537,Success,
1667,Office,859 Angelica Rest,6819076126,02182026025045537,Success,
14007,Office,7289 Crona Vista,2650715383,02182026025045537,Success,
1667,Office,540 Guillermo Groves,9420827592,02182026025045537,Success,
14007,Office,35841 Franklin Street,4323680760,02182026025045537,Success,
1667,Office,441 Ben Lake,3476192507,02182026025045537,Success,
14007,Office,15302 Russell Knolls,7338195827,02182026025045537,Success,
1667,Office,360 Walker Estates,1647971215,02182026025045537,Success,
14007,Office,276 Carolyne Dam,5157827285,02182026025045537,Success,
1667,Office,28070 Elm Road,9901758136,02182026025045537,Success,
14007,Office,76612 Sunny Motorway,2196520775,02182026025045537,Success,
1667,Office,2594 Clifton Road,1437067364,02182026025045537,Success,
14007,Office,1052 Bradford Plain,7689721613,02182026025045537,Success,
1667,Office,80130 Jabari Islands,9280585684,02182026025045537,Success,
14007,Office,31211 Mayfield Road,5035832422,02182026025045537,Success,
1667,Office,258 Carter Courts,9011072369,02182026025045537,Success,
14007,Office,24133 Carter Shores,1020870266,02182026025045537,Success,
1667,Office,693 12th Street,5149474531,02182026025045537,Success,
14007,Office,8350 The Coppice,9316091293,02182026025045537,Success,
1667,Office,75538 Lukas Viaduct,5093723870,02182026025045537,Success,
14007,Office,34394 Amparo Valley,7645206914,02182026025045537,Success,
1667,Office,94821 Garfield Passage,7325363416,02182026025045537,Success,
14007,Office,6551 Mikayla Orchard,3059851100,02182026025045537,Success,
1667,Office,1798 Boyer Mountain,3007293341,02182026025045537,Success,
14007,Office,600 Schimmel Path,4721696544,02182026025045537,Success,
1667,Office,608 Kemmer Circle,1520458440,02182026025045537,Success,
14007,Office,72271 Richie Streets,6534731305,02182026025045537,Success,
1667,Office,40226 Elm Street,3041469964,02182026025045537,Success,
14007,Office,59511 Elise Rapid,1859487008,02182026025045537,Success,
1667,Office,3005 Belmont Road,8214572148,02182026025045537,Success,
14007,Office,125 Lancaster Road,1058941865,02182026025045537,Success,
1667,Office,857 Larch Close,2685991547,02182026025045537,Success,
14007,Office,3332 Clifford Mill,2695076451,02182026025045537,Success,
1667,Office,1894 Shanna Oval,9903146608,02182026025045537,Success,
14007,Office,8266 Benton Estates,3030090887,02182026025045537,Success,
1667,Office,7046 Freddie Highway,3593726758,02182026025045537,Success,
14007,Office,36456 Willow Grove,9951887561,02182026025045537,Success,
1667,Office,2563 Kessler Hills,6335133031,02182026025045537,Success,
14007,Office,9819 Hyatt Viaduct,1693336585,02182026025045537,Success,
1667,Office,622 Windmill Lane,2645309375,02182026025045537,Success,
14007,Office,98576 Gottlieb Branch,8907263360,02182026025045537,Success,
1667,Office,528 Vickie Square,7159827841,02182026025045537,Success,
14007,Office,72833 Cartwright Bypass,5975643136,02182026025045537,Success,
1667,Office,63846 East Avenue,7947204010,02182026025045537,Success,
14007,Office,4555 York Road,9960414217,02182026025045537,Success,
1667,Office,96388 Kutch Village,9543473808,02182026025045537,Success,
14007,Office,405 Evangeline Ramp,5071342375,02182026025045537,Success,
1667,Office,1624 W Center Street,4917571760,02182026025045537,Success,
14007,Office,30854 Smith Views,5919723098,02182026025045537,Success,
1667,Office,6654 N Washington Street,1980047139,02182026025045537,Success,
14007,Office,253 W Monroe Street,6796351892,02182026025045537,Success,
1667,Office,59020 Huels Walk,5488555581,02182026025045537,Success,
14007,Office,440 Hegmann Circles,7019447843,02182026025045537,Success,
1667,Office,1677 Friedrich Forges,7604757314,02182026025045537,Success,
14007,Office,968 Delbert Branch,4700033058,02182026025045537,Success,
1667,Office,9804 Oaklands,2330069962,02182026025045537,Success,
14007,Office,731 N East Street,3683243982,02182026025045537,Success,
1667,Office,81067 Crona Crest,5508488862,02182026025045537,Success,
14007,Office,83004 Strosin Corner,4997603126,02182026025045537,Success,
1667,Office,5479 Church Road,2317631473,02182026025045537,Success,
14007,Office,82755 Milton Street,8281506042,02182026025045537,Success,
1667,Office,3882 York Road,5242225919,02182026025045537,Success,
14007,Office,259 Demond Courts,5773801801,02182026025045537,Success,
1667,Office,6389 Central Street,2986674477,02182026025045537,Success,
14007,Office,3059 Crawford Greens,5193635234,02182026025045537,Success,
1667,Office,5671 Wellington Road,4660505486,02182026025045537,Success,
14007,Office,75265 Mitchell Isle,9831641386,02182026025045537,Success,
1667,Office,58404 Mraz Parks,2744081861,02182026025045537,Success,
14007,Office,68493 Hall Lane,8504227494,02182026025045537,Success,
1667,Office,249 Sid Creek,7638788947,02182026025045537,Success,
14007,Office,603 Ernser Grove,9895161694,02182026025045537,Success,
1667,Office,1332 Strosin Rapid,4844763128,02182026025045537,Success,
14007,Office,1922 Stewart Heights,5129341348,02182026025045537,Success,
1667,Office,1475 Martin Luther King Jr Boulevard,9483252794,02182026025045537,Success,
14007,Office,1235 Wolf Lodge,1933066554,02182026025045537,Success,
1667,Office,4999 Dora Ridge,2433864097,02182026025045537,Success,
14007,Office,21543 Nicola Heights,1242082896,02182026025045537,Success,
1667,Office,421 Gutkowski Estate,1784115147,02182026025045537,Success,
14007,Office,447 Michale Views,4373773777,02182026025045537,Success,
1667,Office,1678 Opal Rapid,8836787489,02182026025045537,Success,
14007,Office,9852 Adams Street,7763872128,02182026025045537,Success,
1667,Office,6045 Will Trail,1062545874,02182026025045537,Success,
14007,Office,908 Greenholt Oval,3252885993,02182026025045537,Success,
1667,Office,52925 South Road,1115726864,02182026025045537,Success,
14007,Office,191 Main,5898979676,02182026025045537,Success,
1667,Office,831 Kunze Cape,8204222194,02182026025045537,Success,
14007,Office,95856 Trantow Haven,2484652375,02182026025045537,Success,
1667,Office,8081 E Maple Street,4907209363,02182026025045537,Success,
14007,Office,7253 Jacky Corner,1930462003,02182026025045537,Success,
1667,Office,1693 Adrien Circles,5886011360,02182026025045537,Success,
14007,Office,54799 S 1st Avenue,7566150761,02182026025045537,Success,
1667,Office,5858 Trent Lights,3599656727,02182026025045537,Success,
14007,Office,852 London Lock,1290919175,02182026025045537,Success,
1667,Office,384 Wilderman Ford,3615451664,02182026025045537,Success,
14007,Office,4895 The Beeches,9431081597,02182026025045537,Success,
1667,Office,946 Springfield Close,5940397788,02182026025045537,Success,
14007,Office,38719 Purdy Plains,9602476258,02182026025045537,Success,
1667,Office,10883 Fritsch Cove,6592656160,02182026025045537,Success,
14007,Office,971 Elm Grove,9196894699,02182026025045537,Success,
1667,Office,9962 North Lane,2957125375,02182026025045537,Success,
14007,Office,165 Lincoln Fall,8943735048,02182026025045537,Success,
1667,Office,1589 Upton Ramp,8934416571,02182026025045537,Success,
14007,Office,889 Warren Road,4520280828,02182026025045537,Success,
1667,Office,812 Herman Hills,8908696362,02182026025045537,Success,
14007,Office,2710 Lake Drive,6494305127,02182026025045537,Success,
1667,Office,875 Jeffrey Squares,3096723687,02182026025045537,Success,
14007,Office,476 Dan Flat,9344779494,02182026025045537,Success,
1667,Office,8464 Sandy Lane,8208355752,02182026025045537,Success,
14007,Office,3817 Weber Ferry,3040200521,02182026025045537,Success,
1667,Office,84630 East Road,6670401233,02182026025045537,Success,
14007,Office,1775 Lurline Burg,5003705550,02182026025045537,Success,
1667,Office,282 West Union,6781584601,02182026025045537,Success,
14007,Office,907 Jerde Causeway,2266421860,02182026025045537,Success,
1667,Office,7113 Murazik Burgs,1101047984,02182026025045537,Success,
14007,Office,31113 Carley Drive,7672593717,02182026025045537,Success,
1667,Office,8458 Nelle Creek,5069095515,02182026025045537,Success,
14007,Office,200 Feil Streets,1364780373,02182026025045537,Success,
1667,Office,89820 Donald Flat,7547664028,02182026025045537,Success,
14007,Office,909 Wood Lane,5511235080,02182026025045537,Success,
1667,Office,79050 Towne Fields,4295428679,02182026025045537,Success,
14007,Office,981 Langosh Mills,1535312466,02182026025045537,Success,
1667,Office,9130 Green Streets,5375723683,02182026025045537,Success,
14007,Office,4680 Cassin Cliff,9869538089,02182026025045537,Success,
1667,Office,48331 Hirthe Ferry,7606574514,02182026025045537,Success,
14007,Office,58302 Onie Underpass,4379417673,02182026025045537,Success,
1667,Office,8463 First Avenue,6029006658,02182026025045537,Success,
14007,Office,781 Karson Fork,8331901395,02182026025045537,Success,
1667,Office,25830 Kohler Crossroad,3749086246,02182026025045537,Success,
14007,Office,8748 Demetris Motorway,4971176391,02182026025045537,Success,
1667,Office,403 Alia Points,1923113852,02182026025045537,Success,
14007,Office,8098 Mohammed Mountains,6874573251,02182026025045537,Success,
1667,Office,3925 Brook Road,3565084475,02182026025045537,Success,
14007,Office,507 Victoria Place,6708252368,02182026025045537,Success,
1667,Office,7180 Smith Street,5764131463,02182026025045537,Success,
14007,Office,45391 Smitham Curve,7202156393,02182026025045537,Success,
1667,Office,25587 Katelynn Stravenue,5240895407,02182026025045537,Success,
14007,Office,45767 Ludie Lane,4446164712,02182026025045537,Success,
1667,Office,952 Victoria Parks,8703273815,02182026025045537,Success,
14007,Office,844 Gilberto Streets,6092463930,02182026025045537,Success,
1667,Office,762 Beech Drive,7483438044,02182026025045537,Success,
14007,Office,43539 Mitchell Mills,8594039838,02182026025045537,Success,
1667,Office,276 E Walnut Street,3011739082,02182026025045537,Success,
14007,Office,13597 Hane Glen,9453285456,02182026025045537,Success,
1667,Office,939 Paul Place,4094610954,02182026025045537,Success,
14007,Office,948 Bogan Underpass,4587729848,02182026025045537,Success,
1667,Office,9397 Harrison Street,3376496807,02182026025045537,Success,
14007,Office,935 Muller Freeway,6004499726,02182026025045537,Success,
1667,Office,7578 8th Street,3997682569,02182026025045537,Success,
14007,Office,104 Cartwright Common,7709894792,02182026025045537,Success,
1667,Office,782 W 14th Street,2677662963,02182026025045537,Success,
14007,Office,1556 Jarvis View,4871966312,02182026025045537,Success,
1667,Office,62207 Grace Cape,7068849668,02182026025045537,Success,
14007,Office,1896 Kohler Gardens,6644294333,02182026025045537,Success,
1667,Office,17455 Waters Port,3536183035,02182026025045537,Success,
14007,Office,2199 Jed Skyway,8416912105,02182026025045537,Success,
1667,Office,960 Kayley Trace,8785671393,02182026025045537,Success,
14007,Office,41157 Brett Shores,7529346708,02182026025045537,Success,
1667,Office,688 Raynor Camp,9180204242,02182026025045537,Success,
14007,Office,48839 Garrison Stream,6021916847,02182026025045537,Success,
1667,Office,3340 Schuppe Cliff,7117794094,02182026025045537,Success,
14007,Office,5477 Gilberto Stream,1666309531,02182026025045537,Success,
1667,Office,4522 Eda Spurs,3272311538,02182026025045537,Success,
14007,Office,69253 Betsy Overpass,2450086844,02182026025045537,Success,
1667,Office,27104 Orn Run,1978772290,02182026025045537,Success,
14007,Office,4436 Abagail Field,2432264880,02182026025045537,Success,
1667,Office,38209 Metz Mountain,3145237260,02182026025045537,Success,
14007,Office,8897 Dean Inlet,5130828215,02182026025045537,Success,
1667,Office,68400 Yazmin Gateway,5502738265,02182026025045537,Success,
14007,Office,7998 Old Road,7213646305,02182026025045537,Success,
1667,Office,4220 Josefa Meadow,8759090334,02182026025045537,Success,
14007,Office,966 E Cedar Street,1304112346,02182026025045537,Success,
1667,Office,20288 Antwan Causeway,4708811168,02182026025045537,Success,
14007,Office,16380 Kelsie Falls,6646579973,02182026025045537,Success,
1667,Office,556 Smith Street,9724924427,02182026025045537,Success,
14007,Office,95107 O'Kon Villages,3649231713,02182026025045537,Success,
1667,Office,93171 Ash Close,1872222466,02182026025045537,Success,
14007,Office,2118 W 3rd Street,8478680374,02182026025045537,Success,
1667,Office,86560 Washington Boulevard,4713872419,02182026025045537,Success,
14007,Office,81978 Heidenreich River,2516629448,02182026025045537,Success,
1667,Office,89931 Hill Street,3053844960,02182026025045537,Success,
14007,Office,370 Clinton Street,1990022397,02182026025045537,Success,
1667,Office,4780 Terry Bridge,9980660123,02182026025045537,Success,
14007,Office,64184 Kautzer Park,9638854913,02182026025045537,Success,
1667,Office,47545 Maurice Dam,6338434196,02182026025045537,Success,
14007,Office,658 School Close,3352961896,02182026025045537,Success,
1667,Office,49249 S High Street,7830416856,02182026025045537,Success,
14007,Office,57971 Hilll Circles,2633775125,02182026025045537,Success,
1667,Office,4573 Kingfisher Close,1645162511,02182026025045537,Success,
14007,Office,5540 Graciela Centers,9287038806,02182026025045537,Success,
1667,Office,6500 Koch Skyway,6503922314,02182026025045537,Success,
14007,Office,65999 Orchard Lane,2200982783,02182026025045537,Success,
1667,Office,200 Althea Mountains,2783002403,02182026025045537,Success,
14007,Office,37467 E Grand Avenue,5955798343,02182026025045537,Success,
1667,Office,37725 Charlene Inlet,4110441841,02182026025045537,Success,
14007,Office,895 Nader Course,1648854396,02182026025045537,Success,
1667,Office,39761 Theresia Crest,8570528204,02182026025045537,Success,
14007,Office,308 Reymundo Mountains,4609726164,02182026025045537,Success,
1667,Office,80352 Cedar Road,6470087141,02182026025045537,Success,
14007,Office,4208 Lind Shores,8154988950,02182026025045537,Success,
1667,Office,613 Miller Avenue,6698365856,02182026025045537,Success,
14007,Office,9201 W Center Street,7181143370,02182026025045537,Success,
1667,Office,3516 Wiza Union,5769287829,02182026025045537,Success,
14007,Office,2857 Lake Street,3167487476,02182026025045537,Success,
1667,Office,67940 Gibson Trail,5620910314,02182026025045537,Success,
14007,Office,3068 The Ridgeway,1100748587,02182026025045537,Success,
1667,Office,258 Whitney Course,8812889957,02182026025045537,Success,
14007,Office,858 Albany Road,4671142376,02182026025045537,Success,
1667,Office,37567 Herminio Extension,3370891925,02182026025045537,Success,
14007,Office,1672 Hoppe Spur,4330726215,02182026025045537,Success,
1667,Office,4149 E Oak Street,8459536955,02182026025045537,Success,
14007,Office,8029 Everardo Lake,8001017659,02182026025045537,Success,
1667,Office,734 Randal Groves,2540286925,02182026025045537,Success,
14007,Office,24962 Reginald Station,1453251244,02182026025045537,Success,
1667,Office,5010 Conrad Curve,9228498764,02182026025045537,Success,
14007,Office,24713 Tressie Pine,7819446844,02182026025045537,Success,
1667,Office,52941 Pagac Mountain,9889097222,02182026025045537,Success,
14007,Office,8289 Chestnut Close,7525383373,02182026025045537,Success,
1667,Office,53458 Margarett Place,6081399798,02182026025045537,Success,
14007,Office,510 Hattie Terrace,3521721948,02182026025045537,Success,
1667,Office,34711 Kevin Meadow,7739240927,02182026025045537,Success,
14007,Office,50487 Grange Avenue,1090707412,02182026025045537,Success,
1667,Office,890 Monroe Spur,7158868399,02182026025045537,Success,
14007,Office,388 Destiny Trafficway,1355345271,02182026025045537,Success,
1667,Office,8460 St Andrew's Road,9931996911,02182026025045537,Success,
14007,Office,64951 Parisian Bypass,1293672145,02182026025045537,Success,
1667,Office,473 Sporer Glen,9629138717,02182026025045537,Success,
14007,Office,932 West End,1223230672,02182026025045537,Success,
1667,Office,22683 N 4th Street,1903477321,02182026025045537,Success,
14007,Office,20133 Runolfsdottir Garden,7657069847,02182026025045537,Success,
1667,Office,6023 River Road,8101554846,02182026025045537,Success,
14007,Office,2251 Cummerata Forge,8744671557,02182026025045537,Success,
1667,Office,301 W 7th Street,9395829270,02182026025045537,Success,
14007,Office,4434 Baker Street,2023644627,02182026025045537,Success,
1667,Office,942 Martin Luther King Jr Boulevard,2950150050,02182026025045537,Success,
14007,Office,96960 Isabell Bridge,7582526391,02182026025045537,Success,
1667,Office,120 Oak Street,8774275719,02182026025045537,Success,
14007,Office,236 Sipes Curve,9414737146,02182026025045537,Success,
1667,Office,397 7th Avenue,8852609185,02182026025045537,Success,
14007,Office,3189 Gislason Garden,6225248047,02182026025045537,Success,
1667,Office,7814 Katrine Spur,3986377149,02182026025045537,Success,
14007,Office,32093 Lodge Lane,7761022477,02182026025045537,Success,
1667,Office,4888 Lincoln Road,8700898974,02182026025045537,Success,
14007,Office,369 Beer Plaza,7488603373,02182026025045537,Success,
1667,Office,710 Kayli Park,1114376450,02182026025045537,Success,
14007,Office,48312 Travis Square,8714753862,02182026025045537,Success,
1667,Office,7172 Mose Overpass,2163198097,02182026025045537,Success,
14007,Office,516 Hagenes Park,3598835024,02182026025045537,Success,
1667,Office,15697 School Street,3053181517,02182026025045537,Success,
14007,Office,380 Heather Shoal,8043422789,02182026025045537,Success,
1667,Office,213 Bergstrom Mills,4329943437,02182026025045537,Success,
14007,Office,3368 Lincoln Estate,5173157576,02182026025045537,Success,
1667,Office,6848 Bailey Loop,9027867990,02182026025045537,Success,
14007,Office,4761 Jude Underpass,7787887052,02182026025045537,Success,
1667,Office,382 Buckridge Court,2415940889,02182026025045537,Success,
14007,Office,174 W 8th Street,8852901792,02182026025045537,Success,
1667,Office,800 West Road,2310058292,02182026025045537,Success,
14007,Office,4393 North Street,4622902342,02182026025045537,Success,
1667,Office,106 W Broadway Street,7517926814,02182026025045537,Success,
14007,Office,84939 Maple Drive,7197701439,02182026025045537,Success,
1667,Office,4397 Lazaro Track,9404939171,02182026025045537,Success,
14007,Office,19633 S Railroad Street,4829345353,02182026025045537,Success,
1667,Office,6120 Marcellus Valley,7430681872,02182026025045537,Success,
14007,Office,87915 Kautzer Ramp,3419198325,02182026025045537,Success,
1667,Office,8025 Klocko Trace,9083873706,02182026025045537,Success,
14007,Office,68128 Sibyl Crossing,5928826176,02182026025045537,Success,
1667,Office,18005 S Washington Street,4416919069,02182026025045537,Success,
14007,Office,967 Adeline Burgs,9303701991,02182026025045537,Success,
1667,Office,579 Giovanni Garden,3934876302,02182026025045537,Success,
14007,Office,2311 Hudson Turnpike,1734088489,02182026025045537,Success,
1667,Office,576 Glennie Ferry,2049756291,02182026025045537,Success,
14007,Office,2044 Martin Luther King Jr Boulevard,6987024562,02182026025045537,Success,
1667,Office,675 Legros Island,6471314781,02182026025045537,Success,
14007,Office,7762 Central Street,8602327962,02182026025045537,Success,
1667,Office,625 Field Close,1477561422,02182026025045537,Success,
14007,Office,245 Felipa Underpass,5074664992,02182026025045537,Success,
1667,Office,531 Shaina Trafficway,2164859969,02182026025045537,Success,
14007,Office,53419 Kutch Villages,3963674301,02182026025045537,Success,
1667,Office,479 Boehm Shoal,8418319140,02182026025045537,Success,
14007,Office,107 Miles Greens,5445931648,02182026025045537,Success,
1667,Office,6794 Mia Manors,3630029088,02182026025045537,Success,
14007,Office,1241 Hillside Close,8629475463,02182026025045537,Success,
1667,Office,82315 Jessyca Glens,4656038441,02182026025045537,Success,
14007,Office,86647 Runte Pass,5314657634,02182026025045537,Success,
1667,Office,96502 Kingsway,4260385339,02182026025045537,Success,
14007,Office,99165 Dario Circles,2820709347,02182026025045537,Success,
1667,Office,684 Milton Road,5434621468,02182026025045537,Success,
14007,Office,811 Adolph Square,6586934407,02182026025045537,Success,
1667,Office,8694 W 4th Avenue,6221863501,02182026025045537,Success,
14007,Office,64533 Sycamore Close,6981881946,02182026025045537,Success,
1667,Office,83643 Princes Street,4896757599,02182026025045537,Success,
14007,Office,1489 Fore Street,2828216841,02182026025045537,Success,
1667,Office,639 Green Street,6337718679,02182026025045537,Success,
14007,Office,4109 The Meadows,5715500161,02182026025045537,Success,
1667,Office,501 S East Street,9342748401,02182026025045537,Success,
14007,Office,91757 Blake Fields,4489817636,02182026025045537,Success,
1667,Office,682 Bosco Ways,6818004477,02182026025045537,Success,
14007,Office,8324 Kevin Well,7588204386,02182026025045537,Success,
1667,Office,4158 Third Street,6772054737,02182026025045537,Success,
14007,Office,787 Roman Road,5480477781,02182026025045537,Success,
1667,Office,861 The Drive,1020893607,02182026025045537,Success,
14007,Office,2573 Katrina Mills,4799816997,02182026025045537,Success,
1667,Office,981 Hailie Orchard,5570281003,02182026025045537,Success,
14007,Office,57500 Armstrong Divide,1997098950,02182026025045537,Success,
1667,Office,48467 Zulauf Streets,8437032071,02182026025045537,Success,
14007,Office,6392 Parisian Prairie,1057145639,02182026025045537,Success,
1667,Office,63588 Willms Creek,6588153143,02182026025045537,Success,
14007,Office,306 Bartoletti Burg,5911251947,02182026025045537,Success,
1667,Office,42867 Labadie Ville,6864806114,02182026025045537,Success,
14007,Office,8432 Brielle Common,2626422857,02182026025045537,Success,
1667,Office,953 St Mary's Road,4410990199,02182026025045537,Success,
14007,Office,99592 Sandy Lane,3428665953,02182026025045537,Success,
1667,Office,40571 Stracke Orchard,6450261798,02182026025045537,Success,
14007,Office,227 Mitchell Valley,5372798371,02182026025045537,Success,
1667,Office,58079 Alfonso Courts,5375245894,02182026025045537,Success,
14007,Office,108 Durgan Keys,7667190200,02182026025045537,Success,
1667,Office,8488 Mill Street,3934494830,02182026025045537,Success,
14007,Office,697 Hillside Close,1751044131,02182026025045537,Success,
1667,Office,158 The Ridgeway,4210984651,02182026025045537,Success,
14007,Office,481 Bogan River,8271991268,02182026025045537,Success,
1667,Office,8398 Woodland Close,8178202340,02182026025045537,Success,
14007,Office,88717 Medhurst Brooks,2911347612,02182026025045537,Success,
1667,Office,72622 Orchard Road,7222382226,02182026025045537,Success,
14007,Office,5036 Bashirian Estate,5718794743,02182026025045537,Success,
1667,Office,10051 N 9th Street,1476122041,02182026025045537,Success,
14007,Office,58456 Mohr Ridge,9313817923,02182026025045537,Success,
1667,Office,980 N Church Street,9732815310,02182026025045537,Success,
14007,Office,100 Janice Crescent,4516272384,02182026025045537,Success,
1667,Office,56336 Farrell Coves,1617731832,02182026025045537,Success,
14007,Office,436 Coronation Avenue,1493450363,02182026025045537,Success,
1667,Office,4109 Rosella Forest,7385144349,02182026025045537,Success,
14007,Office,978 Grange Avenue,9582699534,02182026025045537,Success,
1667,Office,644 Johns Ramp,5110467790,02182026025045537,Success,
14007,Office,5988 Locust Street,7863434102,02182026025045537,Success,
1667,Office,575 W Bridge Street,4333531919,02182026025045537,Success,
14007,Office,6603 Otis Bypass,9803908424,02182026025045537,Success,
1667,Office,109 Sandrine Estate,3665963855,02182026025045537,Success,
14007,Office,202 Boyer Turnpike,1856040964,02182026025045537,Success,
1667,Office,295 Howe Wells,5283238551,02182026025045537,Success,
14007,Office,181 W 2nd Street,6888908542,02182026025045537,Success,
1667,Office,4787 N Elm Street,4703684631,02182026025045537,Success,
14007,Office,5600 Westgate,7871030745,02182026025045537,Success,
1667,Office,3569 Roxanne Key,3821186243,02182026025045537,Success,
14007,Office,721 Thiel Road,2396636234,02182026025045537,Success,
1667,Office,92673 W Monroe Street,1275354954,02182026025045537,Success,
14007,Office,411 Moen Vista,7376488354,02182026025045537,Success,
1667,Office,1263 Frederick Unions,6688951827,02182026025045537,Success,
14007,Office,41966 Volkman Mountain,5761088068,02182026025045537,Success,
1667,Office,5741 Little Orchard,8072510726,02182026025045537,Success,
14007,Office,77971 Jolie Oval,5136876707,02182026025045537,Success,
1667,Office,34754 Witting Dam,9173568174,02182026025045537,Success,
14007,Office,5253 Commerce Street,7778301035,02182026025045537,Success,
1667,Office,462 Bins Mills,7966379693,02182026025045537,Success,
14007,Office,3262 Shana Glen,8782234686,02182026025045537,Success,
1667,Office,289 Tudor Close,8256606664,02182026025045537,Success,
14007,Office,94140 Jacklyn Spring,7375356585,02182026025045537,Success,
1667,Office,234 Ziemann Oval,7737847951,02182026025045537,Success,
14007,Office,214 N Park Street,3060936174,02182026025045537,Success,
1667,Office,511 W High Street,6906889780,02182026025045537,Success,
14007,Office,1915 Constantin Bypass,8385240100,02182026025045537,Success,
1667,Office,3938 Bedford Road,5698778928,02182026025045537,Success,
14007,Office,24626 Harvey Port,6018130928,02182026025045537,Success,
1667,Office,3022 Bianka Rest,4623421828,02182026025045537,Success,
14007,Office,44595 Kilback Forks,2922353771,02182026025045537,Success,
1667,Office,75799 Brookside,7993510503,02182026025045537,Success,
14007,Office,20979 Pearlie Course,4485748320,02182026025045537,Success,
1667,Office,78821 Hermann Neck,2028232107,02182026025045537,Success,
14007,Office,82814 Stamm Lodge,2268875948,02182026025045537,Success,
1667,Office,8301 Kingfisher Close,2137744027,02182026025045537,Success,
14007,Office,783 Rice Plain,1903956767,02182026025045537,Success,
1667,Office,7250 Kiehn Village,8656111807,02182026025045537,Success,
14007,Office,73027 Rosella Plains,7846378686,02182026025045537,Success,
1667,Office,707 Milton Street,3887226254,02182026025045537,Success,
14007,Office,14463 Kerluke Locks,5354135012,02182026025045537,Success,
1667,Office,95669 River Greens,1688177054,02182026025045537,Success,
14007,Office,6388 Wolf Canyon,5894702822,02182026025045537,Success,
1667,Office,83814 Roberta Common,3195751558,02182026025045537,Success,
14007,Office,3240 Crist Ville,8743055804,02182026025045537,Success,
1667,Office,90519 Roberts Dam,3390446215,02182026025045537,Success,
14007,Office,64456 2nd Street,5215711591,02182026025045537,Success,
1667,Office,38929 Dale Street,5295310727,02182026025045537,Success,
14007,Office,531 Hegmann Mountains,1636876480,02182026025045537,Success,
1667,Office,1895 Washington Boulevard,5577865165,02182026025045537,Success,
14007,Office,9185 E 6th Avenue,1329197339,02182026025045537,Success,
1667,Office,312 Collins Brook,7701757509,02182026025045537,Success,
14007,Office,535 Lueilwitz Spring,2197932142,02182026025045537,Success,
1667,Office,55962 Broad Street,3478474287,02182026025045537,Success,
14007,Office,32937 Jovanny Via,5858854085,02182026025045537,Success,
1667,Office,960 W Washington Avenue,1117735871,02182026025045537,Success,
14007,Office,70998 Kutch Grove,8301872333,02182026025045537,Success,
1667,Office,60546 Cummerata Pines,8497231368,02182026025045537,Success,
14007,Office,90095 S East Street,3595829538,02182026025045537,Success,
1667,Office,380 Moor Lane,1499873486,02182026025045537,Success,
14007,Office,3566 Hillside Road,5544337764,02182026025045537,Success,
1667,Office,87646 Isadore Glens,7801750927,02182026025045537,Success,
14007,Office,8497 Gia Canyon,4205146860,02182026025045537,Success,
1667,Office,71664 Rolfson Burg,5860229475,02182026025045537,Success,
14007,Office,1345 Senger Walks,9409439196,02182026025045537,Success,
1667,Office,56143 Aurore Mountain,1438509702,02182026025045537,Success,
14007,Office,8693 E Main Street,3098332326,02182026025045537,Success,
1667,Office,751 Nitzsche Branch,2940444588,02182026025045537,Success,
14007,Office,303 S State Street,7056613803,02182026025045537,Success,
1667,Office,21668 Jackeline Mount,3935902208,02182026025045537,Success,
14007,Office,49652 Electa Isle,5201228139,02182026025045537,Success,
1667,Office,864 6th Avenue,9121289643,02182026025045537,Success,
14007,Office,7489 E 10th Street,1609015179,02182026025045537,Success,
1667,Office,72200 Ward Pine,4484728004,02182026025045537,Success,
14007,Office,674 Kuhn Villages,8289853662,02182026025045537,Success,
1667,Office,918 Koch Junctions,5896977425,02182026025045537,Success,
14007,Office,973 8th Street,7172440437,02182026025045537,Success,
1667,Office,376 Howard Road,5117786350,02182026025045537,Success,
14007,Office,2402 Blanca Corner,2632721180,02182026025045537,Success,
1667,Office,19953 Davis Street,9183083508,02182026025045537,Success,
14007,Office,96502 Alta Park,8228175315,02182026025045537,Success,
1667,Office,63484 Beulah Throughway,4135414123,02182026025045537,Success,
14007,Office,4051 Jaida Villages,6723376533,02182026025045537,Success,
1667,Office,709 Kailee Ferry,6852409038,02182026025045537,Success,
14007,Office,3996 N 2nd Street,9444301775,02182026025045537,Success,
1667,Office,4286 Mervin Port,1652396759,02182026025045537,Success,
14007,Office,205 Watery Lane,1610704124,02182026025045537,Success,
1667,Office,22793 Harris Island,2160886800,02182026025045537,Success,
14007,Office,46176 O'Hara Underpass,9327203429,02182026025045537,Success,
1667,Office,58239 Dach Knolls,1224566715,02182026025045537,Success,
14007,Office,320 Quarry Lane,6410666908,02182026025045537,Success,
1667,Office,47216 Claremont Road,4270198844,02182026025045537,Success,
14007,Office,94322 McDermott Parkways,9722188481,02182026025045537,Success,
1667,Office,7139 Predovic Pike,3192464592,02182026025045537,Success,
14007,Office,950 Mireille Passage,7799810122,02182026025045537,Success,
1667,Office,844 Leora Mountains,4589020757,02182026025045537,Success,
14007,Office,518 Laurel Close,8266397182,02182026025045537,Success,
1667,Office,258 Maggio Crest,9345121507,02182026025045537,Success,
14007,Office,1631 Koss Run,4332526038,02182026025045537,Success,
1667,Office,35423 Lela Wells,9645873038,02182026025045537,Success,
14007,Office,574 Blick Rest,4346807925,02182026025045537,Success,
1667,Office,7748 Myron View,7924426432,02182026025045537,Success,
14007,Office,4567 Lehner Knoll,5680329722,02182026025045537,Success,
1667,Office,67494 Bramley Close,8018974582,02182026025045537,Success,
14007,Office,52152 Allen Underpass,6977739360,02182026025045537,Success,
1667,Office,1004 The Hawthorns,8272223020,02182026025045537,Success,
14007,Office,665 Oda Mill,1180355764,02182026025045537,Success,
1667,Office,86693 VonRueden Plains,3780340196,02182026025045537,Success,
14007,Office,323 Forest Avenue,4344187782,02182026025045537,Success,
1667,Office,788 McCullough Court,7763348434,02182026025045537,Success,
14007,Office,1073 Mayer Expressway,5508494218,02182026025045537,Success,
1667,Office,388 Salisbury Road,3078895595,02182026025045537,Success,
14007,Office,846 Hoyt Row,1282759665,02182026025045537,Success,
1667,Office,5388 Lind Villages,9442314481,02182026025045537,Success,
14007,Office,966 Grady Mission,5172283954,02182026025045537,Success,
1667,Office,38754 Kunde Ridge,2612966698,02182026025045537,Success,
14007,Office,760 Bode Pass,3737412961,02182026025045537,Success,
1667,Office,278 Hettinger Islands,9367214111,02182026025045537,Success,
14007,Office,91911 Balmoral Road,7172543575,02182026025045537,Success,
1667,Office,1715 Adams Street,2086687044,02182026025045537,Success,
14007,Office,51338 Carlee Highway,7615395475,02182026025045537,Success,
1667,Office,2851 Manor Road,3716419873,02182026025045537,Success,
14007,Office,306 Gleichner Port,7232024593,02182026025045537,Success,
1667,Office,8035 1st Avenue,2187366869,02182026025045537,Success,
14007,Office,24573 Ziemann Rest,9182214657,02182026025045537,Success,
1667,Office,7060 E 6th Avenue,2929733071,02182026025045537,Success,
14007,Office,798 Maple Avenue,9117267532,02182026025045537,Success,
1667,Office,9851 Manor Drive,1073989770,02182026025045537,Success,
14007,Office,216 Adolphus Greens,3673432036,02182026025045537,Success,
1667,Office,35342 Gladyce Squares,5533832476,02182026025045537,Success,
14007,Office,24362 Ibrahim Hollow,5196539502,02182026025045537,Success,
1667,Office,3340 Oak Lane,2899558291,02182026025045537,Success,
14007,Office,2489 Henry Street,7585541207,02182026025045537,Success,
1667,Office,18277 Walnut Close,3884845464,02182026025045537,Success,
14007,Office,1271 Feeney Street,6526460978,02182026025045537,Success,
1667,Office,423 Wilbert Road,7296437684,02182026025045537,Success,
14007,Office,76050 Birch Avenue,4007050124,02182026025045537,Success,
1667,Office,2139 Clarence Street,3020007399,02182026025045537,Success,
14007,Office,97685 Goodwin Walks,8389917923,02182026025045537,Success,
1667,Office,9071 Alexandre Heights,4792787233,02182026025045537,Success,
14007,Office,9569 Freida Divide,7042637812,02182026025045537,Success,
1667,Office,4713 W Front Street,4699724070,02182026025045537,Success,
14007,Office,1394 Mitchell Valleys,4871721810,02182026025045537,Success,
1667,Office,905 Grant Neck,4378542512,02182026025045537,Success,
14007,Office,2380 Jacky Cliff,2560430831,02182026025045537,Success,
1667,Office,45653 Sycamore Street,6380360143,02182026025045537,Success,
14007,Office,6289 Maple Road,6515190835,02182026025045537,Success,
1667,Office,7641 Elm Road,5275053750,02182026025045537,Success,
14007,Office,9452 Back Lane,9577557605,02182026025045537,Success,
1667,Office,342 Grange Avenue,1093251396,02182026025045537,Success,
14007,Office,6469 Bartoletti Cliffs,6153413898,02182026025045537,Success,
1667,Office,993 Gorczany Meadow,3692155609,02182026025045537,Success,
14007,Office,54760 Michelle Gateway,4585641331,02182026025045537,Success,
1667,Office,930 Castle Lane,4247920132,02182026025045537,Success,
14007,Office,57911 Harmon Roads,7448777393,02182026025045537,Success,
1667,Office,789 Athena Bridge,3163471060,02182026025045537,Success,
14007,Office,64857 Kunde Greens,2804188121,02182026025045537,Success,
1667,Office,440 Canal Street,2850345631,02182026025045537,Success,
14007,Office,2474 Gina Hollow,5237458651,02182026025045537,Success,
1667,Office,16673 Baker Street,7580119239,02182026025045537,Success,
14007,Office,30265 Collins Glen,4577404739,02182026025045537,Success,
1667,Office,59186 Ana Lights,6130567258,02182026025045537,Success,
14007,Office,543 Lane Lodge,6857783908,02182026025045537,Success,
1667,Office,80515 S 14th Street,1926247953,02182026025045537,Success,
14007,Office,4663 Fore Street,5239712010,02182026025045537,Success,
1667,Office,9832 Swaniawski River,5688227544,02182026025045537,Success,
14007,Office,8587 Jarod Canyon,8008588842,02182026025045537,Success,
1667,Office,83018 Lemke Underpass,3216465400,02182026025045537,Success,
14007,Office,545 The Fairway,1124647043,02182026025045537,Success,
1667,Office,175 Willow Drive,6913764569,02182026025045537,Success,
14007,Office,16138 Ubaldo Mount,2710068895,02182026025045537,Success,
1667,Office,8279 N 2nd Street,6687762792,02182026025045537,Success,
14007,Office,205 Hilll Divide,1838601333,02182026025045537,Success,
1667,Office,837 Spinka Path,5703582623,02182026025045537,Success,
14007,Office,25849 Mill Street,9335599688,02182026025045537,Success,
1667,Office,459 Gladstone Road,9429440374,02182026025045537,Success,
14007,Office,18396 Maple Street,4509403955,02182026025045537,Success,
1667,Office,9386 S 9th Street,2530276550,02182026025045537,Success,
14007,Office,18339 Kingsway,4855226194,02182026025045537,Success,
1667,Office,77076 Eldon Lodge,9943319632,02182026025045537,Success,
14007,Office,886 Shanahan Crescent,7747350729,02182026025045537,Success,
1667,Office,99946 Elva Hollow,3005811726,02182026025045537,Success,
14007,Office,8317 County Road,5492833886,02182026025045537,Success,
1667,Office,57495 Schinner Green,7199128781,02182026025045537,Success,
14007,Office,2254 Cole Fork,2067175157,02182026025045537,Success,
1667,Office,8728 Friesen Spur,5119832559,02182026025045537,Success,
14007,Office,539 Maximilian Fort,6752500802,02182026025045537,Success,
1667,Office,7998 Ferry Cliff,5800352605,02182026025045537,Success,
14007,Office,9396 First Street,7337497920,02182026025045537,Success,
1667,Office,77688 Schaden Lane,1221269905,02182026025045537,Success,
14007,Office,316 Alanna Gateway,1145908016,02182026025045537,Success,
1667,Office,31834 Hazel Grove,4314083629,02182026025045537,Success,
14007,Office,81626 Nettie Field,4536558706,02182026025045537,Success,
1667,Office,1546 Railroad Street,7499011674,02182026025045537,Success,
14007,Office,61321 Kunde Row,7109764349,02182026025045537,Success,
1667,Office,99418 Lockman Keys,8658708733,02182026025045537,Success,
14007,Office,5057 Oak Avenue,7328117992,02182026025045537,Success,
1667,Office,970 Pagac Terrace,2263994175,02182026025045537,Success,
14007,Office,26392 Main Street,2284009306,02182026025045537,Success,
1667,Office,412 Clark Lane,2988934176,02182026025045537,Success,
14007,Office,3588 Sycamore Avenue,7603043892,02182026025045537,Success,
1667,Office,9156 Libby Shoal,4903064181,02182026025045537,Success,
14007,Office,179 Stokes Loaf,5181464633,02182026025045537,Success,
1667,Office,643 Low Road,8586486919,02182026025045537,Success,
14007,Office,9753 Krajcik Spurs,8583308021,02182026025045537,Success,
1667,Office,857 Brandon Underpass,2248572306,02182026025045537,Success,
14007,Office,514 Prospect Avenue,6457692638,02182026025045537,Success,
1667,Office,292 Ford Brooks,9022926601,02182026025045537,Success,
14007,Office,889 Glebe Close,6095856375,02182026025045537,Success,
1667,Office,97232 Rodrigo Via,3323903545,02182026025045537,Success,
14007,Office,7358 Vincenzo Spurs,9343468481,02182026025045537,Success,
1667,Office,8167 S Main Street,7638469971,02182026025045537,Success,
14007,Office,4748 Stoltenberg Mount,3689432168,02182026025045537,Success,
1667,Office,868 Kunze Cove,3820101979,02182026025045537,Success,
14007,Office,165 Predovic Hills,6579787460,02182026025045537,Success,
1667,Office,50119 Washington Street,5619308684,02182026025045537,Success,
14007,Office,2878 Shaniya Creek,9754008681,02182026025045537,Success,
1667,Office,592 Beahan Shore,5506274941,02182026025045537,Success,
14007,Office,26917 Padberg Roads,5435862368,02182026025045537,Success,
1667,Office,1556 N Pearl Street,5201291025,02182026025045537,Success,
14007,Office,8282 Reyes Trail,8267993386,02182026025045537,Success,
1667,Office,31763 Neva Harbors,8905883243,02182026025045537,Success,
14007,Office,9031 Kasandra Squares,3027292920,02182026025045537,Success,
1667,Office,4657 Bergstrom Mountains,7680248585,02182026025045537,Success,
14007,Office,379 Mulberry Street,9825348062,02182026025045537,Success,
1667,Office,853 Castle Street,7391556728,02182026025045537,Success,
14007,Office,3177 Rohan Islands,7682876919,02182026025045537,Success,
1667,Office,631 E 11th Street,2569052162,02182026025045537,Success,
14007,Office,195 Marina Via,8556074659,02182026025045537,Success,
1667,Office,6350 Clinton Street,6541350657,02182026025045537,Success,
14007,Office,148 Ludie Light,5582793983,02182026025045537,Success,
1667,Office,55388 Gottlieb Street,8058805591,02182026025045537,Success,
14007,Office,930 Hodkiewicz Brook,7494324529,02182026025045537,Success,
1667,Office,682 Rosenbaum Bridge,4777193554,02182026025045537,Success,
14007,Office,73830 Castle Lane,7033276917,02182026025045537,Success,
1667,Office,2512 Asa Mission,7476017396,02182026025045537,Success,
14007,Office,584 Beech Close,6394612289,02182026025045537,Success,
1667,Office,88959 Waterside,5221419087,02182026025045537,Success,
14007,Office,693 Theresa Way,5948028973,02182026025045537,Success,
1667,Office,7709 Reymundo Spurs,8606756537,02182026025045537,Success,
14007,Office,693 Carter Bridge,8208111890,02182026025045537,Success,
1667,Office,6620 Sibyl Islands,4798063518,02182026025045537,Success,
14007,Office,87818 Hester Crossing,9271572743,02182026025045537,Success,
1667,Office,8291 S 14th Street,4209491656,02182026025045537,Success,
14007,Office,1090 W Main,2906682403,02182026025045537,Success,
1667,Office,267 Isadore Point,9399934259,02182026025045537,Success,
14007,Office,941 Gottlieb Row,4651930691,02182026025045537,Success,
1667,Office,4884 Jolie Center,5809440220,02182026025045537,Success,
14007,Office,962 Zaria Parkway,5727333356,02182026025045537,Success,
1667,Office,63162 Marie Drive,6804734855,02182026025045537,Success,
14007,Office,11086 Woodside Road,7229152125,02182026025045537,Success,
1667,Office,302 Kailee Streets,7704127839,02182026025045537,Success,
14007,Office,62806 Carey Glen,4160680221,02182026025045537,Success,
1667,Office,23820 Leffler Mission,6932852244,02182026025045537,Success,
14007,Office,90942 Herzog Gardens,2477430565,02182026025045537,Success,
1667,Office,2573 Lebsack Grove,4829422778,02182026025045537,Success,
14007,Office,62525 Tromp Stream,7609362360,02182026025045537,Success,
1667,Office,45515 Arden Heights,7408812976,02182026025045537,Success,
14007,Office,40343 Solon Curve,7344875634,02182026025045537,Success,
1667,Office,95493 Destiney Pike,8252423347,02182026025045537,Success,
14007,Office,34792 Jarod Harbor,9736674956,02182026025045537,Success,
1667,Office,2636 Janessa River,3825895722,02182026025045537,Success,
14007,Office,4412 Oral Rapid,4434335005,02182026025045537,Success,
1667,Office,2413 Powlowski Spring,8937041503,02182026025045537,Success,
14007,Office,561 Kiehn Courts,8071303576,02182026025045537,Success,
1667,Office,5056 Treutel Pass,9972844281,02182026025045537,Success,
14007,Office,786 Ullrich Key,1240637496,02182026025045537,Success,
1667,Office,6287 Ritchie Valleys,6105277432,02182026025045537,Success,
14007,Office,4013 Carlie Forest,9887960517,02182026025045537,Success,
1667,Office,5905 Crist Overpass,4091917861,02182026025045537,Success,
14007,Office,39856 Kihn Square,4074468550,02182026025045537,Success,
1667,Office,98164 S 6th Street,2179192250,02182026025045537,Success,
14007,Office,5009 Schneider Heights,9488487794,02182026025045537,Success,
1667,Office,357 Effertz Cove,2087750853,02182026025045537,Success,
14007,Office,316 Forest Road,7356212372,02182026025045537,Success,
1667,Office,204 Church Close,9169186670,02182026025045537,Success,
14007,Office,86384 Kaleigh Meadows,9132034099,02182026025045537,Success,
1667,Office,2809 W 1st Street,9925403400,02182026025045537,Success,
14007,Office,628 Louie Forge,3535020026,02182026025045537,Success,
1667,Office,598 York Road,7497846094,02182026025045537,Success,
14007,Office,81985 Nader Run,7312710064,02182026025045537,Success,
1667,Office,1530 Flatley Glens,8969884473,02182026025045537,Success,
14007,Office,2530 Victoria Street,2189373412,02182026025045537,Success,
1667,Office,542 Quentin Canyon,7977735165,02182026025045537,Success,
14007,Office,9387 Margarita Loop,3329222424,02182026025045537,Success,
1667,Office,992 Kulas Gateway,1697517239,02182026025045537,Success,
14007,Office,46803 Patience Brook,5279821438,02182026025045537,Success,
1667,Office,16801 Cummerata Shoals,4518361645,02182026025045537,Success,
14007,Office,41947 Batz Parkway,6811528994,02182026025045537,Success,
1667,Office,872 Deion Parkway,6163273201,02182026025045537,Success,
14007,Office,11481 Yolanda Ville,4511081751,02182026025045537,Success,
1667,Office,44953 Meda Burg,3754291277,02182026025045537,Success,
14007,Office,86264 South View,5636493893,02182026025045537,Success,
1667,Office,738 Weber Dale,4801034722,02182026025045537,Success,
14007,Office,3325 Taya Brooks,6348068655,02182026025045537,Success,
1667,Office,737 Romaguera Bypass,1570611498,02182026025045537,Success,
14007,Office,1484 Wolff Corner,2663512998,02182026025045537,Success,
1667,Office,67985 Hackett Loop,3128768017,02182026025045537,Success,
14007,Office,86209 Parkside,5296602095,02182026025045537,Success,
1667,Office,63007 Rath Knolls,4411537929,02182026025045537,Success,
14007,Office,952 Block Street,6566092191,02182026025045537,Success,
1667,Office,49211 N Locust Street,4265861751,02182026025045537,Success,
14007,Office,50895 Shane Meadow,7189819648,02182026025045537,Success,
1667,Office,157 Elm Road,3923768873,02182026025045537,Success,
14007,Office,9220 Franklin Street,7161513008,02182026025045537,Success,
1667,Office,717 Church View,4769144339,02182026025045537,Success,
14007,Office,4118 Daugherty Underpass,7614405087,02182026025045537,Success,
1667,Office,45072 Filomena Throughway,1985241424,02182026025045537,Success,
14007,Office,86547 Canal Street,5426526416,02182026025045537,Success,
1667,Office,41749 Hazel Close,7346660448,02182026025045537,Success,
14007,Office,196 S Broad Street,7354978497,02182026025045537,Success,
1667,Office,1378 Rahsaan Stravenue,5255167460,02182026025045537,Success,
14007,Office,2631 Ted Crossroad,2826449069,02182026025045537,Success,
1667,Office,3997 Angel Course,2511946476,02182026025045537,Success,
14007,Office,4731 Hailie Hill,7424918200,02182026025045537,Success,
1667,Office,22880 Marlen Keys,8989396325,02182026025045537,Success,
14007,Office,7320 Eleazar Tunnel,6048843138,02182026025045537,Success,
1667,Office,99200 Orn Mall,6643397126,02182026025045537,Success,
14007,Office,2344 Rutherford Cliff,6384346256,02182026025045537,Success,
1667,Office,155 Jerde Knolls,8974990782,02182026025045537,Success,
14007,Office,652 Market Place,6388238431,02182026025045537,Success,
1667,Office,95204 Mike Crest,8443657865,02182026025045537,Success,
14007,Office,301 Bednar Hills,2143828993,02182026025045537,Success,
1667,Office,94431 E 2nd Street,5395749037,02182026025045537,Success,
14007,Office,11757 Reva Landing,3404493168,02182026025045537,Success,
1667,Office,497 Wilkinson Extensions,9482110123,02182026025045537,Success,
14007,Office,58109 Alysha Wells,5239206161,02182026025045537,Success,
1667,Office,1320 Blind Lane,2875295926,02182026025045537,Success,
14007,Office,720 Oxford Road,6104274949,02182026025045537,Success,
1667,Office,970 6th Avenue,3500864431,02182026025045537,Success,
14007,Office,518 Erica Mountain,9543473600,02182026025045537,Success,
1667,Office,41794 Herzog Flats,6461651385,02182026025045537,Success,
14007,Office,991 Skiles Gardens,8043929305,02182026025045537,Success,
1667,Office,40751 Stamm Brooks,7376139419,02182026025045537,Success,
14007,Office,3134 N East Street,6599072897,02182026025045537,Success,
1667,Office,8306 Labadie Court,8006563009,02182026025045537,Success,
14007,Office,72977 Bret Lodge,8189211200,02182026025045537,Success,
1667,Office,208 Magali Pass,8246972393,02182026025045537,Success,
14007,Office,15343 Park Lane,1515158972,02182026025045537,Success,
1667,Office,620 Adolphus Alley,2405720313,02182026025045537,Success,
14007,Office,3514 Vandervort Rapids,4087739237,02182026025045537,Success,
1667,Office,2437 Hintz Street,2587711245,02182026025045537,Success,
14007,Office,407 W Union Street,7740026330,02182026025045537,Success,
1667,Office,67280 Sabrina Crossroad,3962473398,02182026025045537,Success,
14007,Office,652 Hessel Cove,1719073029,02182026025045537,Success,
1667,Office,8384 Schultz Track,4075825457,02182026025045537,Success,
14007,Office,421 Cedar Road,1669051451,02182026025045537,Success,
1667,Office,46197 Hartmann Shoal,3958637721,02182026025045537,Success,
14007,Office,4782 Laurie Avenue,4738909215,02182026025045537,Success,
1667,Office,71756 Gusikowski Expressway,7688070823,02182026025045537,Success,
14007,Office,22784 Daniela Spur,4676304955,02182026025045537,Success,
1667,Office,541 Bernie Cliff,9093945921,02182026025045537,Success,
14007,Office,7214 Grove Street,8139758178,02182026025045537,Success,
1667,Office,885 Vicarage Close,9138471300,02182026025045537,Success,
14007,Office,13004 S Jackson Street,1581715916,02182026025045537,Success,
1667,Office,41312 Sauer Crossroad,3701211386,02182026025045537,Success,
14007,Office,1430 Pacocha Curve,7538540955,02182026025045537,Success,
1667,Office,98375 Jaida Junctions,8018397193,02182026025045537,Success,
14007,Office,9572 Pfeffer Circles,1069332090,02182026025045537,Success,
1667,Office,1092 Kiara Loaf,4517933938,02182026025045537,Success,
14007,Office,49103 Swift Fort,9365002646,02182026025045537,Success,
1667,Office,15045 N Walnut Street,9397002888,02182026025045537,Success,
14007,Office,529 Onie Springs,9880558041,02182026025045537,Success,
1667,Office,495 Duke Street,9200338688,02182026025045537,Success,
14007,Office,4563 Kali Forest,6620625449,02182026025045537,Success,
1667,Office,5868 Collins Terrace,3227319443,02182026025045537,Success,
14007,Office,22714 Rowe Crossing,1653104492,02182026025045537,Success,
1667,Office,653 Jaycee Well,7531546242,02182026025045537,Success,
14007,Office,1030 Jace Lakes,6440436292,02182026025045537,Success,
1667,Office,7007 Koch View,8337696554,02182026025045537,Success,
14007,Office,30551 Veum Divide,4985171834,02182026025045537,Success,
1667,Office,448 Brandt Street,1150700976,02182026025045537,Success,
14007,Office,1339 Cheyenne Fall,4109460720,02182026025045537,Success,
1667,Office,9261 Abraham Plaza,5421558222,02182026025045537,Success,
14007,Office,65468 Chase Unions,2521367684,02182026025045537,Success,
1667,Office,6718 Main Avenue,8372540035,02182026025045537,Success,
14007,Office,37015 Koepp Mall,9767894751,02182026025045537,Success,
1667,Office,5834 The Beeches,3623479994,02182026025045537,Success,
14007,Office,1177 N Railroad Street,7576439028,02182026025045537,Success,
1667,Office,58244 Pleasant Street,6560104493,02182026025045537,Success,
14007,Office,191 Padberg Gateway,6310802010,02182026025045537,Success,
1667,Office,983 Violet Fall,2372654041,02182026025045537,Success,
14007,Office,786 Doyle Ridge,1697957797,02182026025045537,Success,
1667,Office,5848 Karlee Green,3722584436,02182026025045537,Success,
14007,Office,82940 Russel Trace,4453149311,02182026025045537,Success,
1667,Office,246 Green Street,7873519780,02182026025045537,Success,
14007,Office,37922 Bryana Knoll,4710572120,02182026025045537,Success,
1667,Office,2843 Malika Parks,2953784084,02182026025045537,Success,
14007,Office,2605 Cross Lane,5095498989,02182026025045537,Success,
1667,Office,386 Nader Fork,8205754155,02182026025045537,Success,
14007,Office,4408 Fay Mountains,3265036716,02182026025045537,Success,
1667,Office,5279 S Market Street,4298533184,02182026025045537,Success,
14007,Office,7334 Greenholt Tunnel,8175540123,02182026025045537,Success,
1667,Office,49105 Lindgren Camp,1712979214,02182026025045537,Success,
14007,Office,8509 Esmeralda Rapid,9514326197,02182026025045537,Success,
1667,Office,84346 Princess Street,4092835501,02182026025045537,Success,
14007,Office,27621 Ledner Bridge,7793946218,02182026025045537,Success,
1667,Office,586 W 1st Street,4530688526,02182026025045537,Success,
14007,Office,9257 Harley Pike,7174747400,02182026025045537,Success,
1667,Office,17335 Kilback Walks,7491123283,02182026025045537,Success,
14007,Office,68843 W Broadway,1077736996,02182026025045537,Success,
1667,Office,3714 Hortense Curve,3086771503,02182026025045537,Success,
14007,Office,725 Randal Run,8824630104,02182026025045537,Success,
1667,Office,11929 Quigley Point,6046899111,02182026025045537,Success,
14007,Office,210 Delmer Turnpike,5759729493,02182026025045537,Success,
1667,Office,42024 Ashlee Row,3108666732,02182026025045537,Success,
14007,Office,578 Turner Ranch,7009599884,02182026025045537,Success,
1667,Office,244 Lurline Isle,8073147046,02182026025045537,Success,
14007,Office,22484 Tressa Mills,9580105002,02182026025045537,Success,
1667,Office,6759 Ahmad Haven,2723004832,02182026025045537,Success,
14007,Office,7063 Easton Court,7131483805,02182026025045537,Success,
1667,Office,7020 Zulauf Light,5120115796,02182026025045537,Success,
14007,Office,19007 Lakin Branch,8044832302,02182026025045537,Success,
1667,Office,551 Pacocha Club,7776259174,02182026025045537,Success,
14007,Office,61155 S Railroad Street,5962638890,02182026025045537,Success,
1667,Office,67768 Susanna Valley,9034379422,02182026025045537,Success,
14007,Office,8230 Bramley Close,9716473147,02182026025045537,Success,
1667,Office,705 W North Street,1698357980,02182026025045537,Success,
14007,Office,96016 Ratke Tunnel,4463951927,02182026025045537,Success,
1667,Office,451 Kemmer Walks,9124379858,02182026025045537,Success,
14007,Office,82800 Marcos Park,7968161532,02182026025045537,Success,
1667,Office,3951 Dave Squares,5368991116,02182026025045537,Success,
14007,Office,7788 Cecile Shores,4581702516,02182026025045537,Success,
1667,Office,25141 Bernhard Underpass,7695520491,02182026025045537,Success,
14007,Office,90802 Bernhard Skyway,8946966336,02182026025045537,Success,
1667,Office,9432 Dietrich Crescent,9875684158,02182026025045537,Success,
14007,Office,80776 W Union Street,7879812257,02182026025045537,Success,
1667,Office,87459 S 6th Street,5680520555,02182026025045537,Success,
14007,Office,161 Israel Cove,1113586266,02182026025045537,Success,
1667,Office,21545 Clotilde Trail,9870923418,02182026025045537,Success,
14007,Office,45962 Ward Freeway,3374216821,02182026025045537,Success,
1667,Office,862 Annabel Viaduct,2099052760,02182026025045537,Success,
14007,Office,2162 Johns Track,3575047377,02182026025045537,Success,
1667,Office,30200 Ernser Tunnel,6085996940,02182026025045537,Success,
14007,Office,31386 Waelchi Station,3164574314,02182026025045537,Success,
1667,Office,93752 E Main Street,9565874829,02182026025045537,Success,
14007,Office,8375 E Water Street,6265827326,02182026025045537,Success,
1667,Office,5156 Schuster Alley,7408271622,02182026025045537,Success,
14007,Office,428 Renee Villages,8206429790,02182026025045537,Success,
1667,Office,6046 Renner Light,9424439695,02182026025045537,Success,
14007,Office,924 Zemlak Cape,7032832411,02182026025045537,Success,
1667,Office,6614 Timmothy Landing,3150019076,02182026025045537,Success,
14007,Office,8113 Peyton Islands,1418995125,02182026025045537,Success,
1667,Office,802 Wanda Village,1082032885,02182026025045537,Success,
14007,Office,9874 Berta Wall,1950831979,02182026025045537,Success,
1667,Office,4809 Zulauf Ranch,2264056106,02182026025045537,Success,
14007,Office,754 Cedar Grove,3891128566,02182026025045537,Success,
1667,Office,637 W Pine Street,8165406463,02182026025045537,Success,
14007,Office,393 Kathryne Estate,1672826191,02182026025045537,Success,
1667,Office,57957 Edd Islands,9717614383,02182026025045537,Success,
14007,Office,821 Gibson Trafficway,3710495281,02182026025045537,Success,
1667,Office,264 Nikki Drives,8470383480,02182026025045537,Success,
14007,Office,3110 Raven Isle,4445110570,02182026025045537,Success,
1667,Office,694 Leland Union,6058175212,02182026025045537,Success,
14007,Office,86972 County Road,8871689614,02182026025045537,Success,
1667,Office,933 Greenwood Road,7728735032,02182026025045537,Success,
14007,Office,7834 County Road,8589192448,02182026025045537,Success,
1667,Office,84593 Stokes Haven,6496769421,02182026025045537,Success,
14007,Office,2105 Legros Spring,9587633681,02182026025045537,Success,
1667,Office,57109 Hyatt Prairie,3812600346,02182026025045537,Success,
14007,Office,89993 Prospect Avenue,8334919977,02182026025045537,Success,
1667,Office,736 Collins Heights,2558898990,02182026025045537,Success,
14007,Office,367 N Park Street,8784109108,02182026025045537,Success,
1667,Office,76715 14th Street,1418191188,02182026025045537,Success,
14007,Office,9038 Brigitte Mills,1677626405,02182026025045537,Success,
1667,Office,397 Herta Shore,9533768903,02182026025045537,Success,
14007,Office,161 Washington Avenue,7919797284,02182026025045537,Success,
1667,Office,73580 Roberta Squares,7246225381,02182026025045537,Success,
14007,Office,2913 Orchard Road,6556685229,02182026025045537,Success,
1667,Office,84273 Chestnut Close,3074490776,02182026025045537,Success,
14007,Office,3562 Harvey Centers,1121768231,02182026025045537,Success,
1667,Office,713 Jerde Ridge,6634136093,02182026025045537,Success,
14007,Office,224 Arielle Unions,3828999442,02182026025045537,Success,
1667,Office,613 12th Street,8501506620,02182026025045537,Success,
14007,Office,321 Thompson Branch,7029259219,02182026025045537,Success,
1667,Office,5098 N Church Street,7605624755,02182026025045537,Success,
14007,Office,3240 Blind Lane,6957055349,02182026025045537,Success,
1667,Office,76215 Dickens Trail,7020301237,02182026025045537,Success,
14007,Office,752 Lehner Parks,6447313660,02182026025045537,Success,
1667,Office,987 W Front Street,2493641912,02182026025045537,Success,
14007,Office,70453 Hall Street,1758038418,02182026025045537,Success,
1667,Office,782 The Crescent,4714984221,02182026025045537,Success,
14007,Office,395 Gerlach Courts,4372240949,02182026025045537,Success,
1667,Office,455 Runolfsdottir Summit,1812764832,02182026025045537,Success,
14007,Office,30180 Trenton Spur,2039262716,02182026025045537,Success,
1667,Office,13001 5th Street,6984465337,02182026025045537,Success,
14007,Office,29133 Lemke Lakes,6630303199,02182026025045537,Success,
1667,Office,793 Sycamore Street,3070657195,02182026025045537,Success,
14007,Office,6559 High Road,5572214469,02182026025045537,Success,
1667,Office,75825 Santos Summit,9797891481,02182026025045537,Success,
14007,Office,797 W 7th Street,3813951880,02182026025045537,Success,
1667,Office,474 Alena Gateway,2047930887,02182026025045537,Success,
14007,Office,5971 Park Drive,7038295105,02182026025045537,Success,
1667,Office,63809 W Broadway,1623657081,02182026025045537,Success,
14007,Office,367 Alphonso Course,9137331328,02182026025045537,Success,
1667,Office,5685 Toni Heights,9967479348,02182026025045537,Success,
14007,Office,4662 Bailey Meadows,5112850606,02182026025045537,Success,
1667,Office,217 Lorenzo Manor,9359770308,02182026025045537,Success,
14007,Office,34357 Crooks Cape,7277193545,02182026025045537,Success,
1667,Office,23457 Jacobson Ferry,4913414718,02182026025045537,Success,
14007,Office,5796 E Main,2558500109,02182026025045537,Success,
1667,Office,96004 Okuneva Center,3174588492,02182026025045537,Success,
14007,Office,2239 Brendan Shore,9717934375,02182026025045537,Success,
1667,Office,75407 Schaden Crossroad,7647824846,02182026025045537,Success,
14007,Office,756 Mill Street,5769197048,02182026025045537,Success,
1667,Office,4007 Lawrence Street,5350274509,02182026025045537,Success,
14007,Office,760 Brain Neck,2560315183,02182026025045537,Success,
1667,Office,215 County Road,1583589269,02182026025045537,Success,
14007,Office,754 1st Avenue,1508020860,02182026025045537,Success,
1667,Office,3485 Barrows Flats,1968975742,02182026025045537,Success,
14007,Office,7822 14th Street,4368729545,02182026025045537,Success,
1667,Office,3782 N Monroe Street,4844317475,02182026025045537,Success,
14007,Office,31574 S Broadway,1805177620,02182026025045537,Success,
1667,Office,6992 Heller Center,1454840965,02182026025045537,Success,
14007,Office,4523 Larch Close,4064434318,02182026025045537,Success,
1667,Office,384 Bogan Causeway,9942096524,02182026025045537,Success,
14007,Office,8005 Idell Bridge,5458378277,02182026025045537,Success,
1667,Office,681 Phoebe Passage,7424820595,02182026025045537,Success,
14007,Office,3694 Gunner Mission,8571005754,02182026025045537,Success,
1667,Office,8868 Jefferey Expressway,3783144559,02182026025045537,Success,
14007,Office,5378 Elda Springs,6130589771,02182026025045537,Success,
1667,Office,5462 Considine Curve,6674271131,02182026025045537,Success,
14007,Office,839 Richard Walk,9789379114,02182026025045537,Success,
1667,Office,82153 The Hawthorns,1715224664,02182026025045537,Success,
14007,Office,46273 Williamson Lights,4302704258,02182026025045537,Success,
1667,Office,322 Dark Lane,2970824831,02182026025045537,Success,
14007,Office,44938 Torphy Mall,4138124039,02182026025045537,Success,
1667,Office,356 Graham Lodge,1564104951,02182026025045537,Success,
14007,Office,301 Alfred Street,5271226284,02182026025045537,Success,
1667,Office,23726 E Elm Street,1626483578,02182026025045537,Success,
14007,Office,97164 Oaklands,5443808196,02182026025045537,Success,
1667,Office,29159 Everardo Divide,8867454336,02182026025045537,Success,
14007,Office,86799 Lime Grove,4542330889,02182026025045537,Success,
1667,Office,674 Grove Lane,2807690370,02182026025045537,Success,
14007,Office,51463 Davis Street,5448121379,02182026025045537,Success,
1667,Office,608 Gutkowski Mountain,1827375051,02182026025045537,Success,
14007,Office,5261 Manor Drive,1622410779,02182026025045537,Success,
1667,Office,5312 Marlee Road,9135483259,02182026025045537,Success,
14007,Office,5449 Moen Stravenue,6528974513,02182026025045537,Success,
1667,Office,79173 Oscar Harbor,4926916583,02182026025045537,Success,
14007,Office,475 Grange Avenue,1410551383,02182026025045537,Success,
1667,Office,325 Smith Parkways,6295029086,02182026025045537,Success,
14007,Office,22249 S Union Street,6702690649,02182026025045537,Success,
1667,Office,121 Schroeder Stravenue,9924091522,02182026025045537,Success,
14007,Office,586 Chestnut Street,1589742926,02182026025045537,Success,
1667,Office,6784 Hand Fort,1588614753,02182026025045537,Success,
14007,Office,1752 Zoey Plain,5298739780,02182026025045537,Success,
1667,Office,294 Powlowski Spring,2534716568,02182026025045537,Success,
14007,Office,13836 Olson Green,5430123400,02182026025045537,Success,
1667,Office,283 N East Street,9432877191,02182026025045537,Success,
14007,Office,3440 Keebler Glens,9974755439,02182026025045537,Success,
1667,Office,95886 Cavendish Road,6551052502,02182026025045537,Success,
14007,Office,3096 Avenue Road,7088676704,02182026025045537,Success,
1667,Office,1954 Kihn Skyway,5213907341,02182026025045537,Success,
14007,Office,49516 McLaughlin Place,3849597618,02182026025045537,Success,
1667,Office,9726 Clark Creek,2034828584,02182026025045537,Success,
14007,Office,98916 Sawayn Freeway,2434372972,02182026025045537,Success,
1667,Office,956 Jane Mountains,3679705806,02182026025045537,Success,
14007,Office,61944 Laurie Views,8015114961,02182026025045537,Success,
1667,Office,1383 Riverside Drive,2921597613,02182026025045537,Success,
14007,Office,2376 Hillside Road,2060214654,02182026025045537,Success,
1667,Office,8254 Lake Drive,2903426152,02182026025045537,Success,
14007,Office,194 Jaunita Via,7929795088,02182026025045537,Success,
1667,Office,4618 Woodland Road,3916817122,02182026025045537,Success,
14007,Office,74748 Christophe Well,8211540611,02182026025045537,Success,
1667,Office,80121 Main Street,1298377938,02182026025045537,Success,
14007,Office,2760 Manchester Road,3321442123,02182026025045537,Success,
1667,Office,130 E Union Street,3538479196,02182026025045537,Success,
14007,Office,15871 Benedict Springs,7856955542,02182026025045537,Success,
1667,Office,65910 Eugene Underpass,2585038568,02182026025045537,Success,
14007,Office,5542 Wisozk Causeway,1109902772,02182026025045537,Success,
1667,Office,642 Newell Circle,3311044092,02182026025045537,Success,
14007,Office,92778 Ernestine Islands,1287915325,02182026025045537,Success,
1667,Office,92519 S Jackson Street,3299135688,02182026025045537,Success,
14007,Office,5973 Ashtyn Light,2032660844,02182026025045537,Success,
1667,Office,128 Boehm Canyon,7916495205,02182026025045537,Success,
14007,Office,82635 Lake Drive,6312601293,02182026025045537,Success,
1667,Office,5089 Shanahan Dale,7278433257,02182026025045537,Success,
14007,Office,2116 Friesen Drives,5186739341,02182026025045537,Success,
1667,Office,4417 Commercial Street,5126738741,02182026025045537,Success,
14007,Office,166 Prudence Roads,7502858406,02182026025045537,Success,
1667,Office,2542 Walter Center,5439938356,02182026025045537,Success,
14007,Office,2703 Laburnum Grove,3198257417,02182026025045537,Success,
1667,Office,1200 Locust Street,5753896326,02182026025045537,Success,
14007,Office,647 Oak Avenue,8797251024,02182026025045537,Success,
1667,Office,517 Berta Avenue,8629666441,02182026025045537,Success,
14007,Office,954 Kathleen Ferry,6647696560,02182026025045537,Success,
1667,Office,643 York Street,4595033621,02182026025045537,Success,
14007,Office,2546 Russell Street,3822299227,02182026025045537,Success,
1667,Office,3513 Curtis Shores,5025609501,02182026025045537,Success,
14007,Office,769 St Mary's Road,8262876440,02182026025045537,Success,
1667,Office,65666 Rohan Courts,2231632704,02182026025045537,Success,
14007,Office,2352 Gorczany Mill,8179304418,02182026025045537,Success,
1667,Office,1587 Jacobs Spurs,1611225928,02182026025045537,Success,
14007,Office,547 Mary Street,4067516776,02182026025045537,Success,
1667,Office,72353 Jayde Loop,6903347286,02182026025045537,Success,
14007,Office,38720 County Road,5140155541,02182026025045537,Success,
1667,Office,87669 Sophia Centers,7114377661,02182026025045537,Success,
14007,Office,5126 Carmel Road,4193257579,02182026025045537,Success,
1667,Office,9333 Hassan Trace,8658723417,02182026025045537,Success,
14007,Office,624 Greenville Road,3609383517,02182026025045537,Success,
1667,Office,131 Susana Knolls,4290217497,02182026025045537,Success,
14007,Office,32905 Stroman Creek,6826064822,02182026025045537,Success,
1667,Office,89033 Wayne Isle,6052633441,02182026025045537,Success,
14007,Office,14813 Schinner Mountain,4448660917,02182026025045537,Success,
1667,Office,7952 W Church Street,2452184461,02182026025045537,Success,
14007,Office,152 S Water Street,4246817760,02182026025045537,Success,
1667,Office,860 W Jackson Street,3869976535,02182026025045537,Success,
14007,Office,2762 Hettinger River,4043848540,02182026025045537,Success,
1667,Office,62963 Faye Extension,8873774399,02182026025045537,Success,
14007,Office,50546 Kerluke Fields,4352706385,02182026025045537,Success,
1667,Office,8338 Fahey Mall,2977522117,02182026025045537,Success,
14007,Office,450 The Causeway,1055779285,02182026025045537,Success,
1667,Office,9529 University Avenue,7088539340,02182026025045537,Success,
14007,Office,3697 Ole Lights,6781550750,02182026025045537,Success,
1667,Office,61957 Gunner Neck,2396240677,02182026025045537,Success,
14007,Office,46467 Carolyn Curve,5679891561,02182026025045537,Success,
1667,Office,88268 Jefferson Street,8883188924,02182026025045537,Success,
14007,Office,222 Stamm Ridges,7058320741,02182026025045537,Success,
1667,Office,20635 Kayleigh Knolls,7753285919,02182026025045537,Success,
14007,Office,837 Brook Street,6479266569,02182026025045537,Success,
1667,Office,2500 Medhurst Mills,1004463876,02182026025045537,Success,
14007,Office,42438 Adolfo Mountain,1666789453,02182026025045537,Success,
1667,Office,641 S College Street,3425557719,02182026025045537,Success,
14007,Office,874 Fay Knolls,9412071028,02182026025045537,Success,
1667,Office,9263 Cruickshank Mews,2499264373,02182026025045537,Success,
14007,Office,3605 Boehm Terrace,2618402570,02182026025045537,Success,
1667,Office,34247 The Croft,8219505869,02182026025045537,Success,
14007,Office,623 The Mews,1036932198,02182026025045537,Success,
1667,Office,84873 E Water Street,4869081063,02182026025045537,Success,
14007,Office,2798 Runolfsdottir Prairie,8497646151,02182026025045537,Success,
1667,Office,4273 Laburnum Grove,2939329411,02182026025045537,Success,
14007,Office,8033 Deion Valleys,4366306475,02182026025045537,Success,
1667,Office,901 Lebsack Plaza,2586687960,02182026025045537,Success,
14007,Office,742 Reynold Forges,5911511446,02182026025045537,Success,
1667,Office,8109 Washington Boulevard,5532665039,02182026025045537,Success,
14007,Office,866 Romaguera Rapid,5118182136,02182026025045537,Success,
1667,Office,77569 Dallin Landing,7217881909,02182026025045537,Success,
14007,Office,4341 School Close,2775064946,02182026025045537,Success,
1667,Office,4223 Kenna Gardens,7511196597,02182026025045537,Success,
14007,Office,953 Terry Shoals,6341598902,02182026025045537,Success,
1667,Office,922 N Harrison Street,5451234857,02182026025045537,Success,
14007,Office,585 W South Street,7034441868,02182026025045537,Success,
1667,Office,4681 Lansdowne Road,2794132120,02182026025045537,Success,
14007,Office,7424 Lowe Course,8791160175,02182026025045537,Success,
1667,Office,484 Ray Court,5426738152,02182026025045537,Success,
14007,Office,396 Janice River,3541228007,02182026025045537,Success,
1667,Office,5553 Xavier Track,5992168880,02182026025045537,Success,
14007,Office,851 Highfield Avenue,5755076079,02182026025045537,Success,
1667,Office,903 Ambrose Extensions,2595736589,02182026025045537,Success,
14007,Office,1347 E 14th Street,6831781243,02182026025045537,Success,
1667,Office,50262 Barton Burg,7931027392,02182026025045537,Success,
14007,Office,3763 Juston Light,5662622306,02182026025045537,Success,
1667,Office,9189 Pound Lane,2766092885,02182026025045537,Success,
14007,Office,4170 Heidenreich Locks,3636475289,02182026025045537,Success,
1667,Office,26846 Lincoln Street,9936177109,02182026025045537,Success,
14007,Office,4149 Grimes Union,4486741533,02182026025045537,Success,
1667,Office,7181 Janice Mills,1484718500,02182026025045537,Success,
14007,Office,41766 Paucek Lodge,7732063858,02182026025045537,Success,
1667,Office,926 9th Street,1484186941,02182026025045537,Success,
14007,Office,35096 Ondricka Ridge,2308865589,02182026025045537,Success,
1667,Office,62819 Post Road,3248258823,02182026025045537,Success,
14007,Office,6583 Wren Close,9124568813,02182026025045537,Success,
1667,Office,97309 McLaughlin Creek,5978551120,02182026025045537,Success,
14007,Office,172 Jessica Mews,1829401542,02182026025045537,Success,
1667,Office,37549 Kuvalis Alley,3129669239,02182026025045537,Success,
14007,Office,249 Helene Manors,1344303338,02182026025045537,Success,
1667,Office,691 Schuppe Hollow,4253808952,02182026025045537,Success,
14007,Office,12332 Susana Lakes,4042760988,02182026025045537,Success,
1667,Office,3802 Bins Neck,8926813108,02182026025045537,Success,
14007,Office,6116 Brekke Plain,1334133270,02182026025045537,Success,
1667,Office,96911 Coronation Avenue,7233657459,02182026025045537,Success,
14007,Office,41274 Jett Knoll,8093835675,02182026025045537,Success,
1667,Office,20315 Mario Plain,8465179195,02182026025045537,Success,
14007,Office,3115 Prospect Road,2696114173,02182026025045537,Success,
1667,Office,66961 S Maple Street,1531990822,02182026025045537,Success,
14007,Office,791 Earl Knoll,8367814553,02182026025045537,Success,
1667,Office,3390 Fisher Harbor,9099166273,02182026025045537,Success,
14007,Office,367 Kihn Views,7827699476,02182026025045537,Success,
1667,Office,73888 Daija Plaza,8482883772,02182026025045537,Success,
14007,Office,847 Otis Pines,3914980212,02182026025045537,Success,
1667,Office,2125 Barry River,8225237001,02182026025045537,Success,
14007,Office,21674 Rasheed Curve,4274283258,02182026025045537,Success,
1667,Office,950 Melany Manors,8433899150,02182026025045537,Success,
14007,Office,4564 School Lane,8579002333,02182026025045537,Success,
1667,Office,3947 Marcos Pass,4842628621,02182026025045537,Success,
14007,Office,53953 Friedrich Rest,3055320639,02182026025045537,Success,
1667,Office,796 Sycamore Avenue,5793058474,02182026025045537,Success,
14007,Office,32084 Kihn Stravenue,7784473148,02182026025045537,Success,
1667,Office,9525 Maya Vista,1355841751,02182026025045537,Success,
14007,Office,71166 Mraz Harbors,1315587289,02182026025045537,Success,
1667,Office,30220 Misael Shore,7407323565,02182026025045537,Success,
14007,Office,5167 W Maple Street,3502670102,02182026025045537,Success,
1667,Office,362 E 4th Street,5469015548,02182026025045537,Success,
14007,Office,15976 School Lane,8453015842,02182026025045537,Success,
1667,Office,252 Anderson Centers,2692395660,02182026025045537,Success,
14007,Office,213 Lindgren Rapids,2680776113,02182026025045537,Success,
1667,Office,527 Pine Close,1521707931,02182026025045537,Success,
14007,Office,8838 Amparo Mills,3649130784,02182026025045537,Success,
1667,Office,874 The Oval,9573926783,02182026025045537,Success,
14007,Office,1007 Forest Avenue,5703797985,02182026025045537,Success,
1667,Office,237 Northfield Road,6969443587,02182026025045537,Success,
14007,Office,885 Doyle Ridge,2150159673,02182026025045537,Success,
1667,Office,383 Daisy Skyway,1003530603,02182026025045537,Success,
14007,Office,982 Francisco Path,3105049753,02182026025045537,Success,
1667,Office,3921 Adams Street,3561286171,02182026025045537,Success,
14007,Office,2326 Hettinger Pines,2152173687,02182026025045537,Success,
1667,Office,1093 Hazel Grove,1006454455,02182026025045537,Success,
14007,Office,183 Padberg Rest,9936274001,02182026025045537,Success,
1667,Office,201 Jalon Junction,8285212770,02182026025045537,Success,
14007,Office,6178 E Main Street,4218091846,02182026025045537,Success,
1667,Office,1560 Walsh Extension,1364011394,02182026025045537,Success,
14007,Office,383 Hilpert Expressway,9345079593,02182026025045537,Success,
1667,Office,5296 Elliot Path,7739622715,02182026025045537,Success,
14007,Office,4324 Kautzer Coves,9903596230,02182026025045537,Success,
1667,Office,406 Schinner Island,2836543944,02182026025045537,Success,
14007,Office,641 Trace Landing,1129828761,02182026025045537,Success,
1667,Office,808 Prohaska Fort,2596108618,02182026025045537,Success,
14007,Office,4428 Florencio Coves,1144354480,02182026025045537,Success,
1667,Office,2310 Kihn Street,5702358156,02182026025045537,Success,
14007,Office,2192 The Orchard,5880822961,02182026025045537,Success,
1667,Office,880 College Street,9433865889,02182026025045537,Success,
14007,Office,389 Riverside,8764828722,02182026025045537,Success,
1667,Office,37501 Gwendolyn Fords,6020983281,02182026025045537,Success,
14007,Office,22639 W Oak Street,8080848799,02182026025045537,Success,
1667,Office,1899 Teagan Streets,6063986125,02182026025045537,Success,
14007,Office,4698 Hagenes Bypass,5211599237,02182026025045537,Success,
1667,Office,17887 Lori Fall,3725065081,02182026025045537,Success,
14007,Office,7100 Mohr Causeway,4273996230,02182026025045537,Success,
1667,Office,17375 Candelario Prairie,1989982405,02182026025045537,Success,
14007,Office,916 Aric Pike,2250234575,02182026025045537,Success,
1667,Office,7982 Oberbrunner Mall,2177091663,02182026025045537,Success,
14007,Office,8720 Isaias Manor,6164674190,02182026025045537,Success,
1667,Office,527 E Central Avenue,9413545604,02182026025045537,Success,
14007,Office,14018 Schuster Place,4204002710,02182026025045537,Success,
1667,Office,713 Parker Rest,7128186837,02182026025045537,Success,
14007,Office,2177 Ryan Square,2419232455,02182026025045537,Success,
1667,Office,11497 Bradtke Crescent,3195029816,02182026025045537,Success,
14007,Office,167 Carlotta Brooks,2086247347,02182026025045537,Success,
1667,Office,81132 Nader Run,2111189056,02182026025045537,Success,
14007,Office,358 Park Road,2683596656,02182026025045537,Success,
1667,Office,2446 W 1st Street,9859232700,02182026025045537,Success,
14007,Office,548 Salisbury Road,5516362700,02182026025045537,Success,
1667,Office,3138 Greenway,5082925214,02182026025045537,Success,
14007,Office,763 Church View,4924204555,02182026025045537,Success,
1667,Office,738 W Union Street,8000898380,02182026025045537,Success,
14007,Office,7146 Dark Lane,8913635870,02182026025045537,Success,
1667,Office,4291 Clarence Road,3875050957,02182026025045537,Success,
14007,Office,9583 Lake Avenue,4950825932,02182026025045537,Success,
1667,Office,23635 Alexandrine Shoals,6407668950,02182026025045537,Success,
14007,Office,93794 Feil Manor,8895995402,02182026025045537,Success,
1667,Office,13377 Rectory Lane,8009037453,02182026025045537,Success,
14007,Office,66828 Senger Junction,7791421625,02182026025045537,Success,
1667,Office,60120 Nitzsche Inlet,1919083476,02182026025045537,Success,
14007,Office,55403 Stella Circles,8400955715,02182026025045537,Success,
1667,Office,408 E Market Street,4307861060,02182026025045537,Success,
14007,Office,514 Beechwood Avenue,5045128062,02182026025045537,Success,
1667,Office,7996 Myrtis Port,7704295262,02182026025045537,Success,
14007,Office,2376 Paucek Junction,5985539860,02182026025045537,Success,
1667,Office,220 Birch Grove,9111910703,02182026025045537,Success,
14007,Office,59545 Franey Point,8127063404,02182026025045537,Success,
1667,Office,6280 Ash Close,4255640670,02182026025045537,Success,
14007,Office,5655 Dagmar Divide,7954571973,02182026025045537,Success,
1667,Office,6919 Collins Fork,2019849527,02182026025045537,Success,
14007,Office,583 Damian Underpass,6315615229,02182026025045537,Success,
1667,Office,9823 S Broad Street,4816311860,02182026025045537,Success,
14007,Office,77501 Meadow Lane,2169428055,02182026025045537,Success,
1667,Office,51297 Jewell Lodge,2371306409,02182026025045537,Success,
14007,Office,251 Brown Road,7685797992,02182026025045537,Success,
1667,Office,2369 Heidenreich Rest,9473624718,02182026025045537,Success,
14007,Office,42559 Erdman Shoal,9243815846,02182026025045537,Success,
1667,Office,9002 Hadley Ferry,6680430802,02182026025045537,Success,
14007,Office,5649 Herzog Ville,2033761797,02182026025045537,Success,
1667,Office,5637 Runolfsson Causeway,8536933960,02182026025045537,Success,
14007,Office,885 Marcelle Motorway,3914430363,02182026025045537,Success,
1667,Office,4736 Isaac Spurs,3707340125,02182026025045537,Success,
14007,Office,33778 S Elm Street,3657143343,02182026025045537,Success,
1667,Office,940 W Maple Street,8918921577,02182026025045537,Success,
14007,Office,144 St Andrews Close,4701836888,02182026025045537,Success,
1667,Office,765 Willow Close,9057349725,02182026025045537,Success,
14007,Office,66168 Vanessa Port,8482488037,02182026025045537,Success,
1667,Office,4738 Larson Tunnel,6567036154,02182026025045537,Success,
14007,Office,2464 Paucek Harbors,5493361440,02182026025045537,Success,
1667,Office,950 Florence Center,4359859471,02182026025045537,Success,
14007,Office,3668 N Monroe Street,3588984686,02182026025045537,Success,
1667,Office,51210 Braeden Fort,6117824839,02182026025045537,Success,
14007,Office,366 Ola Gardens,5056516299,02182026025045537,Success,
1667,Office,4981 Rogahn Branch,7696776107,02182026025045537,Success,
14007,Office,7755 Pagac Causeway,1231794054,02182026025045537,Success,
1667,Office,19696 Aufderhar Coves,5032797088,02182026025045537,Success,
14007,Office,8912 W South Street,2489428685,02182026025045537,Success,
1667,Office,741 N High Street,9482934283,02182026025045537,Success,
14007,Office,421 Ernser Ford,3849040313,02182026025045537,Success,
1667,Office,158 Barton Pines,2561551393,02182026025045537,Success,
14007,Office,665 School Road,4163661604,02182026025045537,Success,
1667,Office,73277 Barrows Center,2353679996,02182026025045537,Success,
14007,Office,8111 Gorczany Valleys,1252451111,02182026025045537,Success,
1667,Office,26056 Kling Causeway,1538668257,02182026025045537,Success,
14007,Office,84327 The Dell,9926362083,02182026025045537,Success,
1667,Office,96641 Rodrigo Brooks,1357641379,02182026025045537,Success,
14007,Office,5533 Schuster Mill,9700280211,02182026025045537,Success,
1667,Office,921 Elm Road,6817229326,02182026025045537,Success,
14007,Office,975 Cow Lane,9296967188,02182026025045537,Success,
1667,Office,554 Abbey Road,7141558687,02182026025045537,Success,
14007,Office,23382 Hegmann Ford,2692345416,02182026025045537,Success,
1667,Office,65532 Tillman Falls,6338254985,02182026025045537,Success,
14007,Office,86393 Westley Haven,9960656336,02182026025045537,Success,
1667,Office,335 Dena Skyway,6131495877,02182026025045537,Success,
14007,Office,1569 Maple Drive,3571518539,02182026025045537,Success,
1667,Office,4650 S Union Street,4429822190,02182026025045537,Success,
14007,Office,63091 Castle Street,4847631987,02182026025045537,Success,
1667,Office,207 Tillman Circle,5055371086,02182026025045537,Success,
14007,Office,146 Jimmy Circle,6698974518,02182026025045537,Success,
1667,Office,23062 Deckow Radial,9115130567,02182026025045537,Success,
14007,Office,14162 Julian Villages,4362027748,02182026025045537,Success,
1667,Office,7066 2nd Avenue,8282785614,02182026025045537,Success,
14007,Office,534 Stokes Pines,5608554102,02182026025045537,Success,
1667,Office,9757 Chaz Ramp,2327324771,02182026025045537,Success,
14007,Office,487 Gladstone Road,9430486743,02182026025045537,Success,
1667,Office,313 Cross Lane,3337855318,02182026025045537,Success,
14007,Office,160 Lesch Corners,1432813753,02182026025045537,Success,
1667,Office,17292 Priory Close,1648663866,02182026025045537,Success,
14007,Office,5083 Haley Ferry,2250186458,02182026025045537,Success,
1667,Office,91189 Bartell Mountains,5668109030,02182026025045537,Success,
14007,Office,8659 Feest Rapids,4078611903,02182026025045537,Success,
1667,Office,3076 Maximo Crossroad,5215210255,02182026025045537,Success,
14007,Office,83518 Aidan Green,3890315935,02182026025045537,Success,
1667,Office,535 Marjorie Light,1110386979,02182026025045537,Success,
14007,Office,52114 Meadow Lane,7956382598,02182026025045537,Success,
1667,Office,5362 Bert Radial,3253393199,02182026025045537,Success,
14007,Office,8961 Waters Meadow,2709034938,02182026025045537,Success,
1667,Office,137 Dawson Fork,4866135520,02182026025045537,Success,
14007,Office,26905 Bridie Throughway,3708778563,02182026025045537,Success,
1667,Office,212 Ondricka Port,1096984632,02182026025045537,Success,
14007,Office,832 Roxane River,1676604068,02182026025045537,Success,
1667,Office,397 Shanahan Gardens,3442763110,02182026025045537,Success,
14007,Office,5162 Wiza Burg,1097977217,02182026025045537,Success,
1667,Office,3012 Bert Parkway,9116095997,02182026025045537,Success,
14007,Office,45275 N Locust Street,8740826360,02182026025045537,Success,
1667,Office,69897 Robb Forges,8991208276,02182026025045537,Success,
14007,Office,5682 Pouros Junction,5446557708,02182026025045537,Success,
1667,Office,7251 Elm Street,5396016118,02182026025045537,Success,
14007,Office,6972 Harrison Avenue,3123999778,02182026025045537,Success,
1667,Office,664 Cedar Grove,8551955785,02182026025045537,Success,
14007,Office,119 Smith Mount,4811905313,02182026025045537,Success,
1667,Office,604 The Rise,3993750879,02182026025045537,Success,
14007,Office,3480 Jarred Cove,9622125541,02182026025045537,Success,
1667,Office,9441 Castle Road,7027585382,02182026025045537,Success,
14007,Office,70430 Casimir Glen,3970750973,02182026025045537,Success,
1667,Office,7230 Koss Knolls,3959264540,02182026025045537,Success,
14007,Office,90968 Grand Avenue,2749881067,02182026025045537,Success,
1667,Office,1661 Nicola Plaza,7231189912,02182026025045537,Success,
14007,Office,45597 Ritchie Bypass,6980450333,02182026025045537,Success,
1667,Office,9009 Manchester Road,3158264912,02182026025045537,Success,
14007,Office,5765 Catherine Club,8465166937,02182026025045537,Success,
1667,Office,381 Bedford Road,1902055948,02182026025045537,Success,
14007,Office,10083 Murray Burgs,3967941609,02182026025045537,Success,
1667,Office,369 Benjamin Parkways,3405469152,02182026025045537,Success,
14007,Office,5298 W 6th Avenue,1896503547,02182026025045537,Success,
1667,Office,698 Johnathan Viaduct,8545253637,02182026025045537,Success,
14007,Office,538 Gust Drives,5653433552,02182026025045537,Success,
1667,Office,936 Claremont Road,5011819822,02182026025045537,Success,
14007,Office,386 Schoen Drives,7960373915,02182026025045537,Success,
1667,Office,37399 Amir Locks,2646920472,02182026025045537,Success,
14007,Office,8544 Swaniawski Circle,7904785347,02182026025045537,Success,
1667,Office,724 Deondre Rue,2947941002,02182026025045537,Success,
14007,Office,542 Tyrel Islands,1159601889,02182026025045537,Success,
1667,Office,246 Tower Road,4685950486,02182026025045537,Success,
14007,Office,256 Watery Lane,3736465200,02182026025045537,Success,
1667,Office,93631 Franecki Ramp,3990325312,02182026025045537,Success,
14007,Office,94735 Hilario Mission,7518240937,02182026025045537,Success,
1667,Office,307 Stokes Fort,6342535796,02182026025045537,Success,
14007,Office,4397 Eladio Fords,4539613048,02182026025045537,Success,
1667,Office,33884 Kieran Greens,3402910888,02182026025045537,Success,
14007,Office,2565 Oakfield Road,7531939353,02182026025045537,Success,
1667,Office,18771 Angelita Oval,7248628645,02182026025045537,Success,
14007,Office,425 Turner Divide,9855655728,02182026025045537,Success,
1667,Office,914 Colt Curve,6011521541,02182026025045537,Success,
14007,Office,875 Leone Key,3426225936,02182026025045537,Success,
1667,Office,5142 W Union Street,7740622343,02182026025045537,Success,
14007,Office,70489 Bridge Road,5305523885,02182026025045537,Success,
1667,Office,36245 Guadalupe Rapid,3362027403,02182026025045537,Success,
14007,Office,88170 Trevor Orchard,6613966553,02182026025045537,Success,
1667,Office,7304 Bernadine Junction,4434423240,02182026025045537,Success,
14007,Office,554 Fanny Bridge,5548443627,02182026025045537,Success,
1667,Office,529 Berge Burg,1622717917,02182026025045537,Success,
14007,Office,675 Brock Summit,4340882897,02182026025045537,Success,
1667,Office,1679 E Central Avenue,9192205097,02182026025045537,Success,
14007,Office,600 Brennon Trace,5951265116,02182026025045537,Success,
1667,Office,59681 Veum Garden,6060752549,02182026025045537,Success,
14007,Office,150 Cassie Underpass,9797575876,02182026025045537,Success,
1667,Office,26314 Mraz Drive,2767909288,02182026025045537,Success,
14007,Office,967 Clarence Street,1681034111,02182026025045537,Success,
1667,Office,9818 Schroeder Spur,2197824940,02182026025045537,Success,
14007,Office,30229 Connelly Landing,1139079472,02182026025045537,Success,
1667,Office,975 Highfield Road,1887945871,02182026025045537,Success,
14007,Office,135 Greenfelder Lake,5933950176,02182026025045537,Success,
1667,Office,6726 Kari River,4994129647,02182026025045537,Success,
14007,Office,2919 S Jackson Street,4435732878,02182026025045537,Success,
1667,Office,8929 W High Street,1117881373,02182026025045537,Success,
14007,Office,8778 S Division Street,2248038761,02182026025045537,Success,
1667,Office,275 Ruecker Spurs,1673813558,02182026025045537,Success,
14007,Office,353 Ara Bypass,7496867670,02182026025045537,Success,
1667,Office,64482 S Washington Avenue,6307627499,02182026025045537,Success,
14007,Office,60659 The Croft,7819901229,02182026025045537,Success,
1667,Office,8346 Kovacek Heights,6360943810,02182026025045537,Success,
14007,Office,45618 Windler Lock,6142718794,02182026025045537,Success,
1667,Office,101 W Center Street,7198484842,02182026025045537,Success,
14007,Office,4611 S Church Street,9458640379,02182026025045537,Success,
1667,Office,31510 Hoppe Ferry,8721721929,02182026025045537,Success,
14007,Office,3617 Cedar Avenue,6961583089,02182026025045537,Success,
1667,Office,110 Jayda Gardens,4860159290,02182026025045537,Success,
14007,Office,7806 Durward Overpass,9163675151,02182026025045537,Success,
1667,Office,6274 Langosh Well,5103634198,02182026025045537,Success,
14007,Office,2886 Market Street,5072428555,02182026025045537,Success,
1667,Office,67306 N 6th Street,1813622020,02182026025045537,Success,
14007,Office,90702 Christiansen Lodge,8508710796,02182026025045537,Success,
1667,Office,2566 Kuhlman Islands,5401509095,02182026025045537,Success,
14007,Office,2077 Judge Greens,6867197272,02182026025045537,Success,
1667,Office,7395 S 4th Street,1652611805,02182026025045537,Success,
14007,Office,6587 Helena Spring,3043915638,02182026025045537,Success,
1667,Office,689 Kings Highway,4152720856,02182026025045537,Success,
14007,Office,175 Robbie Village,4085122068,02182026025045537,Success,
1667,Office,17047 Little Freeway,4357344570,02182026025045537,Success,
14007,Office,4291 North Avenue,2208909424,02182026025045537,Success,
1667,Office,46175 River Street,6989525274,02182026025045537,Success,
14007,Office,1182 Manor Road,4988092942,02182026025045537,Success,
1667,Office,70230 Jaydon Loaf,8034431141,02182026025045537,Success,
14007,Office,16365 The Ridings,6332091763,02182026025045537,Success,
1667,Office,2392 Reilly Circle,5561111783,02182026025045537,Success,
14007,Office,45281 Rohan Estates,3863216225,02182026025045537,Success,
1667,Office,268 N Monroe Street,2926228170,02182026025045537,Success,
14007,Office,388 Sanford Square,4850900376,02182026025045537,Success,
1667,Office,88400 Bradtke Well,5163547805,02182026025045537,Success,
14007,Office,982 Hoppe Shore,4184283328,02182026025045537,Success,
1667,Office,4014 Trinity Road,6608951896,02182026025045537,Success,
14007,Office,82804 Stamm Wall,5481313767,02182026025045537,Success,
1667,Office,540 Walker Fords,6391795461,02182026025045537,Success,
14007,Office,806 Kris Station,4898068073,02182026025045537,Success,
1667,Office,48440 Bethany Route,2517840360,02182026025045537,Success,
14007,Office,290 Powlowski Parks,1989046080,02182026025045537,Success,
1667,Office,579 N Railroad Street,7993839986,02182026025045537,Success,
14007,Office,970 Stanley Street,3775702951,02182026025045537,Success,
1667,Office,295 Gaston Junctions,1791775936,02182026025045537,Success,
14007,Office,416 Kennedi Villages,9992062311,02182026025045537,Success,
1667,Office,196 Front Street,8108764700,02182026025045537,Success,
14007,Office,7546 Emmitt Haven,2180986069,02182026025045537,Success,
1667,Office,7507 Hessel Forest,9093100410,02182026025045537,Success,
14007,Office,73156 Jakubowski Mount,3921002613,02182026025045537,Success,
1667,Office,964 Elliott Lakes,6973316018,02182026025045537,Success,
14007,Office,936 Isadore Islands,2622729235,02182026025045537,Success,
1667,Office,8521 Woodside Road,5858616999,02182026025045537,Success,
14007,Office,23080 Boyle Hills,8359905266,02182026025045537,Success,
1667,Office,7478 Johnson Pine,7849312427,02182026025045537,Success,
14007,Office,2431 Goyette Cove,5007943752,02182026025045537,Success,
1667,Office,94152 Hartmann Haven,8385787173,02182026025045537,Success,
14007,Office,33375 Barton Road,4788099984,02182026025045537,Success,
1667,Office,90615 W 7th Street,1864594702,02182026025045537,Success,
14007,Office,923 Toy Squares,7707301073,02182026025045537,Success,
1667,Office,5251 Aurelie Causeway,1817473327,02182026025045537,Success,
14007,Office,7515 Woodlands Avenue,9647733344,02182026025045537,Success,
1667,Office,158 Beech Road,4412821129,02182026025045537,Success,
14007,Office,141 The Meadows,8173143943,02182026025045537,Success,
1667,Office,9050 Medhurst Cliffs,1109226958,02182026025045537,Success,
14007,Office,796 Lonzo Circle,7451512496,02182026025045537,Success,
1667,Office,6275 Clarence Road,2009807353,02182026025045537,Success,
14007,Office,27988 Annamae Point,2894607938,02182026025045537,Success,
1667,Office,20282 Gilda Trail,4394162376,02182026025045537,Success,
14007,Office,917 Joe River,7888934244,02182026025045537,Success,
1667,Office,48335 Chanelle Junctions,1357030809,02182026025045537,Success,
14007,Office,36298 Verona Turnpike,4150579048,02182026025045537,Success,
1667,Office,6636 Carter Manor,8603919257,02182026025045537,Success,
14007,Office,397 Geovanny Locks,8064473950,02182026025045537,Success,
1667,Office,557 Mante Trace,9703409838,02182026025045537,Success,
14007,Office,549 Willms Shores,2382441213,02182026025045537,Success,
1667,Office,51377 Stamm Cliffs,6782906236,02182026025045537,Success,
14007,Office,28025 Pine Grove,8937311905,02182026025045537,Success,
1667,Office,107 Clarence Street,7604027791,02182026025045537,Success,
14007,Office,80811 Jodie Highway,1111295686,02182026025045537,Success,
1667,Office,334 Kertzmann Park,1486479363,02182026025045537,Success,
14007,Office,3271 Third Street,9686967448,02182026025045537,Success,
1667,Office,30540 N Front Street,9079752225,02182026025045537,Success,
14007,Office,3241 Edyth Rest,7095228801,02182026025045537,Success,
1667,Office,818 Jonathan Alley,5285641880,02182026025045537,Success,
14007,Office,264 Koepp Place,4908266732,02182026025045537,Success,
1667,Office,5897 Ward Glen,9720230909,02182026025045537,Success,
14007,Office,18528 Sincere Run,8965516327,02182026025045537,Success,
1667,Office,84422 Richmond Road,4914280442,02182026025045537,Success,
14007,Office,44811 W Park Street,3979403232,02182026025045537,Success,
1667,Office,5818 Windmill Lane,3737920756,02182026025045537,Success,
14007,Office,66173 Chapel Hill,9751508324,02182026025045537,Success,
1667,Office,2942 Nikolaus Rapids,1477846504,02182026025045537,Success,
14007,Office,970 Americo Mount,7993273579,02182026025045537,Success,
1667,Office,981 Sharon Circle,8502508744,02182026025045537,Success,
14007,Office,748 Princes Street,9360826685,02182026025045537,Success,
1667,Office,8719 Blick Island,7775553910,02182026025045537,Success,
14007,Office,59777 N Washington Street,4067705330,02182026025045537,Success,
1667,Office,7450 Lester Trafficway,8021789393,02182026025045537,Success,
14007,Office,6563 Irwin Ways,7247316780,02182026025045537,Success,
1667,Office,2174 St Andrews Close,6080123944,02182026025045537,Success,
14007,Office,96967 The Rise,3567062080,02182026025045537,Success,
1667,Office,19579 Kurt Circle,6618510221,02182026025045537,Success,
14007,Office,8599 Leuschke Cliff,5454182289,02182026025045537,Success,
1667,Office,38901 Zulauf View,9424944342,02182026025045537,Success,
14007,Office,757 Kertzmann Corner,4726023442,02182026025045537,Success,
1667,Office,6129 Daniel Place,4822206170,02182026025045537,Success,
14007,Office,95505 Katrina Village,5103911379,02182026025045537,Success,
1667,Office,13306 E Park Avenue,7132061073,02182026025045537,Success,
14007,Office,8825 Germaine Fort,9724669752,02182026025045537,Success,
1667,Office,552 Beulah Falls,2275959820,02182026025045537,Success,
14007,Office,1204 University Avenue,9088957686,02182026025045537,Success,
1667,Office,161 The Coppice,1468969329,02182026025045537,Success,
14007,Office,554 Murazik Inlet,8757419266,02182026025045537,Success,
1667,Office,88521 Demetris Stream,5114919371,02182026025045537,Success,
14007,Office,37423 Reichel Views,4647145511,02182026025045537,Success,
1667,Office,812 S Main Avenue,1973468722,02182026025045537,Success,
14007,Office,306 Oran Ridges,7883754618,02182026025045537,Success,
1667,Office,653 Gorczany Canyon,3617352635,02182026025045537,Success,
14007,Office,1970 Jarred Meadows,5185476329,02182026025045537,Success,
1667,Office,52962 Nitzsche Prairie,5273485110,02182026025045537,Success,
14007,Office,651 S Market Street,4754126503,02182026025045537,Success,
1667,Office,131 Vernice Plains,7705430188,02182026025045537,Success,
14007,Office,9220 Heather Road,6364799127,02182026025045537,Success,
1667,Office,57393 Maple Avenue,2264078943,02182026025045537,Success,
14007,Office,9895 Arno Roads,8002879493,02182026025045537,Success,
1667,Office,791 Norma Forest,2440855780,02182026025045537,Success,
14007,Office,12971 Russel Keys,6697370088,02182026025045537,Success,
1667,Office,5261 Stiedemann Hill,5418695003,02182026025045537,Success,
14007,Office,133 Stamm Ranch,3270518773,02182026025045537,Success,
1667,Office,765 E Broadway,9878669158,02182026025045537,Success,
14007,Office,5950 Grand Avenue,1759848114,02182026025045537,Success,
1667,Office,265 Bailey Skyway,5859378158,02182026025045537,Success,
14007,Office,324 Ross Course,2866194835,02182026025045537,Success,
1667,Office,733 Chestnut Grove,5604101596,02182026025045537,Success,
14007,Office,4768 Urban Shore,3853892589,02182026025045537,Success,
1667,Office,46872 Lincoln Street,3123367291,02182026025045537,Success,
14007,Office,4616 Jones Walk,1436662339,02182026025045537,Success,
1667,Office,12410 St Andrews Close,1453533501,02182026025045537,Success,
14007,Office,957 Henry Street,2178130424,02182026025045537,Success,
1667,Office,37300 Bauch Stravenue,2821869867,02182026025045537,Success,
14007,Office,148 S Water Street,7778476344,02182026025045537,Success,
1667,Office,351 Frieda Manors,6529844923,02182026025045537,Success,
14007,Office,57437 W 14th Street,9440790435,02182026025045537,Success,
1667,Office,8174 Blick Freeway,3236521002,02182026025045537,Success,
14007,Office,4556 E Front Street,6818070754,02182026025045537,Success,
1667,Office,5202 Filomena Cliffs,8297336715,02182026025045537,Success,
14007,Office,8155 Church Close,8050512609,02182026025045537,Success,
1667,Office,746 Franklin Avenue,7689085530,02182026025045537,Success,
14007,Office,3198 Dayana Alley,5868787204,02182026025045537,Success,
1667,Office,7095 Lindgren Grove,9079477697,02182026025045537,Success,
14007,Office,114 Laura Plains,8710462526,02182026025045537,Success,
1667,Office,395 Feil Fords,4327930836,02182026025045537,Success,
14007,Office,1650 Collier Common,4860248641,02182026025045537,Success,
1667,Office,53123 S 6th Street,6781272091,02182026025045537,Success,
14007,Office,71334 Birch Avenue,2780803775,02182026025045537,Success,
1667,Office,9094 Smith Street,3910156874,02182026025045537,Success,
14007,Office,772 Grove Street,8361770553,02182026025045537,Success,
1667,Office,934 White Glens,5505539857,02182026025045537,Success,
14007,Office,16367 Javon Terrace,9025368752,02182026025045537,Success,
1667,Office,144 Kautzer Port,6630028941,02182026025045537,Success,
14007,Office,18877 Nia Highway,1693735899,02182026025045537,Success,
1667,Office,4295 Buckridge Underpass,7285502858,02182026025045537,Success,
14007,Office,33389 Carlee Cove,7761735946,02182026025045537,Success,
1667,Office,91705 Mraz Light,8703906078,02182026025045537,Success,
14007,Office,8002 W Walnut Street,6385307216,02182026025045537,Success,
1667,Office,17129 Priory Close,6041226209,02182026025045537,Success,
14007,Office,6782 Highland Avenue,1263714595,02182026025045537,Success,
1667,Office,86765 Cruickshank Courts,8728480460,02182026025045537,Success,
14007,Office,83985 S 1st Avenue,9375487929,02182026025045537,Success,
1667,Office,23663 Coronation Avenue,8067444584,02182026025045537,Success,
14007,Office,3691 Broad Street,4536584479,02182026025045537,Success,
1667,Office,4723 Lizeth Port,8268432450,02182026025045537,Success,
14007,Office,34570 Darron Mountain,4653064350,02182026025045537,Success,
1667,Office,5595 Hickle Rapid,1333309630,02182026025045537,Success,
14007,Office,5373 Kris Stream,9962626984,02182026025045537,Success,
1667,Office,128 Beahan Rapids,7702134406,02182026025045537,Success,
14007,Office,645 George Street,4261376779,02182026025045537,Success,
1667,Office,968 Icie Mall,4022202818,02182026025045537,Success,
14007,Office,118 Wunsch Court,5552568203,02182026025045537,Success,
1667,Office,434 Talbot Road,1569700139,02182026025045537,Success,
14007,Office,19230 Meadow Drive,5716681578,02182026025045537,Success,
1667,Office,64392 Christ Mews,3514229395,02182026025045537,Success,
14007,Office,440 Jaylan Ferry,7798629024,02182026025045537,Success,
1667,Office,69987 Flatley Parkway,8209616374,02182026025045537,Success,
14007,Office,218 Fay Grove,4610395270,02182026025045537,Success,
1667,Office,4199 Luettgen Hollow,5457056224,02182026025045537,Success,
14007,Office,5975 Julio Mission,1792608286,02182026025045537,Success,
1667,Office,27522 N Broadway,3815048062,02182026025045537,Success,
14007,Office,1491 Meadow Way,1362305111,02182026025045537,Success,
1667,Office,6889 N Pine Street,2794924213,02182026025045537,Success,
14007,Office,82792 The Spinney,5530438886,02182026025045537,Success,
1667,Office,3020 Rowan Close,8370975740,02182026025045537,Success,
14007,Office,73087 Bernhard Flats,5446236213,02182026025045537,Success,
1667,Office,84431 Yundt Burg,4088437773,02182026025045537,Success,
14007,Office,3944 Kianna Cove,3450861925,02182026025045537,Success,
1667,Office,27100 Garry Groves,1247164555,02182026025045537,Success,
14007,Office,3252 Johnson Ferry,2046422948,02182026025045537,Success,
1667,Office,39340 Schuppe Passage,9639897603,02182026025045537,Success,
14007,Office,945 Chapel Hill,5880755577,02182026025045537,Success,
1667,Office,876 Jaskolski Isle,9487271282,02182026025045537,Success,
14007,Office,5074 Pouros Station,8275208963,02182026025045537,Success,
1667,Office,2368 Lakin Fields,2869629936,02182026025045537,Success,
14007,Office,125 Central Avenue,9802259598,02182026025045537,Success,
1667,Office,137 Hickory Street,5278811369,02182026025045537,Success,
14007,Office,319 Scot Forges,9945300061,02182026025045537,Success,
1667,Office,346 Lambert Highway,2044656419,02182026025045537,Success,
14007,Office,94818 Hickle Glens,4098905449,02182026025045537,Success,
1667,Office,4293 Ezequiel Common,6776002037,02182026025045537,Success,
14007,Office,461 Justyn Keys,6322923238,02182026025045537,Success,
1667,Office,30271 Lincoln Road,7427392007,02182026025045537,Success,
14007,Office,2626 S 14th Street,3600703052,02182026025045537,Success,
1667,Office,9164 The Copse,4467038591,02182026025045537,Success,
14007,Office,6214 Zulauf Hill,5911392520,02182026025045537,Success,
1667,Office,62245 Liam Walks,4116797224,02182026025045537,Success,
14007,Office,5640 Ash Close,5529649201,02182026025045537,Success,
1667,Office,1492 Joe Land,6882938588,02182026025045537,Success,
14007,Office,68680 Kings Highway,5957829262,02182026025045537,Success,
1667,Office,68812 Prohaska Row,2199895919,02182026025045537,Success,
14007,Office,59238 Elm Grove,9179089583,02182026025045537,Success,
1667,Office,15212 Mill Lane,9230737799,02182026025045537,Success,
14007,Office,386 Lincoln Avenue,3004663093,02182026025045537,Success,
1667,Office,70436 Derwent Close,3801453830,02182026025045537,Success,
14007,Office,5372 Hackett Summit,6492967413,02182026025045537,Success,
1667,Office,1373 Yvonne Ramp,1557010566,02182026025045537,Success,
14007,Office,600 Birch Avenue,8173756883,02182026025045537,Success,
1667,Office,39643 Bahringer Harbors,1677368046,02182026025045537,Success,
14007,Office,4341 Leila Coves,4098038188,02182026025045537,Success,
1667,Office,9181 Rutherford Village,3659516165,02182026025045537,Success,
14007,Office,197 Woodlands Avenue,4525480568,02182026025045537,Success,
1667,Office,843 Field Close,8443312417,02182026025045537,Success,
14007,Office,52785 Walker Stream,7015696786,02182026025045537,Success,
1667,Office,3977 Casimir Summit,3316877090,02182026025045537,Success,
14007,Office,531 Barton Shoals,4075553126,02182026025045537,Success,
1667,Office,2159 Albert Grove,6793894223,02182026025045537,Success,
14007,Office,61428 June Motorway,4755792244,02182026025045537,Success,
1667,Office,5374 Maybelle Lake,6159821139,02182026025045537,Success,
14007,Office,25407 Alma Street,9418027352,02182026025045537,Success,
1667,Office,2577 Lynch Views,6098733565,02182026025045537,Success,
14007,Office,52919 Sally Manors,1484173008,02182026025045537,Success,
1667,Office,79398 Ledner Ridge,6650150514,02182026025045537,Success,
14007,Office,6770 Predovic Spurs,1653342373,02182026025045537,Success,
1667,Office,1084 Edna Point,4800940372,02182026025045537,Success,
14007,Office,501 Hackett Lake,1832079714,02182026025045537,Success,
1667,Office,3196 Gerry Light,9471332327,02182026025045537,Success,
14007,Office,37215 Gregg Course,4232502735,02182026025045537,Success,
1667,Office,7021 Grange Avenue,4963750062,02182026025045537,Success,
14007,Office,4453 Nannie Land,8532983911,02182026025045537,Success,
1667,Office,89860 Rogahn Extensions,5051569261,02182026025045537,Success,
14007,Office,80032 Treutel Islands,8303182958,02182026025045537,Success,
1667,Office,814 Memorial Drive,2010149198,02182026025045537,Success,
14007,Office,8629 Claudia Lake,3225919786,02182026025045537,Success,
1667,Office,74843 Alex Plain,1785963944,02182026025045537,Success,
14007,Office,4654 S Oak Street,6643375970,02182026025045537,Success,
1667,Office,75875 Hillside Road,2376978126,02182026025045537,Success,
14007,Office,96520 Grand Avenue,8810088334,02182026025045537,Success,
1667,Office,17725 Kautzer Crossing,1235190736,02182026025045537,Success,
14007,Office,140 Maxine Street,9364699366,02182026025045537,Success,
1667,Office,8531 Powlowski Run,1577824223,02182026025045537,Success,
14007,Office,64853 Koelpin Trafficway,2777790778,02182026025045537,Success,
1667,Office,41083 Corkery Corner,7324082854,02182026025045537,Success,
14007,Office,68613 Fore Street,7570078316,02182026025045537,Success,
1667,Office,831 Witting Rapids,1012268116,02182026025045537,Success,
14007,Office,387 Mikayla Lodge,3330710819,02182026025045537,Success,
1667,Office,18986 Hettie Plains,1703954383,02182026025045537,Success,
14007,Office,88035 Fore Street,5766920986,02182026025045537,Success,
1667,Office,3132 Mike Port,1566326743,02182026025045537,Success,
14007,Office,24350 Schmidt Row,1804102539,02182026025045537,Success,
1667,Office,1754 Neva Coves,6437514506,02182026025045537,Success,
14007,Office,705 6th Street,7876037760,02182026025045537,Success,
1667,Office,893 Old Road,8463406030,02182026025045537,Success,
14007,Office,4493 Hoeger Dam,3993975113,02182026025045537,Success,
1667,Office,379 Oak Road,9326688307,02182026025045537,Success,
14007,Office,1901 Dortha Road,8827065111,02182026025045537,Success,
1667,Office,2371 Weber Extension,2044030921,02182026025045537,Success,
14007,Office,623 Adams Avenue,2908016142,02182026025045537,Success,
1667,Office,631 Glover Grove,2991955380,02182026025045537,Success,
14007,Office,4942 Cristal Harbor,6021738457,02182026025045537,Success,
1667,Office,940 Sean Harbor,2943068424,02182026025045537,Success,
14007,Office,3607 Kuhic Vista,7024860305,02182026025045537,Success,
1667,Office,4485 Virginia Centers,4115482874,02182026025045537,Success,
14007,Office,4052 Lafayette Street,1294836219,02182026025045537,Success,
1667,Office,437 Broadway Avenue,1908851931,02182026025045537,Success,
14007,Office,352 Locust Street,7575474716,02182026025045537,Success,
1667,Office,577 N 7th Street,1216392185,02182026025045537,Success,
14007,Office,9162 Elisa Burg,7751017189,02182026025045537,Success,
1667,Office,30388 Kautzer Fords,2094729436,02182026025045537,Success,
14007,Office,71180 Orn Rapid,8644796916,02182026025045537,Success,
1667,Office,3075 Leilani Village,1956939895,02182026025045537,Success,
14007,Office,57985 Skyla Park,2267539161,02182026025045537,Success,
1667,Office,28733 Prospect Avenue,5992072156,02182026025045537,Success,
14007,Office,903 Merritt Rue,1587559456,02182026025045537,Success,
1667,Office,16843 Chapel Road,2371835665,02182026025045537,Success,
14007,Office,838 Goodwin Underpass,6145618625,02182026025045537,Success,
1667,Office,7521 Koepp Fields,5293738346,02182026025045537,Success,
14007,Office,6245 Fae Lane,6912478516,02182026025045537,Success,
1667,Office,587 Katherine Way,8750152100,02182026025045537,Success,
14007,Office,8593 Kling Via,8838928918,02182026025045537,Success,
1667,Office,28730 W Bridge Street,9090279354,02182026025045537,Success,
14007,Office,9574 Donavon Cliff,4260143996,02182026025045537,Success,
1667,Office,13131 Turner Ramp,9799376703,02182026025045537,Success,
14007,Office,430 West View,8944330867,02182026025045537,Success,
1667,Office,672 Main Avenue,5517210596,02182026025045537,Success,
14007,Office,867 McKenzie Ridge,7608450775,02182026025045537,Success,
1667,Office,14062 Beier Pass,4399755540,02182026025045537,Success,
14007,Office,6057 Waterside,5724148371,02182026025045537,Success,
1667,Office,20030 Little Walks,7807621108,02182026025045537,Success,
14007,Office,29295 Oak Road,3788436581,02182026025045537,Success,
1667,Office,28348 Brendon Corners,2419571521,02182026025045537,Success,
14007,Office,6778 Liberty Street,7339187930,02182026025045537,Success,
1667,Office,74801 Derby Road,8203893797,02182026025045537,Success,
14007,Office,805 Kemmer Flats,6856595564,02182026025045537,Success,
1667,Office,65485 Commercial Road,7377814672,02182026025045537,Success,
14007,Office,949 Rowan Close,1161877902,02182026025045537,Success,
1667,Office,3638 Hackett Radial,4523629553,02182026025045537,Success,
14007,Office,2307 Sonya Brooks,6395209597,02182026025045537,Success,
1667,Office,37860 Moen Forest,8496930021,02182026025045537,Success,
14007,Office,73734 Laburnum Grove,5644719179,02182026025045537,Success,
1667,Office,99330 Funk Corner,5397857021,02182026025045537,Success,
14007,Office,65030 Lonnie Harbor,3330585962,02182026025045537,Success,
1667,Office,962 W Market Street,2687929918,02182026025045537,Success,
14007,Office,46961 Shad Knolls,1259084634,02182026025045537,Success,
1667,Office,669 Karson Ports,8845387608,02182026025045537,Success,
14007,Office,61736 Bechtelar Radial,9435096542,02182026025045537,Success,
1667,Office,43784 Steve Turnpike,9088724092,02182026025045537,Success,
14007,Office,513 Mayfield Road,4231287888,02182026025045537,Success,
1667,Office,728 Lubowitz Point,4220455855,02182026025045537,Success,
14007,Office,5160 E River Road,5989186281,02182026025045537,Success,
1667,Office,751 Chestnut Drive,9864468685,02182026025045537,Success,
14007,Office,14106 Konopelski Shoal,6112121809,02182026025045537,Success,
1667,Office,5436 Jaida Shoal,6220944306,02182026025045537,Success,
14007,Office,77730 Delfina View,5832641606,02182026025045537,Success,
1667,Office,861 Osborne Estates,1700645437,02182026025045537,Success,
14007,Office,329 America Hill,9947604542,02182026025045537,Success,
1667,Office,602 Bath Road,6119305061,02182026025045537,Success,
14007,Office,251 Church Close,4806853922,02182026025045537,Success,
1667,Office,835 Herman Divide,3392744155,02182026025045537,Success,
14007,Office,2783 Kilback Walk,3412258042,02182026025045537,Success,
1667,Office,4000 County Line Road,5410373968,02182026025045537,Success,
14007,Office,81418 Mayfield Road,8333927576,02182026025045537,Success,
1667,Office,353 Hartmann Rapid,4315998243,02182026025045537,Success,
14007,Office,31921 West Creek,9878890294,02182026025045537,Success,
1667,Office,310 First Street,7014649553,02182026025045537,Success,
14007,Office,14063 White Forges,9316905172,02182026025045537,Success,
1667,Office,969 Gardner Fields,1345625026,02182026025045537,Success,
14007,Office,244 St Mary's Road,6858864098,02182026025045537,Success,
1667,Office,151 Bria Estate,7609874503,02182026025045537,Success,
14007,Office,64597 Long Lane,6394573358,02182026025045537,Success,
1667,Office,6930 E Union Street,1808089547,02182026025045537,Success,
14007,Office,6763 W Central Avenue,4165150219,02182026025045537,Success,
1667,Office,589 The Limes,9144446326,02182026025045537,Success,
14007,Office,595 Reichert Springs,6994528919,02182026025045537,Success,
1667,Office,541 Toy Knoll,8355867168,02182026025045537,Success,
14007,Office,1861 Witting Ridge,4497872805,02182026025045537,Success,
1667,Office,7370 Hazel Grove,7634066791,02182026025045537,Success,
14007,Office,494 Uriah Crest,3873879663,02182026025045537,Success,
1667,Office,642 Jabari Passage,5396191388,02182026025045537,Success,
14007,Office,879 Daniel Lock,2247865009,02182026025045537,Success,
1667,Office,55894 Little Pike,6273365963,02182026025045537,Success,
14007,Office,75185 Beechwood Avenue,4716625013,02182026025045537,Success,
1667,Office,2370 Julius Ville,8271617610,02182026025045537,Success,
14007,Office,550 Third Avenue,5934752804,02182026025045537,Success,
1667,Office,395 College Street,6818644165,02182026025045537,Success,
14007,Office,3606 Rutherford Spurs,3603000756,02182026025045537,Success,
1667,Office,596 Kristina Haven,5407063317,02182026025045537,Success,
14007,Office,7833 Libby Avenue,7756819678,02182026025045537,Success,
1667,Office,897 Abigayle Mills,5369034754,02182026025045537,Success,
14007,Office,87685 Grant Centers,4556776838,02182026025045537,Success,
1667,Office,54536 Alice Trafficway,3270606771,02182026025045537,Success,
14007,Office,901 Ondricka Lodge,8654509245,02182026025045537,Success,
1667,Office,93596 VonRueden Trail,5813096938,02182026025045537,Success,
14007,Office,323 Gaston Glens,3255481348,02182026025045537,Success,
1667,Office,83703 Roob Club,2616912601,02182026025045537,Success,
14007,Office,3178 Franklin Street,6611989801,02182026025045537,Success,
1667,Office,630 Kuhic Harbors,9575812849,02182026025045537,Success,
14007,Office,861 McCullough Fork,7999682149,02182026025045537,Success,
1667,Office,831 Princes Street,1893665105,02182026025045537,Success,
14007,Office,113 Collins Mills,1502237361,02182026025045537,Success,
1667,Office,536 Klein Hills,2379053302,02182026025045537,Success,
14007,Office,42341 Will Divide,1629630998,02182026025045537,Success,
1667,Office,57645 Nitzsche Way,3225989231,02182026025045537,Success,
14007,Office,92743 George Street,1067656375,02182026025045537,Success,
1667,Office,8222 Durward Drives,1154638011,02182026025045537,Success,
14007,Office,9592 Romaguera Vista,3323098070,02182026025045537,Success,
1667,Office,38877 Jeremy Neck,6912711463,02182026025045537,Success,
14007,Office,300 Aryanna Throughway,9346116768,02182026025045537,Success,
1667,Office,345 Gonzalo Gardens,7954962930,02182026025045537,Success,
14007,Office,6879 Washington Boulevard,5084238489,02182026025045537,Success,
1667,Office,712 University Drive,9991783035,02182026025045537,Success,
14007,Office,62943 South View,3968860778,02182026025045537,Success,
1667,Office,809 East Street,2545785160,02182026025045537,Success,
14007,Office,86128 Rozella Knolls,1615293850,02182026025045537,Success,
1667,Office,41851 Washington Boulevard,7390098378,02182026025045537,Success,
14007,Office,35275 Highfield Avenue,9393389337,02182026025045537,Success,
1667,Office,169 Antonette Forges,8109782083,02182026025045537,Success,
14007,Office,420 Lee Street,6441045049,02182026025045537,Success,
1667,Office,604 Duke Street,3437675286,02182026025045537,Success,
14007,Office,989 Norfolk Road,9762543914,02182026025045537,Success,
1667,Office,9620 Wisoky Forge,9310482612,02182026025045537,Success,
14007,Office,47528 Castle Street,8544585210,02182026025045537,Success,
1667,Office,33800 Mraz Shoals,6845116573,02182026025045537,Success,
14007,Office,783 Laila Park,3484879528,02182026025045537,Success,
1667,Office,652 Forest Avenue,5812033593,02182026025045537,Success,
14007,Office,627 Lindgren Way,8191141694,02182026025045537,Success,
1667,Office,655 Gerhold Spring,6324021200,02182026025045537,Success,
14007,Office,87729 Pleasant Street,8147876818,02182026025045537,Success,
1667,Office,7652 Grant Brook,8785503903,02182026025045537,Success,
14007,Office,6305 Marquardt Vista,1744165964,02182026025045537,Success,
1667,Office,73319 Armand Islands,6331889316,02182026025045537,Success,
14007,Office,144 Forest Road,2713145708,02182026025045537,Success,
1667,Office,2917 Gerry Center,9389437602,02182026025045537,Success,
14007,Office,991 Ed Square,8733108442,02182026025045537,Success,
1667,Office,137 Lodge Lane,1713775817,02182026025045537,Success,
14007,Office,870 St Andrew's Road,6550379256,02182026025045537,Success,
1667,Office,2919 Hawthorn Close,8804666856,02182026025045537,Success,
14007,Office,30313 Audra Coves,6291498039,02182026025045537,Success,
1667,Office,871 Fadel Radial,1466220006,02182026025045537,Success,
14007,Office,6953 Watsica Crescent,9668440950,02182026025045537,Success,
1667,Office,676 Chestnut Close,1014675906,02182026025045537,Success,
14007,Office,568 Daren Trafficway,6132567859,02182026025045537,Success,
1667,Office,6300 Cruickshank Shores,7598453498,02182026025045537,Success,
14007,Office,711 Davis Vista,6273019852,02182026025045537,Success,
1667,Office,95451 Weimann Turnpike,6063174934,02182026025045537,Success,
14007,Office,83109 Schuppe Avenue,1160810585,02182026025045537,Success,
1667,Office,55475 E Main,3330659659,02182026025045537,Success,
14007,Office,469 Powlowski Road,1779652444,02182026025045537,Success,
1667,Office,34818 Christy Mall,9835495660,02182026025045537,Success,
14007,Office,3400 Broadway,3388598063,02182026025045537,Success,
1667,Office,233 Wellington Road,3602793954,02182026025045537,Success,
14007,Office,880 Fairfield Road,6187933601,02182026025045537,Success,
1667,Office,88366 Ortiz Expressway,2605322188,02182026025045537,Success,
14007,Office,79132 Ziemann Ridge,7217413487,02182026025045537,Success,
1667,Office,4543 Hane Throughway,2652162064,02182026025045537,Success,
14007,Office,1077 Rice Camp,8660200945,02182026025045537,Success,
1667,Office,42422 Marks Turnpike,7428646755,02182026025045537,Success,
14007,Office,12282 Verda Light,2687148714,02182026025045537,Success,
1667,Office,91237 Heidenreich Underpass,6553838472,02182026025045537,Success,
14007,Office,771 Riverside Avenue,6158079225,02182026025045537,Success,
1667,Office,35126 E State Street,7103226709,02182026025045537,Success,
14007,Office,6245 Chapel Street,7669160753,02182026025045537,Success,
1667,Office,874 Alyson Meadows,5010642869,02182026025045537,Success,
14007,Office,32656 Bednar Ramp,6588402607,02182026025045537,Success,
1667,Office,2639 W 12th Street,8756853025,02182026025045537,Success,
14007,Office,48621 Church Road,7236936070,02182026025045537,Success,
1667,Office,956 McGlynn Pines,1079103155,02182026025045537,Success,
14007,Office,665 Balistreri Dale,5622133559,02182026025045537,Success,
1667,Office,7053 Becker Haven,9213775602,02182026025045537,Success,
14007,Office,90448 Auer Key,8495864653,02182026025045537,Success,
1667,Office,3141 Lilyan Cove,2375633859,02182026025045537,Success,
14007,Office,2696 Alfonzo Haven,9655038013,02182026025045537,Success,
1667,Office,5441 Idella Pines,1394768276,02182026025045537,Success,
14007,Office,29281 Dedrick Pike,2961115217,02182026025045537,Success,
1667,Office,6389 Little Branch,6121276010,02182026025045537,Success,
14007,Office,64322 Albion Street,8381359032,02182026025045537,Success,
1667,Office,54095 Therese Port,5583752532,02182026025045537,Success,
14007,Office,33601 Herman Branch,6620766093,02182026025045537,Success,
1667,Office,7793 Bluebell Close,5912063000,02182026025045537,Success,
14007,Office,5871 Ruthie Neck,9596892821,02182026025045537,Success,
1667,Office,16166 The Croft,5779351838,02182026025045537,Success,
14007,Office,515 Terence Wells,5009644177,02182026025045537,Success,
1667,Office,4193 Roob Village,1279179696,02182026025045537,Success,
14007,Office,30399 Kozey Track,6671723123,02182026025045537,Success,
1667,Office,442 W 6th Street,6528391616,02182026025045537,Success,
14007,Office,6272 Reichert Parkway,8105722872,02182026025045537,Success,
1667,Office,40323 Hackett Mountains,4670884097,02182026025045537,Success,
14007,Office,94018 Poplar Street,7400940304,02182026025045537,Success,
1667,Office,39842 Birch Close,5344671457,02182026025045537,Success,
14007,Office,615 Citlalli Turnpike,7016921845,02182026025045537,Success,
1667,Office,8765 Zboncak Canyon,8347586990,02182026025045537,Success,
14007,Office,78524 Elody Expressway,7459211927,02182026025045537,Success,
1667,Office,311 Pollich Path,7039791642,02182026025045537,Success,
14007,Office,1667 Guillermo Highway,6052687445,02182026025045537,Success,
1667,Office,227 Ward Walk,7002868819,02182026025045537,Success,
14007,Office,2200 Lincoln Avenue,5798379200,02182026025045537,Success,
1667,Office,615 Russel Shores,5887864135,02182026025045537,Success,
14007,Office,81318 Mohammad Ford,5438453263,02182026025045537,Success,
1667,Office,8262 Keenan Valleys,5683639943,02182026025045537,Success,
14007,Office,611 Birch Road,2551521815,02182026025045537,Success,
1667,Office,8165 Tressa Estate,3783474802,02182026025045537,Success,
14007,Office,967 S Market Street,6977635101,02182026025045537,Success,
1667,Office,921 N 3rd Street,2605006468,02182026025045537,Success,
14007,Office,92138 Carissa Ville,8432963579,02182026025045537,Success,
1667,Office,426 Windsor Avenue,8038218776,02182026025045537,Success,
14007,Office,304 Walnut Close,2973000367,02182026025045537,Success,
1667,Office,33039 Kertzmann Spurs,8844566373,02182026025045537,Success,
14007,Office,31881 Barton Extension,4724021267,02182026025045537,Success,
1667,Office,3070 Chester Road,8913787905,02182026025045537,Success,
14007,Office,762 Esteban Islands,6495039342,02182026025045537,Success,
1667,Office,989 Gleichner Brooks,8893488027,02182026025045537,Success,
14007,Office,13064 Serena River,4725803048,02182026025045537,Success,
1667,Office,78157 Wisozk Cape,7925879013,02182026025045537,Success,
14007,Office,38506 Ernser Views,6331476276,02182026025045537,Success,
1667,Office,375 N Cedar Street,7580088453,02182026025045537,Success,
14007,Office,43550 Amya Camp,3043813826,02182026025045537,Success,
1667,Office,33325 Beaulah Key,7519032758,02182026025045537,Success,
14007,Office,78304 Swift Shoals,3837458261,02182026025045537,Success,
1667,Office,1691 Blake Path,8109415163,02182026025045537,Success,
14007,Office,2462 Wayne Lane,7894991879,02182026025045537,Success,
1667,Office,63257 Streich Ferry,8510884822,02182026025045537,Success,
14007,Office,7830 Ansel Passage,1581850963,02182026025045537,Success,
1667,Office,427 W Broadway,2415901571,02182026025045537,Success,
14007,Office,62661 E Cedar Street,5321534125,02182026025045537,Success,
1667,Office,877 London Road,9336909009,02182026025045537,Success,
14007,Office,9791 Broad Street,8832303514,02182026025045537,Success,
1667,Office,54248 Royal Views,7819997644,02182026025045537,Success,
14007,Office,669 Bailey Lakes,9635754647,02182026025045537,Success,
1667,Office,660 Hattie Passage,4057416319,02182026025045537,Success,
14007,Office,43405 Leslie Radial,8930921992,02182026025045537,Success,
1667,Office,36624 Granville Port,5536251226,02182026025045537,Success,
14007,Office,92089 Martine Land,9831719687,02182026025045537,Success,
1667,Office,3464 Effertz Extension,4294797906,02182026025045537,Success,
14007,Office,795 S Center Street,4497196323,02182026025045537,Success,
1667,Office,995 Maple Avenue,3287334756,02182026025045537,Success,
14007,Office,4943 Webster Mills,8008048406,02182026025045537,Success,
1667,Office,628 Nitzsche Landing,2853493706,02182026025045537,Success,
14007,Office,594 Breitenberg Mount,3521841240,02182026025045537,Success,
1667,Office,99527 Jacobs Flat,1543284948,02182026025045537,Success,
14007,Office,17718 Harvey Courts,6042804672,02182026025045537,Success,
1667,Office,254 E Washington Street,6178786160,02182026025045537,Success,
14007,Office,7296 Keanu Brooks,3918237056,02182026025045537,Success,
1667,Office,282 Kautzer Ramp,3085889100,02182026025045537,Success,
14007,Office,42713 Douglas Road,6831224880,02182026025045537,Success,
1667,Office,222 Springfield Close,2832282292,02182026025045537,Success,
14007,Office,49868 2nd Avenue,7865246938,02182026025045537,Success,
1667,Office,106 Alvis Fall,6666250240,02182026025045537,Success,
14007,Office,20847 Emely View,5646345715,02182026025045537,Success,
1667,Office,73441 Moor Lane,8918269718,02182026025045537,Success,
14007,Office,26631 Marvin Creek,7369401620,02182026025045537,Success,
1667,Office,12346 Georgette Route,6292622132,02182026025045537,Success,
14007,Office,665 Clark Street,8585590809,02182026025045537,Success,
1667,Office,435 Cole Underpass,1512708896,02182026025045537,Success,
14007,Office,18684 Church View,4883566380,02182026025045537,Success,
1667,Office,182 Tennyson Road,1985446305,02182026025045537,Success,
14007,Office,401 N Monroe Street,5207557803,02182026025045537,Success,
1667,Office,2375 Stoney Lane,7649556760,02182026025045537,Success,
14007,Office,6696 North Street,1580330960,02182026025045537,Success,
1667,Office,231 Mayert Ways,1946122910,02182026025045537,Success,
14007,Office,218 Ledner Meadow,5438131584,02182026025045537,Success,
1667,Office,8590 Boyle Shoal,2513669380,02182026025045537,Success,
14007,Office,507 Ludwig Green,9594496989,02182026025045537,Success,
1667,Office,26801 Bramley Close,2093857809,02182026025045537,Success,
14007,Office,88769 W South Street,5763134826,02182026025045537,Success,
1667,Office,7292 Gottlieb Dam,8268169266,02182026025045537,Success,
14007,Office,3522 Stoltenberg Courts,7423136109,02182026025045537,Success,
1667,Office,1173 Keagan Hills,5907691133,02182026025045537,Success,
14007,Office,4524 Alysha Points,3290195500,02182026025045537,Success,
1667,Office,750 N Central Avenue,3835717937,02182026025045537,Success,
14007,Office,9055 Schaefer Garden,7661492715,02182026025045537,Success,
1667,Office,31616 Cristian Ferry,4346436242,02182026025045537,Success,
14007,Office,63439 Braun Lakes,1605595429,02182026025045537,Success,
1667,Office,6134 Hand Haven,3454619796,02182026025045537,Success,
14007,Office,6271 The Glebe,6964741379,02182026025045537,Success,
1667,Office,4881 Rusty Garden,2481346463,02182026025045537,Success,
14007,Office,9483 Luciano Streets,9819326063,02182026025045537,Success,
1667,Office,84021 Manchester Road,6117231726,02182026025045537,Success,
14007,Office,2353 Rocio Cliffs,2918380912,02182026025045537,Success,
1667,Office,1478 Predovic Row,3891431142,02182026025045537,Success,
14007,Office,885 Mary Street,1841893620,02182026025045537,Success,
1667,Office,6169 Bashirian Oval,6403144870,02182026025045537,Success,
14007,Office,67666 Miller Point,5088589460,02182026025045537,Success,
1667,Office,75717 Bayer Tunnel,9277941923,02182026025045537,Success,
14007,Office,13360 Kobe Trafficway,5507101943,02182026025045537,Success,
1667,Office,569 Antonetta Throughway,3810386939,02182026025045537,Success,
14007,Office,417 Church Avenue,2764121093,02182026025045537,Success,
1667,Office,302 Greenfelder Junction,3780279563,02182026025045537,Success,
14007,Office,841 Alva Key,5288955686,02182026025045537,Success,
1667,Office,85197 Sean Pike,9732116406,02182026025045537,Success,
14007,Office,14607 Schaden Club,3027768098,02182026025045537,Success,
1667,Office,660 Greenholt Neck,7148276994,02182026025045537,Success,
14007,Office,10300 Isaiah Way,7005146076,02182026025045537,Success,
1667,Office,20995 Davis Forest,6433895475,02182026025045537,Success,
14007,Office,5578 Bechtelar View,4331291440,02182026025045537,Success,
1667,Office,52828 Thompson Cape,9885043764,02182026025045537,Success,
14007,Office,2845 Gutkowski Trace,6283588432,02182026025045537,Success,
1667,Office,9598 Russel Crossing,6380554813,02182026025045537,Success,
14007,Office,79056 Nicola Ramp,5200194739,02182026025045537,Success,
1667,Office,938 Gerhold Ports,3563897203,02182026025045537,Success,
14007,Office,14893 Sipes Knoll,7843120643,02182026025045537,Success,
1667,Office,117 Ricardo Ville,4530068055,02182026025045537,Success,
14007,Office,40939 Terry Summit,9328569728,02182026025045537,Success,
1667,Office,89385 1st Avenue,6516707378,02182026025045537,Success,
14007,Office,7179 Jean Brooks,7621259551,02182026025045537,Success,
1667,Office,2605 W Market Street,4982938951,02182026025045537,Success,
14007,Office,1820 Lemke Burgs,2229753937,02182026025045537,Success,
1667,Office,6020 Rempel Circle,1216037817,02182026025045537,Success,
14007,Office,34183 Parisian Mews,1134160415,02182026025045537,Success,
1667,Office,182 Talon Shoal,3977951439,02182026025045537,Success,
14007,Office,210 Windermere Road,2704009280,02182026025045537,Success,
1667,Office,3263 Medhurst Shore,7452823864,02182026025045537,Success,
14007,Office,10528 Ondricka Underpass,2499616088,02182026025045537,Success,
1667,Office,102 Sarai Orchard,7479650912,02182026025045537,Success,
14007,Office,25956 Erdman Branch,1611085093,02182026025045537,Success,
1667,Office,2513 Walnut Street,4516197396,02182026025045537,Success,
14007,Office,5681 W Franklin Street,7326922438,02182026025045537,Success,
1667,Office,93235 O'Reilly Ranch,5323705090,02182026025045537,Success,
14007,Office,81234 Fern Fall,3195768022,02182026025045537,Success,
1667,Office,184 Cassin Rest,7919657570,02182026025045537,Success,
14007,Office,767 Laura Flats,7759042219,02182026025045537,Success,
1667,Office,63517 S 4th Street,9155246738,02182026025045537,Success,
14007,Office,15017 Charlotte Shoals,4749779455,02182026025045537,Success,
1667,Office,89203 West Lane,6472994840,02182026025045537,Success,
14007,Office,84213 Park Crescent,3442995703,02182026025045537,Success,
1667,Office,711 Daniel Underpass,2097567754,02182026025045537,Success,
14007,Office,15144 Cummings Garden,8974802399,02182026025045537,Success,
1667,Office,292 Depot Street,1865637528,02182026025045537,Success,
14007,Office,89425 Lind Neck,9174735575,02182026025045537,Success,
1667,Office,4471 O'Conner Landing,2538681361,02182026025045537,Success,
14007,Office,5515 E River Road,1826600596,02182026025045537,Success,
1667,Office,1321 Greenholt Ranch,3953881952,02182026025045537,Success,
14007,Office,181 Braun Wells,4981919354,02182026025045537,Success,
1667,Office,958 Meadow View,8107051532,02182026025045537,Success,
14007,Office,5516 Lurline Lodge,3243324630,02182026025045537,Success,
1667,Office,8414 Leonie Terrace,2138227640,02182026025045537,Success,
14007,Office,8089 Jamaal Corner,9933717361,02182026025045537,Success,
1667,Office,417 Paige Lodge,6483932833,02182026025045537,Success,
14007,Office,78462 East Avenue,8506989757,02182026025045537,Success,
1667,Office,98948 Cedar Street,4953145953,02182026025045537,Success,
14007,Office,69322 Jerry Island,6359870037,02182026025045537,Success,
1667,Office,178 Monahan Inlet,2181879177,02182026025045537,Success,
14007,Office,1708 Glenna Springs,9906336027,02182026025045537,Success,
1667,Office,60471 Hope Brook,7517010959,02182026025045537,Success,
14007,Office,92411 Wren Close,7455218686,02182026025045537,Success,
1667,Office,580 Elliot Lake,3592832065,02182026025045537,Success,
14007,Office,560 Murazik River,5847519087,02182026025045537,Success,
1667,Office,5877 Damien Row,9789923092,02182026025045537,Success,
14007,Office,66007 The Fairway,7948233138,02182026025045537,Success,
1667,Office,445 Garry Ridges,3725108471,02182026025045537,Success,
14007,Office,3569 Mann River,7316435350,02182026025045537,Success,
1667,Office,65294 Vandervort Parkway,4030564842,02182026025045537,Success,
14007,Office,687 Frida Rue,8014936946,02182026025045537,Success,
1667,Office,12078 King Street,5586144330,02182026025045537,Success,
14007,Office,37325 Farm Close,6594427774,02182026025045537,Success,
1667,Office,44616 Annabel Loop,3394638299,02182026025045537,Success,
14007,Office,7508 Ullrich Spring,5502773839,02182026025045537,Success,
1667,Office,87091 Grove Lane,5641357785,02182026025045537,Success,
14007,Office,39061 Larry Trafficway,6729347294,02182026025045537,Success,
1667,Office,187 Kunze Meadows,3910599773,02182026025045537,Success,
14007,Office,1345 Pearl Street,9712574529,02182026025045537,Success,
1667,Office,688 Sterling Plains,7130895512,02182026025045537,Success,
14007,Office,148 E Bridge Street,6524152248,02182026025045537,Success,
1667,Office,10590 S Union Street,2476075028,02182026025045537,Success,
14007,Office,111 Auer Cape,2479885950,02182026025045537,Success,
1667,Office,8581 Yasmeen Route,8376949461,02182026025045537,Success,
14007,Office,672 Windmill Lane,2182353397,02182026025045537,Success,
1667,Office,7561 Kaleb Land,3687892671,02182026025045537,Success,
14007,Office,45107 Goodwin Greens,9383655683,02182026025045537,Success,
1667,Office,7233 Conroy Meadows,8419031200,02182026025045537,Success,
14007,Office,775 Fanny Trace,2743414883,02182026025045537,Success,
1667,Office,2414 Kuhn Harbor,5036075637,02182026025045537,Success,
14007,Office,68413 Kayleigh Shores,2958901843,02182026025045537,Success,
1667,Office,6545 E Market Street,2645192489,02182026025045537,Success,
14007,Office,652 Bode Circles,2169905468,02182026025045537,Success,
1667,Office,9218 Parisian Path,1388944757,02182026025045537,Success,
14007,Office,37293 Fisher Tunnel,7784626819,02182026025045537,Success,
1667,Office,97140 Station Road,2184455754,02182026025045537,Success,
14007,Office,70864 Stoney Lane,5375307534,02182026025045537,Success,
1667,Office,26687 Strosin Walk,4226583830,02182026025045537,Success,
14007,Office,83832 7th Street,5608177270,02182026025045537,Success,
1667,Office,744 Cullen Road,2601715781,02182026025045537,Success,
14007,Office,34251 Lowe Valley,6337997343,02182026025045537,Success,
1667,Office,5726 High Street,5503568900,02182026025045537,Success,
14007,Office,397 Quitzon Cliff,4211452716,02182026025045537,Success,
1667,Office,968 Marquardt Plaza,3572033407,02182026025045537,Success,
14007,Office,969 Field Lane,7557939401,02182026025045537,Success,
1667,Office,7965 Kerluke Drives,6998693792,02182026025045537,Success,
14007,Office,1188 Connelly Creek,1103993889,02182026025045537,Success,
1667,Office,605 Ankunding Point,3353912172,02182026025045537,Success,
14007,Office,32873 Shane Track,6006640626,02182026025045537,Success,
1667,Office,34509 Ortiz Turnpike,4083256628,02182026025045537,Success,
14007,Office,213 Abbott Throughway,6160007860,02182026025045537,Success,
1667,Office,12883 Park Road,4580256666,02182026025045537,Success,
14007,Office,38448 Olson Brooks,6790796132,02182026025045537,Success,
1667,Office,984 Maple Street,5011337299,02182026025045537,Success,
14007,Office,27244 Virgil Crossing,9977303188,02182026025045537,Success,
1667,Office,9892 Mraz Circles,5934806152,02182026025045537,Success,
14007,Office,913 Mraz Mountains,2951141444,02182026025045537,Success,
1667,Office,55803 Leuschke Islands,2362212469,02182026025045537,Success,
14007,Office,27651 Eliezer Spurs,3700070296,02182026025045537,Success,
1667,Office,29044 Aurore Rest,1678969288,02182026025045537,Success,
14007,Office,1358 Dillan Stream,9066374326,02182026025045537,Success,
1667,Office,50716 Lora Point,2212229310,02182026025045537,Success,
14007,Office,90945 St Andrews Close,2908843241,02182026025045537,Success,
1667,Office,354 Doyle Key,3513540173,02182026025045537,Success,
14007,Office,7963 Amara Bypass,6352290761,02182026025045537,Success,
1667,Office,11886 Lue Villages,4473340631,02182026025045537,Success,
14007,Office,8154 Lehner Pine,4371308199,02182026025045537,Success,
1667,Office,685 Jacobson Keys,2458569940,02182026025045537,Success,
14007,Office,38896 The Paddocks,1073322214,02182026025045537,Success,
1667,Office,3407 Jackson Street,2773291988,02182026025045537,Success,
14007,Office,9802 Kenya Heights,7320143155,02182026025045537,Success,
1667,Office,3032 Spencer Rapids,9558861511,02182026025045537,Success,
14007,Office,9613 Julien Land,8124052006,02182026025045537,Success,
1667,Office,265 Chapel Street,1699025988,02182026025045537,Success,
14007,Office,84109 Harrison Street,1052458044,02182026025045537,Success,
1667,Office,7187 Schroeder Ford,4315764995,02182026025045537,Success,
14007,Office,92415 Kutch Brooks,5783925297,02182026025045537,Success,
1667,Office,36100 Grange Avenue,4144824414,02182026025045537,Success,
14007,Office,45032 Prohaska Rue,5697007326,02182026025045537,Success,
1667,Office,9858 Madelynn Parkways,2869508555,02182026025045537,Success,
14007,Office,335 Kuphal Cove,2177419113,02182026025045537,Success,
1667,Office,7347 Lincoln Avenue,7355297888,02182026025045537,Success,
14007,Office,405 Runolfsson Brook,7009039498,02182026025045537,Success,
1667,Office,797 Dooley Villages,3444390078,02182026025045537,Success,
14007,Office,8702 Rosenbaum Freeway,7659456574,02182026025045537,Success,
1667,Office,9525 Andrew Brooks,9661804083,02182026025045537,Success,
14007,Office,858 Jean River,7230694619,02182026025045537,Success,
1667,Office,7741 Balmoral Road,1773879553,02182026025045537,Success,
14007,Office,4296 Hermiston Circles,7951383810,02182026025045537,Success,
1667,Office,497 Buckingham Road,7648704926,02182026025045537,Success,
14007,Office,4128 E Church Street,7097623540,02182026025045537,Success,
1667,Office,1811 Brown Trafficway,3663419968,02182026025045537,Success,
14007,Office,4163 Padberg Throughway,7420410315,02182026025045537,Success,
1667,Office,969 Flossie Throughway,5768660857,02182026025045537,Success,
14007,Office,3733 Baker Street,1103568784,02182026025045537,Success,
1667,Office,8226 Ebert Forges,6867959690,02182026025045537,Success,
14007,Office,511 Durgan Ferry,7405728728,02182026025045537,Success,
1667,Office,412 Fore Street,8321981253,02182026025045537,Success,
14007,Office,555 Maeve Burg,9351013271,02182026025045537,Success,
1667,Office,5636 Goyette Pines,2375948668,02182026025045537,Success,
14007,Office,742 Raleigh Branch,1072943495,02182026025045537,Success,
1667,Office,3787 E Broad Street,5479968286,02182026025045537,Success,
14007,Office,89631 Destini Keys,8422259270,02182026025045537,Success,
1667,Office,550 Green Lane,4869209477,02182026025045537,Success,
14007,Office,177 Kariane Mews,1532947911,02182026025045537,Success,
1667,Office,8856 Reichert Mountains,3279001392,02182026025045537,Success,
14007,Office,418 Boyle Lock,9536749709,02182026025045537,Success,
1667,Office,30311 Cambridge Street,9502365553,02182026025045537,Success,
14007,Office,9967 Collins Corners,8997085895,02182026025045537,Success,
1667,Office,448 Dare Inlet,4663925303,02182026025045537,Success,
14007,Office,6967 Garden Street,2642428319,02182026025045537,Success,
1667,Office,49477 The Limes,2678856648,02182026025045537,Success,
14007,Office,86414 Ondricka Tunnel,7477771022,02182026025045537,Success,
1667,Office,22848 Nelson Road,3473807951,02182026025045537,Success,
14007,Office,965 Center Road,1419394558,02182026025045537,Success,
1667,Office,20476 Brekke Springs,5146130408,02182026025045537,Success,
14007,Office,946 The Square,2019601442,02182026025045537,Success,
1667,Office,2493 Cherry Tree Close,2961726454,02182026025045537,Success,
14007,Office,19622 Spencer Station,9720550211,02182026025045537,Success,
1667,Office,467 Leuschke Throughway,1457464416,02182026025045537,Success,
14007,Office,240 Schmeler Forges,7141789953,02182026025045537,Success,
1667,Office,53891 Buckridge Radial,1981765844,02182026025045537,Success,
14007,Office,57496 Tennyson Road,3101332902,02182026025045537,Success,
1667,Office,485 Romaine Mews,6714522900,02182026025045537,Success,
14007,Office,8020 Ferry Trafficway,3120255436,02182026025045537,Success,
1667,Office,55082 Frederick Extension,2073842232,02182026025045537,Success,
14007,Office,14191 Juliet Glen,9489829711,02182026025045537,Success,
1667,Office,8185 Rohan Hill,4069909597,02182026025045537,Success,
14007,Office,505 Goyette Brooks,2889981471,02182026025045537,Success,
1667,Office,6965 Sibyl Mill,3288554935,02182026025045537,Success,
14007,Office,75845 Central Street,8903970200,02182026025045537,Success,
1667,Office,8604 Aufderhar Burgs,2065179219,02182026025045537,Success,
14007,Office,6069 The Coppice,2923840977,02182026025045537,Success,
1667,Office,6968 Erdman Freeway,2075836212,02182026025045537,Success,
14007,Office,5707 Sadye Valleys,2284519974,02182026025045537,Success,
1667,Office,34892 Oakfield Road,7573797084,02182026025045537,Success,
14007,Office,908 S College Street,5339032261,02182026025045537,Success,
1667,Office,982 Albany Road,5797171948,02182026025045537,Success,
14007,Office,9555 Zulauf Fields,5666905221,02182026025045537,Success,
1667,Office,479 N Main Street,1439298323,02182026025045537,Success,
14007,Office,176 Stracke Heights,1643882873,02182026025045537,Success,
1667,Office,64523 Harvey Grove,1909628166,02182026025045537,Success,
14007,Office,59703 Blake Extensions,3356359829,02182026025045537,Success,
1667,Office,6421 Dillon Loop,6198998151,02182026025045537,Success,
14007,Office,6532 Leonel Rest,4095185764,02182026025045537,Success,
1667,Office,45195 Mariah Route,6994604861,02182026025045537,Success,
14007,Office,380 N 9th Street,8341884789,02182026025045537,Success,
1667,Office,34571 Lake Street,8125476984,02182026025045537,Success,
14007,Office,97794 Nichole Mountains,4467082422,02182026025045537,Success,
1667,Office,549 S Oak Street,4986545213,02182026025045537,Success,
14007,Office,674 Market Square,8588741521,02182026025045537,Success,
1667,Office,775 Center Avenue,4759125410,02182026025045537,Success,
14007,Office,2040 Rodolfo Lane,9559416654,02182026025045537,Success,
1667,Office,1474 Woodlands Road,8550842135,02182026025045537,Success,
14007,Office,1644 Cedar Avenue,7980561836,02182026025045537,Success,
1667,Office,8174 Washington Street,7817917924,02182026025045537,Success,
14007,Office,3872 Hayes Courts,3211713151,02182026025045537,Success,
1667,Office,73520 Schaefer Station,4554143849,02182026025045537,Success,
14007,Office,968 Susanna Club,1788082823,02182026025045537,Success,
1667,Office,33345 Schumm Ridges,5496261651,02182026025045537,Success,
14007,Office,800 Cristopher Fall,3827309551,02182026025045537,Success,
1667,Office,791 The Mews,2119051470,02182026025045537,Success,
14007,Office,86165 Veum Ridges,6880073884,02182026025045537,Success,
1667,Office,9554 N Franklin Street,5803738390,02182026025045537,Success,
14007,Office,224 Triston Pine,9260948360,02182026025045537,Success,
1667,Office,7236 Ewell Cove,2792590002,02182026025045537,Success,
14007,Office,870 Donald Landing,8972789754,02182026025045537,Success,
1667,Office,2943 Rod Shoal,4035195660,02182026025045537,Success,
14007,Office,856 Korbin Burg,8541511806,02182026025045537,Success,
1667,Office,545 Oak Avenue,2130821639,02182026025045537,Success,
14007,Office,827 Gleichner Station,3581717799,02182026025045537,Success,
1667,Office,60331 Elijah Mills,3994278925,02182026025045537,Success,
14007,Office,758 Lynch Garden,3450842149,02182026025045537,Success,
1667,Office,922 Noemy Corners,4929366093,02182026025045537,Success,
14007,Office,2716 Sarai Valley,4899357005,02182026025045537,Success,
1667,Office,4404 Grant Street,7646069193,02182026025045537,Success,
14007,Office,94593 Frami Passage,9781416363,02182026025045537,Success,
1667,Office,4433 Ernest Isle,9987638690,02182026025045537,Success,
14007,Office,7984 Jess Cliffs,6423282702,02182026025045537,Success,
1667,Office,6224 Riverside Drive,9353370652,02182026025045537,Success,
14007,Office,48958 Hardy Hill,6541662830,02182026025045537,Success,
1667,Office,94009 Buddy Ridges,9766937695,02182026025045537,Success,
14007,Office,6942 Rosenbaum Glens,2162352804,02182026025045537,Success,
1667,Office,7918 Talon Well,9806384473,02182026025045537,Success,
14007,Office,73528 Idell Light,7842156213,02182026025045537,Success,
1667,Office,10386 Elouise Estate,6941164969,02182026025045537,Success,
14007,Office,4950 E Walnut Street,7063870517,02182026025045537,Success,
1667,Office,65749 Erdman Motorway,4061297597,02182026025045537,Success,
14007,Office,9112 W Union Street,9037487162,02182026025045537,Success,
1667,Office,913 Chapel Close,4431660092,02182026025045537,Success,
14007,Office,33210 Hallie Fords,1707684125,02182026025045537,Success,
1667,Office,141 Deondre Branch,5998149987,02182026025045537,Success,
14007,Office,91552 W 10th Street,4779459331,02182026025045537,Success,
1667,Office,4958 Candelario Dale,8998778669,02182026025045537,Success,
14007,Office,681 The Willows,8137173878,02182026025045537,Success,
1667,Office,76197 Stroman Pine,4507164882,02182026025045537,Success,
14007,Office,2579 S Maple Street,6244810742,02182026025045537,Success,
1667,Office,18626 Cecile Highway,6498069765,02182026025045537,Success,
14007,Office,318 Finn Underpass,2334178347,02182026025045537,Success,
1667,Office,71789 Chapel Hill,8251569667,02182026025045537,Success,
14007,Office,959 Talbot Road,9256024756,02182026025045537,Success,
1667,Office,25546 Windmill Lane,1467564348,02182026025045537,Success,
14007,Office,5402 Joshuah Squares,8838958834,02182026025045537,Success,
1667,Office,69226 Kenyatta Plain,8700500854,02182026025045537,Success,
14007,Office,1764 N 8th Street,9709906754,02182026025045537,Success,
1667,Office,24325 Mueller Avenue,1494827842,02182026025045537,Success,
14007,Office,824 Taryn Camp,8863753024,02182026025045537,Success,
1667,Office,9993 Mill Close,6673866318,02182026025045537,Success,
14007,Office,60431 Harber Glens,2960215350,02182026025045537,Success,
1667,Office,1510 Jacobi Estate,2649119227,02182026025045537,Success,
14007,Office,8634 Zack Underpass,4771614099,02182026025045537,Success,
1667,Office,99196 Franecki Circle,9176816407,02182026025045537,Success,
14007,Office,260 Manor Road,7453513876,02182026025045537,Success,
1667,Office,24464 Reinger Overpass,4502365543,02182026025045537,Success,
14007,Office,204 Toy Oval,1157152851,02182026025045537,Success,
1667,Office,851 Maple Street,7665158705,02182026025045537,Success,
14007,Office,848 Langworth Mews,8023355973,02182026025045537,Success,
1667,Office,7671 Connelly Burg,4211445442,02182026025045537,Success,
14007,Office,782 Crescent Road,4809509796,02182026025045537,Success,
1667,Office,112 Kelvin Rapids,3063855421,02182026025045537,Success,
14007,Office,41702 Kevon Glens,5332555744,02182026025045537,Success,
1667,Office,8485 Aisha Squares,7951197596,02182026025045537,Success,
14007,Office,869 Brant Plain,4346165157,02182026025045537,Success,
1667,Office,65632 Mae Squares,8213042858,02182026025045537,Success,
14007,Office,1386 York Road,8627425407,02182026025045537,Success,
1667,Office,2629 Rectory Close,7528955745,02182026025045537,Success,
14007,Office,115 W 11th Street,3512931914,02182026025045537,Success,
1667,Office,7160 Ahmed Square,1094147555,02182026025045537,Success,
14007,Office,3977 Raven Well,5158164742,02182026025045537,Success,
1667,Office,9845 Markus Track,3556974476,02182026025045537,Success,
14007,Office,330 Keven Throughway,3825315153,02182026025045537,Success,
1667,Office,59248 Candace Lights,6441983767,02182026025045537,Success,
14007,Office,1684 Brandon Pines,6911086302,02182026025045537,Success,
1667,Office,2996 Kamron Heights,1357201212,02182026025045537,Success,
14007,Office,2458 Kennith Mountains,8287083608,02182026025045537,Success,
1667,Office,5651 Monica Causeway,3629050523,02182026025045537,Success,
14007,Office,654 E Market Street,8447431885,02182026025045537,Success,
1667,Office,3828 Hyatt Land,5564983529,02182026025045537,Success,
14007,Office,61772 Hettinger Cape,3935258776,02182026025045537,Success,
1667,Office,51066 Gusikowski Lakes,3315760561,02182026025045537,Success,
14007,Office,3896 O'Connell River,2659482464,02182026025045537,Success,
1667,Office,68395 Herman Viaduct,5208859878,02182026025045537,Success,
14007,Office,44470 Nikolas Corners,9506236780,02182026025045537,Success,
1667,Office,4560 Jayson Keys,7552694474,02182026025045537,Success,
14007,Office,7580 Holly Close,4033383692,02182026025045537,Success,
1667,Office,9581 Forest Road,6461813345,02182026025045537,Success,
14007,Office,9982 W Market Street,9647063398,02182026025045537,Success,
1667,Office,2848 Kassandra Crest,8586364461,02182026025045537,Success,
14007,Office,51707 Ulices Fork,6081378075,02182026025045537,Success,
1667,Office,901 The Mount,6468912844,02182026025045537,Success,
14007,Office,29663 Thiel Route,9807385820,02182026025045537,Success,
1667,Office,965 Stehr Pine,6208626266,02182026025045537,Success,
14007,Office,2335 E 14th Street,5202761542,02182026025045537,Success,
1667,Office,859 Nicola Walks,6848188645,02182026025045537,Success,
14007,Office,568 Samantha Route,2804806448,02182026025045537,Success,
1667,Office,6924 Wuckert Branch,1144224307,02182026025045537,Success,
14007,Office,93246 Ashlee Cliff,6560529830,02182026025045537,Success,
1667,Office,145 McCullough Tunnel,5817812753,02182026025045537,Success,
14007,Office,741 Wyman Center,2340611004,02182026025045537,Success,
1667,Office,23280 Ullrich Ramp,4174769652,02182026025045537,Success,
14007,Office,6599 Fay Field,9439702243,02182026025045537,Success,
1667,Office,229 Rippin Harbors,4664757301,02182026025045537,Success,
14007,Office,951 Farm Close,4875343157,02182026025045537,Success,
1667,Office,99032 Austyn Drives,9904994052,02182026025045537,Success,
14007,Office,21359 Lueilwitz Well,8552240876,02182026025045537,Success,
1667,Office,44675 Rath Path,2351230480,02182026025045537,Success,
14007,Office,34300 Braun Square,6515300156,02182026025045537,Success,
1667,Office,138 Stanley Street,5636272982,02182026025045537,Success,
14007,Office,3417 Jayce Fields,1434468720,02182026025045537,Success,
1667,Office,38057 Bernhard Knolls,7490372185,02182026025045537,Success,
14007,Office,357 Luettgen Lodge,1767295523,02182026025045537,Success,
1667,Office,6263 Gulgowski Ridge,6777784691,02182026025045537,Success,
14007,Office,750 Euna Parkway,2831722369,02182026025045537,Success,
1667,Office,42280 Hagenes Spring,4665561609,02182026025045537,Success,
14007,Office,9214 Stokes Squares,1471670670,02182026025045537,Success,
1667,Office,464 Price Circle,5651828621,02182026025045537,Success,
14007,Office,9340 Parisian Freeway,2277556910,02182026025045537,Success,
1667,Office,4546 Lindsey Crossroad,9410481055,02182026025045537,Success,
14007,Office,2206 Spencer Parks,4434054826,02182026025045537,Success,
1667,Office,594 Ismael Turnpike,2525967079,02182026025045537,Success,
14007,Office,14215 Gregoria Key,4857796182,02182026025045537,Success,
1667,Office,1106 Rebecca Glens,5374055351,02182026025045537,Success,
14007,Office,7588 S Grand Avenue,5299310543,02182026025045537,Success,
1667,Office,4997 Crystal Extensions,8639516481,02182026025045537,Success,
14007,Office,23001 Zemlak Wall,5801361607,02182026025045537,Success,
1667,Office,5820 Dickens Spur,7061204991,02182026025045537,Success,
14007,Office,6448 Wren Close,6494547864,02182026025045537,Success,
1667,Office,1140 N College Street,2332619194,02182026025045537,Success,
14007,Office,436 Jorge Spurs,8989528509,02182026025045537,Success,
1667,Office,91829 Sid Expressway,3545132244,02182026025045537,Success,
14007,Office,530 Stanley Street,6134976672,02182026025045537,Success,
1667,Office,87175 Colt Junction,7050134309,02182026025045537,Success,
14007,Office,84361 Rory Square,7680495492,02182026025045537,Success,
1667,Office,581 Oak Road,8063843775,02182026025045537,Success,
14007,Office,23269 Cedrick Falls,6357020399,02182026025045537,Success,
1667,Office,5558 Kerluke Lake,6231602489,02182026025045537,Success,
14007,Office,6228 Goyette Union,7580964275,02182026025045537,Success,
1667,Office,15248 Duane Keys,7944963043,02182026025045537,Success,
14007,Office,937 Loyal Fort,4653222084,02182026025045537,Success,
1667,Office,717 Emerson Shoal,8123317414,02182026025045537,Success,
14007,Office,24841 Tatyana Cove,6733442072,02182026025045537,Success,
1667,Office,11683 Hamill Gateway,9636464132,02182026025045537,Success,
14007,Office,5056 Muller Cove,5739306334,02182026025045537,Success,
1667,Office,680 Field Lane,4523358132,02182026025045537,Success,
14007,Office,9861 Oak Lane,2433950765,02182026025045537,Success,
1667,Office,35286 Lehner Greens,5895693911,02182026025045537,Success,
14007,Office,6452 E Front Street,8764092304,02182026025045537,Success,
1667,Office,97980 7th Avenue,9762642013,02182026025045537,Success,
14007,Office,446 Ignacio Via,6576050880,02182026025045537,Success,
1667,Office,3718 Kuvalis Lake,5292080364,02182026025045537,Success,
14007,Office,9834 Larson Garden,3735250941,02182026025045537,Success,
1667,Office,53133 State Line Road,9240604653,02182026025045537,Success,
14007,Office,739 Genoveva Coves,3976482178,02182026025045537,Success,
1667,Office,3556 Johnson Groves,4426237488,02182026025045537,Success,
14007,Office,60517 Park Lane,5401627695,02182026025045537,Success,
1667,Office,5255 Muller Haven,1818812624,02182026025045537,Success,
14007,Office,234 Durward Flats,4459501555,02182026025045537,Success,
1667,Office,6733 Pedro Drives,2911320877,02182026025045537,Success,
14007,Office,4003 Hackett Divide,3775569816,02182026025045537,Success,
1667,Office,27522 Armstrong Islands,6701948694,02182026025045537,Success,
14007,Office,4224 Tillman View,6758866542,02182026025045537,Success,
1667,Office,13378 Fourth Avenue,8983983592,02182026025045537,Success,
14007,Office,135 Sycamore Avenue,5705511721,02182026025045537,Success,
1667,Office,11163 Romaguera Well,4709951761,02182026025045537,Success,
14007,Office,926 S West Street,6802415836,02182026025045537,Success,
1667,Office,3528 Marks Underpass,5356876107,02182026025045537,Success,
14007,Office,73426 Kling Keys,4601124787,02182026025045537,Success,
1667,Office,90861 Maple Close,7965408529,02182026025045537,Success,
14007,Office,246 The Poplars,1965470592,02182026025045537,Success,
1667,Office,4732 North Lane,7138464184,02182026025045537,Success,
14007,Office,923 Boyle Haven,5260853215,02182026025045537,Success,
1667,Office,3252 Vesta Pass,8361494338,02182026025045537,Success,
14007,Office,625 Sabryna Alley,4062712525,02182026025045537,Success,
1667,Office,2243 Lynn Throughway,3071951467,02182026025045537,Success,
14007,Office,954 Miller Estates,4801966341,02182026025045537,Success,
1667,Office,20656 Devonshire Road,3576821368,02182026025045537,Success,
14007,Office,3205 Jewell Wall,5223902270,02182026025045537,Success,
1667,Office,915 Third Avenue,4997728851,02182026025045537,Success,
14007,Office,32823 Irwin Locks,1422569513,02182026025045537,Success,
1667,Office,8800 S Main,5245430549,02182026025045537,Success,
14007,Office,722 Floyd View,1007779122,02182026025045537,Success,
1667,Office,931 S 1st Street,5515072226,02182026025045537,Success,
14007,Office,830 N Church Street,1836820957,02182026025045537,Success,
1667,Office,4141 Mara Expressway,6904815755,02182026025045537,Success,
14007,Office,875 Grove Road,2624539159,02182026025045537,Success,
1667,Office,550 Prospect Place,5399328638,02182026025045537,Success,
14007,Office,33605 Kim Forge,3244037213,02182026025045537,Success,
1667,Office,2371 Feest Ville,8754678178,02182026025045537,Success,
14007,Office,145 Borer Extensions,2636675213,02182026025045537,Success,
1667,Office,386 Juvenal Light,1995474028,02182026025045537,Success,
14007,Office,2181 Parkside,9389879755,02182026025045537,Success,
1667,Office,2978 Lexie Bypass,2315308598,02182026025045537,Success,
14007,Office,45415 Hubert Crescent,2699189973,02182026025045537,Success,
1667,Office,80693 Marty Crossing,6621680051,02182026025045537,Success,
14007,Office,605 O'Conner Points,5987575150,02182026025045537,Success,
1667,Office,10491 Rippin Ranch,6798335209,02182026025045537,Success,
14007,Office,1881 Ratke Hollow,5415110930,02182026025045537,Success,
1667,Office,9032 Terence Spurs,5071923897,02182026025045537,Success,
14007,Office,96523 E 4th Avenue,1876663269,02182026025045537,Success,
1667,Office,809 Durgan Islands,7043527744,02182026025045537,Success,
14007,Office,66640 5th Street,4880083460,02182026025045537,Success,
1667,Office,733 Cassin Hill,1080413076,02182026025045537,Success,
14007,Office,780 Hannah Ridge,4638117715,02182026025045537,Success,
1667,Office,89589 Wisozk Estates,5303243499,02182026025045537,Success,
14007,Office,7649 Wood Street,2975155524,02182026025045537,Success,
1667,Office,54972 Leila Course,7826638509,02182026025045537,Success,
14007,Office,993 Schumm Ramp,4213989145,02182026025045537,Success,
1667,Office,97833 Spencer Field,4148793468,02182026025045537,Success,
14007,Office,709 Milo Glens,2246769434,02182026025045537,Success,
1667,Office,142 Deckow Divide,4224906006,02182026025045537,Success,
14007,Office,477 Howell Ferry,3993227003,02182026025045537,Success,
1667,Office,577 Danny Manor,8472035767,02182026025045537,Success,
14007,Office,155 E 9th Street,7783890558,02182026025045537,Success,
1667,Office,85224 Madie Burgs,1450450486,02182026025045537,Success,
14007,Office,183 Sycamore Drive,1730123758,02182026025045537,Success,
1667,Office,7341 Bobby Run,7054196390,02182026025045537,Success,
14007,Office,4528 Bogan Skyway,5416151869,02182026025045537,Success,
1667,Office,773 Genevieve Fall,8042842208,02182026025045537,Success,
14007,Office,27745 Ilene Pass,5154231375,02182026025045537,Success,
1667,Office,3825 Gia Pass,8576658062,02182026025045537,Success,
14007,Office,8567 Spinka Ranch,5417962055,02182026025045537,Success,
1667,Office,5544 Sipes Junctions,6900533634,02182026025045537,Success,
14007,Office,5839 Wisozk Mills,5233742077,02182026025045537,Success,
1667,Office,5136 Parisian Lakes,8562336077,02182026025045537,Success,
14007,Office,995 Buckingham Road,8701794577,02182026025045537,Success,
1667,Office,60145 S Mill Street,9240056335,02182026025045537,Success,
14007,Office,1224 Reichel Stream,9329696375,02182026025045537,Success,
1667,Office,11931 Tanya Grove,5016391330,02182026025045537,Success,
14007,Office,65483 Buckingham Road,5175325628,02182026025045537,Success,
1667,Office,97856 15th Street,3200734935,02182026025045537,Success,
14007,Office,8876 Hamill Path,2503966159,02182026025045537,Success,
1667,Office,541 Park Avenue,9477672382,02182026025045537,Success,
14007,Office,66131 Erdman Motorway,4493019774,02182026025045537,Success,
1667,Office,344 Windmill Lane,3803322479,02182026025045537,Success,
14007,Office,98962 Nolan Village,1911366097,02182026025045537,Success,
1667,Office,36368 Peyton Dale,4947234537,02182026025045537,Success,
14007,Office,9378 N 4th Street,5013374687,02182026025045537,Success,
1667,Office,1886 Hartmann Via,2783612618,02182026025045537,Success,
14007,Office,272 S Mill Street,9923927242,02182026025045537,Success,
1667,Office,525 Kingsway,7005779747,02182026025045537,Success,
14007,Office,864 Borer Square,4072138481,02182026025045537,Success,
1667,Office,45951 Keon Radial,6014156975,02182026025045537,Success,
14007,Office,3759 Michelle Skyway,8496599062,02182026025045537,Success,
1667,Office,445 Terry Overpass,4503418581,02182026025045537,Success,
14007,Office,41490 S Washington Street,6872171692,02182026025045537,Success,
1667,Office,394 The Chase,4202587648,02182026025045537,Success,
14007,Office,959 Clinton Street,1250472599,02182026025045537,Success,
1667,Office,4311 Strosin Crescent,6700868518,02182026025045537,Success,
14007,Office,4950 Yvonne Coves,6956567374,02182026025045537,Success,
1667,Office,7728 N Front Street,5692742705,02182026025045537,Success,
14007,Office,286 South Avenue,9489340053,02182026025045537,Success,
1667,Office,3086 Luz Keys,2091020325,02182026025045537,Success,
14007,Office,689 Williamson Mills,2652199839,02182026025045537,Success,
1667,Office,32650 Stark Shoals,1525248940,02182026025045537,Success,
14007,Office,84768 Martin Luther King Boulevard,9701871960,02182026025045537,Success,
1667,Office,9589 Alfredo Pike,2716276626,02182026025045537,Success,
14007,Office,919 Leannon Trace,2799085956,02182026025045537,Success,
1667,Office,8001 S Broad Street,1229311367,02182026025045537,Success,
14007,Office,81203 N Harrison Street,4203855091,02182026025045537,Success,
1667,Office,5839 Hand Loop,7309560832,02182026025045537,Success,
14007,Office,736 The Coppice,7617287955,02182026025045537,Success,
1667,Office,25368 Hoeger Meadows,1240933498,02182026025045537,Success,
14007,Office,3928 Elsie Union,8534385006,02182026025045537,Success,
1667,Office,73026 Tristian Streets,7539384921,02182026025045537,Success,
14007,Office,6812 Beahan Way,8432697274,02182026025045537,Success,
1667,Office,6775 Kohler Canyon,9781570623,02182026025045537,Success,
14007,Office,562 Ashlynn Drives,8243770881,02182026025045537,Success,
1667,Office,75431 Smitham Place,5235664019,02182026025045537,Success,
14007,Office,7631 Verda Course,2375898675,02182026025045537,Success,
1667,Office,889 Hessel Ville,2688227579,02182026025045537,Success,
14007,Office,702 Jacynthe Camp,9353551881,02182026025045537,Success,
1667,Office,1007 D'angelo Tunnel,8022198358,02182026025045537,Success,
14007,Office,3393 Larson Springs,9598253244,02182026025045537,Success,
1667,Office,60258 College Avenue,9505007260,02182026025045537,Success,
14007,Office,3374 Dejah Lock,7551060824,02182026025045537,Success,
1667,Office,699 Lonnie Trafficway,9609075020,02182026025045537,Success,
14007,Office,8285 Rhianna Stream,5345539338,02182026025045537,Success,
1667,Office,834 Piper Light,3455581635,02182026025045537,Success,
14007,Office,33392 E Broadway Street,3088778440,02182026025045537,Success,
1667,Office,842 Kirlin Circle,6443833580,02182026025045537,Success,
14007,Office,173 Blake Station,4496614813,02182026025045537,Success,
1667,Office,43535 Upton Bridge,8809483272,02182026025045537,Success,
14007,Office,3165 Kenna Green,4146663923,02182026025045537,Success,
1667,Office,71703 Birch Grove,3659924440,02182026025045537,Success,
14007,Office,23733 Dulce Fork,6699029497,02182026025045537,Success,
1667,Office,57960 Gladstone Road,3547405552,02182026025045537,Success,
14007,Office,818 Stanley Road,4971917360,02182026025045537,Success,
1667,Office,7880 Liberty Street,6956353769,02182026025045537,Success,
14007,Office,2086 Alberto Mews,5841521762,02182026025045537,Success,
1667,Office,229 Wood Lane,8894593882,02182026025045537,Success,
14007,Office,77814 Considine Ranch,1138270858,02182026025045537,Success,
1667,Office,580 Laurel Close,9363127815,02182026025045537,Success,
14007,Office,15224 Waverley Road,2216702241,02182026025045537,Success,
1667,Office,308 W 9th Street,8225862975,02182026025045537,Success,
14007,Office,84533 The Maltings,1286504292,02182026025045537,Success,
1667,Office,851 Kirlin Underpass,2065891889,02182026025045537,Success,
14007,Office,80223 Sedrick Turnpike,6991201357,02182026025045537,Success,
1667,Office,695 Pearline Stravenue,8311715830,02182026025045537,Success,
14007,Office,3605 Mount Pleasant,4123369737,02182026025045537,Success,
1667,Office,9985 Orland Circle,3817804236,02182026025045537,Success,
14007,Office,93601 Kevon Way,2008423467,02182026025045537,Success,
1667,Office,975 Marlee Forges,6615788926,02182026025045537,Success,
14007,Office,94361 W 4th Street,4696051416,02182026025045537,Success,
1667,Office,329 N Main Avenue,2165947700,02182026025045537,Success,
14007,Office,5509 Old Lane,8444915568,02182026025045537,Success,
1667,Office,89436 Sawayn Radial,5805072429,02182026025045537,Success,
14007,Office,1926 Orn Squares,3828903491,02182026025045537,Success,
1667,Office,970 Ryan Roads,2033542531,02182026025045537,Success,
14007,Office,2810 Parker Knoll,4845574464,02182026025045537,Success,
1667,Office,2781 E Broad Street,5116743021,02182026025045537,Success,
14007,Office,78571 Aurelie Flats,7992561806,02182026025045537,Success,
1667,Office,68925 O'Reilly Wells,1939580895,02182026025045537,Success,
14007,Office,5759 Kozey Parkway,5187528748,02182026025045537,Success,
1667,Office,3068 Labadie Run,4138059416,02182026025045537,Success,
14007,Office,52817 Green Drives,3132274149,02182026025045537,Success,
1667,Office,98531 Ottis Fall,5999411917,02182026025045537,Success,
14007,Office,708 The Sidings,4601074987,02182026025045537,Success,
1667,Office,5326 Rick Junctions,9878496262,02182026025045537,Success,
14007,Office,98412 Deckow Plain,5112811025,02182026025045537,Success,
1667,Office,17249 Nelson Road,9090736174,02182026025045537,Success,
14007,Office,1571 Runolfsdottir Rapid,4157054473,02182026025045537,Success,
1667,Office,6663 Rodriguez Crossing,8868019703,02182026025045537,Success,
14007,Office,1831 Annalise Shore,7380737464,02182026025045537,Success,
1667,Office,1696 Melissa Flats,3588266668,02182026025045537,Success,
14007,Office,7098 Crist Centers,7971063901,02182026025045537,Success,
1667,Office,928 Lindgren Shoal,4749260448,02182026025045537,Success,
14007,Office,2516 King Key,5679709791,02182026025045537,Success,
1667,Office,815 Bashirian Camp,8673339682,02182026025045537,Success,
14007,Office,74551 Emanuel Club,6854944450,02182026025045537,Success,
1667,Office,4391 Mount Street,4262151223,02182026025045537,Success,
14007,Office,20015 Christina Stravenue,4238528244,02182026025045537,Success,
1667,Office,991 Louie Way,3741979900,02182026025045537,Success,
14007,Office,1328 Ratke Ranch,3564184004,02182026025045537,Success,
1667,Office,2797 Theodora Crest,6205726357,02182026025045537,Success,
14007,Office,19771 Rogahn Islands,5284578673,02182026025045537,Success,
1667,Office,50219 Mohr Brooks,3810974602,02182026025045537,Success,
14007,Office,2912 N High Street,7301042672,02182026025045537,Success,
1667,Office,6932 Waelchi Isle,1198274706,02182026025045537,Success,
14007,Office,89304 Kimberly Oval,9876412587,02182026025045537,Success,
1667,Office,3304 Mraz Run,4133718921,02182026025045537,Success,
14007,Office,517 Charles Street,7928447582,02182026025045537,Success,
1667,Office,17757 Bode Street,5571249865,02182026025045537,Success,
14007,Office,43756 Valentin Plain,8707820252,02182026025045537,Success,
1667,Office,8567 Marion Bypass,2051120469,02182026025045537,Success,
14007,Office,73120 Weber Estates,6778517068,02182026025045537,Success,
1667,Office,906 Alfredo Walk,6604694745,02182026025045537,Success,
14007,Office,37138 Kings Highway,3165627560,02182026025045537,Success,
1667,Office,1341 N Pearl Street,4767399741,02182026025045537,Success,
14007,Office,64077 Flatley Avenue,6585709731,02182026025045537,Success,
1667,Office,44332 Nicklaus Forks,1585971026,02182026025045537,Success,
14007,Office,607 Hahn Manor,7843523371,02182026025045537,Success,
1667,Office,20215 Liberty Street,3550263870,02182026025045537,Success,
14007,Office,75665 Iliana Burg,8291439195,02182026025045537,Success,
1667,Office,66694 Lakin Spring,8029359975,02182026025045537,Success,
14007,Office,245 The Crescent,4433870743,02182026025045537,Success,
1667,Office,808 First Avenue,2763969973,02182026025045537,Success,
14007,Office,68841 Beier Union,1223444170,02182026025045537,Success,
1667,Office,720 Vickie Plaza,4616062554,02182026025045537,Success,
14007,Office,480 7th Street,5111735497,02182026025045537,Success,
1667,Office,6300 Broad Street,4394691176,02182026025045537,Success,
14007,Office,22786 Reynolds Creek,9153230146,02182026025045537,Success,
1667,Office,6245 Kautzer Centers,1621373203,02182026025045537,Success,
14007,Office,1203 Weimann Landing,7906376075,02182026025045537,Success,
1667,Office,22759 Mayert Point,8875059930,02182026025045537,Success,
14007,Office,7723 Hauck Junctions,6476020813,02182026025045537,Success,
1667,Office,35508 Taryn Centers,6082528777,02182026025045537,Success,
14007,Office,332 Emily Run,6934689930,02182026025045537,Success,
1667,Office,1218 W 3rd Street,8834004418,02182026025045537,Success,
14007,Office,6262 Moor Lane,2908301562,02182026025045537,Success,
1667,Office,933 Pacocha Station,5757109683,02182026025045537,Success,
14007,Office,6987 Henderson Spur,9560061056,02182026025045537,Success,
1667,Office,645 N Central Avenue,3552783455,02182026025045537,Success,
14007,Office,330 Smith Islands,9127399537,02182026025045537,Success,
1667,Office,4049 Kautzer Wells,9847068554,02182026025045537,Success,
14007,Office,594 W 6th Avenue,8690279024,02182026025045537,Success,
1667,Office,56469 Corwin Extensions,5798014426,02182026025045537,Success,
14007,Office,101 Mante Mountain,1411020779,02182026025045537,Success,
1667,Office,255 Hoyt Meadows,3861079383,02182026025045537,Success,
14007,Office,2094 Emiliano Lakes,3319096617,02182026025045537,Success,
1667,Office,1946 South Street,2871088724,02182026025045537,Success,
14007,Office,8073 Schultz Harbors,3433862102,02182026025045537,Success,
1667,Office,194 Alba Spring,4146110236,02182026025045537,Success,
14007,Office,580 Hill Street,6239421055,02182026025045537,Success,
1667,Office,9063 Edd Fields,6108062037,02182026025045537,Success,
14007,Office,68014 Abernathy Mission,3945140620,02182026025045537,Success,
1667,Office,114 Manor Close,8019686083,02182026025045537,Success,
14007,Office,5331 Botsford Villages,2584182413,02182026025045537,Success,
1667,Office,803 Daniel Fort,9110073245,02182026025045537,Success,
14007,Office,4484 S East Street,9931102528,02182026025045537,Success,
1667,Office,2344 Janice Park,3112989770,02182026025045537,Success,
14007,Office,90610 Marsh Lane,2042177103,02182026025045537,Success,
1667,Office,6315 Sycamore Close,8327330277,02182026025045537,Success,
14007,Office,71608 Beatrice Landing,5682824572,02182026025045537,Success,
1667,Office,731 Schoen Hill,3306267713,02182026025045537,Success,
14007,Office,258 E 4th Street,4011264772,02182026025045537,Success,
1667,Office,987 Grimes Islands,7082035215,02182026025045537,Success,
14007,Office,595 Easter Isle,6938331757,02182026025045537,Success,
1667,Office,1836 Maye Corner,3090801406,02182026025045537,Success,
14007,Office,669 Britney Haven,6057282338,02182026025045537,Success,
1667,Office,274 Clemens Land,8331182747,02182026025045537,Success,
14007,Office,137 Low Road,3193324439,02182026025045537,Success,
1667,Office,67966 Henry Street,5076699469,02182026025045537,Success,
14007,Office,78968 E Main,4778135436,02182026025045537,Success,
1667,Office,232 Charles Street,2506278552,02182026025045537,Success,
14007,Office,29513 Nolan Mills,2285279434,02182026025045537,Success,
1667,Office,8554 Delia Cliffs,7433664157,02182026025045537,Success,
14007,Office,356 Kamren Manor,3554769973,02182026025045537,Success,
1667,Office,4504 Padberg Row,3978949977,02182026025045537,Success,
14007,Office,173 Schmidt Village,1868516085,02182026025045537,Success,
1667,Office,60721 Kristofer Square,4465623441,02182026025045537,Success,
14007,Office,994 Post Road,2410793506,02182026025045537,Success,
1667,Office,18074 Dooley Ridge,1911225066,02182026025045537,Success,
14007,Office,893 Haley Alley,1847282449,02182026025045537,Success,
1667,Office,821 The Beeches,1375283335,02182026025045537,Success,
14007,Office,1591 Schuyler Trace,1473616388,02182026025045537,Success,
1667,Office,3405 15th Street,3739474602,02182026025045537,Success,
14007,Office,860 Maiya Keys,4301696747,02182026025045537,Success,
1667,Office,73770 N Central Avenue,7485778114,02182026025045537,Success,
14007,Office,29933 Crooks Roads,4011230689,02182026025045537,Success,
1667,Office,933 Beth Bypass,9994052558,02182026025045537,Success,
14007,Office,8226 Andreanne Ways,3383008539,02182026025045537,Success,
1667,Office,81111 Vesta Place,6993082876,02182026025045537,Success,
14007,Office,9590 Astrid Valleys,3584492897,02182026025045537,Success,
1667,Office,8305 Langosh Flats,1817156306,02182026025045537,Success,
14007,Office,3862 Avenue Road,6176343359,02182026025045537,Success,
1667,Office,17002 E South Street,7794468336,02182026025045537,Success,
14007,Office,1651 Cremin Falls,6227034861,02182026025045537,Success,
1667,Office,8236 Davis Drive,1917267025,02182026025045537,Success,
14007,Office,2308 Hartmann Turnpike,2720461625,02182026025045537,Success,
1667,Office,1932 Morissette Mews,5824738424,02182026025045537,Success,
14007,Office,10205 The Green,1860799124,02182026025045537,Success,
1667,Office,265 Chapel Street,8646614962,02182026025045537,Error,Duplicate contact
14007,Office,19422 E 6th Street,4588701625,02182026025045537,Success,
1667,Office,22286 Heather Close,3763472904,02182026025045537,Success,
14007,Office,532 Wehner Cliffs,4117843243,02182026025045537,Success,
1667,Office,650 Grange Close,6488354712,02182026025045537,Success,
14007,Office,245 Serena Forest,9719998586,02182026025045537,Success,
1667,Office,3971 Sauer Station,6639313107,02182026025045537,Success,
14007,Office,5594 Fay Plains,7053726855,02182026025045537,Success,
1667,Office,62873 Jacobson Burgs,5730065182,02182026025045537,Success,
14007,Office,64975 Cornell Views,6984309274,02182026025045537,Success,
1667,Office,59000 Smitham Valley,1181487951,02182026025045537,Success,
14007,Office,2728 4th Avenue,1288176873,02182026025045537,Success,
1667,Office,5426 Grove Lane,8052421332,02182026025045537,Success,
14007,Office,90478 Meadow Lane,2692434945,02182026025045537,Success,
1667,Office,210 Merle Gardens,1930943033,02182026025045537,Success,
14007,Office,3640 S Union Street,6941569830,02182026025045537,Success,
1667,Office,7708 Myrtle Club,1898867816,02182026025045537,Success,
14007,Office,650 E Center Street,6760660503,02182026025045537,Success,
1667,Office,33305 Wiza Motorway,6712469132,02182026025045537,Success,
14007,Office,617 Skyla Creek,2926289888,02182026025045537,Success,
1667,Office,90219 Beahan Fords,9071161913,02182026025045537,Success,
14007,Office,875 Verlie Overpass,2934024616,02182026025045537,Success,
1667,Office,4779 Jessy Isle,5417532078,02182026025045537,Success,
14007,Office,579 Blick Ridge,1856121144,02182026025045537,Success,
1667,Office,256 Sasha Bypass,1292162437,02182026025045537,Success,
14007,Office,17224 Gilberto Run,6646503939,02182026025045537,Success,
1667,Office,5724 State Street,8859940375,02182026025045537,Success,
14007,Office,2207 Hawthorn Close,1898382876,02182026025045537,Success,
1667,Office,9164 Kay Streets,6831356366,02182026025045537,Success,
14007,Office,735 Yasmeen Loaf,4791879044,02182026025045537,Success,
1667,Office,172 Vine Street,9009346584,02182026025045537,Success,
14007,Office,411 Upton Landing,5227627711,02182026025045537,Success,
1667,Office,558 Weissnat Court,3630823576,02182026025045537,Success,
14007,Office,2205 Windmill Lane,7945385384,02182026025045537,Success,
1667,Office,36517 McClure Run,9816823213,02182026025045537,Success,
14007,Office,8178 Emerson Estates,2958343177,02182026025045537,Success,
1667,Office,7566 Boundary Road,8650906516,02182026025045537,Success,
14007,Office,25982 Drew Knoll,5425217283,02182026025045537,Success,
1667,Office,99173 Devin Lake,3268624310,02182026025045537,Success,
14007,Office,1932 Keagan Shoals,4378133586,02182026025045537,Success,
1667,Office,3109 Margarete Oval,4389687503,02182026025045537,Success,
14007,Office,6126 Arielle Summit,2446835292,02182026025045537,Success,
1667,Office,317 Park Avenue,8939504494,02182026025045537,Success,
14007,Office,45460 S Center Street,2900001954,02182026025045537,Success,
1667,Office,7326 Konopelski Burgs,2083911343,02182026025045537,Success,
14007,Office,62923 Daniela Ville,2275262611,02182026025045537,Success,
1667,Office,401 Cummings Ranch,4453248031,02182026025045537,Success,
14007,Office,49925 Rowan Avenue,3266532523,02182026025045537,Success,
1667,Office,6257 Josue Spurs,3887642979,02182026025045537,Success,
14007,Office,1228 Dewitt Flat,8614184840,02182026025045537,Success,
1667,Office,7331 S Railroad Street,5285827002,02182026025045537,Success,
14007,Office,769 Von Pine,2039403495,02182026025045537,Success,
1667,Office,843 Stanton Grove,1273010431,02182026025045537,Success,
14007,Office,121 Bedford Road,3771589108,02182026025045537,Success,
1667,Office,525 Meadow Lane,3088797855,02182026025045537,Success,
14007,Office,8818 Kris Camp,3492873928,02182026025045537,Success,
1667,Office,794 Will Islands,4656142145,02182026025045537,Success,
14007,Office,22846 Riverside Avenue,7219554597,02182026025045537,Success,
1667,Office,9871 Nienow Bypass,7142375431,02182026025045537,Success,
14007,Office,416 Kozey Harbors,6346367017,02182026025045537,Success,
1667,Office,338 Pleasant Street,4400956295,02182026025045537,Success,
14007,Office,5753 Dooley Mills,9407326966,02182026025045537,Success,
1667,Office,96696 Kertzmann Orchard,1314231309,02182026025045537,Success,
14007,Office,687 Edwin Neck,5325761257,02182026025045537,Success,
1667,Office,60763 Belmont Road,8855774810,02182026025045537,Success,
14007,Office,5921 Highfield Close,4694257834,02182026025045537,Success,
1667,Office,235 Nader Pines,8206232882,02182026025045537,Success,
14007,Office,225 Solon Shores,2711933465,02182026025045537,Success,
1667,Office,79375 Dana Estate,5486889988,02182026025045537,Success,
14007,Office,21185 Nienow Cliff,5967971005,02182026025045537,Success,
1667,Office,14754 Well Lane,7389814875,02182026025045537,Success,
14007,Office,41786 N 6th Street,4989602203,02182026025045537,Success,
1667,Office,7901 Rhiannon Parkways,8715990931,02182026025045537,Success,
14007,Office,831 Grand Avenue,9070836697,02182026025045537,Success,
1667,Office,7210 Long Lane,5842981049,02182026025045537,Success,
14007,Office,178 Adaline Pine,5536430307,02182026025045537,Success,
1667,Office,2734 Schroeder Divide,2397660956,02182026025045537,Success,
14007,Office,9029 Kingsway,5749130644,02182026025045537,Success,
1667,Office,2658 N Broad Street,8647904568,02182026025045537,Success,
14007,Office,69625 Wisozk Garden,9798704245,02182026025045537,Success,
1667,Office,6566 Feil Extensions,1705334007,02182026025045537,Success,
14007,Office,93056 N Union Street,2354659262,02182026025045537,Success,
1667,Office,87007 Victoria Street,1774908115,02182026025045537,Success,
14007,Office,207 Armstrong Vista,2036031178,02182026025045537,Success,
1667,Office,786 Crescent Road,9500678594,02182026025045537,Success,
14007,Office,4510 W Bridge Street,5691130466,02182026025045537,Success,
1667,Office,65611 Collin View,1384364842,02182026025045537,Success,
14007,Office,191 Kling Pike,2843070751,02182026025045537,Success,
1667,Office,190 Bruen Meadow,3638165768,02182026025045537,Success,
14007,Office,84674 Kolby Wells,5150364051,02182026025045537,Success,
1667,Office,23446 Mason Manor,2006388150,02182026025045537,Success,
14007,Office,65378 Waelchi Dam,4542782120,02182026025045537,Success,
1667,Office,6128 Lincoln Road,2504254066,02182026025045537,Success,
14007,Office,78073 E Jefferson Street,3963524965,02182026025045537,Success,
1667,Office,627 Commercial Road,5564385845,02182026025045537,Success,
14007,Office,11844 Misael Shore,6998829003,02182026025045537,Success,
1667,Office,3170 Maverick Rue,8702424802,02182026025045537,Success,
14007,Office,37224 Mayer Course,3596113304,02182026025045537,Success,
1667,Office,923 Janiya Spur,6515177565,02182026025045537,Success,
14007,Office,5762 Leonie Expressway,8717363935,02182026025045537,Success,
1667,Office,50919 W Pine Street,9424550813,02182026025045537,Success,
14007,Office,15093 Goodwin Light,1273819334,02182026025045537,Success,
1667,Office,54889 Glebe Close,8793250294,02182026025045537,Success,
14007,Office,4774 Greenholt Shores,8221353275,02182026025045537,Success,
1667,Office,97811 Kuhic Mill,4513038402,02182026025045537,Success,
14007,Office,103 Schiller Court,9614372068,02182026025045537,Success,
1667,Office,65488 Pound Lane,3718992017,02182026025045537,Success,
14007,Office,1622 Dominique Mission,9368408345,02182026025045537,Success,
1667,Office,54539 Austin Run,1093353720,02182026025045537,Success,
14007,Office,540 Murphy Radial,9467048096,02182026025045537,Success,
1667,Office,82794 Theodore Point,7465978822,02182026025045537,Success,
14007,Office,9932 August Lane,9580796502,02182026025045537,Success,
1667,Office,3135 N Market Street,1436386741,02182026025045537,Success,
14007,Office,87821 Sylvia Plain,8762600673,02182026025045537,Success,
1667,Office,4737 State Street,3797817071,02182026025045537,Success,
14007,Office,399 Lafayette Street,7048019413,02182026025045537,Success,
1667,Office,83184 Arturo Expressway,3438147303,02182026025045537,Success,
14007,Office,8905 Virginia Trail,5157702627,02182026025045537,Success,
1667,Office,1881 Hodkiewicz Views,7221841548,02182026025045537,Success,
14007,Office,56379 Little Lakes,2345501040,02182026025045537,Success,
1667,Office,4151 Erich Forks,7070390130,02182026025045537,Success,
14007,Office,108 Oren Freeway,3693917448,02182026025045537,Success,
1667,Office,48172 Crist Turnpike,5998406059,02182026025045537,Success,
14007,Office,429 Christiansen Grove,5278608143,02182026025045537,Success,
1667,Office,84364 Castle Close,2320712878,02182026025045537,Success,
14007,Office,5688 Jarod Court,4480891451,02182026025045537,Success,
1667,Office,72644 Christop Trail,2282058041,02182026025045537,Success,
14007,Office,29676 Wood Lane,7872466922,02182026025045537,Success,
1667,Office,57026 Heller Heights,6428360206,02182026025045537,Success,
14007,Office,214 Vicarage Lane,3055564877,02182026025045537,Success,
1667,Office,511 Langworth Parkway,6067825322,02182026025045537,Success,
14007,Office,612 Brook Road,6711950930,02182026025045537,Success,
1667,Office,46242 Harley Field,3923162170,02182026025045537,Success,
14007,Office,1492 Fidel Bridge,4790012375,02182026025045537,Success,
1667,Office,88447 Leonor Terrace,3456248742,02182026025045537,Success,
14007,Office,33795 Parisian Knoll,8108220098,02182026025045537,Success,
1667,Office,306 Hillside Avenue,9543062147,02182026025045537,Success,
14007,Office,580 Oberbrunner Pine,4535964751,02182026025045537,Success,
1667,Office,46769 Cherry Close,2193819755,02182026025045537,Success,
14007,Office,272 Roderick Ford,4236224073,02182026025045537,Success,
1667,Office,74191 Jaron Meadows,6723825363,02182026025045537,Success,
14007,Office,117 Nolan Park,4648777278,02182026025045537,Success,
1667,Office,2027 Nightingale Close,7942813163,02182026025045537,Success,
14007,Office,428 Rohan Radial,2833567517,02182026025045537,Success,
1667,Office,2506 Altenwerth Plain,2800520354,02182026025045537,Success,
14007,Office,895 Central Street,6316609909,02182026025045537,Success,
1667,Office,237 Berge Gardens,9086294783,02182026025045537,Success,
14007,Office,130 Buckingham Road,4203615997,02182026025045537,Success,
1667,Office,5433 Ova Spurs,2899444051,02182026025045537,Success,
14007,Office,878 The Causeway,6823531464,02182026025045537,Success,
1667,Office,341 Marsh Lane,7777920608,02182026025045537,Success,
14007,Office,4180 Noemie Point,3495627075,02182026025045537,Success,
1667,Office,566 Brakus Parks,7860039187,02182026025045537,Success,
14007,Office,4790 Tudor Close,6344500441,02182026025045537,Success,
1667,Office,3488 Hadley Turnpike,7872837564,02182026025045537,Success,
14007,Office,1809 W Union Street,5395211851,02182026025045537,Success,
1667,Office,85975 Manchester Road,6909594711,02182026025045537,Success,
14007,Office,275 Crooks Burgs,1032588183,02182026025045537,Success,
1667,Office,5309 N College Street,9173850014,02182026025045537,Success,
14007,Office,43054 Langosh Manors,5501712805,02182026025045537,Success,
1667,Office,3300 13th Street,4999732096,02182026025045537,Success,
14007,Office,7283 Madisyn Shoals,2612714365,02182026025045537,Success,
1667,Office,180 Belmont Road,6361193539,02182026025045537,Success,
14007,Office,779 E South Street,5834701768,02182026025045537,Success,
1667,Office,13062 Waters Port,3384402765,02182026025045537,Success,
14007,Office,184 Kuvalis Ways,5727213493,02182026025045537,Success,
1667,Office,9105 Reyes Mission,7698419329,02182026025045537,Success,
14007,Office,8294 Tessie Plain,7818231153,02182026025045537,Success,
1667,Office,575 Sporer Run,4170143058,02182026025045537,Success,
14007,Office,3175 Ayla Pike,8485651308,02182026025045537,Success,
1667,Office,7861 Tabitha Roads,1888306509,02182026025045537,Success,
14007,Office,619 Pfannerstill Run,7533254383,02182026025045537,Success,
1667,Office,297 Martin Luther King Jr Boulevard,3006021386,02182026025045537,Success,
14007,Office,74636 Glover Point,3810016432,02182026025045537,Success,
1667,Office,17777 Mara River,7978849592,02182026025045537,Success,
14007,Office,45021 Connor Port,6749989972,02182026025045537,Success,
1667,Office,230 Main Street N,7256655552,02182026025045537,Success,
14007,Office,24118 Towne Ferry,2168956592,02182026025045537,Success,
1667,Office,83785 S 1st Avenue,8382174061,02182026025045537,Success,
14007,Office,4349 Willow Close,7223220048,02182026025045537,Success,
1667,Office,10809 Moen Extensions,2018072304,02182026025045537,Success,
14007,Office,39887 Canal Street,2302337270,02182026025045537,Success,
1667,Office,5036 Feeney Locks,8854588385,02182026025045537,Success,
14007,Office,3128 Jones Pass,4270960272,02182026025045537,Success,
1667,Office,787 Gleichner Port,1727641470,02182026025045537,Success,
14007,Office,451 The Oval,4927481338,02182026025045537,Success,
1667,Office,47283 Skiles Burg,4912971606,02182026025045537,Success,
14007,Office,63851 Grady Plain,3501798124,02182026025045537,Success,
1667,Office,4128 Sandy Court,1972839635,02182026025045537,Success,
14007,Office,569 Lavada Radial,3255492090,02182026025045537,Success,
1667,Office,1000 Margarita Estate,4572343549,02182026025045537,Success,
14007,Office,534 Bernier Pass,8719577674,02182026025045537,Success,
1667,Office,35511 Lauriane Common,8152193954,02182026025045537,Success,
14007,Office,87577 Mabelle Garden,2249033245,02182026025045537,Success,
1667,Office,12631 Balistreri Radial,4908927700,02182026025045537,Success,
14007,Office,66768 Bridge Road,9668748227,02182026025045537,Success,
1667,Office,5488 The Sidings,5332806578,02182026025045537,Success,
14007,Office,54704 W North Street,8281748141,02182026025045537,Success,
1667,Office,2791 Ezequiel Gardens,1299619235,02182026025045537,Success,
14007,Office,5899 Mollie Harbor,8266226258,02182026025045537,Success,
1667,Office,60170 N Jefferson Street,7755882182,02182026025045537,Success,
14007,Office,7946 Ernestina Glen,4422013941,02182026025045537,Success,
1667,Office,538 W Church Street,8301377884,02182026025045537,Success,
14007,Office,4047 Keeling Corners,8331389084,02182026025045537,Success,
1667,Office,962 Farm Close,6807712727,02182026025045537,Success,
14007,Office,27447 Shanel Stream,3944476857,02182026025045537,Success,
1667,Office,217 Stracke Pine,4034547645,02182026025045537,Success,
14007,Office,2233 Ash Close,5912342749,02182026025045537,Success,
1667,Office,5873 14th Street,6691769176,02182026025045537,Success,
14007,Office,949 Carlotta Trafficway,7059898339,02182026025045537,Success,
1667,Office,2156 Casper Forest,1665193770,02182026025045537,Success,
14007,Office,6750 S Railroad Street,4584994423,02182026025045537,Success,
1667,Office,5820 Adams Avenue,7250877660,02182026025045537,Success,
14007,Office,505 Morissette Corner,1779478797,02182026025045537,Success,
1667,Office,602 Hickory Street,8472369748,02182026025045537,Success,
14007,Office,2667 Harrison Street,1136711285,02182026025045537,Success,
1667,Office,34704 Franey Plaza,7236528208,02182026025045537,Success,
14007,Office,820 Swift Village,7858790635,02182026025045537,Success,
1667,Office,9416 Rice Crossroad,4141725193,02182026025045537,Success,
14007,Office,440 Alessia Crossing,2168207210,02182026025045537,Success,
1667,Office,730 Pagac Branch,1174643187,02182026025045537,Success,
14007,Office,7659 Church Close,2312708584,02182026025045537,Success,
1667,Office,31388 Michael Highway,7172963682,02182026025045537,Success,
14007,Office,38633 Eldridge Land,2507899125,02182026025045537,Success,
1667,Office,36103 Prosacco Shore,9939286346,02182026025045537,Success,
14007,Office,791 Jamar Cape,1832789738,02182026025045537,Success,
1667,Office,50260 Miller Drive,5893818772,02182026025045537,Success,
14007,Office,827 Hirthe Summit,3381892022,02182026025045537,Success,
1667,Office,4443 Gerhold Falls,8325134763,02182026025045537,Success,
14007,Office,68248 Effertz Route,3499475802,02182026025045537,Success,
1667,Office,195 Davis Forges,3316384690,02182026025045537,Success,
14007,Office,719 Haley Courts,2290488124,02182026025045537,Success,
1667,Office,360 Wilson Parkway,7010751019,02182026025045537,Success,
14007,Office,26965 Ferry Village,8830388435,02182026025045537,Success,
1667,Office,4521 Beechwood Avenue,6735353921,02182026025045537,Success,
14007,Office,875 Burnice Crest,2982460863,02182026025045537,Success,
1667,Office,6065 Hazel Close,3795451950,02182026025045537,Success,
14007,Office,17635 Morissette Ranch,3694797289,02182026025045537,Success,
1667,Office,1065 Lavada Tunnel,2839172236,02182026025045537,Success,
14007,Office,44231 Myrtis Curve,8578421528,02182026025045537,Success,
1667,Office,56445 Geovanny Junction,8953883514,02182026025045537,Success,
14007,Office,720 Funk Light,1794529937,02182026025045537,Success,
1667,Office,8746 The Causeway,7672899488,02182026025045537,Success,
14007,Office,599 Crown Street,8911331343,02182026025045537,Success,
1667,Office,657 Howell Alley,7513197925,02182026025045537,Success,
14007,Office,1418 Corkery Forks,7914879369,02182026025045537,Success,
1667,Office,85119 Bay Street,7956996067,02182026025045537,Success,
14007,Office,643 Lang Forks,5790726091,02182026025045537,Success,
1667,Office,40009 Lavinia Mews,8640156857,02182026025045537,Success,
14007,Office,83127 Jon Junctions,6188749262,02182026025045537,Success,
1667,Office,2487 Ortiz Path,9707443238,02182026025045537,Success,
14007,Office,59923 Warren Fall,4751437644,02182026025045537,Success,
1667,Office,921 Heather Close,4452533272,02182026025045537,Success,
14007,Office,88961 Senger Rapids,3077371917,02182026025045537,Success,
1667,Office,7402 Homenick Villages,3217828982,02182026025045537,Success,
14007,Office,88129 Railroad Street,4677656304,02182026025045537,Success,
1667,Office,62462 Velda Land,6755080164,02182026025045537,Success,
14007,Office,6339 Kacey Common,5783948855,02182026025045537,Success,
1667,Office,183 Okuneva Walk,4922126199,02182026025045537,Success,
14007,Office,759 Aiyana Orchard,4180252118,02182026025045537,Success,
1667,Office,244 Audra Shoal,1726308987,02182026025045537,Success,
14007,Office,4625 Janae Pines,2420270461,02182026025045537,Success,
1667,Office,281 Abdul Flat,3939320137,02182026025045537,Success,
14007,Office,6699 MacGyver Forge,6342230569,02182026025045537,Success,
1667,Office,4621 Jennifer Parkway,8088704349,02182026025045537,Success,
14007,Office,5194 Adolfo Neck,7024002031,02182026025045537,Success,
1667,Office,20868 N Broad Street,5064431957,02182026025045537,Success,
14007,Office,7826 Kemmer Street,1642471866,02182026025045537,Success,
1667,Office,105 Veterans Memorial Drive,3284480094,02182026025045537,Success,
14007,Office,854 Leffler Branch,7053035537,02182026025045537,Success,
1667,Office,2989 Schoen Brooks,1904042762,02182026025045537,Success,
14007,Office,5355 Elm Street,1074865340,02182026025045537,Success,
1667,Office,84678 Hoeger Junctions,8930030680,02182026025045537,Success,
14007,Office,90266 Jaqueline Isle,2354204836,02182026025045537,Success,
1667,Office,960 Aiden Court,1476857967,02182026025045537,Success,
14007,Office,567 Imani Coves,5377540711,02182026025045537,Success,
1667,Office,7242 Murphy Gateway,3901429142,02182026025045537,Success,
14007,Office,6253 Deckow Throughway,2569378542,02182026025045537,Success,
1667,Office,835 Adams Street,5408651573,02182026025045537,Success,
14007,Office,55068 Lois Square,2111614756,02182026025045537,Success,
1667,Office,2893 N Chestnut Street,8264538298,02182026025045537,Success,
14007,Office,83419 S 1st Avenue,4581658314,02182026025045537,Success,
1667,Office,795 Collier Union,2335611435,02182026025045537,Success,
14007,Office,578 Klocko Centers,7042026940,02182026025045537,Success,
1667,Office,8562 Gutmann Estates,4586005285,02182026025045537,Success,
14007,Office,72383 Dora Highway,6216440209,02182026025045537,Success,
1667,Office,42147 Dickinson Circle,5713022954,02182026025045537,Success,
14007,Office,71104 S 3rd Street,5073330813,02182026025045537,Success,
1667,Office,3316 Tromp Causeway,9224098940,02182026025045537,Success,
14007,Office,353 Green Close,6400637865,02182026025045537,Success,
1667,Office,60421 Kuphal Place,2109721490,02182026025045537,Success,
14007,Office,63436 Metz Light,2059765617,02182026025045537,Success,
1667,Office,2258 Moss Lane,2332476270,02182026025045537,Success,
14007,Office,26969 Dare Dam,5383211176,02182026025045537,Success,
1667,Office,405 Magali Walk,2980202840,02182026025045537,Success,
14007,Office,874 Ernser Gardens,4777685974,02182026025045537,Success,
1667,Office,4834 Strosin Locks,5384750096,02182026025045537,Success,
14007,Office,38019 Fidel Drive,4831917815,02182026025045537,Success,
1667,Office,9324 Lebsack Street,6311406572,02182026025045537,Success,
14007,Office,9800 Laburnum Grove,5879361470,02182026025045537,Success,
1667,Office,203 Zieme Prairie,3288965188,02182026025045537,Success,
14007,Office,669 Hilpert Grove,1177253685,02182026025045537,Success,
1667,Office,87092 Pine Street,5077522092,02182026025045537,Success,
14007,Office,551 Boyle Stravenue,6633699654,02182026025045537,Success,
1667,Office,87758 Stewart Valleys,8438018449,02182026025045537,Success,
14007,Office,27704 Luettgen Skyway,2890297577,02182026025045537,Success,
1667,Office,329 Jaeden Brook,9462586893,02182026025045537,Success,
14007,Office,558 Kohler Parkways,1063966356,02182026025045537,Success,
1667,Office,73921 Senger Dam,8727772180,02182026025045537,Success,
14007,Office,8418 Roob Coves,9266075895,02182026025045537,Success,
1667,Office,5927 Jaqueline Burg,9490493230,02182026025045537,Success,
14007,Office,1230 Will Crossroad,8450633771,02182026025045537,Success,
1667,Office,88357 Richmond Close,6380563966,02182026025045537,Success,
14007,Office,71208 Market Square,1989500045,02182026025045537,Success,
1667,Office,284 Madeline Canyon,7164252445,02182026025045537,Success,
14007,Office,310 Conroy Streets,8911881796,02182026025045537,Success,
1667,Office,836 Cedar Avenue,8047996867,02182026025045537,Success,
14007,Office,7805 Cleveland Street,8483612545,02182026025045537,Success,
1667,Office,719 Gudrun Mall,8369099843,02182026025045537,Success,
14007,Office,1183 Lueilwitz Port,4042715057,02182026025045537,Success,
1667,Office,7817 Market Street,5763595931,02182026025045537,Success,
14007,Office,293 Allen Hollow,7671547944,02182026025045537,Success,
1667,Office,8029 Spring Street,4725796648,02182026025045537,Success,
14007,Office,50857 Skiles Glens,4894573995,02182026025045537,Success,
1667,Office,356 North Road,6108159588,02182026025045537,Success,
14007,Office,814 Jacobson Ville,9917878101,02182026025045537,Success,
1667,Office,16102 VonRueden Groves,3580908516,02182026025045537,Success,
14007,Office,13399 Springfield Close,5399125692,02182026025045537,Success,
1667,Office,6704 Kling Groves,5324918532,02182026025045537,Success,
14007,Office,27484 Kub Trafficway,1078514218,02182026025045537,Success,
1667,Office,251 Jazmyne Well,3019756679,02182026025045537,Success,
14007,Office,878 Sanford Knoll,3639962235,02182026025045537,Success,
1667,Office,521 Bay Street,5681625440,02182026025045537,Success,
14007,Office,9392 Mill Road,1482305738,02182026025045537,Success,
1667,Office,75122 Deckow Skyway,6992574516,02182026025045537,Success,
14007,Office,85281 Pouros Brooks,4997580871,02182026025045537,Success,
1667,Office,59858 Schulist Rue,3778319079,02182026025045537,Success,
14007,Office,755 Green Street,6338557660,02182026025045537,Success,
1667,Office,81580 Klocko Mount,3222976230,02182026025045537,Success,
14007,Office,58396 Breanna Place,7522725150,02182026025045537,Success,
1667,Office,5289 Peggie Key,6323943404,02182026025045537,Success,
14007,Office,14323 Allison Wall,7058457274,02182026025045537,Success,
1667,Office,133 Tevin Dale,5622218921,02182026025045537,Success,
14007,Office,26066 Shirley Trail,1776942670,02182026025045537,Success,
1667,Office,69789 Corwin Island,6925026231,02182026025045537,Success,
14007,Office,2901 Bruen Expressway,1443445415,02182026025045537,Success,
1667,Office,692 Kaycee Circles,8804185444,02182026025045537,Success,
14007,Office,84679 Gerlach Way,4699229478,02182026025045537,Success,
1667,Office,7926 Sebastian Rapids,3182598960,02182026025045537,Success,
14007,Office,250 Frankie Ramp,7190469572,02182026025045537,Success,
1667,Office,7812 Victoria Road,9645785230,02182026025045537,Success,
14007,Office,53616 Runolfsson Point,5309833553,02182026025045537,Success,
1667,Office,13605 Heidenreich Mill,6555194470,02182026025045537,Success,
14007,Office,3095 Wuckert Coves,1858171545,02182026025045537,Success,
1667,Office,617 Hessel Union,6377057452,02182026025045537,Success,
14007,Office,4805 Ima Spur,4843537132,02182026025045537,Success,
1667,Office,5416 Greenville Road,5148465999,02182026025045537,Success,
14007,Office,6650 S 6th Street,2512761974,02182026025045537,Success,
1667,Office,479 N Poplar Street,6155401977,02182026025045537,Success,
14007,Office,6286 Ernser Mount,7380746709,02182026025045537,Success,
1667,Office,7948 Emmerich Streets,6909080602,02182026025045537,Success,
14007,Office,4077 Viola Oval,8006498468,02182026025045537,Success,
1667,Office,8101 4th Avenue,5660673266,02182026025045537,Success,
14007,Office,442 Dewitt Gardens,2599209667,02182026025045537,Success,
1667,Office,568 Adelle River,1134398519,02182026025045537,Success,
14007,Office,53162 N Court Street,6359476934,02182026025045537,Success,
1667,Office,82402 E River Road,1880286744,02182026025045537,Success,
14007,Office,4687 Cronin Place,4661723114,02182026025045537,Success,
1667,Office,47559 Glebe Close,8662375116,02182026025045537,Success,
14007,Office,58780 Mill Close,9876937368,02182026025045537,Success,
1667,Office,7672 Albion Street,8010843079,02182026025045537,Success,
14007,Office,169 Casper Falls,6393514671,02182026025045537,Success,
1667,Office,5934 Ondricka Rest,3626205763,02182026025045537,Success,
14007,Office,4314 Kertzmann Crossing,5983786694,02182026025045537,Success,
1667,Office,9278 Kim Loaf,2445896406,02182026025045537,Success,
14007,Office,6907 First Street,2065798833,02182026025045537,Success,
1667,Office,97297 Germaine Shoal,9421521977,02182026025045537,Success,
14007,Office,410 Mallie Glen,6138761252,02182026025045537,Success,
1667,Office,550 Rogahn Glens,7200008682,02182026025045537,Success,
14007,Office,73375 Rowe Inlet,4537378838,02182026025045537,Success,
1667,Office,87491 Valentina Drive,6438922678,02182026025045537,Success,
14007,Office,25813 Prudence Ridge,6625483517,02182026025045537,Success,
1667,Office,561 Quitzon Trafficway,7165734620,02182026025045537,Success,
14007,Office,3666 W Washington Avenue,3849356015,02182026025045537,Success,
1667,Office,77446 Sedrick Radial,6289156067,02182026025045537,Success,
14007,Office,39389 Oak Street,4889234359,02182026025045537,Success,
1667,Office,7143 Koch Crescent,4950653348,02182026025045537,Success,
14007,Office,302 Goodwin Circles,8042663968,02182026025045537,Success,
1667,Office,6580 Huels Spur,2438899782,02182026025045537,Success,
14007,Office,687 Ridge Road,6830437218,02182026025045537,Success,
1667,Office,17743 Jammie Trail,6851627291,02182026025045537,Success,
14007,Office,3301 Abbigail Extensions,9534159476,02182026025045537,Success,
1667,Office,842 Sycamore Street,7979405230,02182026025045537,Success,
14007,Office,5895 Auer Fords,4520147241,02182026025045537,Success,
1667,Office,9640 Gunner Lane,8163759317,02182026025045537,Success,
14007,Office,570 Bartholome Brook,1851742508,02182026025045537,Success,
1667,Office,255 Adela Isle,2707209011,02182026025045537,Success,
14007,Office,250 Dayna Fort,1710630512,02182026025045537,Success,
1667,Office,29584 Langworth Fall,6912234048,02182026025045537,Success,
14007,Office,150 E Jefferson Street,6067662801,02182026025045537,Success,
1667,Office,52657 Pouros Neck,5918055407,02182026025045537,Success,
14007,Office,6478 Bashirian Station,6411053559,02182026025045537,Success,
1667,Office,98190 Nickolas Club,7223991070,02182026025045537,Success,
14007,Office,685 Bradtke Cliff,7455112215,02182026025045537,Success,
1667,Office,970 Wisoky Street,9376633273,02182026025045537,Success,
14007,Office,8924 Chestnut Street,8271834182,02182026025045537,Success,
1667,Office,6437 Westfield Road,9132205512,02182026025045537,Success,
14007,Office,569 W Monroe Street,7949176550,02182026025045537,Success,
1667,Office,308 W 4th Street,3486752349,02182026025045537,Success,
14007,Office,348 Kassulke Flats,7154846458,02182026025045537,Success,
1667,Office,55031 Wayne Ford,8218890327,02182026025045537,Success,
14007,Office,74024 Broadway Avenue,9900923643,02182026025045537,Success,
1667,Office,14665 Tromp Grove,1936634544,02182026025045537,Success,
14007,Office,52299 Ryann Field,6804493003,02182026025045537,Success,
1667,Office,5839 Orchard Road,6585300222,02182026025045537,Success,
14007,Office,37089 The Avenue,9436301795,02182026025045537,Success,
1667,Office,62833 Josephine Prairie,6785665187,02182026025045537,Success,
14007,Office,797 Boundary Road,2077768126,02182026025045537,Success,
1667,Office,9579 N East Street,3622912028,02182026025045537,Success,
14007,Office,8635 Weimann Cliffs,2686368157,02182026025045537,Success,
1667,Office,893 Clemmie Center,4585881740,02182026025045537,Success,
14007,Office,578 The Laurels,2179281820,02182026025045537,Success,
1667,Office,299 Derrick Run,3227806655,02182026025045537,Success,
14007,Office,1900 Lake Street,7854928110,02182026025045537,Success,
1667,Office,188 N Broadway Street,3747171113,02182026025045537,Success,
14007,Office,929 Adams Avenue,2502760460,02182026025045537,Success,
1667,Office,9034 Heaney Pine,9445072489,02182026025045537,Success,
14007,Office,428 Moore Union,3425215584,02182026025045537,Success,
1667,Office,926 Leonardo Rest,2930510118,02182026025045537,Success,
14007,Office,35284 The Drive,6016848530,02182026025045537,Success,
1667,Office,45200 N Jackson Street,2622037307,02182026025045537,Success,
14007,Office,193 Brigitte Greens,2387680437,02182026025045537,Success,
1667,Office,317 Okuneva Motorway,6299185377,02182026025045537,Success,
14007,Office,3457 Kunze Center,9531191384,02182026025045537,Success,
1667,Office,75747 Bergnaum Underpass,1523928264,02182026025045537,Success,
14007,Office,704 Klein Circle,3780489296,02182026025045537,Success,
1667,Office,300 Pine Grove,3703132357,02182026025045537,Success,
14007,Office,67228 W Central Avenue,1602952069,02182026025045537,Success,
1667,Office,66764 Stehr Centers,3152163760,02182026025045537,Success,
14007,Office,77746 Nitzsche Neck,1137371241,02182026025045537,Success,
1667,Office,79137 Center Avenue,2849137890,02182026025045537,Success,
14007,Office,645 Washington Avenue,3129373463,02182026025045537,Success,
1667,Office,603 Ratke Drives,9152428273,02182026025045537,Success,
14007,Office,28401 S Oak Street,6323822043,02182026025045537,Success,
1667,Office,62113 Matt Overpass,9551541912,02182026025045537,Success,
14007,Office,413 Little Fort,7610369259,02182026025045537,Success,
1667,Office,85171 Maple Drive,7751614039,02182026025045537,Success,
14007,Office,3051 Lauryn Turnpike,9852503111,02182026025045537,Success,
1667,Office,8896 Kihn Freeway,8013807755,02182026025045537,Success,
14007,Office,25030 Runolfsson Turnpike,1164481173,02182026025045537,Success,
1667,Office,44915 Gottlieb Land,9717148765,02182026025045537,Success,
14007,Office,30763 Walker Summit,2141247041,02182026025045537,Success,
1667,Office,25130 Torphy Flats,7261956754,02182026025045537,Success,
14007,Office,742 Bridget Spur,8028375304,02182026025045537,Success,
1667,Office,399 Rosa Circle,2607156780,02182026025045537,Success,
14007,Office,15167 Madison Avenue,2579581317,02182026025045537,Success,
1667,Office,383 Pine Grove,5578551294,02182026025045537,Success,
14007,Office,404 Will Ranch,5224834300,02182026025045537,Success,
1667,Office,7615 Evalyn Oval,8357135236,02182026025045537,Success,
14007,Office,4910 E Franklin Street,3960619606,02182026025045537,Success,
1667,Office,142 Runte Ways,6534297983,02182026025045537,Success,
14007,Office,50572 Smitham View,3586057584,02182026025045537,Success,
1667,Office,8473 Lucinda Ports,2432279881,02182026025045537,Success,
14007,Office,79976 Hillside,1680931047,02182026025045537,Success,
1667,Office,149 Ferne Hill,2166500108,02182026025045537,Success,
14007,Office,89521 Welch Spring,5557928140,02182026025045537,Success,
1667,Office,51293 Tillman Neck,4025478121,02182026025045537,Success,
14007,Office,761 Jacobson Burgs,9663618036,02182026025045537,Success,
1667,Office,66011 Granville Burgs,6171187148,02182026025045537,Success,
14007,Office,9307 Oma Extension,9288318974,02182026025045537,Success,
1667,Office,431 Orchard Road,1538618018,02182026025045537,Success,
14007,Office,711 Rhett Crescent,3712435330,02182026025045537,Success,
1667,Office,95252 Dante Courts,8084057027,02182026025045537,Success,
14007,Office,9948 Farrell Isle,2133949415,02182026025045537,Success,
1667,Office,49164 Darrell Junctions,5265925907,02182026025045537,Success,
14007,Office,62460 Albany Road,3757185304,02182026025045537,Success,
1667,Office,5449 N Water Street,9309586125,02182026025045537,Success,
14007,Office,5549 Lolita Cape,6523089639,02182026025045537,Success,
1667,Office,8962 Ernesto Point,6370181297,02182026025045537,Success,
14007,Office,12429 America Shoals,9604296171,02182026025045537,Success,
1667,Office,61990 Bergstrom Creek,7897458805,02182026025045537,Success,
14007,Office,799 Mante Via,7367209258,02182026025045537,Success,
1667,Office,195 Woodlands Close,7446757428,02182026025045537,Success,
14007,Office,6092 Adrain Rest,3177720115,02182026025045537,Success,
1667,Office,82052 E Broad Street,9064314699,02182026025045537,Success,
14007,Office,8155 W 8th Street,2766555776,02182026025045537,Success,
1667,Office,6075 Lee Street,2713581406,02182026025045537,Success,
14007,Office,558 W Park Street,3052852884,02182026025045537,Success,
1667,Office,9188 Emmett Shoal,1143008263,02182026025045537,Success,
14007,Office,7619 Ana Glens,3236408326,02182026025045537,Success,
1667,Office,1770 D'Amore Freeway,5155032034,02182026025045537,Success,
14007,Office,52389 Batz Canyon,7428281254,02182026025045537,Success,
1667,Office,1254 Deshaun Pass,6408982203,02182026025045537,Success,
14007,Office,539 N Division Street,6149584858,02182026025045537,Success,
1667,Office,395 Lueilwitz Rest,5477868206,02182026025045537,Success,
14007,Office,885 Mckenna Greens,1035761041,02182026025045537,Success,
1667,Office,70461 Hahn Loaf,5889653802,02182026025045537,Success,
14007,Office,71617 S High Street,5766461528,02182026025045537,Success,
1667,Office,5061 N Railroad Street,9921287771,02182026025045537,Success,
14007,Office,14638 Nikolaus Way,5565203186,02182026025045537,Success,
1667,Office,221 Rosenbaum Drive,4948302701,02182026025045537,Success,
14007,Office,2680 Lockman Branch,8669930261,02182026025045537,Success,
1667,Office,2421 Trent Fort,1629645946,02182026025045537,Success,
14007,Office,2776 Philip Dam,6655885880,02182026025045537,Success,
1667,Office,63728 Beech Drive,6482457689,02182026025045537,Success,
14007,Office,3541 Moor Lane,1812144131,02182026025045537,Success,
1667,Office,8165 Thiel Corner,1764326497,02182026025045537,Success,
14007,Office,20014 Romaine Fork,1834733829,02182026025045537,Success,
1667,Office,49226 Cleo Ranch,3459316764,02182026025045537,Success,
14007,Office,5824 Mill Street,9603806508,02182026025045537,Success,
1667,Office,55083 Koelpin Ways,1704527610,02182026025045537,Success,
14007,Office,7809 Dora Vista,9661903856,02182026025045537,Success,
1667,Office,83577 W 8th Street,8594107249,02182026025045537,Success,
14007,Office,2419 Wolff Track,7089424646,02182026025045537,Success,
1667,Office,7182 Oaklands,4165597193,02182026025045537,Success,
14007,Office,4612 Bosco Mews,9613792775,02182026025045537,Success,
1667,Office,143 Chapel Close,1551488674,02182026025045537,Success,
14007,Office,4339 Brook Lane,6171697736,02182026025045537,Success,
1667,Office,32097 Castle Street,7606982156,02182026025045537,Success,
14007,Office,61265 Pfeffer Heights,2849576050,02182026025045537,Success,
1667,Office,499 Beaulah Bypass,9394786941,02182026025045537,Success,
14007,Office,290 S 1st Avenue,6115346007,02182026025045537,Success,
1667,Office,4866 Sawayn Causeway,3024489282,02182026025045537,Success,
14007,Office,75106 W 4th Street,9949521665,02182026025045537,Success,
1667,Office,124 W River Road,3742926682,02182026025045537,Success,
14007,Office,32147 Emard Branch,5589103345,02182026025045537,Success,
1667,Office,434 Jaylan Neck,4158545951,02182026025045537,Success,
14007,Office,7592 Arlene Village,5824686071,02182026025045537,Success,
1667,Office,929 Anita Path,2573800627,02182026025045537,Success,
14007,Office,81032 Orchard Drive,9218389562,02182026025045537,Success,
1667,Office,18267 Stehr Shore,8458554125,02182026025045537,Success,
14007,Office,838 Meadow Drive,2777961058,02182026025045537,Success,
1667,Office,9074 The Lane,7712041628,02182026025045537,Success,
14007,Office,616 Mill Close,9600945671,02182026025045537,Success,
1667,Office,46951 Swaniawski Gardens,7521417662,02182026025045537,Success,
14007,Office,4273 Jenkins Mount,7455601605,02182026025045537,Success,
1667,Office,22160 Clarendon Road,6618792053,02182026025045537,Success,
14007,Office,55588 Wehner Lake,8327067374,02182026025045537,Success,
1667,Office,649 Clay Lane,7398175890,02182026025045537,Success,
14007,Office,28903 Filiberto Wall,8004759461,02182026025045537,Success,
1667,Office,60954 Alyce Manor,4721010769,02182026025045537,Success,
14007,Office,765 Parker Trafficway,6571245630,02182026025045537,Success,
1667,Office,529 Bailey Manors,8931372042,02182026025045537,Success,
14007,Office,792 Mayfield Road,6681708503,02182026025045537,Success,
1667,Office,720 S Main Avenue,8303412715,02182026025045537,Success,
14007,Office,596 Considine Glens,5171438742,02182026025045537,Success,
1667,Office,17462 Riverside,8063846104,02182026025045537,Success,
14007,Office,974 Mohamed Passage,4049547617,02182026025045537,Success,
1667,Office,367 Nelson Road,3261270426,02182026025045537,Success,
14007,Office,1452 Emmerich Loop,4910360265,02182026025045537,Success,
1667,Office,50520 Waino Cove,1080257670,02182026025045537,Success,
14007,Office,29965 North Road,9454258808,02182026025045537,Success,
1667,Office,764 Gleason Wells,5558449416,02182026025045537,Success,
14007,Office,2414 Catherine Curve,1097291946,02182026025045537,Success,
1667,Office,176 Pine Close,3136573491,02182026025045537,Success,
14007,Office,771 S Jackson Street,4231571903,02182026025045537,Success,
1667,Office,62166 Monroe Street,3721122455,02182026025045537,Success,
14007,Office,88918 Elenora Grove,4734568783,02182026025045537,Success,
1667,Office,552 Nienow Dale,4310129480,02182026025045537,Success,
14007,Office,6249 Sycamore Street,4898585822,02182026025045537,Success,
1667,Office,2838 N Elm Street,5076678025,02182026025045537,Success,
14007,Office,663 S 4th Street,1914796446,02182026025045537,Success,
1667,Office,2511 Cheyanne Canyon,8796785048,02182026025045537,Success,
14007,Office,1972 St George's Road,7021634553,02182026025045537,Success,
1667,Office,299 Haskell Junction,1505764542,02182026025045537,Success,
14007,Office,168 Dean Knolls,6921832601,02182026025045537,Success,
1667,Office,347 Jacobs Brook,6686995655,02182026025045537,Success,
14007,Office,663 Bauch Valley,6433246241,02182026025045537,Success,
1667,Office,269 Torp Fields,6792173538,02182026025045537,Success,
14007,Office,6696 West Avenue,6344656042,02182026025045537,Success,
1667,Office,753 Sammy View,5678113320,02182026025045537,Success,
14007,Office,133 Kiarra Ways,6972182498,02182026025045537,Success,
1667,Office,926 Stamm Locks,2817734065,02182026025045537,Success,
14007,Office,7053 East Avenue,9627795628,02182026025045537,Success,
1667,Office,530 Streich Squares,8142410672,02182026025045537,Success,
14007,Office,33337 Amani Falls,5235879676,02182026025045537,Success,
1667,Office,410 O'Reilly Fields,8988474418,02182026025045537,Success,
14007,Office,276 Hermann Cove,9164818833,02182026025045537,Success,
1667,Office,9142 Davis Track,8028663581,02182026025045537,Success,
14007,Office,97314 O'Hara Corners,7793118423,02182026025045537,Success,
1667,Office,2385 Treutel Ford,4835300802,02182026025045537,Success,
14007,Office,79620 Nicola Lake,7949197300,02182026025045537,Success,
1667,Office,5117 Howe Manor,8629160690,02182026025045537,Success,
14007,Office,6337 Schmidt Knolls,3972789221,02182026025045537,Success,
1667,Office,32062 Lane Glen,3166339442,02182026025045537,Success,
14007,Office,14848 Weimann Islands,6962381596,02182026025045537,Success,
1667,Office,393 Reichert Loop,2184522255,02182026025045537,Success,
14007,Office,807 Bernhard Circle,9031604594,02182026025045537,Success,
1667,Office,45403 Crooks Circle,4639927173,02182026025045537,Success,
14007,Office,33986 S Lincoln Street,6096635306,02182026025045537,Success,
1667,Office,9157 Fatima Tunnel,6684614361,02182026025045537,Success,
14007,Office,350 Leuschke Burgs,7009617590,02182026025045537,Success,
1667,Office,291 Lafayette Street,5937365110,02182026025045537,Success,
14007,Office,5245 Heathcote Brooks,7405722128,02182026025045537,Success,
1667,Office,109 Irwin Extensions,6688990072,02182026025045537,Success,
14007,Office,604 Lincoln Street,7629251878,02182026025045537,Success,
1667,Office,6737 School Lane,9638670299,02182026025045537,Success,
14007,Office,610 Sawayn Divide,2379955723,02182026025045537,Success,
1667,Office,6867 Pennsylvania Avenue,4717038743,02182026025045537,Success,
14007,Office,158 Prospect Place,6201583291,02182026025045537,Success,
1667,Office,4901 W North Street,1835977913,02182026025045537,Success,
14007,Office,6045 Reilly Loop,2693175153,02182026025045537,Success,
1667,Office,89782 Luella Shore,9269993224,02182026025045537,Success,
14007,Office,690 Adams Well,9003671437,02182026025045537,Success,
1667,Office,801 Piper Highway,6383216106,02182026025045537,Success,
14007,Office,57924 Donny Ports,2666815370,02182026025045537,Success,
1667,Office,2074 Cleveland Estates,5926406260,02182026025045537,Success,
14007,Office,56973 Brandy Canyon,3433783837,02182026025045537,Success,
1667,Office,43526 Reggie Lights,6385224305,02182026025045537,Success,
14007,Office,854 Runolfsdottir Station,1017643565,02182026025045537,Success,
1667,Office,93502 Harrison Avenue,6270107836,02182026025045537,Success,
14007,Office,2858 W 6th Avenue,5072490442,02182026025045537,Success,
1667,Office,113 Kiehn Spur,8668708293,02182026025045537,Success,
14007,Office,1743 Maple Avenue,5583858114,02182026025045537,Success,
1667,Office,6316 Koepp Spur,5088168000,02182026025045537,Success,
14007,Office,11531 Fay Fork,3052347754,02182026025045537,Success,
1667,Office,6609 Garden Street,5681492182,02182026025045537,Success,
14007,Office,65510 Sporer Islands,7457630715,02182026025045537,Success,
1667,Office,2825 Mohr Extension,1609394632,02182026025045537,Success,
14007,Office,658 Thiel Extension,9093826720,02182026025045537,Success,
1667,Office,44747 King Views,9805107309,02182026025045537,Success,
14007,Office,667 Pearlie Falls,2953607340,02182026025045537,Success,
1667,Office,60491 Gloucester Road,8899397736,02182026025045537,Success,
14007,Office,74693 Rolando Causeway,8686075470,02182026025045537,Success,
1667,Office,829 Beech Road,1130100878,02182026025045537,Success,
14007,Office,388 E State Street,9077793270,02182026025045537,Success,
1667,Office,2513 McKenzie Pines,4036209069,02182026025045537,Success,
14007,Office,444 E 3rd Street,1479171757,02182026025045537,Success,
1667,Office,969 Anderson Fields,6696333286,02182026025045537,Success,
14007,Office,86536 N Lincoln Street,7968266033,02182026025045537,Success,
1667,Office,1686 Clarence Street,6665581351,02182026025045537,Success,
14007,Office,789 Laurianne Forges,5920979760,02182026025045537,Success,
1667,Office,89918 Mosciski Passage,9696111927,02182026025045537,Success,
14007,Office,523 Martin Luther King Boulevard,3742615208,02182026025045537,Success,
1667,Office,870 E Broadway Street,3740608867,02182026025045537,Success,
14007,Office,725 Zulauf Turnpike,9580790017,02182026025045537,Success,
1667,Office,72218 Franecki Hollow,5263927041,02182026025045537,Success,
14007,Office,4303 Trinity Mills,4877016434,02182026025045537,Success,
1667,Office,247 Deven Ridges,8116846623,02182026025045537,Success,
14007,Office,57356 The Woodlands,3061423760,02182026025045537,Success,
1667,Office,527 Brice Gateway,3129786171,02182026025045537,Success,
14007,Office,97707 Russel Extension,5022719097,02182026025045537,Success,
1667,Office,55655 Merlin Fords,9655642471,02182026025045537,Success,
14007,Office,75013 Kerluke Expressway,9313841945,02182026025045537,Success,
1667,Office,1445 Hauck Park,7701793928,02182026025045537,Success,
14007,Office,5855 Lyla Square,8237015615,02182026025045537,Success,
1667,Office,84972 Wood Lane,7769161413,02182026025045537,Success,
14007,Office,4686 Garden Street,5827101688,02182026025045537,Success,
1667,Office,3792 Balistreri Pike,6601938372,02182026025045537,Success,
14007,Office,26429 Warren Road,4421631879,02182026025045537,Success,
1667,Office,571 S Broadway Street,6054669777,02182026025045537,Success,
14007,Office,807 Perry Crossing,7518047204,02182026025045537,Success,
1667,Office,385 Kunde Falls,1085891576,02182026025045537,Success,
14007,Office,881 Johathan Causeway,9282778220,02182026025045537,Success,
1667,Office,50756 Farrell View,9563598927,02182026025045537,Success,
14007,Office,211 Manor Road,4575919538,02182026025045537,Success,
1667,Office,6537 Ephraim Mount,6674679416,02182026025045537,Success,
14007,Office,3710 Ettie Dale,9399164291,02182026025045537,Success,
1667,Office,745 Rectory Lane,9261728296,02182026025045537,Success,
14007,Office,8505 Harris Knoll,7207875093,02182026025045537,Success,
1667,Office,10375 Murphy Burg,1899936184,02182026025045537,Success,
14007,Office,168 Colton Hills,2766304781,02182026025045537,Success,
1667,Office,951 Fore Street,9322183650,02182026025045537,Success,
14007,Office,908 Alejandra Spur,9847135596,02182026025045537,Success,
1667,Office,676 Karen Pike,8562296564,02182026025045537,Success,
14007,Office,34950 Casper Shores,9877138356,02182026025045537,Success,
1667,Office,35843 The Oval,7932148438,02182026025045537,Success,
14007,Office,91177 State Road,6755625520,02182026025045537,Success,
1667,Office,669 S Railroad Street,4040215775,02182026025045537,Success,
14007,Office,2022 Rhea Viaduct,6265279480,02182026025045537,Success,
1667,Office,195 Highland Avenue,9101397982,02182026025045537,Success,
14007,Office,50759 Mount Street,7975668445,02182026025045537,Success,
1667,Office,4309 Shields Causeway,1856765367,02182026025045537,Success,
14007,Office,41690 Sandy Walk,4718608662,02182026025045537,Success,
1667,Office,51291 Barton Road,4851663867,02182026025045537,Success,
14007,Office,686 W Monroe Street,9472713190,02182026025045537,Success,
1667,Office,61773 Schoen Wells,2630389686,02182026025045537,Success,
14007,Office,76547 Langosh Streets,6651786706,02182026025045537,Success,
1667,Office,59327 West Villages,8261376606,02182026025045537,Success,
14007,Office,28062 Senger Junctions,1927095845,02182026025045537,Success,
1667,Office,28510 Olen Keys,9496840781,02182026025045537,Success,
14007,Office,1529 Heather Close,9632088084,02182026025045537,Success,
1667,Office,463 Cartwright Junction,3792517108,02182026025045537,Success,
14007,Office,334 Monica Lock,6006165893,02182026025045537,Success,
1667,Office,77464 DuBuque Inlet,5245753623,02182026025045537,Success,
14007,Office,982 Josue Track,7022936279,02182026025045537,Success,
1667,Office,15108 Michaela Ranch,2001387884,02182026025045537,Success,
14007,Office,761 Mayer Way,3990449386,02182026025045537,Success,
1667,Office,591 Derby Road,7681566779,02182026025045537,Success,
14007,Office,6991 Friesen Crossing,5347622291,02182026025045537,Success,
1667,Office,941 Jacky Burgs,4271025134,02182026025045537,Success,
14007,Office,652 Lubowitz Crossroad,7364833030,02182026025045537,Success,
1667,Office,9813 Eliezer Loaf,4408670426,02182026025045537,Success,
14007,Office,656 Hill Street,6665284352,02182026025045537,Success,
1667,Office,461 County Line Road,4861578009,02182026025045537,Success,
14007,Office,19101 Albina Junction,8430770311,02182026025045537,Success,
1667,Office,91169 Darian Roads,8554261514,02182026025045537,Success,
14007,Office,7545 Pollich Land,9107959795,02182026025045537,Success,
1667,Office,27785 Barrows Manor,4392458152,02182026025045537,Success,
14007,Office,82474 Asia Alley,6461698840,02182026025045537,Success,
1667,Office,75800 Megane Pass,1943919804,02182026025045537,Success,
14007,Office,539 Mount Pleasant,6297596581,02182026025045537,Success,
1667,Office,61399 Center Road,5013075757,02182026025045537,Success,
14007,Office,1436 E Center Street,1903884572,02182026025045537,Success,
1667,Office,860 Candido Via,8100609077,02182026025045537,Success,
14007,Office,2592 Mraz Hills,2760162511,02182026025045537,Success,
1667,Office,71737 Dibbert Keys,8041540331,02182026025045537,Success,
14007,Office,49920 Runte Loaf,9770926775,02182026025045537,Success,
1667,Office,54104 North Lane,2251885558,02182026025045537,Success,
14007,Office,46863 St Mary's Road,4481455657,02182026025045537,Success,
1667,Office,5570 Robert Trace,2415105651,02182026025045537,Success,
14007,Office,516 Watsica Motorway,9172628886,02182026025045537,Success,
1667,Office,5362 Hillary Shoals,6581040076,02182026025045537,Success,
14007,Office,5227 McKenzie Mountain,8036383691,02182026025045537,Success,
1667,Office,470 N Cedar Street,3155181952,02182026025045537,Success,
14007,Office,71956 Willa Vista,4736111033,02182026025045537,Success,
1667,Office,419 Garnet Extensions,9692137572,02182026025045537,Success,
14007,Office,91706 Frances Lane,7844294755,02182026025045537,Success,
1667,Office,8461 S High Street,7567462808,02182026025045537,Success,
14007,Office,7082 S Railroad Street,6790004845,02182026025045537,Success,
1667,Office,304 Mills Place,3487498908,02182026025045537,Success,
14007,Office,72148 Aisha Green,3679790166,02182026025045537,Success,
1667,Office,1831 Schoen Extensions,3156921588,02182026025045537,Success,
14007,Office,51339 Rosendo Manors,6298614856,02182026025045537,Success,
1667,Office,77277 Daniel Knoll,1984155020,02182026025045537,Success,
14007,Office,6108 Darron Fork,8849169808,02182026025045537,Success,
1667,Office,6358 O'Hara Pass,1371781999,02182026025045537,Success,
14007,Office,21631 Hirthe Light,7331742946,02182026025045537,Success,
1667,Office,20472 Jarrett Freeway,3402853241,02182026025045537,Success,
14007,Office,685 Kennith Cliff,3271072164,02182026025045537,Success,
1667,Office,2732 Ernser Avenue,7428536955,02182026025045537,Success,
14007,Office,67490 Rodrick Garden,9282362024,02182026025045537,Success,
1667,Office,139 Boyer Dale,2302604446,02182026025045537,Success,
14007,Office,814 Ash Grove,2167609338,02182026025045537,Success,
1667,Office,863 Prosacco Walks,7435234547,02182026025045537,Success,
14007,Office,27688 Diego Spring,5883969169,02182026025045537,Success,
1667,Office,62726 Deborah Plaza,7547162897,02182026025045537,Success,
14007,Office,96503 Princes Street,3866127972,02182026025045537,Success,
1667,Office,9601 Dudley Summit,7791262708,02182026025045537,Success,
14007,Office,1319 Macejkovic Gateway,8794800887,02182026025045537,Success,
1667,Office,1233 Winona Ports,5443382814,02182026025045537,Success,
14007,Office,209 Hilll Extension,8527465024,02182026025045537,Success,
1667,Office,5776 Florencio Station,3161300508,02182026025045537,Success,
14007,Office,494 Cassin Forks,4075440038,02182026025045537,Success,
1667,Office,938 Lodge Close,6990517390,02182026025045537,Success,
14007,Office,2926 Marvin Mills,1639552893,02182026025045537,Success,
1667,Office,9726 Lansdowne Road,4438483942,02182026025045537,Success,
14007,Office,3998 Giuseppe Throughway,9577351412,02182026025045537,Success,
1667,Office,56642 Johathan Skyway,8307089873,02182026025045537,Success,
14007,Office,2839 Aniya Points,3976432466,02182026025045537,Success,
1667,Office,34921 Kian Lights,6216484103,02182026025045537,Success,
14007,Office,70283 Wisozk Run,5286589475,02182026025045537,Success,
1667,Office,3775 Arlene Center,2362535070,02182026025045537,Success,
14007,Office,55400 Howe Drives,3242903156,02182026025045537,Success,
1667,Office,384 Bernier View,5784146316,02182026025045537,Success,
14007,Office,62964 Francesca Viaduct,6507406354,02182026025045537,Success,
1667,Office,797 Altenwerth Hill,1525063807,02182026025045537,Success,
14007,Office,570 Alize Underpass,6107004116,02182026025045537,Success,
1667,Office,673 The Drive,7150607234,02182026025045537,Success,
14007,Office,6239 Nadia Parkways,5088317536,02182026025045537,Success,
1667,Office,44184 West View,5840021879,02182026025045537,Success,
14007,Office,27406 Rosenbaum Cove,9292176583,02182026025045537,Success,
1667,Office,88888 Camilla Greens,8193637374,02182026025045537,Success,
14007,Office,683 Park Avenue,3099495587,02182026025045537,Success,
1667,Office,766 Pearlie Hollow,2905789944,02182026025045537,Success,
14007,Office,23557 Commercial Street,7734856170,02182026025045537,Success,
1667,Office,97196 N State Street,9250783125,02182026025045537,Success,
14007,Office,29084 Cherry Tree Close,7158211016,02182026025045537,Success,
1667,Office,612 The Dell,1184184432,02182026025045537,Success,
14007,Office,579 Sycamore Close,4943717671,02182026025045537,Success,
1667,Office,20406 Laburnum Grove,4210450325,02182026025045537,Success,
14007,Office,7831 Ike Brook,1558884815,02182026025045537,Success,
1667,Office,2887 Jovany Ville,7088526920,02182026025045537,Success,
14007,Office,579 Wehner Forges,3683804069,02182026025045537,Success,
1667,Office,3120 Fisher Alley,7269428223,02182026025045537,Success,
14007,Office,777 Dare Square,3661435715,02182026025045537,Success,
1667,Office,24968 Orland Ports,8073857294,02182026025045537,Success,
14007,Office,7320 Brown Pines,9651163000,02182026025045537,Success,
1667,Office,676 Hickle Trafficway,3674467126,02182026025045537,Success,
14007,Office,492 Athena Meadow,4623804695,02182026025045537,Success,
1667,Office,1125 Champlin Mission,3257920788,02182026025045537,Success,
14007,Office,58927 Beatty Ferry,1894803292,02182026025045537,Success,
1667,Office,25166 Naomie Forest,4222978093,02182026025045537,Success,
14007,Office,740 Stiedemann Motorway,3210819791,02182026025045537,Success,
1667,Office,28383 Fairfield Road,3316332289,02182026025045537,Success,
14007,Office,3105 Cherry Tree Close,5812174351,02182026025045537,Success,
1667,Office,7591 Mill Close,8671229206,02182026025045537,Success,
14007,Office,505 Roob Roads,3678993036,02182026025045537,Success,
1667,Office,259 West Road,8203739232,02182026025045537,Success,
14007,Office,82571 Larch Close,3320035576,02182026025045537,Success,
1667,Office,4834 Carolanne Estate,8540398370,02182026025045537,Success,
14007,Office,1921 Watsica Garden,4433693693,02182026025045537,Success,
1667,Office,94393 Walsh Forks,9320446959,02182026025045537,Success,
14007,Office,737 Ferne Pines,6168144336,02182026025045537,Success,
1667,Office,907 Emard Groves,3855102885,02182026025045537,Success,
14007,Office,15210 Benjamin Terrace,5364703006,02182026025045537,Success,
1667,Office,663 Victoria Road,2473103814,02182026025045537,Success,
14007,Office,27960 Sipes Cliffs,4941173688,02182026025045537,Success,
1667,Office,8263 Schaefer Ridges,6906871149,02182026025045537,Success,
14007,Office,613 Deshawn Terrace,4117578076,02182026025045537,Success,
1667,Office,991 Benton Crescent,8841483750,02182026025045537,Success,
14007,Office,27974 Cartwright Corner,8967241398,02182026025045537,Success,
1667,Office,651 Manor Close,6446223798,02182026025045537,Success,
14007,Office,8734 Carlo Meadows,4431671199,02182026025045537,Success,
1667,Office,3581 Maximus Dale,5835138123,02182026025045537,Success,
14007,Office,2950 Dedric View,8743198131,02182026025045537,Success,
1667,Office,1034 Titus Pine,5095620389,02182026025045537,Success,
14007,Office,13920 Ashton Spur,6314986947,02182026025045537,Success,
1667,Office,7754 Larson Union,2181087032,02182026025045537,Success,
14007,Office,205 S 10th Street,5889655726,02182026025045537,Success,
1667,Office,2793 Regan Road,8529441669,02182026025045537,Success,
14007,Office,7570 Schinner Parkway,9994846939,02182026025045537,Success,
1667,Office,183 Cromwell Road,1704325995,02182026025045537,Success,
14007,Office,6896 E Oak Street,3424187558,02182026025045537,Success,
1667,Office,4739 Brook Road,4894172628,02182026025045537,Success,
14007,Office,854 Victoria Street,1868498594,02182026025045537,Success,
1667,Office,3816 Joelle Extensions,9428253043,02182026025045537,Success,
14007,Office,80059 Dayana Manors,8949122116,02182026025045537,Success,
1667,Office,9219 Maia Field,4712480643,02182026025045537,Success,
14007,Office,504 Mill Street,5030588446,02182026025045537,Success,
1667,Office,2281 Shane Land,2702769131,02182026025045537,Success,
14007,Office,64466 Emilia Key,5181455600,02182026025045537,Success,
1667,Office,448 Caroline Falls,1815202996,02182026025045537,Success,
14007,Office,22820 Dimitri Course,9966484664,02182026025045537,Success,
1667,Office,557 S 5th Street,7863782311,02182026025045537,Success,
14007,Office,30682 Main,2596134078,02182026025045537,Success,
1667,Office,6356 S East Street,6796173944,02182026025045537,Success,
14007,Office,58497 Ariane Ways,2975496409,02182026025045537,Success,
1667,Office,90754 Crawford Villages,8672070445,02182026025045537,Success,
14007,Office,642 Jefferson Street,8174744181,02182026025045537,Success,
1667,Office,4940 S Center Street,6165266109,02182026025045537,Success,
14007,Office,2084 Blick Forges,9083271849,02182026025045537,Success,
1667,Office,900 Farm Close,8391826410,02182026025045537,Success,
14007,Office,580 Braden Square,8156834902,02182026025045537,Success,
1667,Office,9733 Wyman Grove,7918196822,02182026025045537,Success,
14007,Office,99147 Blick Lights,4059726073,02182026025045537,Success,
1667,Office,93099 The Mews,9822574673,02182026025045537,Success,
14007,Office,63259 Kutch Glens,1313276012,02182026025045537,Success,
1667,Office,595 Schiller Crest,9224022575,02182026025045537,Success,
14007,Office,6299 Annabel Knolls,9442622569,02182026025045537,Success,
1667,Office,462 Bartoletti Cape,2714217565,02182026025045537,Success,
14007,Office,663 Barton Branch,2785633196,02182026025045537,Success,
1667,Office,89273 Chapel Street,1474465804,02182026025045537,Success,
14007,Office,11486 Davis Street,7271713097,02182026025045537,Success,
1667,Office,6757 Milton Road,4166714700,02182026025045537,Success,
14007,Office,686 Union Avenue,2761578520,02182026025045537,Success,
1667,Office,676 W 6th Avenue,5451564129,02182026025045537,Success,
14007,Office,428 Lafayette Hills,2668439027,02182026025045537,Success,
1667,Office,606 S Division Street,8628761922,02182026025045537,Success,
14007,Office,9719 Gunnar Bridge,7246770391,02182026025045537,Success,
1667,Office,26169 Orn Way,8729234449,02182026025045537,Success,
14007,Office,50870 Aubrey Throughway,3035881972,02182026025045537,Success,
1667,Office,9822 May Lakes,1998801377,02182026025045537,Success,
14007,Office,182 Bergnaum Keys,2967039197,02182026025045537,Success,
1667,Office,498 Dasia Square,7058937689,02182026025045537,Success,
14007,Office,6473 Joanny Harbor,5480110895,02182026025045537,Success,
1667,Office,871 Trinity Road,2658961768,02182026025045537,Success,
14007,Office,87051 Goldner Extensions,3942714395,02182026025045537,Success,
1667,Office,97507 Marie Pass,7759243816,02182026025045537,Success,
14007,Office,592 Mount Street,8621376483,02182026025045537,Success,
1667,Office,25705 Ledner Lodge,9998314826,02182026025045537,Success,
14007,Office,283 Park Street,9788608339,02182026025045537,Success,
1667,Office,714 Meadow View,9031124576,02182026025045537,Success,
14007,Office,55637 Nelson Pines,1126087692,02182026025045537,Success,
1667,Office,9203 Meredith Junction,7493297124,02182026025045537,Success,
14007,Office,55576 E Water Street,1024709076,02182026025045537,Success,
1667,Office,58762 Cavendish Road,5551675951,02182026025045537,Success,
14007,Office,7955 Cormier Cliff,6044780524,02182026025045537,Success,
1667,Office,992 Tristian Ferry,5890523746,02182026025045537,Success,
14007,Office,77503 Lowe Neck,1560227674,02182026025045537,Success,
1667,Office,1984 N 7th Street,2156583891,02182026025045537,Success,
14007,Office,9567 Park Lane,4972093173,02182026025045537,Success,
1667,Office,3656 Williamson Gardens,6329840445,02182026025045537,Success,
14007,Office,72464 W Chestnut Street,2577620392,02182026025045537,Success,
1667,Office,9521 Aryanna Overpass,3797500792,02182026025045537,Success,
14007,Office,72647 Frederique Cove,4153274222,02182026025045537,Success,
1667,Office,426 Mertz Ramp,3099254389,02182026025045537,Success,
14007,Office,58100 Elm Grove,1269863949,02182026025045537,Success,
1667,Office,377 Back Lane,7427798859,02182026025045537,Success,
14007,Office,9177 Twila Forest,5475291354,02182026025045537,Success,
1667,Office,532 Dayton Streets,5155283545,02182026025045537,Success,
14007,Office,148 9th Street,8965347370,02182026025045537,Success,
1667,Office,797 Rolfson Junctions,5386162742,02182026025045537,Success,
14007,Office,121 Abshire Ferry,3465382916,02182026025045537,Success,
1667,Office,5522 Lincoln Street,6565826553,02182026025045537,Success,
14007,Office,645 Ebert Estate,8172177390,02182026025045537,Success,
1667,Office,760 Newton Road,3532343269,02182026025045537,Success,
14007,Office,910 Rocky Brook,9622870035,02182026025045537,Success,
1667,Office,83837 Leone Rapid,8146456522,02182026025045537,Success,
14007,Office,439 W High Street,3795562369,02182026025045537,Success,
1667,Office,35540 N 8th Street,8048691239,02182026025045537,Success,
14007,Office,4070 Columbia Avenue,3341825343,02182026025045537,Success,
1667,Office,73513 Waldo Points,8928033799,02182026025045537,Success,
14007,Office,10158 Godfrey Estate,1609586584,02182026025045537,Success,
1667,Office,538 N Water Street,3203813521,02182026025045537,Success,
14007,Office,6418 W 5th Street,3781001829,02182026025045537,Success,
1667,Office,100 Elise Rue,2938234788,02182026025045537,Success,
14007,Office,88663 E Main Street,8552864848,02182026025045537,Success,
1667,Office,4053 Bradtke Pass,7269245125,02182026025045537,Success,
14007,Office,231 Gerhold Oval,7497913010,02182026025045537,Success,
1667,Office,43367 Cross Street,6269039792,02182026025045537,Success,
14007,Office,94050 Magnolia Centers,3626518953,02182026025045537,Success,
1667,Office,44663 Walter Heights,4113035049,02182026025045537,Success,
14007,Office,25157 Quigley Villages,8432754450,02182026025045537,Success,
1667,Office,568 W Lake Street,8790533565,02182026025045537,Success,
14007,Office,6163 Mount Pleasant,2224535961,02182026025045537,Success,
1667,Office,7850 Patsy Vista,9143382800,02182026025045537,Success,
14007,Office,13969 Water Street,4592304985,02182026025045537,Success,
1667,Office,23012 Anastacio Ridges,5396324563,02182026025045537,Success,
14007,Office,707 Tierra Hill,3323922475,02182026025045537,Success,
1667,Office,36813 Crooks Rest,9522887923,02182026025045537,Success,
14007,Office,924 Shanahan Pine,1317459124,02182026025045537,Success,
1667,Office,45983 Graciela Inlet,6554804737,02182026025045537,Success,
14007,Office,5809 St Mary's Road,6526908110,02182026025045537,Success,
1667,Office,905 Pollich Drives,3435584050,02182026025045537,Success,
14007,Office,9995 Tobin Grove,9635247960,02182026025045537,Success,
1667,Office,771 Ledner Pike,8848632944,02182026025045537,Success,
14007,Office,6954 Ullrich Extension,2808746553,02182026025045537,Success,
1667,Office,2938 Lafayette Street,6767498752,02182026025045537,Success,
14007,Office,12691 DuBuque Harbors,7965916693,02182026025045537,Success,
1667,Office,200 Jefferson Street,8749166472,02182026025045537,Success,
14007,Office,15578 Westgate,9710459462,02182026025045537,Success,
1667,Office,4801 Raquel Coves,3078366742,02182026025045537,Success,
14007,Office,812 Romaguera Crest,8637782494,02182026025045537,Success,
1667,Office,94381 Sean Ridge,2204369806,02182026025045537,Success,
14007,Office,1007 Joshua Burg,9906587313,02182026025045537,Success,
1667,Office,9760 Cassie Key,4246262567,02182026025045537,Success,
14007,Office,984 E 10th Street,7559247673,02182026025045537,Success,
1667,Office,28624 Cassin Passage,4818354309,02182026025045537,Success,
14007,Office,7672 Rasheed Turnpike,1477402562,02182026025045537,Success,
1667,Office,7211 Broad Lane,3700247075,02182026025045537,Success,
14007,Office,47842 Talia Falls,2224159569,02182026025045537,Success,
1667,Office,602 Stanton Field,2956509157,02182026025045537,Success,
14007,Office,8817 Gleichner Falls,6924166375,02182026025045537,Success,
1667,Office,92305 Railroad Avenue,2514676025,02182026025045537,Success,
14007,Office,8125 S 10th Street,9662388449,02182026025045537,Success,
1667,Office,620 Morgan Manor,6655726586,02182026025045537,Success,
14007,Office,4860 Main Street S,4348352610,02182026025045537,Success,
1667,Office,346 Adah Landing,6446585380,02182026025045537,Success,
14007,Office,8697 Raynor Knolls,3172008461,02182026025045537,Success,
1667,Office,77791 Krajcik Throughway,6085957937,02182026025045537,Success,
14007,Office,100 Hauck Mill,8216375131,02182026025045537,Success,
1667,Office,1280 Hill Road,9812010842,02182026025045537,Success,
14007,Office,240 S Jefferson Street,2417413848,02182026025045537,Success,
1667,Office,21052 Dibbert Spur,4203665378,02182026025045537,Success,
14007,Office,5669 Lakin Viaduct,1787051686,02182026025045537,Success,
1667,Office,324 Windmill Lane,9457901547,02182026025045537,Success,
14007,Office,10355 Nayeli Square,2223370289,02182026025045537,Success,
1667,Office,3152 Maye Spurs,1965100040,02182026025045537,Success,
14007,Office,2133 Clay Lane,1839487809,02182026025045537,Success,
1667,Office,3988 Ebert Throughway,9576945276,02182026025045537,Success,
14007,Office,556 Milo Isle,4851662610,02182026025045537,Success,
1667,Office,475 Braulio Mews,4021505344,02182026025045537,Success,
14007,Office,4551 River Circle,5962594955,02182026025045537,Success,
1667,Office,57959 Crooks Creek,8699995288,02182026025045537,Success,
14007,Office,953 Hilll Ramp,8301310229,02182026025045537,Success,
1667,Office,44011 Emmett Tunnel,2923899684,02182026025045537,Success,
14007,Office,609 Cumberland Street,7703333285,02182026025045537,Success,
1667,Office,98500 Warren Close,4571352734,02182026025045537,Success,
14007,Office,2309 Towne Lock,2071247020,02182026025045537,Success,
1667,Office,7562 The Willows,9212663398,02182026025045537,Success,
14007,Office,37851 Nannie Loop,7043701197,02182026025045537,Success,
1667,Office,783 Pfannerstill Camp,8228879986,02182026025045537,Success,
14007,Office,65720 S 10th Street,6408705627,02182026025045537,Success,
1667,Office,586 Washington Street,9625095128,02182026025045537,Success,
14007,Office,279 Chesley Trail,1525746586,02182026025045537,Success,
1667,Office,38118 Kuhn Roads,3953730367,02182026025045537,Success,
14007,Office,541 Elroy Fields,2211104265,02182026025045537,Success,
1667,Office,473 Rath Estate,7667916260,02182026025045537,Success,
14007,Office,6318 Ressie Heights,5281785991,02182026025045537,Success,
1667,Office,7292 Johnston Village,5132554776,02182026025045537,Success,
14007,Office,8803 Pouros Way,6263997176,02182026025045537,Success,
1667,Office,1903 Central Street,9856733260,02182026025045537,Success,
14007,Office,602 Lincoln Street,7256765224,02182026025045537,Success,
1667,Office,2928 Hudson Viaduct,8472982530,02182026025045537,Success,
14007,Office,14068 Kaylee Key,2898654220,02182026025045537,Success,
1667,Office,54422 The Mews,7282039713,02182026025045537,Success,
14007,Office,95271 Bosco Islands,8244747312,02182026025045537,Success,
1667,Office,444 Thompson Lane,9340673416,02182026025045537,Success,
14007,Office,4728 Wunsch Centers,5089852133,02182026025045537,Success,
1667,Office,228 E Broad Street,4489157968,02182026025045537,Success,
14007,Office,1446 Hawthorn Close,7594694227,02182026025045537,Success,
1667,Office,80235 Post Road,7114909739,02182026025045537,Success,
14007,Office,80094 Lily Terrace,3347986899,02182026025045537,Success,
1667,Office,52128 Heath Road,5951145978,02182026025045537,Success,
14007,Office,8994 Geovanni Common,4954922066,02182026025045537,Success,
1667,Office,6754 Franey Station,7907202689,02182026025045537,Success,
14007,Office,819 Niko Shores,8340797735,02182026025045537,Success,
1667,Office,9896 School Road,1223250448,02182026025045537,Success,
14007,Office,22811 S Main Avenue,7061511642,02182026025045537,Success,
1667,Office,41661 Hawthorn Close,5132887177,02182026025045537,Success,
14007,Office,2030 Ignatius Knoll,2146765850,02182026025045537,Success,
1667,Office,720 Barton Road,8365946446,02182026025045537,Success,
14007,Office,2451 Greenville Road,9804071030,02182026025045537,Success,
1667,Office,45244 Esther Crossing,5340805874,02182026025045537,Success,
14007,Office,67148 Erling Club,9991068528,02182026025045537,Success,
1667,Office,74394 Schaden Ridges,5001200041,02182026025045537,Success,
14007,Office,88585 Dan Way,9066697943,02182026025045537,Success,
1667,Office,745 Sycamore Avenue,3895963619,02182026025045537,Success,
14007,Office,89015 Bath Street,5382394649,02182026025045537,Success,
1667,Office,233 Crescent Road,1444556054,02182026025045537,Success,
14007,Office,54540 Franecki Key,8477630463,02182026025045537,Success,
1667,Office,82239 W Broadway Avenue,2054232174,02182026025045537,Success,
14007,Office,66159 Reichel Oval,5752510064,02182026025045537,Success,
1667,Office,2873 Heidenreich Rapids,3236044858,02182026025045537,Success,
14007,Office,73481 Wuckert Shores,7503120401,02182026025045537,Success,
1667,Office,109 Princes Street,6664433756,02182026025045537,Success,
14007,Office,82129 Maxie Ranch,3799587940,02182026025045537,Success,
1667,Office,1349 Keshaun Lake,8874993585,02182026025045537,Success,
14007,Office,76931 Rempel Fort,1733546460,02182026025045537,Success,
1667,Office,4087 King Extension,1989832551,02182026025045537,Success,
14007,Office,958 Donna Mall,3956037867,02182026025045537,Success,
1667,Office,63879 Barton Parks,6309588712,02182026025045537,Success,
14007,Office,7023 Ridge Road,6414340231,02182026025045537,Success,
1667,Office,1917 Juliana Meadows,6994987156,02182026025045537,Success,
14007,Office,62955 Douglas Road,6302155785,02182026025045537,Success,
1667,Office,6199 Metz Lakes,6389933178,02182026025045537,Success,
14007,Office,47716 Mario Roads,6417318892,02182026025045537,Success,
1667,Office,2191 Third Avenue,1758801320,02182026025045537,Success,
14007,Office,759 Ondricka Forge,7651550596,02182026025045537,Success,
1667,Office,570 Woodlands,6971153948,02182026025045537,Success,
14007,Office,107 Gwendolyn Brook,8835056007,02182026025045537,Success,
1667,Office,7576 Kurtis Forest,2510130024,02182026025045537,Success,
14007,Office,972 N High Street,9693496765,02182026025045537,Success,
1667,Office,779 Becker Meadow,3760607259,02182026025045537,Success,
14007,Office,71306 Church Street,7142950860,02182026025045537,Success,
1667,Office,6059 Tower Road,6883082694,02182026025045537,Success,
14007,Office,43415 Mandy Flats,4554912925,02182026025045537,Success,
1667,Office,20053 Theron Unions,2617364666,02182026025045537,Success,
14007,Office,199 O'Reilly Motorway,1739742398,02182026025045537,Success,
1667,Office,11959 W 8th Street,2013562949,02182026025045537,Success,
14007,Office,7566 Hammes Islands,8848225885,02182026025045537,Success,
1667,Office,78804 Freeda Manors,3203163633,02182026025045537,Success,
14007,Office,2515 Smith Causeway,7428274274,02182026025045537,Success,
1667,Office,91371 Jairo Brooks,4031841247,02182026025045537,Success,
14007,Office,36868 Hartmann Mountain,4744404148,02182026025045537,Success,
1667,Office,3479 W Jackson Street,9486941755,02182026025045537,Success,
14007,Office,6793 Cummings Unions,5908536867,02182026025045537,Success,
1667,Office,3903 Tia Manor,4138312890,02182026025045537,Success,
14007,Office,2714 Ivah Plaza,3746048566,02182026025045537,Success,
1667,Office,94520 Bernier Gardens,2943255774,02182026025045537,Success,
14007,Office,9979 Helen Fields,2609709923,02182026025045537,Success,
1667,Office,179 Marquardt Vista,2715137674,02182026025045537,Success,
14007,Office,116 Ruecker Viaduct,7288160553,02182026025045537,Success,
1667,Office,6165 Kiana Path,5531827153,02182026025045537,Success,
14007,Office,59307 Hintz Neck,8332669466,02182026025045537,Success,
1667,Office,5904 S Monroe Street,5288026579,02182026025045537,Success,
14007,Office,75847 Humberto Crossing,6446795064,02182026025045537,Success,
1667,Office,7760 S Monroe Street,2346825325,02182026025045537,Success,
14007,Office,66009 Rylan Port,2412524128,02182026025045537,Success,
1667,Office,89425 Reta Court,1555516572,02182026025045537,Success,
14007,Office,763 Osinski Walk,2039119043,02182026025045537,Success,
1667,Office,72108 Andreanne Walk,6678615993,02182026025045537,Success,
14007,Office,7456 Kacie Avenue,8430849718,02182026025045537,Success,
1667,Office,59161 Woodlands Close,4085599080,02182026025045537,Success,
14007,Office,696 Meadow Drive,4795311836,02182026025045537,Success,
1667,Office,35492 Wolf Orchard,1530896670,02182026025045537,Success,
14007,Office,6106 Louisa Islands,7095567640,02182026025045537,Success,
1667,Office,6607 Huels Crescent,7343098342,02182026025045537,Success,
14007,Office,623 Skiles Roads,2390206372,02182026025045537,Success,
1667,Office,9603 Manchester Road,5994520526,02182026025045537,Success,
14007,Office,4153 Brakus Bypass,7325912796,02182026025045537,Success,
1667,Office,5235 Gulgowski Pine,9541348459,02182026025045537,Success,
14007,Office,33370 Hettinger Stravenue,6176698609,02182026025045537,Success,
1667,Office,865 W Washington Avenue,9833818820,02182026025045537,Success,
14007,Office,34012 Railway Street,9389347397,02182026025045537,Success,
1667,Office,56762 Heidi Forges,3386480982,02182026025045537,Success,
14007,Office,88460 Gregory Ways,7195886630,02182026025045537,Success,
1667,Office,29363 Prosacco Island,2992615870,02182026025045537,Success,
14007,Office,33702 Ondricka Pines,4682010065,02182026025045537,Success,
1667,Office,568 Crescent Road,3523806128,02182026025045537,Success,
14007,Office,259 Hershel Walks,8718753368,02182026025045537,Success,
1667,Office,400 Norfolk Road,2421024961,02182026025045537,Success,
14007,Office,676 Cesar Courts,6703385311,02182026025045537,Success,
1667,Office,9826 Herta Route,7379085474,02182026025045537,Success,
14007,Office,9278 County Road,3984680901,02182026025045537,Success,
1667,Office,566 Swaniawski Mall,1143183332,02182026025045537,Success,
14007,Office,1339 Pfannerstill Inlet,2706626309,02182026025045537,Success,
1667,Office,1539 Ubaldo Keys,5079845663,02182026025045537,Success,
14007,Office,455 Schroeder Mount,9121543731,02182026025045537,Success,
1667,Office,81224 N 5th Street,9504945134,02182026025045537,Success,
14007,Office,558 Emiliano Field,2576754822,02182026025045537,Success,
1667,Office,9470 Johnston Expressway,2473933389,02182026025045537,Success,
14007,Office,6852 Lukas Plain,5972716439,02182026025045537,Success,
1667,Office,8668 River Road,4467050576,02182026025045537,Success,
14007,Office,7684 Wood Street,4294501272,02182026025045537,Success,
1667,Office,907 Jermaine Forge,8306673993,02182026025045537,Success,
14007,Office,15735 S 3rd Street,6587515159,02182026025045537,Success,
1667,Office,76394 Hand Manors,2854648277,02182026025045537,Success,
14007,Office,85728 Heather Close,1356731908,02182026025045537,Success,
1667,Office,7548 Gottlieb Curve,8755565657,02182026025045537,Success,
14007,Office,2319 Columbus Ports,8664946330,02182026025045537,Success,
1667,Office,65596 W Maple Street,6975548671,02182026025045537,Success,
14007,Office,264 Rickie Plains,9650759604,02182026025045537,Success,
1667,Office,38675 Frami Rapid,4194437448,02182026025045537,Success,
14007,Office,620 Blake Orchard,2661978217,02182026025045537,Success,
1667,Office,11700 O'Kon Path,9923288413,02182026025045537,Success,
14007,Office,3832 Alexis Highway,9625388407,02182026025045537,Success,
1667,Office,627 Cedar Close,2565529371,02182026025045537,Success,
14007,Office,6845 Nightingale Close,9945225304,02182026025045537,Success,
1667,Office,78560 Winona Underpass,2007700068,02182026025045537,Success,
14007,Office,573 Schoen Lakes,3222350273,02182026025045537,Success,
1667,Office,5624 Woodland Road,2144030823,02182026025045537,Success,
14007,Office,435 Somerset Road,4252584077,02182026025045537,Success,
1667,Office,30234 Hubert Extensions,2187843900,02182026025045537,Success,
14007,Office,6067 Schroeder Forest,5736025637,02182026025045537,Success,
1667,Office,8589 E Franklin Street,9165622682,02182026025045537,Success,
14007,Office,50739 Dominic Light,4718699297,02182026025045537,Success,
1667,Office,7100 Blake Rue,4470769938,02182026025045537,Success,
14007,Office,89073 E Pine Street,3339966641,02182026025045537,Success,
1667,Office,7997 Gloucester Road,2570163053,02182026025045537,Success,
14007,Office,957 Grant Street,7968247598,02182026025045537,Success,
1667,Office,443 W Walnut Street,1540617312,02182026025045537,Success,
14007,Office,5975 Orlando Ways,7507345339,02182026025045537,Success,
1667,Office,281 State Line Road,2172061384,02182026025045537,Success,
14007,Office,54275 S 1st Avenue,5122815628,02182026025045537,Success,
1667,Office,1856 Camila Fords,5909303640,02182026025045537,Success,
14007,Office,682 Flatley Ferry,3327535956,02182026025045537,Success,
1667,Office,7711 Breitenberg Crescent,7914101587,02182026025045537,Success,
14007,Office,34758 Raynor Lake,5464730127,02182026025045537,Success,
1667,Office,762 McLaughlin Fields,1213533351,02182026025045537,Success,
14007,Office,26867 Mosciski Plaza,7534815068,02182026025045537,Success,
1667,Office,131 Gianni Loaf,9488644758,02182026025045537,Success,
14007,Office,855 E 12th Street,5888018765,02182026025045537,Success,
1667,Office,5665 Dena Ville,7007826332,02182026025045537,Success,
14007,Office,68770 Abigail Pike,3100571771,02182026025045537,Success,
1667,Office,9707 Waterside,3531532604,02182026025045537,Success,
14007,Office,60763 Bogan Causeway,8685935966,02182026025045537,Success,
1667,Office,598 Abigail Falls,6519766914,02182026025045537,Success,
14007,Office,10049 Bernhard Place,8244920435,02182026025045537,Success,
1667,Office,454 Nadia Creek,1544097201,02182026025045537,Success,
14007,Office,2957 Moss Lane,8989533441,02182026025045537,Success,
1667,Office,3093 Logan Drives,7315162261,02182026025045537,Success,
14007,Office,2435 Hickory Street,1043845866,02182026025045537,Success,
1667,Office,6155 Kemmer Coves,6913177401,02182026025045537,Success,
14007,Office,7086 Camylle Gateway,8057386424,02182026025045537,Success,
1667,Office,3171 Schimmel Parks,1037447109,02182026025045537,Success,
14007,Office,74949 Bailee Centers,8362250339,02182026025045537,Success,
1667,Office,310 Reva Mount,6003526910,02182026025045537,Success,
14007,Office,843 Sycamore Drive,3577708581,02182026025045537,Success,
1667,Office,2881 The Orchard,6299256253,02182026025045537,Success,
14007,Office,19831 Sipes Wells,4814063698,02182026025045537,Success,
1667,Office,50090 Ratke Mill,6779862225,02182026025045537,Success,
14007,Office,2088 Wilfred Center,3168457150,02182026025045537,Success,
1667,Office,13468 Adrianna Port,5464592921,02182026025045537,Success,
14007,Office,6245 Sanford Mills,6528642285,02182026025045537,Success,
1667,Office,9188 Woodlands Road,3030517566,02182026025045537,Success,
14007,Office,48707 Brandyn Road,1459999577,02182026025045537,Success,
1667,Office,8362 Kuhic Port,4745568149,02182026025045537,Success,
14007,Office,204 Park Place,9691472447,02182026025045537,Success,
1667,Office,635 Feil Port,9599112799,02182026025045537,Success,
14007,Office,11970 Marilyne Canyon,4070848669,02182026025045537,Success,
1667,Office,396 Melyssa Parkway,1792942495,02182026025045537,Success,
14007,Office,2056 Abshire Hill,5607021564,02182026025045537,Success,
1667,Office,3275 The Croft,7890145110,02182026025045537,Success,
14007,Office,146 William Street,7817197578,02182026025045537,Success,
1667,Office,383 River Road,2301019616,02182026025045537,Success,
14007,Office,90958 Gianni Lodge,5856207816,02182026025045537,Success,
1667,Office,879 Nickolas Crossroad,1235252353,02182026025045537,Success,
14007,Office,5913 Boyle Crest,8857118305,02182026025045537,Success,
1667,Office,2672 Collier Land,5678310802,02182026025045537,Success,
14007,Office,2095 Libby Throughway,6809192506,02182026025045537,Success,
1667,Office,9142 Cletus Shoal,3058428963,02182026025045537,Success,
14007,Office,95854 Ritchie Loaf,5222589547,02182026025045537,Success,
1667,Office,34510 Weissnat Tunnel,7027654310,02182026025045537,Success,
14007,Office,50084 Adrian Valley,5449962518,02182026025045537,Success,
1667,Office,5919 Halle Island,7622331366,02182026025045537,Success,
14007,Office,8526 Oak Lane,7966034863,02182026025045537,Success,
1667,Office,12896 Bergstrom Square,7145541593,02182026025045537,Success,
14007,Office,5338 W 10th Street,1737625997,02182026025045537,Success,
1667,Office,6544 The Oval,4594598326,02182026025045537,Success,
14007,Office,3203 Block Vista,4151049102,02182026025045537,Success,
1667,Office,7359 McLaughlin Knoll,6488835869,02182026025045537,Success,
14007,Office,6703 Adolf Land,2472462097,02182026025045537,Success,
1667,Office,273 Bluebell Close,8651990280,02182026025045537,Success,
14007,Office,4508 Bernhard Alley,7035970407,02182026025045537,Success,
1667,Office,8922 Main Street S,1066628531,02182026025045537,Success,
14007,Office,294 Bruen Lodge,5232713401,02182026025045537,Success,
1667,Office,2007 Grant Street,5352083538,02182026025045537,Success,
14007,Office,21797 Church Path,7302821806,02182026025045537,Success,
1667,Office,52761 Madisen Harbor,8622216970,02182026025045537,Success,
14007,Office,910 Walter Place,6077434944,02182026025045537,Success,
1667,Office,77500 Rafael Keys,6822957021,02182026025045537,Success,
14007,Office,346 Kiehn Center,4455636826,02182026025045537,Success,
1667,Office,993 Littel Trail,4177527708,02182026025045537,Success,
14007,Office,377 Kings Highway,7043031399,02182026025045537,Success,
1667,Office,86662 N Pearl Street,3142721769,02182026025045537,Success,
14007,Office,1405 Old Military Road,9155321716,02182026025045537,Success,
1667,Office,8609 Fay Fort,9943569217,02182026025045537,Success,
14007,Office,10852 Dwight Court,4319086654,02182026025045537,Success,
1667,Office,48665 Schimmel Roads,8117554025,02182026025045537,Success,
14007,Office,9902 Fritsch Lakes,8052608268,02182026025045537,Success,
1667,Office,7792 Pfeffer Mountains,4114285045,02182026025045537,Success,
14007,Office,34776 Larissa Parks,3517990387,02182026025045537,Success,
1667,Office,6159 Bashirian Fords,2444121536,02182026025045537,Success,
14007,Office,65716 Braun Ramp,9184013261,02182026025045537,Success,
1667,Office,74602 Karianne Mountain,5287513986,02182026025045537,Success,
14007,Office,28896 Pleasant Street,9459214388,02182026025045537,Success,
1667,Office,8182 Jeromy Courts,8959731221,02182026025045537,Success,
