AgreementId,AddressType,Address,MobileNumber,WorkRequestId,UploadStatus,ErrorMessage
14007,Office,7957 Poplar Street,9825222209,03182026045656522,Success,
1667,Office,16213 Common Lane,8534371598,03182026045656522,Success,
14007,Office,181 Milton Center,9923024129,03182026045656522,Success,
1667,Office,62405 Osinski Wells,5669852089,03182026045656522,Success,
14007,Office,13346 Gino Mission,6152215799,03182026045656522,Success,
1667,Office,2038 Avenue Road,8548110468,03182026045656522,Success,
14007,Office,85273 Schowalter Expressway,3723839322,03182026045656522,Success,
1667,Office,663 Aliyah Plains,5811349858,03182026045656522,Success,
14007,Office,534 Candice Mountains,3176135737,03182026045656522,Success,
1667,Office,21585 Rosenbaum Skyway,5548497364,03182026045656522,Success,
14007,Office,83097 Hammes Corner,2958412614,03182026045656522,Success,
1667,Office,8157 Ayden Squares,3529246599,03182026045656522,Success,
14007,Office,72251 Freeman Lane,5653547429,03182026045656522,Success,
1667,Office,28875 Ernesto Valley,2189833559,03182026045656522,Success,
14007,Office,48288 Shane Plaza,2967696234,03182026045656522,Success,
1667,Office,6652 W 2nd Street,2195734996,03182026045656522,Success,
14007,Office,3463 Holly Close,1046676237,03182026045656522,Success,
1667,Office,511 Stanley Street,6720631555,03182026045656522,Success,
14007,Office,5695 Maurine Rue,8331010094,03182026045656522,Success,
1667,Office,96211 Megane Cliff,8625228652,03182026045656522,Success,
14007,Office,73338 Laurine Path,2486084772,03182026045656522,Success,
1667,Office,609 Annamae Spring,4660039432,03182026045656522,Success,
14007,Office,6076 Audreanne Plain,6768645655,03182026045656522,Success,
1667,Office,3993 Kuphal Vista,8538076238,03182026045656522,Success,
14007,Office,49317 Robb Walk,3631229510,03182026045656522,Success,
1667,Office,541 Gabe Garden,2089210015,03182026045656522,Success,
14007,Office,109 E 10th Street,9777406153,03182026045656522,Success,
1667,Office,850 Albion Street,1301249062,03182026045656522,Success,
14007,Office,6385 Monroe Street,1602927017,03182026045656522,Success,
1667,Office,28481 Waelchi Rapid,6208790032,03182026045656522,Success,
14007,Office,6784 Ross Glens,6320287814,03182026045656522,Success,
1667,Office,112 Stoltenberg Vista,5019824143,03182026045656522,Success,
14007,Office,2228 Hessel Ramp,2847998808,03182026045656522,Success,
1667,Office,73783 Mossie Cliffs,1187292927,03182026045656522,Success,
14007,Office,23119 Murray Viaduct,3839195674,03182026045656522,Success,
1667,Office,29034 Reece Haven,3134056416,03182026045656522,Success,
14007,Office,8883 E Church Street,2960085863,03182026045656522,Success,
1667,Office,38930 Effertz Light,2619106301,03182026045656522,Success,
14007,Office,4978 White Skyway,6345822660,03182026045656522,Success,
1667,Office,2193 Mandy Lights,2762213826,03182026045656522,Success,
14007,Office,1335 McCullough Ridge,4535613989,03182026045656522,Success,
1667,Office,6484 Nova Creek,4397476385,03182026045656522,Success,
14007,Office,2283 W Main,1788003112,03182026045656522,Success,
1667,Office,91265 Legros Courts,3146864787,03182026045656522,Success,
14007,Office,3547 Auer Landing,8740988180,03182026045656522,Success,
1667,Office,1759 S Broad Street,4871260472,03182026045656522,Success,
14007,Office,40048 Sawayn Overpass,4404444618,03182026045656522,Success,
1667,Office,1795 Grove Road,4448014759,03182026045656522,Success,
14007,Office,57122 Talia Parkways,3047446051,03182026045656522,Success,
1667,Office,91027 Veum Pine,1883158100,03182026045656522,Success,
14007,Office,6428 Wade Drive,7411137305,03182026045656522,Success,
1667,Office,1763 Windsor Close,6113065882,03182026045656522,Success,
14007,Office,40188 Mueller Street,3440709459,03182026045656522,Success,
1667,Office,60745 W Washington Avenue,3779663893,03182026045656522,Success,
14007,Office,43949 Sophie Key,6533215016,03182026045656522,Success,
1667,Office,92453 Donnelly Glens,2572398616,03182026045656522,Success,
14007,Office,4239 Borer Island,1213420187,03182026045656522,Success,
1667,Office,1132 Cumberland Street,5894355282,03182026045656522,Success,
14007,Office,20340 Emelie Haven,7392219209,03182026045656522,Success,
1667,Office,758 Heath Road,3110162893,03182026045656522,Success,
14007,Office,88046 Davin Villages,9348447265,03182026045656522,Success,
1667,Office,2391 Sycamore Drive,8320480500,03182026045656522,Success,
14007,Office,7765 Coronation Avenue,7888025576,03182026045656522,Success,
1667,Office,8695 Pfannerstill Ville,4493284257,03182026045656522,Success,
14007,Office,94805 Wanda Ford,9031036051,03182026045656522,Success,
1667,Office,370 Torphy Motorway,7873836782,03182026045656522,Success,
14007,Office,74541 East Avenue,6347591654,03182026045656522,Success,
1667,Office,4553 O'Keefe Center,7890346917,03182026045656522,Success,
14007,Office,40854 Hackett Spring,2959345167,03182026045656522,Success,
1667,Office,11324 Woodlands Close,4851126389,03182026045656522,Success,
14007,Office,21242 Kerluke Lodge,3839976040,03182026045656522,Success,
1667,Office,82019 Ebert Cliff,9772895824,03182026045656522,Success,
14007,Office,181 E High Street,3997002429,03182026045656522,Success,
1667,Office,393 Kutch Centers,1436516653,03182026045656522,Success,
14007,Office,86101 Cliff Road,7209439499,03182026045656522,Success,
1667,Office,4410 Marina Falls,5907597540,03182026045656522,Success,
14007,Office,6560 Hyatt Gardens,5724231732,03182026045656522,Success,
1667,Office,5087 The Lane,6517228179,03182026045656522,Success,
14007,Office,724 Memorial Drive,5278656434,03182026045656522,Success,
1667,Office,3172 Koch Orchard,2784027920,03182026045656522,Success,
14007,Office,5755 Green Hill,5472544101,03182026045656522,Success,
1667,Office,5647 Quarry Lane,1208169766,03182026045656522,Success,
14007,Office,669 Trantow Crossing,1821818797,03182026045656522,Success,
1667,Office,49695 Littel Mills,8552280324,03182026045656522,Success,
14007,Office,897 Boehm Ramp,1562379817,03182026045656522,Success,
1667,Office,6005 Herman Points,9029535191,03182026045656522,Success,
14007,Office,184 Osbaldo Shoal,5975782341,03182026045656522,Success,
1667,Office,240 Carmelo Union,4227560649,03182026045656522,Success,
14007,Office,78457 N Poplar Street,4644483884,03182026045656522,Success,
1667,Office,215 Ezequiel Lane,8634785833,03182026045656522,Success,
14007,Office,192 Evalyn Hill,3341746619,03182026045656522,Success,
1667,Office,118 Raven Heights,9435376461,03182026045656522,Success,
14007,Office,1608 Nolan Junction,6718359382,03182026045656522,Success,
1667,Office,2272 Dangelo Landing,5695170407,03182026045656522,Success,
14007,Office,463 Bell Lane,9828310555,03182026045656522,Success,
1667,Office,11675 S West Street,2592048684,03182026045656522,Success,
14007,Office,9704 Muller Fields,6157202257,03182026045656522,Success,
1667,Office,1292 Yost Turnpike,3097862553,03182026045656522,Success,
14007,Office,293 Legros Passage,2211106965,03182026045656522,Success,
1667,Office,485 South Road,9106713528,03182026045656522,Success,
14007,Office,950 Orval Well,1250526908,03182026045656522,Success,
1667,Office,92719 Candice Islands,4042351007,03182026045656522,Success,
14007,Office,87639 Rowland Hollow,2468801127,03182026045656522,Success,
1667,Office,37189 Bonita Forks,3762747737,03182026045656522,Success,
14007,Office,291 Maple Avenue,5145732411,03182026045656522,Success,
1667,Office,75064 Marielle Cliff,2361679331,03182026045656522,Success,
14007,Office,24815 Hawthorn Avenue,4548778117,03182026045656522,Success,
1667,Office,797 S 5th Street,9323174322,03182026045656522,Success,
14007,Office,8610 Greenway,7696046785,03182026045656522,Success,
1667,Office,55354 Birch Road,3214938944,03182026045656522,Success,
14007,Office,406 N Broad Street,7444340498,03182026045656522,Success,
1667,Office,503 Davis Pass,6604217960,03182026045656522,Success,
14007,Office,7545 S Lincoln Street,6360497279,03182026045656522,Success,
1667,Office,1242 N Washington Street,4851549846,03182026045656522,Success,
14007,Office,65183 Wunsch Union,3581726802,03182026045656522,Success,
1667,Office,173 Bernhard Grove,7737235041,03182026045656522,Success,
14007,Office,4108 Dicki Valleys,6467973993,03182026045656522,Success,
1667,Office,56116 O'Keefe Landing,3655929760,03182026045656522,Success,
14007,Office,57059 Dicki Divide,3732713877,03182026045656522,Success,
1667,Office,224 Stokes Cove,8163498258,03182026045656522,Success,
14007,Office,3373 Vergie Radial,6212385512,03182026045656522,Success,
1667,Office,959 Manor Close,7628993915,03182026045656522,Success,
14007,Office,62212 Franey Meadows,8804680991,03182026045656522,Success,
1667,Office,432 Jacobson Center,4603519230,03182026045656522,Success,
14007,Office,1500 Cleta Harbors,6910845859,03182026045656522,Success,
1667,Office,3018 Jarrod Walk,3956834316,03182026045656522,Success,
14007,Office,932 Alfred Street,5301667645,03182026045656522,Success,
1667,Office,457 Hazel Grove,3737720470,03182026045656522,Success,
14007,Office,4505 E High Street,3145918599,03182026045656522,Success,
1667,Office,72417 South Drive,1871295063,03182026045656522,Success,
14007,Office,2708 Pink Trafficway,3050200100,03182026045656522,Success,
1667,Office,95284 Kenyatta Lock,9543513541,03182026045656522,Success,
14007,Office,965 Mariane Pine,1009005670,03182026045656522,Success,
1667,Office,88026 Veum Haven,8425531889,03182026045656522,Success,
14007,Office,789 Boyle Summit,4193030654,03182026045656522,Success,
1667,Office,371 Kuhic Club,6894743617,03182026045656522,Success,
14007,Office,8840 Kiehn Park,4671369948,03182026045656522,Success,
1667,Office,73320 Feil Light,4933509670,03182026045656522,Success,
14007,Office,525 Feeney Ridge,9435899528,03182026045656522,Success,
1667,Office,8349 Jackson Street,9799833044,03182026045656522,Success,
14007,Office,485 N Main Street,7243297530,03182026045656522,Success,
1667,Office,4603 Oxford Road,2634423281,03182026045656522,Success,
14007,Office,136 Yost Springs,5951347730,03182026045656522,Success,
1667,Office,8782 Irving Dam,1798001579,03182026045656522,Success,
14007,Office,505 Petra Lake,2316321578,03182026045656522,Success,
1667,Office,315 D'Amore Junction,9477607080,03182026045656522,Success,
14007,Office,46392 Windmill Lane,7444268878,03182026045656522,Success,
1667,Office,7689 Haley Mission,2912189564,03182026045656522,Success,
14007,Office,3770 April Grove,1352986268,03182026045656522,Success,
1667,Office,263 Bath Road,1680504179,03182026045656522,Success,
14007,Office,2733 Kaleb Grove,9347967137,03182026045656522,Success,
1667,Office,816 Pine Close,8365980871,03182026045656522,Success,
14007,Office,13881 N Maple Street,8369781524,03182026045656522,Success,
1667,Office,201 E Broadway,4672546491,03182026045656522,Success,
14007,Office,55072 Myron Brook,7156311023,03182026045656522,Success,
1667,Office,746 Church Lane,1258204756,03182026045656522,Success,
14007,Office,386 Bruen Heights,5073768465,03182026045656522,Success,
1667,Office,524 Laburnum Grove,5763248555,03182026045656522,Success,
14007,Office,754 Schmidt Course,8120839890,03182026045656522,Success,
1667,Office,2255 St John's Road,7074706830,03182026045656522,Success,
14007,Office,856 Maggie Parkway,9625905903,03182026045656522,Success,
1667,Office,158 Manor Road,5695901827,03182026045656522,Success,
14007,Office,8447 Emerald Walk,7535732832,03182026045656522,Success,
1667,Office,223 Richmond Road,8443667413,03182026045656522,Success,
14007,Office,3060 Westfield Road,7898765508,03182026045656522,Success,
1667,Office,496 Mill Lane,7710661158,03182026045656522,Success,
14007,Office,904 Heather Close,2564432988,03182026045656522,Success,
1667,Office,336 Forest Avenue,4065471298,03182026045656522,Success,
14007,Office,31303 Jacobs Center,1343078226,03182026045656522,Success,
1667,Office,647 W Union Street,9442326805,03182026045656522,Success,
14007,Office,41366 Deckow Cliffs,6289412499,03182026045656522,Success,
1667,Office,5392 Bins Terrace,8324022252,03182026045656522,Success,
14007,Office,22924 Kerluke Via,4105824165,03182026045656522,Success,
1667,Office,16641 Marlborough Road,6256532548,03182026045656522,Success,
14007,Office,85884 Railroad Street,8806057301,03182026045656522,Success,
1667,Office,24716 Kevon Vista,9420094775,03182026045656522,Success,
14007,Office,5737 Waverley Road,7533067860,03182026045656522,Success,
1667,Office,92717 Mount Street,7797589946,03182026045656522,Success,
14007,Office,536 Yost Rest,2166253392,03182026045656522,Success,
1667,Office,7451 Abernathy Courts,4719188274,03182026045656522,Success,
14007,Office,918 Parisian Springs,4003320331,03182026045656522,Success,
1667,Office,189 Airport Road,4728858824,03182026045656522,Success,
14007,Office,74079 Jodie Dam,2426450563,03182026045656522,Success,
1667,Office,112 Jarret Hill,8292556562,03182026045656522,Success,
14007,Office,1118 Stephan Ways,7764337389,03182026045656522,Success,
1667,Office,6310 Smith Branch,7028069919,03182026045656522,Success,
14007,Office,86795 O'Connell Club,1028695467,03182026045656522,Success,
1667,Office,371 Edwin Centers,9788018315,03182026045656522,Success,
14007,Office,3817 Main Street E,6502517120,03182026045656522,Success,
1667,Office,512 Huel Parks,4818014815,03182026045656522,Success,
14007,Office,7829 St George's Road,2544107055,03182026045656522,Success,
1667,Office,86067 Bernier Forest,2399914671,03182026045656522,Success,
14007,Office,8072 Brooklyn Pine,4226768768,03182026045656522,Success,
1667,Office,825 Cedar Road,9382862170,03182026045656522,Success,
14007,Office,551 Osborne Walk,4783845466,03182026045656522,Success,
1667,Office,3002 Green Bypass,2480011323,03182026045656522,Success,
14007,Office,62420 Lebsack Freeway,2218961192,03182026045656522,Success,
1667,Office,589 Bednar Ridges,1916289612,03182026045656522,Success,
14007,Office,3085 Bramley Close,8917648309,03182026045656522,Success,
1667,Office,6302 Estefania Center,6342486398,03182026045656522,Success,
14007,Office,3173 Chapel Road,9145173791,03182026045656522,Success,
1667,Office,95012 Connelly Haven,2215711573,03182026045656522,Success,
14007,Office,780 Winfield Loaf,8648932422,03182026045656522,Success,
1667,Office,30285 Nelson Street,7164217028,03182026045656522,Success,
14007,Office,3352 S 1st Avenue,5321514121,03182026045656522,Success,
1667,Office,8184 Brekke Views,7062927946,03182026045656522,Success,
14007,Office,447 Eunice Drive,5139939581,03182026045656522,Success,
1667,Office,929 Howard Street,5202329273,03182026045656522,Success,
14007,Office,1500 Mount Street,7569996162,03182026045656522,Success,
1667,Office,9247 Flavie Mill,5854477305,03182026045656522,Success,
14007,Office,50236 Peter Prairie,4133481936,03182026045656522,Success,
1667,Office,61070 Bernier Coves,9623961815,03182026045656522,Success,
14007,Office,664 Marcos Row,2780024323,03182026045656522,Success,
1667,Office,551 Simonis Shoals,2984608219,03182026045656522,Success,
14007,Office,4433 Mckenna Via,3282991397,03182026045656522,Success,
1667,Office,449 Maryse Plaza,1031109469,03182026045656522,Success,
14007,Office,30856 Rodrigo Plains,7896885640,03182026045656522,Success,
1667,Office,74737 Hill Street,8946329089,03182026045656522,Success,
14007,Office,514 Collier Stravenue,4906315105,03182026045656522,Success,
1667,Office,399 Billie Center,1867261976,03182026045656522,Success,
14007,Office,893 Sean Fords,1758725026,03182026045656522,Success,
1667,Office,44695 Luettgen Spurs,7915424754,03182026045656522,Success,
14007,Office,23319 Kirlin Heights,1572092146,03182026045656522,Success,
1667,Office,51917 Western Avenue,1389393024,03182026045656522,Success,
14007,Office,32432 The Fairway,9707012345,03182026045656522,Success,
1667,Office,408 E Market Street,8089835424,03182026045656522,Success,
14007,Office,802 Thelma Ville,2752171358,03182026045656522,Success,
1667,Office,658 E Union Street,6680732385,03182026045656522,Success,
14007,Office,70253 Klein Mews,2883602293,03182026045656522,Success,
1667,Office,7447 Anne Glens,1061597016,03182026045656522,Success,
14007,Office,5531 Laurie Vista,8346111240,03182026045656522,Success,
1667,Office,1516 E High Street,1214447349,03182026045656522,Success,
14007,Office,8013 Breitenberg Neck,7789876088,03182026045656522,Success,
1667,Office,859 Pauline Rue,6207736476,03182026045656522,Success,
14007,Office,3269 South Road,7419084925,03182026045656522,Success,
1667,Office,532 Ila Mount,8244477449,03182026045656522,Success,
14007,Office,1773 Carson Mountains,6503470087,03182026045656522,Success,
1667,Office,56371 E State Street,3518766607,03182026045656522,Success,
14007,Office,9137 Center Street,9252887615,03182026045656522,Success,
1667,Office,55928 Flatley Dam,3182117021,03182026045656522,Success,
14007,Office,749 S East Street,1257591304,03182026045656522,Success,
1667,Office,6799 Wava Flats,7472629212,03182026045656522,Success,
14007,Office,25906 Walker Ridges,8595433221,03182026045656522,Success,
1667,Office,6005 Kilback Court,6058997704,03182026045656522,Success,
14007,Office,344 Cara Rue,8915923134,03182026045656522,Success,
1667,Office,32183 Water Lane,5510595839,03182026045656522,Success,
14007,Office,816 Aletha Glens,8172801554,03182026045656522,Success,
1667,Office,33331 The Lane,5662292562,03182026045656522,Success,
14007,Office,665 Parker Hills,9573786530,03182026045656522,Success,
1667,Office,58873 Nicolas Mission,9744032665,03182026045656522,Success,
14007,Office,648 Cronin Valley,6381115990,03182026045656522,Success,
1667,Office,28765 Romaine Forest,5022639133,03182026045656522,Success,
14007,Office,418 N East Street,3253194846,03182026045656522,Success,
1667,Office,9855 Ian Avenue,4293235764,03182026045656522,Success,
14007,Office,8781 Bartell Hills,9725624497,03182026045656522,Success,
1667,Office,443 Howell Freeway,6952887746,03182026045656522,Success,
14007,Office,33232 Second Avenue,9961121326,03182026045656522,Success,
1667,Office,9104 Marquise Crest,8807428018,03182026045656522,Success,
14007,Office,940 Wiegand Valley,5004344330,03182026045656522,Success,
1667,Office,35125 Korbin Well,9944701014,03182026045656522,Success,
14007,Office,169 Main,4322041094,03182026045656522,Success,
1667,Office,1939 Main Street E,3665981401,03182026045656522,Success,
14007,Office,97104 Valley Road,1112369457,03182026045656522,Success,
1667,Office,95678 Terry Shoals,1091296344,03182026045656522,Success,
14007,Office,6829 Hessel Village,1921880109,03182026045656522,Success,
1667,Office,1735 Romaguera Mall,5840177049,03182026045656522,Success,
14007,Office,211 Verla Lake,9110949628,03182026045656522,Success,
1667,Office,436 Heller Motorway,2595698266,03182026045656522,Success,
14007,Office,93295 Pfeffer Points,1909691262,03182026045656522,Success,
1667,Office,266 Cromwell Road,4505121554,03182026045656522,Success,
14007,Office,481 Martin Luther King Drive,1610431408,03182026045656522,Success,
1667,Office,7454 Dickinson Light,4953136958,03182026045656522,Success,
14007,Office,4582 S 2nd Street,8120065858,03182026045656522,Success,
1667,Office,690 Chapel Hill,7035675564,03182026045656522,Success,
14007,Office,99817 S Union Street,9498737275,03182026045656522,Success,
1667,Office,7337 Raoul Isle,4615493083,03182026045656522,Success,
14007,Office,37938 Carter Highway,7731426314,03182026045656522,Success,
1667,Office,231 Glebe Close,6858121592,03182026045656522,Success,
14007,Office,9601 Miracle Rapids,8183111530,03182026045656522,Success,
1667,Office,847 Vandervort Forges,4618121333,03182026045656522,Success,
14007,Office,77893 Damion Lake,7221973757,03182026045656522,Success,
1667,Office,98393 Zita Shoals,2242201604,03182026045656522,Success,
14007,Office,729 Douglas Knoll,1839112471,03182026045656522,Success,
1667,Office,7515 Poplar Close,8221928550,03182026045656522,Success,
14007,Office,5303 Stoney Lane,7966432601,03182026045656522,Success,
1667,Office,861 Lakin Estates,3788732122,03182026045656522,Success,
14007,Office,74472 Jada Summit,9263523261,03182026045656522,Success,
1667,Office,5228 Lucile Crossroad,6202599645,03182026045656522,Success,
14007,Office,411 Braun Coves,3405559318,03182026045656522,Success,
1667,Office,652 Harvey Cove,5629515222,03182026045656522,Success,
14007,Office,111 Esperanza Stream,7121572797,03182026045656522,Success,
1667,Office,4852 Eleazar Highway,6782702778,03182026045656522,Success,
14007,Office,9374 Sycamore Avenue,4773461752,03182026045656522,Success,
1667,Office,60260 The Sidings,6491378678,03182026045656522,Success,
14007,Office,29379 Spring Gardens,9222485316,03182026045656522,Success,
1667,Office,73057 Emerald Camp,3374826840,03182026045656522,Success,
14007,Office,4351 Clay Lane,9804778644,03182026045656522,Success,
1667,Office,209 Hayes Underpass,3471770785,03182026045656522,Success,
14007,Office,74062 Lulu Cliffs,2505641472,03182026045656522,Success,
1667,Office,552 Bluebell Close,2223128675,03182026045656522,Success,
14007,Office,32569 Huels Cape,8357247044,03182026045656522,Success,
1667,Office,740 Merlin Cape,7278676412,03182026045656522,Success,
14007,Office,2304 Beech Drive,5304351175,03182026045656522,Success,
1667,Office,57180 Lockman Fort,7240684209,03182026045656522,Success,
14007,Office,488 Mariano Fords,9664945630,03182026045656522,Success,
1667,Office,500 Western Avenue,8386357477,03182026045656522,Success,
14007,Office,31257 St Andrews Close,8125789431,03182026045656522,Success,
1667,Office,7335 Willow Isle,7260851720,03182026045656522,Success,
14007,Office,61787 Mylene Green,1600440809,03182026045656522,Success,
1667,Office,8071 Rath Parkway,7874914530,03182026045656522,Success,
14007,Office,1716 W Market Street,6351859478,03182026045656522,Success,
1667,Office,86115 Milton Road,6024293322,03182026045656522,Success,
14007,Office,13801 Commercial Street,4636465551,03182026045656522,Success,
1667,Office,7262 Brenna Crossing,8783953189,03182026045656522,Success,
14007,Office,2229 Hillside Avenue,3589342504,03182026045656522,Success,
1667,Office,842 Eileen Cape,8802054394,03182026045656522,Success,
14007,Office,8119 Alvis Heights,7088427566,03182026045656522,Success,
1667,Office,24934 Petra Gateway,4724710501,03182026045656522,Success,
14007,Office,9632 Franecki Loop,8664295376,03182026045656522,Success,
1667,Office,503 Violet Brooks,2012651883,03182026045656522,Success,
14007,Office,95146 Haley Common,1030345044,03182026045656522,Success,
1667,Office,486 Trey Route,9665663371,03182026045656522,Success,
14007,Office,78419 Olson Courts,5370462283,03182026045656522,Success,
1667,Office,412 Hagenes Corners,8365664943,03182026045656522,Success,
14007,Office,417 Tessie Oval,8481702884,03182026045656522,Success,
1667,Office,1674 Marisol Cliffs,7452740210,03182026045656522,Success,
14007,Office,93465 Welch Landing,4054745983,03182026045656522,Success,
1667,Office,284 New Road,5780031249,03182026045656522,Success,
14007,Office,39311 Market Place,8160303502,03182026045656522,Success,
1667,Office,7741 Victoria Place,9238414745,03182026045656522,Success,
14007,Office,81525 Willow Street,9179795710,03182026045656522,Success,
1667,Office,5653 Jaron Walk,3618264901,03182026045656522,Success,
14007,Office,92762 Freddy Street,6297092318,03182026045656522,Success,
1667,Office,720 Derick Gateway,5666615729,03182026045656522,Success,
14007,Office,76562 Mueller Trace,4976865936,03182026045656522,Success,
1667,Office,5367 Rogahn Cape,8879313351,03182026045656522,Success,
14007,Office,94812 Sauer Mews,3012924674,03182026045656522,Success,
1667,Office,920 S Oak Street,2266903384,03182026045656522,Success,
14007,Office,7096 St George's Road,1190438220,03182026045656522,Success,
1667,Office,51459 Steve Stravenue,6106042995,03182026045656522,Success,
14007,Office,205 Park Avenue,3361872093,03182026045656522,Success,
1667,Office,17346 Quitzon Valleys,2713970441,03182026045656522,Success,
14007,Office,10389 Nya Keys,9073532703,03182026045656522,Success,
1667,Office,37465 Birch Grove,9557739184,03182026045656522,Success,
14007,Office,592 S Union Street,8248224457,03182026045656522,Success,
1667,Office,340 S 3rd Street,9748113718,03182026045656522,Success,
14007,Office,95789 Heller Inlet,3507977132,03182026045656522,Success,
1667,Office,9826 Woodlands Close,1894248535,03182026045656522,Success,
14007,Office,314 Dillan Burg,5800501482,03182026045656522,Success,
1667,Office,593 Jaylin Mount,6112606203,03182026045656522,Success,
14007,Office,245 Magnolia Port,7512958727,03182026045656522,Success,
1667,Office,9667 S Washington Street,6000894871,03182026045656522,Success,
14007,Office,77359 Konopelski Glens,9831643897,03182026045656522,Success,
1667,Office,83860 Leonel Bypass,8354006465,03182026045656522,Success,
14007,Office,381 Third Avenue,4551077287,03182026045656522,Success,
1667,Office,289 Becker Inlet,4299959061,03182026045656522,Success,
14007,Office,6103 Johnnie Glens,7632474704,03182026045656522,Success,
1667,Office,94768 King Manor,6445419541,03182026045656522,Success,
14007,Office,4399 Caden Cliffs,1646820360,03182026045656522,Success,
1667,Office,1892 Grange Avenue,9018595861,03182026045656522,Success,
14007,Office,2407 Bruen Expressway,4193102260,03182026045656522,Success,
1667,Office,4378 Howard Road,1897370653,03182026045656522,Success,
14007,Office,75353 Kyle Villages,4394829750,03182026045656522,Success,
1667,Office,94177 Bradly Land,1759267314,03182026045656522,Success,
14007,Office,962 Casper Wells,3723302767,03182026045656522,Success,
1667,Office,889 Ernser Dam,4644987259,03182026045656522,Success,
14007,Office,57210 Crona Course,4512217582,03182026045656522,Success,
1667,Office,526 Rickie Corners,5723020041,03182026045656522,Success,
14007,Office,79092 Harris Hills,4690906194,03182026045656522,Success,
1667,Office,787 Well Lane,7660333863,03182026045656522,Success,
14007,Office,230 Tudor Close,8844910668,03182026045656522,Success,
1667,Office,438 Roman Way,8180293144,03182026045656522,Success,
14007,Office,3031 Fisher Falls,9619689781,03182026045656522,Success,
1667,Office,3378 Emie Hills,2682036443,03182026045656522,Success,
14007,Office,3221 Pagac Alley,7015554798,03182026045656522,Success,
1667,Office,12334 Nikolaus Bridge,9161448596,03182026045656522,Success,
14007,Office,6236 Prospect Avenue,6191487171,03182026045656522,Success,
1667,Office,8793 S 7th Street,1020959054,03182026045656522,Success,
14007,Office,68895 Locust Street,3448233864,03182026045656522,Success,
1667,Office,682 Asia Estates,6607490019,03182026045656522,Success,
14007,Office,30512 Laurine Shores,7126522657,03182026045656522,Success,
1667,Office,7685 Stiedemann Throughway,1680443938,03182026045656522,Success,
14007,Office,636 Stokes Landing,9770238130,03182026045656522,Success,
1667,Office,3011 Camille Landing,8586742379,03182026045656522,Success,
14007,Office,7023 Alvah Club,7795087725,03182026045656522,Success,
1667,Office,69587 Warren Road,4345393976,03182026045656522,Success,
14007,Office,9445 Dark Lane,9686838119,03182026045656522,Success,
1667,Office,315 Jacobi Junction,2064968424,03182026045656522,Success,
14007,Office,9325 Madelyn Stravenue,6213213717,03182026045656522,Success,
1667,Office,7445 Washington Boulevard,2043485420,03182026045656522,Success,
14007,Office,693 Ludie Well,2563445805,03182026045656522,Success,
1667,Office,450 Genoveva Rest,1368375461,03182026045656522,Success,
14007,Office,1818 Wilderman Hills,1725681002,03182026045656522,Success,
1667,Office,2879 Padberg Course,2253399064,03182026045656522,Success,
14007,Office,38941 S East Street,9369192892,03182026045656522,Success,
1667,Office,61976 Bernita Fords,4298963905,03182026045656522,Success,
14007,Office,219 Oberbrunner Forge,9961417216,03182026045656522,Success,
1667,Office,86080 Justus Lakes,8336792560,03182026045656522,Success,
14007,Office,7095 Main Street W,8853904397,03182026045656522,Success,
1667,Office,6944 Garnet Street,3940352908,03182026045656522,Success,
14007,Office,56774 Floyd Manors,4136323350,03182026045656522,Success,
1667,Office,78740 Schimmel Park,8834474861,03182026045656522,Success,
14007,Office,1431 Becker Summit,8332642296,03182026045656522,Success,
1667,Office,97364 Helmer Trail,5128146771,03182026045656522,Success,
14007,Office,7759 Tromp Ford,3366690521,03182026045656522,Success,
1667,Office,14224 S Front Street,8167163385,03182026045656522,Success,
14007,Office,41965 Highfield Avenue,1339088732,03182026045656522,Success,
1667,Office,32599 Stokes Burg,4704104876,03182026045656522,Success,
14007,Office,1594 Jazmyn Track,4999168319,03182026045656522,Success,
1667,Office,40593 Kaley Lodge,6601923604,03182026045656522,Success,
14007,Office,5500 S 1st Avenue,5787261983,03182026045656522,Success,
1667,Office,969 Jones Valleys,8208336409,03182026045656522,Success,
14007,Office,53203 S Elm Street,3033677425,03182026045656522,Success,
1667,Office,2820 Sonny Circle,6062757068,03182026045656522,Success,
14007,Office,878 Demarcus Stravenue,8293242338,03182026045656522,Success,
1667,Office,77013 Cross Street,5617603456,03182026045656522,Success,
14007,Office,2706 Powlowski Gateway,2430539939,03182026045656522,Success,
1667,Office,61414 S High Street,5773214579,03182026045656522,Success,
14007,Office,464 Maureen Cape,3969389073,03182026045656522,Success,
1667,Office,26997 Tyson Rest,9107306562,03182026045656522,Success,
14007,Office,55634 E Cedar Street,4374640407,03182026045656522,Success,
1667,Office,27485 Keshawn Wells,5028929795,03182026045656522,Success,
14007,Office,63757 Volkman Cove,1018151031,03182026045656522,Success,
1667,Office,90220 Marquardt Avenue,3222144752,03182026045656522,Success,
14007,Office,14629 Marques Row,5219787287,03182026045656522,Success,
1667,Office,167 Eileen Ferry,6529581526,03182026045656522,Success,
14007,Office,1081 Yundt Ridge,9392564242,03182026045656522,Success,
1667,Office,286 Kendra Parkways,5786442927,03182026045656522,Success,
14007,Office,92958 Gregg Lane,1146858264,03182026045656522,Success,
1667,Office,69858 Jake View,1333509976,03182026045656522,Success,
14007,Office,7386 Sandringham Road,3658115858,03182026045656522,Success,
1667,Office,85624 Lake Street,4552148413,03182026045656522,Success,
14007,Office,866 Parisian Valley,6166602279,03182026045656522,Success,
1667,Office,235 Harrison Avenue,2172541806,03182026045656522,Success,
14007,Office,97447 Javier Dam,7426887756,03182026045656522,Success,
1667,Office,5808 Baby Springs,3864471119,03182026045656522,Success,
14007,Office,742 Westfield Road,1182438267,03182026045656522,Success,
1667,Office,7288 Oda Alley,3243573846,03182026045656522,Success,
14007,Office,1700 Old Road,6713475161,03182026045656522,Success,
1667,Office,40273 Railway Street,4649553517,03182026045656522,Success,
14007,Office,629 Erika Port,6283299388,03182026045656522,Success,
1667,Office,9862 Seth Tunnel,3485967457,03182026045656522,Success,
14007,Office,7286 Nolan Estate,7840876387,03182026045656522,Success,
1667,Office,1785 W 9th Street,3099480989,03182026045656522,Success,
14007,Office,91664 Elroy Falls,2783670163,03182026045656522,Success,
1667,Office,1174 Hawthorn Avenue,2435391911,03182026045656522,Success,
14007,Office,3589 Hammes Centers,9887306655,03182026045656522,Success,
1667,Office,44249 Hagenes Flat,4052245124,03182026045656522,Success,
14007,Office,1872 Greenholt Lane,6592159510,03182026045656522,Success,
1667,Office,6645 Dibbert View,5837433094,03182026045656522,Success,
14007,Office,635 Smitham Creek,8308485145,03182026045656522,Success,
1667,Office,7194 Victoria Road,1523491387,03182026045656522,Success,
14007,Office,95593 Kendra Neck,3365154483,03182026045656522,Success,
1667,Office,694 Lucile Corners,6799670941,03182026045656522,Success,
14007,Office,43991 Old Road,3232964648,03182026045656522,Success,
1667,Office,29448 Cartwright Ranch,1801810511,03182026045656522,Success,
14007,Office,69580 The Fairway,4396106108,03182026045656522,Success,
1667,Office,9952 Wilfrid Grove,3449831539,03182026045656522,Success,
14007,Office,139 Cydney Gardens,8236088786,03182026045656522,Success,
1667,Office,895 Maple Road,7872080334,03182026045656522,Success,
14007,Office,466 Korbin Meadow,7441662939,03182026045656522,Success,
1667,Office,6321 N Main Avenue,7970213701,03182026045656522,Success,
14007,Office,51425 Springfield Road,6204191748,03182026045656522,Success,
1667,Office,1313 Bramble Close,2404983158,03182026045656522,Success,
14007,Office,423 Skiles Fields,7438588853,03182026045656522,Success,
1667,Office,7350 Wyman Cape,6223606079,03182026045656522,Success,
14007,Office,16851 Grimes Ranch,9038275895,03182026045656522,Success,
1667,Office,5562 Stoltenberg View,1681082709,03182026045656522,Success,
14007,Office,99849 Birch Close,2281364422,03182026045656522,Success,
1667,Office,665 Mertz Highway,4038829069,03182026045656522,Success,
14007,Office,6664 Mertie Run,5333121656,03182026045656522,Success,
1667,Office,609 Rath Springs,2896038722,03182026045656522,Success,
14007,Office,483 School Street,3583552907,03182026045656522,Success,
1667,Office,205 Baby Trail,2251984250,03182026045656522,Success,
14007,Office,132 Hailie Groves,6832753484,03182026045656522,Success,
1667,Office,67918 Rory Shoals,2718571219,03182026045656522,Success,
14007,Office,7014 Kemmer Crossroad,5659286909,03182026045656522,Success,
1667,Office,338 Pinfold Lane,4150492076,03182026045656522,Success,
14007,Office,5491 The Fairway,4023402916,03182026045656522,Success,
1667,Office,48449 Bradtke Burgs,5719223300,03182026045656522,Success,
14007,Office,4898 Jones Underpass,4167547800,03182026045656522,Success,
1667,Office,42345 Green Street,3985417669,03182026045656522,Success,
14007,Office,93583 Nitzsche Path,2640823904,03182026045656522,Success,
1667,Office,4390 Chance Corner,2050427507,03182026045656522,Success,
14007,Office,4476 Richmond Close,6664331228,03182026045656522,Success,
1667,Office,545 Moses Gardens,6215216147,03182026045656522,Success,
14007,Office,599 Main,2761148179,03182026045656522,Success,
1667,Office,98222 Augustine Spur,9484814081,03182026045656522,Success,
14007,Office,18255 Russel Trace,1388743185,03182026045656522,Success,
1667,Office,199 Stuart Ways,8144865150,03182026045656522,Success,
14007,Office,78276 Armand Ford,3952855378,03182026045656522,Success,
1667,Office,8061 Casper Station,6867599734,03182026045656522,Success,
14007,Office,1159 Chapel Close,8126403680,03182026045656522,Success,
1667,Office,991 Nolan Forest,1290649041,03182026045656522,Success,
14007,Office,553 Collier Unions,8142922843,03182026045656522,Success,
1667,Office,87545 Kling Field,1384125751,03182026045656522,Success,
14007,Office,6214 Octavia Curve,3393022232,03182026045656522,Success,
1667,Office,3753 Donnelly Alley,9454046590,03182026045656522,Success,
14007,Office,71725 Karlie Stream,4073806193,03182026045656522,Success,
1667,Office,743 Brown Well,7754145406,03182026045656522,Success,
14007,Office,487 Adrienne Corners,4626462588,03182026045656522,Success,
1667,Office,2422 Catharine Union,7031580263,03182026045656522,Success,
14007,Office,6889 Kris Lane,7446868083,03182026045656522,Success,
1667,Office,783 Smitham Shoals,5947723516,03182026045656522,Success,
14007,Office,92336 W 7th Street,2016764971,03182026045656522,Success,
1667,Office,8818 Ernie Harbors,1646806197,03182026045656522,Success,
14007,Office,238 Jan Inlet,8059526158,03182026045656522,Success,
1667,Office,1133 Laurel Shoal,7580056692,03182026045656522,Success,
14007,Office,8067 Fahey Mission,2956935362,03182026045656522,Success,
1667,Office,42207 N Pine Street,3551586326,03182026045656522,Success,
14007,Office,42079 Everardo Flat,6172435683,03182026045656522,Success,
1667,Office,98620 Alyce Bridge,2979153280,03182026045656522,Success,
14007,Office,7721 Pine Street,4303573425,03182026045656522,Success,
1667,Office,14727 Wunsch River,5863025509,03182026045656522,Success,
14007,Office,6146 Pfannerstill Dam,5254206654,03182026045656522,Success,
1667,Office,21385 Murazik Oval,4258489761,03182026045656522,Success,
14007,Office,460 Willow Drive,8091638968,03182026045656522,Success,
1667,Office,67936 Princes Street,4705477695,03182026045656522,Success,
14007,Office,38176 Jovany Unions,4957615907,03182026045656522,Success,
1667,Office,9596 Aric Drive,4134491951,03182026045656522,Success,
14007,Office,2410 Durgan Via,7584340754,03182026045656522,Success,
1667,Office,34382 Rowan Close,2817179015,03182026045656522,Success,
14007,Office,66351 Hershel Pine,1740487142,03182026045656522,Success,
1667,Office,481 Lake Road,6796937920,03182026045656522,Success,
14007,Office,9234 Daniel Dale,2794474459,03182026045656522,Success,
1667,Office,222 Susanna Vista,9519392970,03182026045656522,Success,
14007,Office,9329 Hyatt Greens,2596598799,03182026045656522,Success,
1667,Office,69588 Lakin Mountain,3064285502,03182026045656522,Success,
14007,Office,1164 Dallas Drives,1637111895,03182026045656522,Success,
1667,Office,37500 Stehr Groves,5952776884,03182026045656522,Success,
14007,Office,21641 Schulist Mission,7537147328,03182026045656522,Success,
1667,Office,96188 Howard Street,4165303293,03182026045656522,Success,
14007,Office,419 Fahey Knolls,5254705830,03182026045656522,Success,
1667,Office,440 Common Lane,2739789357,03182026045656522,Success,
14007,Office,89026 Irving Cliff,5494031343,03182026045656522,Success,
1667,Office,3389 W 6th Avenue,6956715996,03182026045656522,Success,
14007,Office,122 Arnoldo Orchard,2407623481,03182026045656522,Success,
1667,Office,2693 Boyer Courts,5370157076,03182026045656522,Success,
14007,Office,649 Marvin Vista,6787412467,03182026045656522,Success,
1667,Office,55206 Padberg Terrace,1820642966,03182026045656522,Success,
14007,Office,648 Kenya Curve,7221643814,03182026045656522,Success,
1667,Office,9012 Metz Way,6517229861,03182026045656522,Success,
14007,Office,55230 Lisa Forks,2002166980,03182026045656522,Success,
1667,Office,6160 Lincoln Street,8245129210,03182026045656522,Success,
14007,Office,185 E Oak Street,4104995804,03182026045656522,Success,
1667,Office,245 Dewayne Key,1196998136,03182026045656522,Success,
14007,Office,857 N Center Street,4167355732,03182026045656522,Success,
1667,Office,189 Brooks Fall,3042816514,03182026045656522,Success,
14007,Office,426 Fabian Field,6177505142,03182026045656522,Success,
1667,Office,56011 Marjorie Tunnel,3873547000,03182026045656522,Success,
14007,Office,940 York Street,8307094738,03182026045656522,Success,
1667,Office,11220 Parkside,9112471152,03182026045656522,Success,
14007,Office,7623 W Front Street,2886489810,03182026045656522,Success,
1667,Office,9764 S Railroad Street,3007133918,03182026045656522,Success,
14007,Office,806 Field Lane,3721257881,03182026045656522,Success,
1667,Office,36417 The Square,3233305347,03182026045656522,Success,
14007,Office,860 Fatima Via,1916595780,03182026045656522,Success,
1667,Office,3883 Church Road,2613304132,03182026045656522,Success,
14007,Office,4133 Prosacco Avenue,8366580599,03182026045656522,Success,
1667,Office,111 Fisher Village,8196881169,03182026045656522,Success,
14007,Office,51026 Botsford Way,9231882016,03182026045656522,Success,
1667,Office,1769 Woodlands,3495234484,03182026045656522,Success,
14007,Office,951 Cruz Well,1113322727,03182026045656522,Success,
1667,Office,199 Juvenal Spurs,1796804514,03182026045656522,Success,
14007,Office,5654 Catherine Unions,5951471563,03182026045656522,Success,
1667,Office,19155 N Oak Street,8264612653,03182026045656522,Success,
14007,Office,6389 Collins Knolls,3902926877,03182026045656522,Success,
1667,Office,706 Skye Junctions,7317820066,03182026045656522,Success,
14007,Office,687 Keeling Common,1511617846,03182026045656522,Success,
1667,Office,441 The Laurels,4548281683,03182026045656522,Success,
14007,Office,745 S Park Street,6426140254,03182026045656522,Success,
1667,Office,981 Ari Highway,8046301091,03182026045656522,Success,
14007,Office,8009 W North Street,2497923659,03182026045656522,Success,
1667,Office,4150 N Court Street,5461380744,03182026045656522,Success,
14007,Office,133 Daugherty Groves,2265434177,03182026045656522,Success,
1667,Office,1481 Church Lane,3224358443,03182026045656522,Success,
14007,Office,37501 Brady Hill,5978820275,03182026045656522,Success,
1667,Office,710 Shayne Dale,1362984219,03182026045656522,Success,
14007,Office,9445 Ethel Path,7457616444,03182026045656522,Success,
1667,Office,3241 Betsy Junctions,3277710529,03182026045656522,Success,
14007,Office,779 McCullough Passage,7638711085,03182026045656522,Success,
1667,Office,253 Schmidt Club,1967866723,03182026045656522,Success,
14007,Office,3319 Haag Mission,5152145312,03182026045656522,Success,
1667,Office,20802 4th Street,4972302342,03182026045656522,Success,
14007,Office,590 Greenfelder Glens,7438989700,03182026045656522,Success,
1667,Office,41727 Gleichner Lakes,9402807709,03182026045656522,Success,
14007,Office,404 Jayden Shoal,2938703476,03182026045656522,Success,
1667,Office,755 Clarendon Road,6593959222,03182026045656522,Success,
14007,Office,4204 Jefferson Avenue,7387587382,03182026045656522,Success,
1667,Office,98930 Clark Street,6807174697,03182026045656522,Success,
14007,Office,144 Torp Isle,5116433449,03182026045656522,Success,
1667,Office,96970 Skye Parkway,4239915084,03182026045656522,Success,
14007,Office,33888 Church Walk,7485290576,03182026045656522,Success,
1667,Office,3094 Carmine Heights,3399054506,03182026045656522,Success,
14007,Office,1332 Stokes Brook,5399354536,03182026045656522,Success,
1667,Office,60172 W Park Street,3787074134,03182026045656522,Success,
14007,Office,2570 Nicolas Squares,4661494639,03182026045656522,Success,
1667,Office,5307 Effertz Neck,5249180864,03182026045656522,Success,
14007,Office,268 Corwin Row,6722305440,03182026045656522,Success,
1667,Office,10609 Mavis Harbors,3250175943,03182026045656522,Success,
14007,Office,49055 Xavier Dale,1958942564,03182026045656522,Success,
1667,Office,85624 Maple Street,8415520030,03182026045656522,Success,
14007,Office,452 W Pine Street,7893040876,03182026045656522,Success,
1667,Office,61941 Arnold Valley,3047723436,03182026045656522,Success,
14007,Office,3063 Josephine Forks,6166688299,03182026045656522,Success,
1667,Office,1647 Tess Ports,5488855743,03182026045656522,Success,
14007,Office,5112 Zoila Way,8185459306,03182026045656522,Success,
1667,Office,910 Altenwerth Fords,4694891331,03182026045656522,Success,
14007,Office,440 Predovic Fords,2642997171,03182026045656522,Success,
1667,Office,3413 Kling Plain,2762545893,03182026045656522,Success,
14007,Office,13319 Pfannerstill Station,8589899413,03182026045656522,Success,
1667,Office,725 Barn Close,9740025381,03182026045656522,Success,
14007,Office,6239 E Central Avenue,5452686055,03182026045656522,Success,
1667,Office,3266 Rachael Ranch,1014895661,03182026045656522,Success,
14007,Office,21732 Jo Dam,1614775387,03182026045656522,Success,
1667,Office,83397 Gloucester Road,6823132630,03182026045656522,Success,
14007,Office,46916 Grady Track,8083947027,03182026045656522,Success,
1667,Office,147 Mandy Springs,3322702590,03182026045656522,Success,
14007,Office,745 Borer Island,1054987558,03182026045656522,Success,
1667,Office,701 Mathew Camp,7830739095,03182026045656522,Success,
14007,Office,56116 Riverside,1147622547,03182026045656522,Success,
1667,Office,8296 Fadel Motorway,5511505807,03182026045656522,Success,
14007,Office,4139 Bogisich Tunnel,3954135560,03182026045656522,Success,
1667,Office,65305 Lockman Canyon,9338232455,03182026045656522,Success,
14007,Office,1926 Gunnar Ferry,2013913309,03182026045656522,Success,
1667,Office,847 Sycamore Close,3775454632,03182026045656522,Success,
14007,Office,9357 Hillside Road,5398320696,03182026045656522,Success,
1667,Office,67841 Cameron Unions,8542929782,03182026045656522,Success,
14007,Office,3045 Hickle Loop,3398233310,03182026045656522,Success,
1667,Office,687 Hyatt Knolls,9375429865,03182026045656522,Success,
14007,Office,974 Grady Unions,8073079521,03182026045656522,Success,
1667,Office,848 Imelda Shoal,6507414937,03182026045656522,Success,
14007,Office,3964 Lysanne Rue,1284520378,03182026045656522,Success,
1667,Office,430 Jacinto Mill,7787458057,03182026045656522,Success,
14007,Office,76076 The Maltings,4705258696,03182026045656522,Success,
1667,Office,7450 Alden Route,1709377539,03182026045656522,Success,
14007,Office,78316 Olson Rue,4426888227,03182026045656522,Success,
1667,Office,26195 Greenfelder Crest,9762755535,03182026045656522,Success,
14007,Office,388 Kutch Pike,6674702759,03182026045656522,Success,
1667,Office,391 S Jefferson Street,2192366950,03182026045656522,Success,
14007,Office,343 Nakia Terrace,2249730242,03182026045656522,Success,
1667,Office,446 Low Road,5369212851,03182026045656522,Success,
14007,Office,917 S Grand Avenue,3689411204,03182026045656522,Success,
1667,Office,7911 Raheem Shore,9443089111,03182026045656522,Success,
14007,Office,330 Broadway Avenue,8662729900,03182026045656522,Success,
1667,Office,4572 Central Street,8976042873,03182026045656522,Success,
14007,Office,4810 William Street,5811497574,03182026045656522,Success,
1667,Office,7783 Dibbert Light,4481462477,03182026045656522,Success,
14007,Office,377 Cole Street,1977719758,03182026045656522,Success,
1667,Office,5005 Barton Squares,8950294673,03182026045656522,Success,
14007,Office,14626 W Front Street,2646637325,03182026045656522,Success,
1667,Office,681 Reichert Vista,7451218749,03182026045656522,Success,
14007,Office,41257 Joseph Bridge,2783057245,03182026045656522,Success,
1667,Office,8512 Hillside Avenue,6296959960,03182026045656522,Success,
14007,Office,7543 Kertzmann Lakes,6415116059,03182026045656522,Success,
1667,Office,24777 Commercial Road,2285871353,03182026045656522,Success,
14007,Office,521 Windler Throughway,4644979459,03182026045656522,Success,
1667,Office,88539 Zemlak Oval,1149648432,03182026045656522,Success,
14007,Office,19497 Jubilee Close,5649829542,03182026045656522,Success,
1667,Office,88770 Johnston Throughway,3005441897,03182026045656522,Success,
14007,Office,7288 Rath Greens,9790152646,03182026045656522,Success,
1667,Office,855 Poplar Avenue,7806343510,03182026045656522,Success,
14007,Office,216 Lime Grove,7012995205,03182026045656522,Success,
1667,Office,39022 Hegmann Fall,8103210423,03182026045656522,Success,
14007,Office,17251 Elizabeth Views,3399423744,03182026045656522,Success,
1667,Office,78206 Reece Causeway,7443749356,03182026045656522,Success,
14007,Office,50275 Little Pass,6209301443,03182026045656522,Success,
1667,Office,46538 Geovanni Prairie,7400665971,03182026045656522,Success,
14007,Office,1117 Kirlin Ridges,2110245079,03182026045656522,Success,
1667,Office,8216 Margaretta Summit,9666588963,03182026045656522,Success,
14007,Office,4418 Abe Spurs,8431096920,03182026045656522,Success,
1667,Office,5239 Braden Creek,7319929638,03182026045656522,Success,
14007,Office,72453 Vance Ferry,4114258514,03182026045656522,Success,
1667,Office,597 Howell Spur,5848594218,03182026045656522,Success,
14007,Office,117 O'Connell Groves,5747970284,03182026045656522,Success,
1667,Office,9351 Kaden Valley,7740098016,03182026045656522,Success,
14007,Office,9268 Klocko Prairie,6923809123,03182026045656522,Success,
1667,Office,11678 Giovanny Hill,9697708152,03182026045656522,Success,
14007,Office,3626 Reichert Hill,6767562134,03182026045656522,Success,
1667,Office,5127 Gleichner Drives,2235960042,03182026045656522,Success,
14007,Office,1856 N Washington Avenue,1819478164,03182026045656522,Success,
1667,Office,1868 E Washington Avenue,5422278412,03182026045656522,Success,
14007,Office,496 S Broadway,6332476869,03182026045656522,Success,
1667,Office,8030 Estevan Radial,3238930463,03182026045656522,Success,
14007,Office,487 Frank Streets,9952375614,03182026045656522,Success,
1667,Office,669 Franey Streets,6214190336,03182026045656522,Success,
14007,Office,7892 Florence Throughway,2083244884,03182026045656522,Success,
1667,Office,1157 Wunsch Turnpike,5184368975,03182026045656522,Success,
14007,Office,172 Lucienne Manors,3771973923,03182026045656522,Success,
1667,Office,86646 Ayden Green,9056046863,03182026045656522,Success,
14007,Office,3504 Noemy Turnpike,9886394326,03182026045656522,Success,
1667,Office,331 Koby Stravenue,4494401471,03182026045656522,Success,
14007,Office,334 Division Street,4777411821,03182026045656522,Success,
1667,Office,3464 Pine Street,2572404153,03182026045656522,Success,
14007,Office,48962 Greenfelder Harbor,9395299662,03182026045656522,Success,
1667,Office,812 The Mews,3228234646,03182026045656522,Success,
14007,Office,882 Smith Corners,6321272459,03182026045656522,Success,
1667,Office,60236 Union Street,6441685218,03182026045656522,Success,
14007,Office,30931 Bruen Parkway,7294786824,03182026045656522,Success,
1667,Office,692 Effie Trace,7480583424,03182026045656522,Success,
14007,Office,5359 Daugherty Corner,8073942124,03182026045656522,Success,
1667,Office,8402 Leopold Landing,4065661264,03182026045656522,Success,
14007,Office,9855 W 9th Street,7775298360,03182026045656522,Success,
1667,Office,4174 Batz Drives,2645449637,03182026045656522,Success,
14007,Office,6172 Tristin Oval,1885036059,03182026045656522,Success,
1667,Office,248 N Walnut Street,5656829700,03182026045656522,Success,
14007,Office,9619 Court Street,5326897353,03182026045656522,Success,
1667,Office,65806 Jamison Valley,1319725281,03182026045656522,Success,
14007,Office,6517 Bailey Stream,6701344158,03182026045656522,Success,
1667,Office,555 Brakus Place,9610048665,03182026045656522,Success,
14007,Office,4210 Champlin Wall,1913943331,03182026045656522,Success,
1667,Office,8343 Howell Mall,3044388024,03182026045656522,Success,
14007,Office,32230 Central Avenue,3556445648,03182026045656522,Success,
1667,Office,94543 Cherry Tree Close,2861732670,03182026045656522,Success,
14007,Office,37074 Cremin Groves,3349358615,03182026045656522,Success,
1667,Office,573 Corwin Street,2990050531,03182026045656522,Success,
14007,Office,3399 Freddie Village,4296885803,03182026045656522,Success,
1667,Office,736 Sven Radial,7555798733,03182026045656522,Success,
14007,Office,59005 Cummings Spurs,6877896671,03182026045656522,Success,
1667,Office,517 Clara Ranch,8091529875,03182026045656522,Success,
14007,Office,54681 Kyler Extension,8303591012,03182026045656522,Success,
1667,Office,38403 Zoie Burg,6943986585,03182026045656522,Success,
14007,Office,58197 Rolfson Forest,4730933757,03182026045656522,Success,
1667,Office,66707 E 4th Street,2403631478,03182026045656522,Success,
14007,Office,617 4th Street,6875913916,03182026045656522,Success,
1667,Office,687 Maddison Ridge,6377884514,03182026045656522,Success,
14007,Office,16782 Stokes Light,5174534779,03182026045656522,Success,
1667,Office,2914 Gerlach Extension,2091395898,03182026045656522,Success,
14007,Office,2564 Pfeffer View,8179072633,03182026045656522,Success,
1667,Office,587 Eva Mill,1797961425,03182026045656522,Success,
14007,Office,3294 W Main,3634288868,03182026045656522,Success,
1667,Office,35519 Peter Drive,7545313176,03182026045656522,Success,
14007,Office,86185 Sandra Curve,6829193615,03182026045656522,Success,
1667,Office,448 Jakubowski Fords,9164197315,03182026045656522,Success,
14007,Office,366 Kenton Place,4090543515,03182026045656522,Success,
1667,Office,1882 Jast Fall,1003494432,03182026045656522,Success,
14007,Office,55246 W Broadway Avenue,9551314941,03182026045656522,Success,
1667,Office,120 Clark Street,3139624270,03182026045656522,Success,
14007,Office,23711 Schuppe Branch,1313840524,03182026045656522,Success,
1667,Office,77030 8th Avenue,4780044430,03182026045656522,Success,
14007,Office,4261 Old Lane,6458079489,03182026045656522,Success,
1667,Office,792 Gerlach Hills,9622899053,03182026045656522,Success,
14007,Office,502 Mills Fields,7604601177,03182026045656522,Success,
1667,Office,246 Dasia Spur,3726080918,03182026045656522,Success,
14007,Office,72375 Broadway Avenue,2022649967,03182026045656522,Success,
1667,Office,9102 Dane Corner,1916103721,03182026045656522,Success,
14007,Office,1223 Viva Divide,7901164777,03182026045656522,Success,
1667,Office,41984 Ash Road,7163201993,03182026045656522,Success,
14007,Office,83944 Okuneva Land,8880325270,03182026045656522,Success,
1667,Office,62475 Chestnut Grove,1618771873,03182026045656522,Success,
14007,Office,9862 Hailey Mills,1466863047,03182026045656522,Success,
1667,Office,3324 Edwina Squares,9311673910,03182026045656522,Success,
14007,Office,38091 Market Place,6775329458,03182026045656522,Success,
1667,Office,7999 Auer Loaf,7856854769,03182026045656522,Success,
14007,Office,895 Lebsack Via,6973552520,03182026045656522,Success,
1667,Office,86036 Godfrey Burg,7809855815,03182026045656522,Success,
14007,Office,2241 Aniyah Centers,3250314012,03182026045656522,Success,
1667,Office,2976 Abelardo Harbor,6932674643,03182026045656522,Success,
14007,Office,4044 N Jefferson Street,4045104904,03182026045656522,Success,
1667,Office,484 Gail Meadow,8173755123,03182026045656522,Success,
14007,Office,2568 Collins Rest,7896239611,03182026045656522,Success,
1667,Office,522 Helene Crest,4549398030,03182026045656522,Success,
14007,Office,528 W Bridge Street,3644499424,03182026045656522,Success,
1667,Office,24394 Howard Road,7509432735,03182026045656522,Success,
14007,Office,59597 Paucek Key,5701768333,03182026045656522,Success,
1667,Office,35638 Leone Mountain,1460744453,03182026045656522,Success,
14007,Office,4892 Schimmel Manors,3564994597,03182026045656522,Success,
1667,Office,808 Maria Course,6495577584,03182026045656522,Success,
14007,Office,48581 Wellington Road,5556758257,03182026045656522,Success,
1667,Office,225 Romaine Causeway,8341687394,03182026045656522,Success,
14007,Office,23588 The Mount,4965086289,03182026045656522,Success,
1667,Office,3736 W Main,2552806468,03182026045656522,Success,
14007,Office,84883 Rolfson Mountain,4921716605,03182026045656522,Success,
1667,Office,8574 E 4th Street,1105670256,03182026045656522,Success,
14007,Office,97101 Jacquelyn Camp,5238782383,03182026045656522,Success,
1667,Office,125 Antonio Inlet,6200694210,03182026045656522,Success,
14007,Office,573 Adams Turnpike,7533887212,03182026045656522,Success,
1667,Office,57233 Jamal Spur,9438636806,03182026045656522,Success,
14007,Office,724 Hill Road,5177541614,03182026045656522,Success,
1667,Office,92748 Cliff Road,5819399040,03182026045656522,Success,
14007,Office,43917 Vincenzo Unions,9688674569,03182026045656522,Success,
1667,Office,916 E Oak Street,8024062554,03182026045656522,Success,
14007,Office,621 Myrtis Road,3838530494,03182026045656522,Success,
1667,Office,59519 Kerluke Shore,4085014426,03182026045656522,Success,
14007,Office,68613 Alvera Field,3528800730,03182026045656522,Success,
1667,Office,7441 Hickle Crest,6379566974,03182026045656522,Success,
14007,Office,386 Dickens Prairie,4156907446,03182026045656522,Success,
1667,Office,7475 Harrison Lodge,1009621460,03182026045656522,Success,
14007,Office,5176 Turner Brooks,7939482117,03182026045656522,Success,
1667,Office,91263 Hammes Mountains,8482270108,03182026045656522,Success,
14007,Office,240 Johnson Way,7161812658,03182026045656522,Success,
1667,Office,8346 Maple Drive,6059298167,03182026045656522,Success,
14007,Office,149 Corbin Street,5851903826,03182026045656522,Success,
1667,Office,38683 Chesley Park,2396609074,03182026045656522,Success,
14007,Office,43021 Nitzsche Mission,3472432849,03182026045656522,Success,
1667,Office,15259 Emmerich Fords,2294665937,03182026045656522,Success,
14007,Office,40371 Kemmer Parks,4112838867,03182026045656522,Success,
1667,Office,757 Max Lake,8122363231,03182026045656522,Success,
14007,Office,1115 Alessia Divide,4111463727,03182026045656522,Success,
1667,Office,816 Beer Extensions,5324354176,03182026045656522,Success,
14007,Office,7594 Torphy Ville,6630454662,03182026045656522,Success,
1667,Office,308 Rodriguez Light,7637993324,03182026045656522,Success,
14007,Office,7073 Tressie Ville,3888932790,03182026045656522,Success,
1667,Office,990 Amaya Pass,9942888865,03182026045656522,Success,
14007,Office,34979 Manor Road,3485876773,03182026045656522,Success,
1667,Office,700 3rd Street,4738673258,03182026045656522,Success,
14007,Office,649 Lucy Road,9147209110,03182026045656522,Success,
1667,Office,2390 Kody Fords,7602307944,03182026045656522,Success,
14007,Office,741 Maia Plain,3438597629,03182026045656522,Success,
1667,Office,410 Enrique Crescent,7710443210,03182026045656522,Success,
14007,Office,4181 W Walnut Street,1974460362,03182026045656522,Success,
1667,Office,7506 White Cove,3734660967,03182026045656522,Success,
14007,Office,6988 Hettinger Ford,7406133522,03182026045656522,Success,
1667,Office,206 Guy Heights,6831397840,03182026045656522,Success,
14007,Office,6129 N Division Street,4677321375,03182026045656522,Success,
1667,Office,798 Clark Street,8700890239,03182026045656522,Success,
14007,Office,65143 Stracke Square,3908600010,03182026045656522,Success,
1667,Office,5216 Vicente Grove,6158615562,03182026045656522,Success,
14007,Office,268 Parisian Track,6356495588,03182026045656522,Success,
1667,Office,15636 E Grand Avenue,3645156603,03182026045656522,Success,
14007,Office,4587 Windmill Lane,6784552053,03182026045656522,Success,
1667,Office,4273 Dayna Village,7671083980,03182026045656522,Success,
14007,Office,54120 Stanley Road,3332349640,03182026045656522,Success,
1667,Office,2008 Dagmar Manor,3974599064,03182026045656522,Success,
14007,Office,6811 Theodore Forest,1468433145,03182026045656522,Success,
1667,Office,829 Schneider Stravenue,7213386774,03182026045656522,Success,
14007,Office,5889 Daugherty Rapids,9472393427,03182026045656522,Success,
1667,Office,36294 Sanford Throughway,4501934953,03182026045656522,Success,
14007,Office,53286 Hills Spurs,3340972877,03182026045656522,Success,
1667,Office,467 Vivianne Lake,9982849573,03182026045656522,Success,
14007,Office,37571 Barrows Keys,4192563702,03182026045656522,Success,
1667,Office,7897 Waters Drive,9905180864,03182026045656522,Success,
14007,Office,282 The Paddock,8376603371,03182026045656522,Success,
1667,Office,25092 Brekke Springs,9116474956,03182026045656522,Success,
14007,Office,7738 Streich Via,6658507084,03182026045656522,Success,
1667,Office,568 Boyle Lake,2318360076,03182026045656522,Success,
14007,Office,198 Casper Shore,6095721611,03182026045656522,Success,
1667,Office,245 Dudley Flat,1741384072,03182026045656522,Success,
14007,Office,8048 Champlin Stravenue,5478115885,03182026045656522,Success,
1667,Office,268 Manor Way,3045015699,03182026045656522,Success,
14007,Office,7414 13th Street,9141395845,03182026045656522,Success,
1667,Office,163 Marian Cliff,7436664907,03182026045656522,Success,
14007,Office,1791 Jubilee Close,3286107505,03182026045656522,Success,
1667,Office,89649 N Poplar Street,1727086036,03182026045656522,Success,
14007,Office,7439 Ferry Pines,2257401103,03182026045656522,Success,
1667,Office,6863 S Oak Street,6844748017,03182026045656522,Success,
14007,Office,2710 Forest Avenue,9243373726,03182026045656522,Success,
1667,Office,3875 Jason Cliffs,1158439587,03182026045656522,Success,
14007,Office,44175 E Maple Street,8586417156,03182026045656522,Success,
1667,Office,294 Elm Grove,2650665578,03182026045656522,Success,
14007,Office,25314 Unique Dale,1558969591,03182026045656522,Success,
1667,Office,3484 Hillside,7056669851,03182026045656522,Success,
14007,Office,23730 Ash Street,2762355477,03182026045656522,Success,
1667,Office,61791 E State Street,2675564475,03182026045656522,Success,
14007,Office,2087 Center Street,8957852799,03182026045656522,Success,
1667,Office,3102 King Spur,2756074391,03182026045656522,Success,
14007,Office,246 N Oak Street,3257988790,03182026045656522,Success,
1667,Office,77048 Auer Fall,3491175970,03182026045656522,Success,
14007,Office,94800 Muller Points,7436911587,03182026045656522,Success,
1667,Office,20033 Ryan Camp,6997866809,03182026045656522,Success,
14007,Office,8839 Marion Key,7217478214,03182026045656522,Success,
1667,Office,46493 Cavendish Road,6606240579,03182026045656522,Success,
14007,Office,727 N 6th Street,5613141374,03182026045656522,Success,
1667,Office,4327 Riverside Drive,4915831242,03182026045656522,Success,
14007,Office,79277 Kody Garden,4879076587,03182026045656522,Success,
1667,Office,4509 15th Street,2561309535,03182026045656522,Success,
14007,Office,479 Abshire Forks,4959480862,03182026045656522,Success,
1667,Office,6814 Lancaster Road,5819356932,03182026045656522,Success,
14007,Office,7607 Main Avenue,4164836023,03182026045656522,Success,
1667,Office,50284 Larue Harbor,5176611523,03182026045656522,Success,
14007,Office,490 W South Street,3977168166,03182026045656522,Success,
1667,Office,22319 O'Connell Street,9166206836,03182026045656522,Success,
14007,Office,433 Waelchi Radial,3050074307,03182026045656522,Success,
1667,Office,984 Brekke Rapids,7600318867,03182026045656522,Success,
14007,Office,5840 Kris Locks,1138115685,03182026045656522,Success,
1667,Office,66473 Malcolm Key,3611693262,03182026045656522,Success,
14007,Office,362 Robin Skyway,2641799774,03182026045656522,Success,
1667,Office,3929 Zander Road,3197866242,03182026045656522,Success,
14007,Office,5626 E 11th Street,6794757431,03182026045656522,Success,
1667,Office,90506 Justen Lodge,6254612899,03182026045656522,Success,
14007,Office,1483 Alden Cliffs,8226181679,03182026045656522,Success,
1667,Office,2130 Pfannerstill River,3568802252,03182026045656522,Success,
14007,Office,1166 Avenue Road,1041551856,03182026045656522,Success,
1667,Office,6541 N High Street,7126876645,03182026045656522,Success,
14007,Office,84313 O'Connell Meadow,9077632682,03182026045656522,Success,
1667,Office,7025 Emelie Path,4337380190,03182026045656522,Success,
14007,Office,308 Reanna Gardens,7036995044,03182026045656522,Success,
1667,Office,558 Syble Knoll,8096496048,03182026045656522,Success,
14007,Office,8871 Ellsworth Glen,8139268369,03182026045656522,Success,
1667,Office,69755 Dorian Hill,2833248444,03182026045656522,Success,
14007,Office,407 Rory Grove,4664688597,03182026045656522,Success,
1667,Office,88772 Mosciski Rapids,2873473175,03182026045656522,Success,
14007,Office,83403 W Main,8552291796,03182026045656522,Success,
1667,Office,990 S Maple Street,9137588270,03182026045656522,Success,
14007,Office,3125 S Bridge Street,7406359831,03182026045656522,Success,
1667,Office,2740 Jamal Hollow,5034959467,03182026045656522,Success,
14007,Office,69796 Quarry Road,6219898053,03182026045656522,Success,
1667,Office,16612 Steuber Views,2899851761,03182026045656522,Success,
14007,Office,829 Josefina River,3996848795,03182026045656522,Success,
1667,Office,10964 Terry Loaf,2901153234,03182026045656522,Success,
14007,Office,3015 Lafayette Street,2611655657,03182026045656522,Success,
1667,Office,20058 Nelson Road,6006475783,03182026045656522,Success,
14007,Office,47757 6th Street,1620071609,03182026045656522,Success,
1667,Office,1064 Hilll Junction,1383705358,03182026045656522,Success,
14007,Office,95554 Wilkinson Park,5954214203,03182026045656522,Success,
1667,Office,8254 Yoshiko Track,6800499332,03182026045656522,Success,
14007,Office,344 Silver Street,5297613025,03182026045656522,Success,
1667,Office,303 Springfield Close,8496227146,03182026045656522,Success,
14007,Office,9486 Alfred Street,5993975627,03182026045656522,Success,
1667,Office,473 Cecile Plains,6879903151,03182026045656522,Success,
14007,Office,5775 Brown Plain,2387217793,03182026045656522,Success,
1667,Office,82854 Edyth Burgs,2686828391,03182026045656522,Success,
14007,Office,82750 Highfield Road,8424622512,03182026045656522,Success,
1667,Office,160 Fadel Shoals,2014606878,03182026045656522,Success,
14007,Office,157 Lester Mall,7246652150,03182026045656522,Success,
1667,Office,107 Sycamore Close,9588500397,03182026045656522,Success,
14007,Office,7880 Garden Close,4336920356,03182026045656522,Success,
1667,Office,4978 Maple Street,9461589807,03182026045656522,Success,
14007,Office,36794 Park Street,6248508385,03182026045656522,Success,
1667,Office,822 Nicolette Row,5458032287,03182026045656522,Success,
14007,Office,725 Predovic Mill,8557202671,03182026045656522,Success,
1667,Office,687 Kay Green,2616435893,03182026045656522,Success,
14007,Office,90350 Nader Views,1280230205,03182026045656522,Success,
1667,Office,312 Oak Road,9754610725,03182026045656522,Success,
14007,Office,41690 Hauck Trafficway,7175011389,03182026045656522,Success,
1667,Office,551 Ankunding Cliffs,4676774211,03182026045656522,Success,
14007,Office,5665 Virgie Trafficway,1968980539,03182026045656522,Success,
1667,Office,596 Mill Road,7591438087,03182026045656522,Success,
14007,Office,84959 Frontage Road,2588351763,03182026045656522,Success,
1667,Office,79924 S Park Street,6988881932,03182026045656522,Success,
14007,Office,32101 Bashirian Lights,8251442578,03182026045656522,Success,
1667,Office,36395 Franecki Causeway,9940011560,03182026045656522,Success,
14007,Office,133 Billie Common,8155403273,03182026045656522,Success,
1667,Office,6268 Koch Manor,1437297326,03182026045656522,Success,
14007,Office,897 Ridge Road,5989005847,03182026045656522,Success,
1667,Office,51846 Buckridge Fords,1089956245,03182026045656522,Success,
14007,Office,68717 N Harrison Street,8243363218,03182026045656522,Success,
1667,Office,2898 Rempel Knoll,4033384567,03182026045656522,Success,
14007,Office,3039 Bethel Glen,9789177996,03182026045656522,Success,
1667,Office,85787 St John's Road,8699052958,03182026045656522,Success,
14007,Office,673 Asia Rapid,3233388685,03182026045656522,Success,
1667,Office,52595 Stiedemann Haven,9835163450,03182026045656522,Success,
14007,Office,1813 E Market Street,9886927357,03182026045656522,Success,
1667,Office,103 Ashlee Hill,7708364227,03182026045656522,Success,
14007,Office,605 Kristoffer Cliff,5850389884,03182026045656522,Success,
1667,Office,4392 Moriah Roads,8677498975,03182026045656522,Success,
14007,Office,368 Willow Circle,7973319235,03182026045656522,Success,
1667,Office,36739 Kyla Junctions,2028882257,03182026045656522,Success,
14007,Office,547 Wiegand Branch,7230172016,03182026045656522,Success,
1667,Office,6176 Metz Isle,4943812723,03182026045656522,Success,
14007,Office,7254 Hazel Close,2277810113,03182026045656522,Success,
1667,Office,93092 Mulberry Street,7236749360,03182026045656522,Success,
14007,Office,31900 Pine Close,3182106225,03182026045656522,Success,
1667,Office,38501 Reichel Course,6447805646,03182026045656522,Success,
14007,Office,9073 Hill Street,3735079675,03182026045656522,Success,
1667,Office,36599 Douglas Court,1608843121,03182026045656522,Success,
14007,Office,2737 Milton Road,4731736571,03182026045656522,Success,
1667,Office,671 Emmerich Park,6836672511,03182026045656522,Success,
14007,Office,44730 Marjory Drive,8964181192,03182026045656522,Success,
1667,Office,5376 Brennan Path,1536158152,03182026045656522,Success,
14007,Office,372 Schuster Grove,1532793420,03182026045656522,Success,
1667,Office,95356 N Bridge Street,5109425071,03182026045656522,Success,
14007,Office,39392 Maeve Ramp,8534751835,03182026045656522,Success,
1667,Office,5724 Alexandra Road,5996298695,03182026045656522,Success,
14007,Office,15176 Geraldine Walks,8969694272,03182026045656522,Success,
1667,Office,6843 O'Reilly Gardens,6028015591,03182026045656522,Success,
14007,Office,93704 Beer Track,8736559763,03182026045656522,Success,
1667,Office,888 Maddison Valleys,9959760567,03182026045656522,Success,
14007,Office,120 Highland Avenue,6313477799,03182026045656522,Success,
1667,Office,7988 Park Place,8287897641,03182026045656522,Success,
14007,Office,55474 Highfield Avenue,8015871199,03182026045656522,Success,
1667,Office,341 Park Lane,7757757171,03182026045656522,Success,
14007,Office,75495 Berge Corners,1642897055,03182026045656522,Success,
1667,Office,6986 Tiffany Highway,9204296456,03182026045656522,Success,
14007,Office,163 Cummings Plain,7673807751,03182026045656522,Success,
1667,Office,595 Rodriguez Courts,3610910724,03182026045656522,Success,
14007,Office,40950 Chapel Close,5826824460,03182026045656522,Success,
1667,Office,165 Fidel Village,4621686576,03182026045656522,Success,
14007,Office,390 Victoria Place,2011964790,03182026045656522,Success,
1667,Office,199 Schoen Isle,1920100764,03182026045656522,Success,
14007,Office,533 Henriette Ridge,4680469598,03182026045656522,Success,
1667,Office,76673 Harber Fall,6954724345,03182026045656522,Success,
14007,Office,4545 Louisa Prairie,8899772751,03182026045656522,Success,
1667,Office,59123 Dahlia Flats,6644619693,03182026045656522,Success,
14007,Office,5441 Micah Courts,5291368126,03182026045656522,Success,
1667,Office,94041 15th Street,2939450143,03182026045656522,Success,
14007,Office,42163 Rod Hollow,9590042444,03182026045656522,Success,
1667,Office,8464 W Oak Street,8393006219,03182026045656522,Success,
14007,Office,8516 Eleanore Overpass,9579400414,03182026045656522,Success,
1667,Office,9562 Magali Row,8391049317,03182026045656522,Success,
14007,Office,418 Division Street,5435596298,03182026045656522,Success,
1667,Office,7312 Riverside,4073665065,03182026045656522,Success,
14007,Office,4442 Trinity Road,5293465283,03182026045656522,Success,
1667,Office,756 Moss Lane,9221847540,03182026045656522,Success,
14007,Office,24653 Jean Motorway,4044819179,03182026045656522,Success,
1667,Office,65681 Orlando Glens,5509359878,03182026045656522,Success,
14007,Office,15490 Airport Road,2695018180,03182026045656522,Success,
1667,Office,70499 Rath Flat,6855819870,03182026045656522,Success,
14007,Office,43108 Kshlerin Fork,5100545195,03182026045656522,Success,
1667,Office,792 State Line Road,4846266911,03182026045656522,Success,
14007,Office,75386 Stuart Island,9752529393,03182026045656522,Success,
1667,Office,83922 Greenfelder Forest,8994294137,03182026045656522,Success,
14007,Office,99034 Lind Loop,9972498135,03182026045656522,Success,
1667,Office,658 E River Road,8657420834,03182026045656522,Success,
14007,Office,1981 E 6th Street,8280491201,03182026045656522,Success,
1667,Office,50628 Grand Avenue,2994759490,03182026045656522,Success,
14007,Office,50463 Torrance Stream,9221206738,03182026045656522,Success,
1667,Office,46356 Center Avenue,2646129636,03182026045656522,Success,
14007,Office,940 Shanna Burg,3088753948,03182026045656522,Success,
1667,Office,49090 Lilyan Loaf,5961635381,03182026045656522,Success,
14007,Office,224 Esteban Rapids,2353432059,03182026045656522,Success,
1667,Office,19857 Kovacek Street,9254655350,03182026045656522,Success,
14007,Office,1794 Pinfold Lane,5747152196,03182026045656522,Success,
1667,Office,50776 Okuneva Circles,5167248147,03182026045656522,Success,
14007,Office,211 W 12th Street,2653226290,03182026045656522,Success,
1667,Office,482 Tomas Square,1821233922,03182026045656522,Success,
14007,Office,286 Field Lane,4361027850,03182026045656522,Success,
1667,Office,1996 Thompson Orchard,9417603608,03182026045656522,Success,
14007,Office,857 S Union Street,1535830770,03182026045656522,Success,
1667,Office,265 Friesen Park,1732987678,03182026045656522,Success,
14007,Office,13526 Crist Station,8942191260,03182026045656522,Success,
1667,Office,18258 Parisian Rest,2886384505,03182026045656522,Success,
14007,Office,4734 Pennsylvania Avenue,2722437609,03182026045656522,Success,
1667,Office,847 New Road,3115782211,03182026045656522,Success,
14007,Office,88632 Fern Radial,1645946246,03182026045656522,Success,
1667,Office,137 Micheal Park,7109519496,03182026045656522,Success,
14007,Office,5881 Bogisich Oval,8495748971,03182026045656522,Success,
1667,Office,25099 Keegan Viaduct,2938215438,03182026045656522,Success,
14007,Office,1994 Gibson Corner,1971458446,03182026045656522,Success,
1667,Office,172 Funk Highway,8711425732,03182026045656522,Success,
14007,Office,4307 Feil Key,3116560619,03182026045656522,Success,
1667,Office,58081 S Church Street,6947882159,03182026045656522,Success,
14007,Office,5253 School Lane,1333982848,03182026045656522,Success,
1667,Office,29142 N 8th Street,4704992424,03182026045656522,Success,
14007,Office,423 W Broadway Avenue,1789568223,03182026045656522,Success,
1667,Office,48915 West Avenue,6951776857,03182026045656522,Success,
14007,Office,72262 Claud Loop,6741817755,03182026045656522,Success,
1667,Office,6597 McCullough Club,7466555768,03182026045656522,Success,
14007,Office,9859 Heller Ports,2544300976,03182026045656522,Success,
1667,Office,88901 Market Square,8755958442,03182026045656522,Success,
14007,Office,29157 Hamill Lakes,2357358667,03182026045656522,Success,
1667,Office,55109 W 6th Avenue,1268516050,03182026045656522,Success,
14007,Office,91184 Elyse Ways,4754031203,03182026045656522,Success,
1667,Office,9444 Broad Lane,9119568894,03182026045656522,Success,
14007,Office,37317 Cierra Vista,6361510246,03182026045656522,Success,
1667,Office,8432 Clarence Road,1426155048,03182026045656522,Success,
14007,Office,56965 Libby Vista,9043669888,03182026045656522,Success,
1667,Office,22928 E 14th Street,5998391840,03182026045656522,Success,
14007,Office,488 Boyle Ways,8999069493,03182026045656522,Success,
1667,Office,3122 O'Hara Ferry,1292730689,03182026045656522,Success,
14007,Office,18341 The Copse,9387265119,03182026045656522,Success,
1667,Office,7619 Emilie Roads,6722539510,03182026045656522,Success,
14007,Office,81615 Lola Crossroad,5274906111,03182026045656522,Success,
1667,Office,93710 Hawthorn Avenue,2227849120,03182026045656522,Success,
14007,Office,6016 S Church Street,6582142914,03182026045656522,Success,
1667,Office,25712 Jay Fork,4380373194,03182026045656522,Success,
14007,Office,9199 Devonshire Road,9143033156,03182026045656522,Success,
1667,Office,35092 Lesch Mall,9307698063,03182026045656522,Success,
14007,Office,168 Western Avenue,6982637334,03182026045656522,Success,
1667,Office,703 Abdiel Tunnel,8263112190,03182026045656522,Success,
14007,Office,1438 Billy Rest,5525595114,03182026045656522,Success,
1667,Office,41635 Beatrice Curve,8606653091,03182026045656522,Success,
14007,Office,6955 Seamus Village,3395836362,03182026045656522,Success,
1667,Office,4442 Leone Ridges,9683207366,03182026045656522,Success,
14007,Office,6396 6th Avenue,2425230328,03182026045656522,Success,
1667,Office,75072 A Street,9512643504,03182026045656522,Success,
14007,Office,2991 Dagmar Pass,1732981105,03182026045656522,Success,
1667,Office,210 Kyla Overpass,9468428570,03182026045656522,Success,
14007,Office,2129 Hilll Lakes,8218022892,03182026045656522,Success,
1667,Office,864 Carley Estates,4654070691,03182026045656522,Success,
14007,Office,480 George Street,1467573929,03182026045656522,Success,
1667,Office,24719 Schowalter Stream,2161532876,03182026045656522,Success,
14007,Office,1764 The Coppice,6105722808,03182026045656522,Success,
1667,Office,9399 Laburnum Grove,9311328730,03182026045656522,Success,
14007,Office,6554 Wilmer Port,4511781792,03182026045656522,Success,
1667,Office,18366 Abigail Ways,9473722990,03182026045656522,Success,
14007,Office,35198 Susanna Knolls,8593915377,03182026045656522,Success,
1667,Office,22240 Coleman Crest,3597216586,03182026045656522,Success,
14007,Office,93556 Michael Pines,9066221717,03182026045656522,Success,
1667,Office,70686 Nicolas Gardens,4873716663,03182026045656522,Success,
14007,Office,695 Price Dam,3511113071,03182026045656522,Success,
1667,Office,411 N Court Street,2998173676,03182026045656522,Success,
14007,Office,87323 Barton Isle,2960905671,03182026045656522,Success,
1667,Office,620 Runolfsson Drive,4353675251,03182026045656522,Success,
14007,Office,8984 Stark Oval,8403696239,03182026045656522,Success,
1667,Office,5403 Shanahan Well,5694586501,03182026045656522,Success,
14007,Office,648 Bayer Circle,5078407323,03182026045656522,Success,
1667,Office,368 6th Street,7759467046,03182026045656522,Success,
14007,Office,57796 Cartwright Extensions,7459661677,03182026045656522,Success,
1667,Office,262 W Main Street,2583215863,03182026045656522,Success,
14007,Office,277 The Ridgeway,5473853992,03182026045656522,Success,
1667,Office,73530 Ruthe Mountains,3016080635,03182026045656522,Success,
14007,Office,231 Cliff Road,7469224533,03182026045656522,Success,
1667,Office,5692 Annalise Ridge,8445197473,03182026045656522,Success,
14007,Office,397 Pine Grove,1906672911,03182026045656522,Success,
1667,Office,24538 Herman Crest,5718313781,03182026045656522,Success,
14007,Office,1459 Delphine Fork,6134963793,03182026045656522,Success,
1667,Office,692 Weimann Freeway,6273522732,03182026045656522,Success,
14007,Office,585 Ryan Turnpike,1143776534,03182026045656522,Success,
1667,Office,1007 Spinka Knolls,4831732780,03182026045656522,Success,
14007,Office,49490 Dare Light,2505073359,03182026045656522,Success,
1667,Office,211 Kunde Overpass,7885822141,03182026045656522,Success,
14007,Office,54309 Sycamore Street,6149518941,03182026045656522,Success,
1667,Office,6786 Kub Vista,9086970819,03182026045656522,Success,
14007,Office,6240 Treutel Junction,1517602223,03182026045656522,Success,
1667,Office,71357 Volkman Hills,9843577510,03182026045656522,Success,
14007,Office,657 School Road,6407780861,03182026045656522,Success,
1667,Office,43954 Stokes Grove,6048921788,03182026045656522,Success,
14007,Office,85300 Wiegand Trail,7127975375,03182026045656522,Success,
1667,Office,609 Madeline Trace,6217370849,03182026045656522,Success,
14007,Office,5053 Federico Pass,2325638073,03182026045656522,Success,
1667,Office,141 E Cedar Street,5868457677,03182026045656522,Success,
14007,Office,50525 Walker Well,5000914703,03182026045656522,Success,
1667,Office,3826 Kunze Manor,3229713661,03182026045656522,Success,
14007,Office,248 Castle Close,5177721894,03182026045656522,Success,
1667,Office,4394 10th Street,7560723787,03182026045656522,Success,
14007,Office,243 Quitzon Loop,8765726909,03182026045656522,Success,
1667,Office,9930 Katarina River,8805523020,03182026045656522,Success,
14007,Office,879 Stark Causeway,6675319720,03182026045656522,Success,
1667,Office,29068 Fadel Ways,3009986408,03182026045656522,Success,
14007,Office,3745 Broadway,6831180494,03182026045656522,Success,
1667,Office,948 Murazik Meadows,5973708077,03182026045656522,Success,
14007,Office,8866 Osinski Ways,2174745354,03182026045656522,Success,
1667,Office,30698 Karine Crescent,9788106740,03182026045656522,Success,
14007,Office,35205 Ash Road,2279647261,03182026045656522,Success,
1667,Office,7400 Lincoln Road,8170769269,03182026045656522,Success,
14007,Office,94178 Maple Close,6874322365,03182026045656522,Success,
1667,Office,2701 Herman Lock,1255250449,03182026045656522,Success,
14007,Office,5808 Senger Mission,3923992306,03182026045656522,Success,
1667,Office,58245 Spring Street,7201775681,03182026045656522,Success,
14007,Office,259 Spring Street,6762543965,03182026045656522,Success,
1667,Office,316 Nitzsche Heights,4190107706,03182026045656522,Success,
14007,Office,3586 Dale Street,3747780023,03182026045656522,Success,
1667,Office,785 Lehner Ramp,9374647019,03182026045656522,Success,
14007,Office,71844 The Grove,8323408659,03182026045656522,Success,
1667,Office,57437 Jovani Glens,5882657904,03182026045656522,Success,
14007,Office,20129 The Square,2878263438,03182026045656522,Success,
1667,Office,5910 Derwent Close,7532609049,03182026045656522,Success,
14007,Office,33924 Kulas Passage,6963930776,03182026045656522,Success,
1667,Office,56165 Bins Squares,6719841102,03182026045656522,Success,
14007,Office,762 Abdullah Drives,1773170684,03182026045656522,Success,
1667,Office,9458 Station Road,1097233636,03182026045656522,Success,
14007,Office,231 Hassan Parkway,8036825476,03182026045656522,Success,
1667,Office,279 Reichel Garden,4192195751,03182026045656522,Success,
14007,Office,53493 Magnolia Walk,2260732143,03182026045656522,Success,
1667,Office,837 Cruickshank Village,4749660354,03182026045656522,Success,
14007,Office,80503 Luettgen Bypass,4217382863,03182026045656522,Success,
1667,Office,275 Roger Lodge,6528270476,03182026045656522,Success,
14007,Office,6893 Hermann Inlet,1567108147,03182026045656522,Success,
1667,Office,337 Weber Groves,1176959849,03182026045656522,Success,
14007,Office,2175 S Lincoln Street,8885333809,03182026045656522,Success,
1667,Office,251 Monahan Mountain,4636408721,03182026045656522,Success,
14007,Office,2774 McLaughlin Locks,9963530790,03182026045656522,Success,
1667,Office,1089 Becker Skyway,3062258175,03182026045656522,Success,
14007,Office,317 Fisher Prairie,1777207846,03182026045656522,Success,
1667,Office,18211 Glebe Close,9861250023,03182026045656522,Success,
14007,Office,73375 Orchard Road,4430188485,03182026045656522,Success,
1667,Office,581 Tad Valleys,7799689908,03182026045656522,Success,
14007,Office,61433 Wisoky Court,6077899227,03182026045656522,Success,
1667,Office,5695 Corwin Ramp,8481679972,03182026045656522,Success,
14007,Office,459 St Mary's Road,3913851408,03182026045656522,Success,
1667,Office,8072 Augusta Ridges,5135928275,03182026045656522,Success,
14007,Office,5285 Atlantic Avenue,5899311465,03182026045656522,Success,
1667,Office,83102 Jones Knolls,4489027965,03182026045656522,Success,
14007,Office,9138 Lucio Gateway,5200851330,03182026045656522,Success,
1667,Office,15058 Glover Crescent,9053507419,03182026045656522,Success,
14007,Office,813 Bruen Valleys,3326434729,03182026045656522,Success,
1667,Office,70585 Joesph Cliffs,1211587967,03182026045656522,Success,
14007,Office,139 Anya Cove,2112987632,03182026045656522,Success,
1667,Office,3575 Leila Pike,5274681911,03182026045656522,Success,
14007,Office,93702 Adrien Extensions,5695472208,03182026045656522,Success,
1667,Office,11311 Runte Via,7086976755,03182026045656522,Success,
14007,Office,36259 Miller Rapid,3278243096,03182026045656522,Success,
1667,Office,28035 Berniece Brook,2501304685,03182026045656522,Success,
14007,Office,7987 S Market Street,2869765246,03182026045656522,Success,
1667,Office,422 Aufderhar Estate,2863134461,03182026045656522,Success,
14007,Office,65131 Kris Square,3888537596,03182026045656522,Success,
1667,Office,411 Herzog Villages,4861346258,03182026045656522,Success,
14007,Office,8923 Mosciski Hill,4236036552,03182026045656522,Success,
1667,Office,3333 Smitham Fall,2037379068,03182026045656522,Success,
14007,Office,27256 Karine Glen,8167225140,03182026045656522,Success,
1667,Office,44810 Kohler Trail,3125007343,03182026045656522,Success,
14007,Office,92871 Waelchi Spring,3923284679,03182026045656522,Success,
1667,Office,56107 Jabari Port,4223260104,03182026045656522,Success,
14007,Office,7931 Deckow Locks,3650305677,03182026045656522,Success,
1667,Office,331 S Elm Street,9073816889,03182026045656522,Success,
14007,Office,71955 Trace Row,7939793757,03182026045656522,Success,
1667,Office,50131 Kreiger Villages,5877668176,03182026045656522,Success,
14007,Office,42957 Hand Drives,5510842079,03182026045656522,Success,
1667,Office,29260 Kertzmann Knolls,5869294006,03182026045656522,Success,
14007,Office,8733 Marquardt Cliffs,9966457502,03182026045656522,Success,
1667,Office,560 Okuneva Common,9612522617,03182026045656522,Success,
14007,Office,46689 Dach Flat,4935587388,03182026045656522,Success,
1667,Office,2776 W 4th Avenue,9587533429,03182026045656522,Success,
14007,Office,97473 The Ridgeway,6069450237,03182026045656522,Success,
1667,Office,666 Park Crescent,1162394252,03182026045656522,Success,
14007,Office,48366 Konopelski Landing,6182262359,03182026045656522,Success,
1667,Office,14933 College Street,6003421459,03182026045656522,Success,
14007,Office,773 Hegmann Key,8676532534,03182026045656522,Success,
1667,Office,276 Eliza Fords,2326452181,03182026045656522,Success,
14007,Office,946 W Elm Street,2458244842,03182026045656522,Success,
1667,Office,838 Wren Close,4500887070,03182026045656522,Success,
14007,Office,95937 O'Hara Vista,6338080064,03182026045656522,Success,
1667,Office,797 Kristopher Lakes,5548284790,03182026045656522,Success,
14007,Office,50388 E Grand Avenue,7531604928,03182026045656522,Success,
1667,Office,77874 Beatty Expressway,3485312664,03182026045656522,Success,
14007,Office,48247 Delphine Curve,6998060649,03182026045656522,Success,
1667,Office,25399 Viviane Crescent,4789532665,03182026045656522,Success,
14007,Office,808 Eugenia Centers,2632059580,03182026045656522,Success,
1667,Office,66420 Cedar Road,2522380750,03182026045656522,Success,
14007,Office,4120 Marcel Meadow,2025324479,03182026045656522,Success,
1667,Office,55480 W Union Street,6893333047,03182026045656522,Success,
14007,Office,110 Jacobson Pass,6921978117,03182026045656522,Success,
1667,Office,381 Carter Canyon,9117956852,03182026045656522,Success,
14007,Office,150 Clotilde Skyway,1346734906,03182026045656522,Success,
1667,Office,54525 Crescent Road,4929837824,03182026045656522,Success,
14007,Office,840 N Cedar Street,5314526425,03182026045656522,Success,
1667,Office,6913 Constantin Loop,8068278713,03182026045656522,Success,
14007,Office,9702 Grimes View,5360433823,03182026045656522,Success,
1667,Office,4935 S Central Avenue,1531947870,03182026045656522,Success,
14007,Office,86678 Matteo Walk,8804865124,03182026045656522,Success,
1667,Office,64310 Renner Station,1715123862,03182026045656522,Success,
14007,Office,12403 Manor Gardens,2695519584,03182026045656522,Success,
1667,Office,888 Pagac Drives,6581870841,03182026045656522,Success,
14007,Office,700 Bednar Crest,2653721988,03182026045656522,Success,
1667,Office,8502 Harrison Avenue,7084252967,03182026045656522,Success,
14007,Office,169 N Bridge Street,5685569885,03182026045656522,Success,
1667,Office,7020 Commercial Road,3226722646,03182026045656522,Success,
14007,Office,7496 Commercial Road,7123889785,03182026045656522,Success,
1667,Office,54533 Denesik Harbors,3219692076,03182026045656522,Success,
14007,Office,5070 Rico Overpass,8667658702,03182026045656522,Success,
1667,Office,791 Labadie Extension,7681459776,03182026045656522,Success,
14007,Office,832 Cummings Trafficway,6416126175,03182026045656522,Success,
1667,Office,52076 Jaskolski Route,2740933740,03182026045656522,Success,
14007,Office,2329 Arne Plain,6408756424,03182026045656522,Success,
1667,Office,96335 N Maple Street,5045301496,03182026045656522,Success,
14007,Office,9503 Connelly Springs,6099239554,03182026045656522,Success,
1667,Office,9700 Paul Loop,7968072263,03182026045656522,Success,
14007,Office,334 Leannon Court,9307599668,03182026045656522,Success,
1667,Office,97183 Spinka Parks,5379777484,03182026045656522,Success,
14007,Office,38604 W 6th Avenue,2787131391,03182026045656522,Success,
1667,Office,993 Viola Land,9932862229,03182026045656522,Success,
14007,Office,928 Randal Dam,5541353169,03182026045656522,Success,
1667,Office,955 Bauch Branch,6780784974,03182026045656522,Success,
14007,Office,729 Schuyler Burgs,6721059212,03182026045656522,Success,
1667,Office,755 Windsor Close,6501507267,03182026045656522,Success,
14007,Office,9589 15th Street,7088797775,03182026045656522,Success,
1667,Office,128 Keeling Park,8989452275,03182026045656522,Success,
14007,Office,145 East Avenue,3553306895,03182026045656522,Success,
1667,Office,8916 Deon Row,8620621899,03182026045656522,Success,
14007,Office,82404 Kutch Streets,2415323087,03182026045656522,Success,
1667,Office,87561 S 1st Avenue,1370312813,03182026045656522,Success,
14007,Office,44794 N Cedar Street,7618166047,03182026045656522,Success,
1667,Office,926 Chandler Throughway,2121935819,03182026045656522,Success,
14007,Office,528 Volkman Spur,7028251009,03182026045656522,Success,
1667,Office,27961 Ransom Shore,5236254130,03182026045656522,Success,
14007,Office,3403 Brakus Light,9077803841,03182026045656522,Success,
1667,Office,5515 Hodkiewicz Curve,3225187969,03182026045656522,Success,
14007,Office,32846 Park Road,2248989590,03182026045656522,Success,
1667,Office,3963 Alex Mount,9358426927,03182026045656522,Success,
14007,Office,814 Haley Fords,1855665547,03182026045656522,Success,
1667,Office,2626 Albert Road,9562211277,03182026045656522,Success,
14007,Office,52300 State Road,7837724430,03182026045656522,Success,
1667,Office,390 Randall Fall,3009737257,03182026045656522,Success,
14007,Office,453 Ondricka Common,6546946374,03182026045656522,Success,
1667,Office,181 Braun Islands,3230048329,03182026045656522,Success,
14007,Office,974 Kuvalis Spring,1781353853,03182026045656522,Success,
1667,Office,41024 E 1st Street,8597677406,03182026045656522,Success,
14007,Office,68195 Dina Rapids,2883756252,03182026045656522,Success,
1667,Office,106 Wilhelmine Park,8204652559,03182026045656522,Success,
14007,Office,6446 Vita Dam,4224555723,03182026045656522,Success,
1667,Office,70849 Crist Meadows,2096944849,03182026045656522,Success,
14007,Office,301 Ana Well,2758327713,03182026045656522,Success,
1667,Office,7417 Gianni Avenue,4072725245,03182026045656522,Success,
14007,Office,2286 Macey Freeway,1710684293,03182026045656522,Success,
1667,Office,951 Eusebio Streets,1101063727,03182026045656522,Success,
14007,Office,228 High Street,5031116284,03182026045656522,Success,
1667,Office,7467 Jailyn Burg,7888785812,03182026045656522,Success,
14007,Office,600 Kemmer Square,9530159886,03182026045656522,Success,
1667,Office,2286 Bernhard Mall,8410413780,03182026045656522,Success,
14007,Office,20266 Sylvia River,6257346110,03182026045656522,Success,
1667,Office,1437 Mohamed Stravenue,8984785277,03182026045656522,Success,
14007,Office,93484 Ziemann Lake,4108573371,03182026045656522,Success,
1667,Office,469 Jacquelyn Mount,5687737279,03182026045656522,Success,
14007,Office,97241 The Croft,1687109459,03182026045656522,Success,
1667,Office,378 Pollich Gardens,3587973493,03182026045656522,Success,
14007,Office,28521 Poplar Road,1796453771,03182026045656522,Success,
1667,Office,751 Willow Grove,3916070633,03182026045656522,Success,
14007,Office,789 Hoppe Circles,3910881898,03182026045656522,Success,
1667,Office,488 Guillermo Neck,7793524944,03182026045656522,Success,
14007,Office,6084 Borer Shoals,6762130457,03182026045656522,Success,
1667,Office,8003 Rippin Radial,5820693158,03182026045656522,Success,
14007,Office,4864 Grant Parkway,3531906896,03182026045656522,Success,
1667,Office,61450 Ottilie Throughway,5254721213,03182026045656522,Success,
14007,Office,39544 Justen Gateway,7439647254,03182026045656522,Success,
1667,Office,992 W Monroe Street,9725283059,03182026045656522,Success,
14007,Office,9059 Hayes Wells,6135569068,03182026045656522,Success,
1667,Office,511 E Union Street,1248860125,03182026045656522,Success,
14007,Office,481 Wuckert Fort,1285463936,03182026045656522,Success,
1667,Office,29516 Albina Harbors,3837065925,03182026045656522,Success,
14007,Office,64043 Gerson Fall,3755140307,03182026045656522,Success,
1667,Office,12324 E 8th Street,8535397616,03182026045656522,Success,
14007,Office,759 Verda Fords,1207702298,03182026045656522,Success,
1667,Office,6991 Twila Ports,5600801289,03182026045656522,Success,
14007,Office,3342 Washington Avenue,2839342854,03182026045656522,Success,
1667,Office,21628 Trudie Fall,2025583732,03182026045656522,Success,
14007,Office,84218 Susan Islands,6289360960,03182026045656522,Success,
1667,Office,593 Dorcas Ferry,6912854556,03182026045656522,Success,
14007,Office,134 Reynolds Fall,5099384493,03182026045656522,Success,
1667,Office,514 Stevie Harbor,1527204657,03182026045656522,Success,
14007,Office,1965 Crona Ford,2686035228,03182026045656522,Success,
1667,Office,821 Johns Circle,5449660837,03182026045656522,Success,
14007,Office,6315 Gwendolyn Isle,9174501092,03182026045656522,Success,
1667,Office,73378 Fourth Avenue,9184435553,03182026045656522,Success,
14007,Office,2069 Kyle Lake,2380957644,03182026045656522,Success,
1667,Office,5385 Ondricka Brooks,5927629140,03182026045656522,Success,
14007,Office,17075 Janie Wells,4362407391,03182026045656522,Success,
1667,Office,28036 N Water Street,7749279883,03182026045656522,Success,
14007,Office,146 Mosciski Creek,7556745675,03182026045656522,Success,
1667,Office,59184 7th Avenue,8904778645,03182026045656522,Success,
14007,Office,91663 Ollie Club,5206811074,03182026045656522,Success,
1667,Office,112 Maria Estates,1635189626,03182026045656522,Success,
14007,Office,9421 Maye Course,8261289415,03182026045656522,Success,
1667,Office,89095 S 1st Avenue,7861002500,03182026045656522,Success,
14007,Office,97423 Anais Ranch,7158029986,03182026045656522,Success,
1667,Office,71994 Orlando Square,2237468216,03182026045656522,Success,
14007,Office,857 Rylee Pine,6824952186,03182026045656522,Success,
1667,Office,11542 Wisozk Light,4850931725,03182026045656522,Success,
14007,Office,8853 School Close,5828989725,03182026045656522,Success,
1667,Office,85553 Alden Pines,1315167748,03182026045656522,Success,
14007,Office,389 Hillside Close,7419139688,03182026045656522,Success,
1667,Office,87472 Lera Ford,9412723826,03182026045656522,Success,
14007,Office,853 Oberbrunner Walk,7200197679,03182026045656522,Success,
1667,Office,8291 Pacocha Heights,6918090694,03182026045656522,Success,
14007,Office,169 Viviane Garden,3702727480,03182026045656522,Success,
1667,Office,91334 Daugherty View,2297086612,03182026045656522,Success,
14007,Office,5610 Hodkiewicz Field,5850811222,03182026045656522,Success,
1667,Office,666 E Church Street,7117524286,03182026045656522,Success,
14007,Office,34142 Watsica Fall,6846648968,03182026045656522,Success,
1667,Office,315 E Jackson Street,9876873178,03182026045656522,Success,
14007,Office,452 Vandervort Points,1232931343,03182026045656522,Success,
1667,Office,27323 Stracke Corner,1329797694,03182026045656522,Success,
14007,Office,608 Bahringer Spring,7803429573,03182026045656522,Success,
1667,Office,5911 Vivianne Divide,9005379703,03182026045656522,Success,
14007,Office,52465 Patrick Neck,3704230521,03182026045656522,Success,
1667,Office,84020 Liam Camp,9051050177,03182026045656522,Success,
14007,Office,323 Koelpin Brook,6787029990,03182026045656522,Success,
1667,Office,3722 Eddie Run,9314167702,03182026045656522,Success,
14007,Office,7600 Grove Road,8950469724,03182026045656522,Success,
1667,Office,452 Elm Road,7234733308,03182026045656522,Success,
14007,Office,2837 Clement Center,3581221839,03182026045656522,Success,
1667,Office,7428 Schinner Trace,8335345777,03182026045656522,Success,
14007,Office,71979 Cherry Tree Close,2731404740,03182026045656522,Success,
1667,Office,8850 Orchard Drive,1353293913,03182026045656522,Success,
14007,Office,910 Marks Station,8512522147,03182026045656522,Success,
1667,Office,186 Spinka Parkways,4200705990,03182026045656522,Success,
14007,Office,367 Funk Branch,6491103261,03182026045656522,Success,
1667,Office,82728 Mann Roads,8698184222,03182026045656522,Success,
14007,Office,7668 Hawthorn Avenue,7126650076,03182026045656522,Success,
1667,Office,13474 Nels Circle,7707395252,03182026045656522,Success,
14007,Office,113 Lilliana Lock,9697084868,03182026045656522,Success,
1667,Office,826 Lake Street,9035878628,03182026045656522,Success,
14007,Office,6209 Bashirian Lane,6870056355,03182026045656522,Success,
1667,Office,16120 Chestnut Street,8492103051,03182026045656522,Success,
14007,Office,2218 Becker Row,8811280333,03182026045656522,Success,
1667,Office,761 Mariam Neck,4769083234,03182026045656522,Success,
14007,Office,7072 W Elm Street,6945235416,03182026045656522,Success,
1667,Office,6903 Monroe Street,4841254446,03182026045656522,Success,
14007,Office,7158 Adams Street,3516195610,03182026045656522,Success,
1667,Office,33883 Felicia Spur,2810292032,03182026045656522,Success,
14007,Office,57468 Triston Alley,2891655404,03182026045656522,Success,
1667,Office,163 Lake Street,3399574169,03182026045656522,Success,
14007,Office,21200 Moor Lane,6675859549,03182026045656522,Success,
1667,Office,549 Eulalia Road,5665860729,03182026045656522,Success,
14007,Office,9127 Frederic Mills,3868436198,03182026045656522,Success,
1667,Office,63240 Kreiger Lake,8640647781,03182026045656522,Success,
14007,Office,629 Laurel Close,6486742286,03182026045656522,Success,
1667,Office,667 Ernie Ferry,3249935584,03182026045656522,Success,
14007,Office,79861 Clovis Roads,5688749039,03182026045656522,Success,
1667,Office,4413 Loyce Bridge,1147036498,03182026045656522,Success,
14007,Office,6196 S Broadway Street,8832440949,03182026045656522,Success,
1667,Office,84895 Nikolaus Estate,5780322672,03182026045656522,Success,
14007,Office,428 Alvena Springs,6859087635,03182026045656522,Success,
1667,Office,758 Stark Ranch,7596790213,03182026045656522,Success,
14007,Office,80930 Wren Close,4117774357,03182026045656522,Success,
1667,Office,2659 O'Connell Lake,4337153116,03182026045656522,Success,
14007,Office,414 Allison Rapid,4939327437,03182026045656522,Success,
1667,Office,84094 Brandyn Heights,9379308121,03182026045656522,Success,
14007,Office,1697 Maynard Branch,9880023792,03182026045656522,Success,
1667,Office,537 Roberts Corner,1397601628,03182026045656522,Success,
14007,Office,617 Raheem Passage,7195960085,03182026045656522,Success,
1667,Office,4621 Ryan Lodge,9143364550,03182026045656522,Success,
14007,Office,63624 Terry Drive,3846100841,03182026045656522,Success,
1667,Office,9067 Weber Loop,6982531351,03182026045656522,Success,
14007,Office,99536 Pete Turnpike,1375557692,03182026045656522,Success,
1667,Office,9175 Emiliano Trace,4943128418,03182026045656522,Success,
14007,Office,3900 Parisian Shoal,7604264814,03182026045656522,Success,
1667,Office,812 Alexane Ridges,8682451842,03182026045656522,Success,
14007,Office,26349 Park Place,6007169519,03182026045656522,Success,
1667,Office,51783 Marks Estate,6684786249,03182026045656522,Success,
14007,Office,85733 Okuneva Causeway,1081864857,03182026045656522,Success,
1667,Office,842 Park Place,3260690109,03182026045656522,Success,
14007,Office,2387 Harrison Street,3753020789,03182026045656522,Success,
1667,Office,567 Cummerata Flats,3579747645,03182026045656522,Success,
14007,Office,6685 E 14th Street,8216429038,03182026045656522,Success,
1667,Office,372 Bradtke Course,2871563104,03182026045656522,Success,
14007,Office,485 12th Street,6800151557,03182026045656522,Success,
1667,Office,75541 W 1st Street,6863389087,03182026045656522,Success,
14007,Office,336 Greenway,1334975016,03182026045656522,Success,
1667,Office,19310 Oak Drive,3396962667,03182026045656522,Success,
14007,Office,4111 Oak Drive,8792168703,03182026045656522,Success,
1667,Office,75073 St Andrews Close,9658817981,03182026045656522,Success,
14007,Office,6731 Willow Street,5686604710,03182026045656522,Success,
1667,Office,4834 Demarcus Coves,2130864744,03182026045656522,Success,
14007,Office,73925 Gertrude Plaza,4077835657,03182026045656522,Success,
1667,Office,1772 Johnpaul Meadows,3399079131,03182026045656522,Success,
14007,Office,73037 Broad Street,1611410499,03182026045656522,Success,
1667,Office,347 Danyka Island,5539347961,03182026045656522,Success,
14007,Office,922 Britney Camp,4193206412,03182026045656522,Success,
1667,Office,5950 Stanton Flats,7058596239,03182026045656522,Success,
14007,Office,320 Isom Mews,6268097051,03182026045656522,Success,
1667,Office,7528 Madison Street,4446593882,03182026045656522,Success,
14007,Office,119 Vicarage Road,6208730415,03182026045656522,Success,
1667,Office,8672 Victoria Place,8564716348,03182026045656522,Success,
14007,Office,145 Davis Bridge,3776722906,03182026045656522,Success,
1667,Office,9941 Darby Lake,4918095908,03182026045656522,Success,
14007,Office,58438 Kennith Hollow,8750871308,03182026045656522,Success,
1667,Office,79168 Gibson Inlet,6175888840,03182026045656522,Success,
14007,Office,6758 Manuela Greens,8016635675,03182026045656522,Success,
1667,Office,6423 Sigurd Bypass,8679473988,03182026045656522,Success,
14007,Office,62058 Wellington Street,3758078720,03182026045656522,Success,
1667,Office,595 Devante Mountains,1800806184,03182026045656522,Success,
14007,Office,13505 W 12th Street,1608379622,03182026045656522,Success,
1667,Office,222 Schneider Via,6044065206,03182026045656522,Success,
14007,Office,8996 Opal Fall,3212637371,03182026045656522,Success,
1667,Office,38617 Corwin Mill,5327937391,03182026045656522,Success,
14007,Office,523 E 10th Street,6458677526,03182026045656522,Success,
1667,Office,92063 Koch Fords,3716484028,03182026045656522,Success,
14007,Office,7833 Hagenes Drives,7944324779,03182026045656522,Success,
1667,Office,8786 Low Road,5311320239,03182026045656522,Success,
14007,Office,993 Pine Grove,3688799829,03182026045656522,Success,
1667,Office,46502 Brook Road,7460470788,03182026045656522,Success,
14007,Office,80067 King Coves,5718015658,03182026045656522,Success,
1667,Office,859 Khalid Club,7629335813,03182026045656522,Success,
14007,Office,49555 Fritsch Mall,5459211463,03182026045656522,Success,
1667,Office,3648 W Maple Street,3554387106,03182026045656522,Success,
14007,Office,68135 Aspen Close,5101895499,03182026045656522,Success,
1667,Office,37168 Lebsack Fort,3742316368,03182026045656522,Success,
14007,Office,394 Abbey Road,9189333680,03182026045656522,Success,
1667,Office,15313 Earlene Brook,3813591036,03182026045656522,Success,
14007,Office,470 Maggio Mountains,3720074178,03182026045656522,Success,
1667,Office,2451 Crist Center,9250175393,03182026045656522,Success,
14007,Office,8944 Farrell Court,7401003811,03182026045656522,Success,
1667,Office,5263 Funk Path,3113014558,03182026045656522,Success,
14007,Office,8571 W Center Street,6454570886,03182026045656522,Success,
1667,Office,40927 Fannie Court,4580087438,03182026045656522,Success,
14007,Office,33517 Gilda Field,1617623645,03182026045656522,Success,
1667,Office,733 Courtney Pass,7353615687,03182026045656522,Success,
14007,Office,6849 Waters Heights,6310895951,03182026045656522,Success,
1667,Office,752 Yasmeen Neck,5548261396,03182026045656522,Success,
14007,Office,8821 Western Road,7101164849,03182026045656522,Success,
1667,Office,4015 Cummerata Plains,8198559305,03182026045656522,Success,
14007,Office,97861 Nienow Walks,3618799862,03182026045656522,Success,
1667,Office,8269 Ellie Skyway,5113041360,03182026045656522,Success,
14007,Office,499 Abe Gateway,7046352563,03182026045656522,Success,
1667,Office,8057 Carroll Station,8100723991,03182026045656522,Success,
14007,Office,7578 Hailey Meadows,5555376155,03182026045656522,Success,
1667,Office,87645 Chapel Hill,1568872416,03182026045656522,Success,
14007,Office,4416 Era Mission,9162876370,03182026045656522,Success,
1667,Office,664 Lemke Villages,2201302592,03182026045656522,Success,
14007,Office,864 Northfield Road,4570237651,03182026045656522,Success,
1667,Office,10733 Brown Oval,7361923722,03182026045656522,Success,
14007,Office,238 Howard Road,1422656102,03182026045656522,Success,
1667,Office,5631 Kenyon Lodge,2433964388,03182026045656522,Success,
14007,Office,927 Kitty Ramp,9130402306,03182026045656522,Success,
1667,Office,78646 Heidenreich Crossroad,8290980763,03182026045656522,Success,
14007,Office,1594 N Broadway Street,5114164823,03182026045656522,Success,
1667,Office,3168 Toy Dam,2625958847,03182026045656522,Success,
14007,Office,8115 Boehm Light,7849852359,03182026045656522,Success,
1667,Office,565 Sanford Spring,4317777199,03182026045656522,Success,
14007,Office,40541 Terry Hollow,1425189585,03182026045656522,Success,
1667,Office,47783 Lorenz Loop,8112246877,03182026045656522,Success,
14007,Office,249 Woodside,1109790472,03182026045656522,Success,
1667,Office,142 Myriam Landing,8084003142,03182026045656522,Success,
14007,Office,61252 Nathanial Landing,2341166329,03182026045656522,Success,
1667,Office,22539 Stamm Summit,2499852377,03182026045656522,Success,
14007,Office,103 Sporer Street,1006942017,03182026045656522,Success,
1667,Office,2587 The Oval,2364185044,03182026045656522,Success,
14007,Office,9402 N Railroad Street,8710952637,03182026045656522,Success,
1667,Office,1851 S 14th Street,6325970561,03182026045656522,Success,
14007,Office,3912 Kerluke Greens,5022505011,03182026045656522,Success,
1667,Office,479 E Elm Street,6524012441,03182026045656522,Success,
14007,Office,158 Bahringer Club,2013582946,03182026045656522,Success,
1667,Office,754 Poplar Road,8855228896,03182026045656522,Success,
14007,Office,5359 Tyrel Harbors,8669046541,03182026045656522,Success,
1667,Office,2878 Senger Flats,7853271880,03182026045656522,Success,
14007,Office,41080 Wisoky Extension,1240078959,03182026045656522,Success,
1667,Office,8978 Keagan Flat,9081550909,03182026045656522,Success,
14007,Office,6144 King Pines,8439435787,03182026045656522,Success,
1667,Office,240 Boehm Alley,6921690548,03182026045656522,Success,
14007,Office,800 Kirsten Well,6828917891,03182026045656522,Success,
1667,Office,684 Jose Lane,5834271154,03182026045656522,Success,
14007,Office,8484 Mohr Ranch,2796621097,03182026045656522,Success,
1667,Office,4564 Chloe Meadows,2047412104,03182026045656522,Success,
14007,Office,686 Mafalda Valleys,3432464753,03182026045656522,Success,
1667,Office,4209 Laurel Close,3923869203,03182026045656522,Success,
14007,Office,418 Lueilwitz View,8534350058,03182026045656522,Success,
1667,Office,1399 Twila Lock,5702919565,03182026045656522,Success,
14007,Office,434 Obie Terrace,7200116515,03182026045656522,Success,
1667,Office,558 Valerie Green,7326980938,03182026045656522,Success,
14007,Office,66004 Pound Lane,3198892555,03182026045656522,Success,
1667,Office,48780 Kertzmann Avenue,7757053252,03182026045656522,Success,
14007,Office,38376 Sycamore Close,2160140703,03182026045656522,Success,
1667,Office,37665 Kunde Lakes,4742414281,03182026045656522,Success,
14007,Office,2918 Woodlands Close,9000545166,03182026045656522,Success,
1667,Office,792 N Franklin Street,6293285043,03182026045656522,Success,
14007,Office,83164 Paucek Walks,2584416359,03182026045656522,Success,
1667,Office,99826 Beau Plain,2868681385,03182026045656522,Success,
14007,Office,2887 Micaela Rapids,1935340664,03182026045656522,Success,
1667,Office,2908 Lubowitz Knoll,5009577857,03182026045656522,Success,
14007,Office,412 Konopelski Harbors,1324220785,03182026045656522,Success,
1667,Office,500 Isac Road,2264381139,03182026045656522,Success,
14007,Office,711 Schaden Branch,5607465580,03182026045656522,Success,
1667,Office,19323 Park Drive,3704236222,03182026045656522,Success,
14007,Office,436 Dave Points,6623956182,03182026045656522,Success,
1667,Office,26767 Jaime Shore,3908223285,03182026045656522,Success,
14007,Office,6197 S 8th Street,2291430865,03182026045656522,Success,
1667,Office,7439 Grimes Cliffs,4082335355,03182026045656522,Success,
14007,Office,779 Cedar Close,1970080909,03182026045656522,Success,
1667,Office,1517 Meadow Way,3062894742,03182026045656522,Success,
14007,Office,967 Ofelia Causeway,6910203463,03182026045656522,Success,
1667,Office,4185 Morar Freeway,3875299658,03182026045656522,Success,
14007,Office,3194 Priory Road,9336694916,03182026045656522,Success,
1667,Office,93689 Schmitt Ports,8165997211,03182026045656522,Success,
14007,Office,13184 Orrin Flats,5273111565,03182026045656522,Success,
1667,Office,923 Roob Trail,7034219021,03182026045656522,Success,
14007,Office,63341 Chet Ports,8821080851,03182026045656522,Success,
1667,Office,91490 Dickinson Loaf,4457380832,03182026045656522,Success,
14007,Office,649 Denesik Mills,7446705633,03182026045656522,Success,
1667,Office,618 Cherry Tree Close,2983694750,03182026045656522,Success,
14007,Office,35787 Finn Hills,2463634115,03182026045656522,Success,
1667,Office,44161 S Main Street,2659287593,03182026045656522,Success,
14007,Office,400 Quigley Island,8954321104,03182026045656522,Success,
1667,Office,4024 Andres Port,2030485582,03182026045656522,Success,
14007,Office,98753 Mariana Passage,5996626397,03182026045656522,Success,
1667,Office,6859 Christa Crossroad,3522761393,03182026045656522,Success,
14007,Office,55202 Hodkiewicz Gateway,9280089714,03182026045656522,Success,
1667,Office,60495 Prospect Place,5985602569,03182026045656522,Success,
14007,Office,2220 N 3rd Street,5709448798,03182026045656522,Success,
1667,Office,90738 Norval Dam,1288235027,03182026045656522,Success,
14007,Office,659 Rudolph Brook,3626074838,03182026045656522,Success,
1667,Office,800 Birch Grove,9050767858,03182026045656522,Success,
14007,Office,95988 Marlborough Road,4995600879,03182026045656522,Success,
1667,Office,160 Tre Via,4429159994,03182026045656522,Success,
14007,Office,964 Abernathy Grove,3842328532,03182026045656522,Success,
1667,Office,6163 Kingsway,5151340301,03182026045656522,Success,
14007,Office,7481 Willow Drive,9977760338,03182026045656522,Success,
1667,Office,68064 Ash Road,8489586631,03182026045656522,Success,
14007,Office,34126 Wyman Trafficway,1533270936,03182026045656522,Success,
1667,Office,9895 Birch Avenue,5813850356,03182026045656522,Success,
14007,Office,66740 Ima Manors,7215632790,03182026045656522,Success,
1667,Office,1998 Davis Way,4280781387,03182026045656522,Success,
14007,Office,81669 Collier Drives,3267864653,03182026045656522,Success,
1667,Office,783 Bahringer Court,8264985070,03182026045656522,Success,
14007,Office,444 Parker Gateway,5142767993,03182026045656522,Success,
1667,Office,5324 Leuschke Highway,5688845450,03182026045656522,Success,
14007,Office,44775 Smitham Fords,2895192363,03182026045656522,Success,
1667,Office,29544 Brook Parks,6544552449,03182026045656522,Success,
14007,Office,259 Reba Street,3985828600,03182026045656522,Success,
1667,Office,591 Rhea Spur,1170594372,03182026045656522,Success,
14007,Office,964 Peter Field,8176400088,03182026045656522,Success,
1667,Office,840 Cordie Row,3977804655,03182026045656522,Success,
14007,Office,7654 Luettgen Knolls,3141004857,03182026045656522,Success,
1667,Office,778 E Main,2439328730,03182026045656522,Success,
14007,Office,116 Reilly Turnpike,5348503455,03182026045656522,Success,
1667,Office,7182 Harmon Ville,6304978235,03182026045656522,Success,
14007,Office,882 N Broadway,6963322591,03182026045656522,Success,
1667,Office,87364 Theresia Forks,3051792114,03182026045656522,Success,
14007,Office,45217 Woodlands,6405007855,03182026045656522,Success,
1667,Office,18736 Maye Loaf,2275652089,03182026045656522,Success,
14007,Office,146 Franey Spring,7838617156,03182026045656522,Success,
1667,Office,7916 Goyette Isle,1595440651,03182026045656522,Success,
14007,Office,38329 Erdman Centers,9150737548,03182026045656522,Success,
1667,Office,4290 W Union Street,2400461254,03182026045656522,Success,
14007,Office,3630 Corwin Rest,8961137827,03182026045656522,Success,
1667,Office,31849 Bahringer Springs,1846388415,03182026045656522,Success,
14007,Office,334 Mills Village,8703212316,03182026045656522,Success,
1667,Office,808 Ebert Key,9280023085,03182026045656522,Success,
14007,Office,3662 Franklin Avenue,9318987049,03182026045656522,Success,
1667,Office,3451 Bedford Road,2833037531,03182026045656522,Success,
14007,Office,6365 Janessa Shores,1653314318,03182026045656522,Success,
1667,Office,8624 Maya Burgs,9268267194,03182026045656522,Success,
14007,Office,70586 Elm Road,4155548411,03182026045656522,Success,
1667,Office,5905 Quarry Lane,7685125866,03182026045656522,Success,
14007,Office,23672 Conor Views,9585088169,03182026045656522,Success,
1667,Office,7757 Roob Path,5951842131,03182026045656522,Success,
14007,Office,58095 Glebe Close,5522446063,03182026045656522,Success,
1667,Office,9842 Emil River,3456018771,03182026045656522,Success,
14007,Office,98615 E High Street,4105826647,03182026045656522,Success,
1667,Office,86026 Highfield Close,6644766815,03182026045656522,Success,
14007,Office,27525 Mayfield Road,7891075461,03182026045656522,Success,
1667,Office,996 W 7th Street,4067994036,03182026045656522,Success,
14007,Office,373 Cedar Road,3429255732,03182026045656522,Success,
1667,Office,6411 Khalid River,6280184349,03182026045656522,Success,
14007,Office,6343 N Water Street,4352608176,03182026045656522,Success,
1667,Office,37201 Cremin Plain,7259494462,03182026045656522,Success,
14007,Office,546 W 11th Street,3406884834,03182026045656522,Success,
1667,Office,347 Kurtis Estate,9197285913,03182026045656522,Success,
14007,Office,175 W 1st Street,8997084128,03182026045656522,Success,
1667,Office,2020 Pfannerstill Common,2173088625,03182026045656522,Success,
14007,Office,905 Dorothea Shores,6941655809,03182026045656522,Success,
1667,Office,8602 E Grand Avenue,3993683030,03182026045656522,Success,
14007,Office,147 Pagac Springs,1106878680,03182026045656522,Success,
1667,Office,72934 East Road,8581280871,03182026045656522,Success,
14007,Office,66806 Stamm Creek,1704502122,03182026045656522,Success,
1667,Office,3778 Leffler Locks,6994348012,03182026045656522,Success,
14007,Office,3853 Murray Valley,4597368351,03182026045656522,Success,
1667,Office,624 Abbey Lights,7207337392,03182026045656522,Success,
14007,Office,80152 Pound Lane,7029375345,03182026045656522,Success,
1667,Office,32598 Stoltenberg Bypass,8844576056,03182026045656522,Success,
14007,Office,5506 Alyce Lock,9120489998,03182026045656522,Success,
1667,Office,289 MacGyver Cove,1635976789,03182026045656522,Success,
14007,Office,59025 Ritchie Harbor,9936593738,03182026045656522,Success,
1667,Office,76487 The Drive,4242874701,03182026045656522,Success,
14007,Office,513 Javon Fall,7926521403,03182026045656522,Success,
1667,Office,88076 Crona Underpass,3254917386,03182026045656522,Success,
14007,Office,3701 Alexzander View,7087375239,03182026045656522,Success,
1667,Office,56126 Olson Harbor,5188135695,03182026045656522,Success,
14007,Office,87399 Sofia Forge,3055678408,03182026045656522,Success,
1667,Office,9259 Kiana Club,4283147304,03182026045656522,Success,
14007,Office,6531 Gislason Mews,9562877865,03182026045656522,Success,
1667,Office,12971 Davin Lakes,1955142865,03182026045656522,Success,
14007,Office,15390 Ewell Crest,9474063043,03182026045656522,Success,
1667,Office,46254 Sarah Spurs,1604105156,03182026045656522,Success,
14007,Office,948 Stanley Summit,1007980912,03182026045656522,Success,
1667,Office,53002 Bell Lane,6549019666,03182026045656522,Success,
14007,Office,291 Church Close,7201726638,03182026045656522,Success,
1667,Office,6298 Thiel Parkways,6139022789,03182026045656522,Success,
14007,Office,15476 Anika Ways,5657937801,03182026045656522,Success,
1667,Office,9401 Park Street,5144367247,03182026045656522,Success,
14007,Office,2345 Delia Crest,5086555834,03182026045656522,Success,
1667,Office,62348 Nova Terrace,7836245774,03182026045656522,Success,
14007,Office,631 Crist Brook,5413735114,03182026045656522,Success,
1667,Office,1526 Janick Falls,7876353036,03182026045656522,Success,
14007,Office,6297 Megane Lights,8816086504,03182026045656522,Success,
1667,Office,9583 The Lane,7877214900,03182026045656522,Success,
14007,Office,830 Braun Shores,8683660893,03182026045656522,Success,
1667,Office,1461 Corine Trail,2268752875,03182026045656522,Success,
14007,Office,2501 Clifton Road,2049743063,03182026045656522,Success,
1667,Office,70815 Hawthorn Close,5862126171,03182026045656522,Success,
14007,Office,8170 Hoeger Flats,2870734351,03182026045656522,Success,
1667,Office,917 Gibson Greens,1316602476,03182026045656522,Success,
14007,Office,844 Finn Ville,2564074416,03182026045656522,Success,
1667,Office,53196 Sydnie Crescent,5410198858,03182026045656522,Success,
14007,Office,261 Lueilwitz Curve,5927720616,03182026045656522,Success,
1667,Office,9627 Josefina Trail,3805980229,03182026045656522,Success,
14007,Office,48277 High Road,2920989624,03182026045656522,Success,
1667,Office,86617 Spruce Street,9670170287,03182026045656522,Success,
14007,Office,58559 E River Road,4436251007,03182026045656522,Success,
1667,Office,56213 Dibbert Coves,8066819341,03182026045656522,Success,
14007,Office,97241 Bernhard Streets,1056895922,03182026045656522,Success,
1667,Office,9205 Kub Groves,1777620297,03182026045656522,Success,
14007,Office,839 Augusta Canyon,9937126023,03182026045656522,Success,
1667,Office,974 Florine View,4941887841,03182026045656522,Success,
14007,Office,1431 Stamm Shores,6152169074,03182026045656522,Success,
1667,Office,855 Cormier Mount,2875844160,03182026045656522,Success,
14007,Office,578 Clark Street,3142118572,03182026045656522,Success,
1667,Office,478 Jaren Shoal,9689610846,03182026045656522,Success,
14007,Office,5495 Caleb Trail,1135231023,03182026045656522,Success,
1667,Office,488 Berge Gardens,6003656903,03182026045656522,Success,
14007,Office,2070 Skyla Well,6562147055,03182026045656522,Success,
1667,Office,4186 Romaguera Squares,3956837257,03182026045656522,Success,
14007,Office,343 E 9th Street,2454266411,03182026045656522,Success,
1667,Office,1385 Willow Road,4047394734,03182026045656522,Success,
14007,Office,440 Lula Streets,9053747449,03182026045656522,Success,
1667,Office,819 S 5th Street,4169312271,03182026045656522,Success,
14007,Office,699 Mariam Gateway,5026193819,03182026045656522,Success,
1667,Office,55322 W 4th Avenue,5890387566,03182026045656522,Success,
14007,Office,418 Kirstin Ferry,6071445286,03182026045656522,Success,
1667,Office,34855 E 14th Street,6879717471,03182026045656522,Success,
14007,Office,3443 Benjamin Dale,6515559484,03182026045656522,Success,
1667,Office,9847 Maple Close,6847683021,03182026045656522,Success,
14007,Office,78151 Newell Springs,7259010913,03182026045656522,Success,
1667,Office,5945 Lehner Brooks,1834853029,03182026045656522,Success,
14007,Office,2213 Kelton Lights,2450889562,03182026045656522,Success,
1667,Office,197 Kim Well,3541990032,03182026045656522,Success,
14007,Office,5488 Burnice Dale,6913230271,03182026045656522,Success,
1667,Office,6599 Loma Plaza,1883653562,03182026045656522,Success,
14007,Office,7069 McDermott Fort,9867529914,03182026045656522,Success,
1667,Office,589 Lorine Isle,5739749866,03182026045656522,Success,
14007,Office,7188 Erdman Green,7798780063,03182026045656522,Success,
1667,Office,8923 Alana Streets,3964540334,03182026045656522,Success,
14007,Office,6373 County Road,7235918142,03182026045656522,Success,
1667,Office,618 Twila Landing,7974691487,03182026045656522,Success,
14007,Office,476 Sienna Crossroad,1172575244,03182026045656522,Success,
1667,Office,73272 1st Street,3973587820,03182026045656522,Success,
14007,Office,18074 Harvey Heights,3559744492,03182026045656522,Success,
1667,Office,313 Wiza Burgs,8564788439,03182026045656522,Success,
14007,Office,554 Hudson Parks,7517529019,03182026045656522,Success,
1667,Office,867 Grady Alley,8372751487,03182026045656522,Success,
14007,Office,908 Greenholt Curve,3434446395,03182026045656522,Success,
1667,Office,75028 W Park Street,4698593035,03182026045656522,Success,
14007,Office,788 N 8th Street,8658114984,03182026045656522,Success,
1667,Office,301 Zieme Branch,7570029201,03182026045656522,Success,
14007,Office,380 Church Path,6263067937,03182026045656522,Success,
1667,Office,259 Matilda Track,4297754716,03182026045656522,Success,
14007,Office,2812 Kirlin Row,6032213104,03182026045656522,Success,
1667,Office,166 Balistreri Roads,1763468999,03182026045656522,Success,
14007,Office,326 Rippin Crescent,6953583591,03182026045656522,Success,
1667,Office,9828 Rohan Manors,9086800811,03182026045656522,Success,
14007,Office,372 Fairfield Road,8041592796,03182026045656522,Success,
1667,Office,3415 Tierra Crescent,9765714465,03182026045656522,Success,
14007,Office,74028 Providenci Expressway,4945115612,03182026045656522,Success,
1667,Office,5062 N Pearl Street,2837873653,03182026045656522,Success,
14007,Office,79265 Halie Ranch,1107107101,03182026045656522,Success,
1667,Office,858 St George's Road,7791570854,03182026045656522,Success,
14007,Office,915 Moises Loaf,9651307792,03182026045656522,Success,
1667,Office,915 O'Hara Lane,6737186480,03182026045656522,Success,
14007,Office,134 Johnston Extensions,1881980420,03182026045656522,Success,
1667,Office,51723 Morar Freeway,6190519236,03182026045656522,Success,
14007,Office,8839 Beech Road,9558103579,03182026045656522,Success,
1667,Office,223 Landen Ville,5294526414,03182026045656522,Success,
14007,Office,96641 Katheryn Valley,9743794157,03182026045656522,Success,
1667,Office,28572 Kling Point,1237228301,03182026045656522,Success,
14007,Office,93140 Verona Lakes,3614811862,03182026045656522,Success,
1667,Office,10475 Taurean Plains,8469345534,03182026045656522,Success,
14007,Office,1280 Oma Point,5266389267,03182026045656522,Success,
1667,Office,56665 Halvorson Lock,5033716769,03182026045656522,Success,
14007,Office,30446 Shanel Brook,4021757548,03182026045656522,Success,
1667,Office,9091 Kody Courts,9021090363,03182026045656522,Success,
14007,Office,47929 Veterans Memorial Highway,9205525448,03182026045656522,Success,
1667,Office,8376 College Avenue,2062844515,03182026045656522,Success,
14007,Office,12444 Dino Isle,2193088329,03182026045656522,Success,
1667,Office,3016 S 10th Street,3252547702,03182026045656522,Success,
14007,Office,333 Station Street,2928635044,03182026045656522,Success,
1667,Office,8517 Thea Locks,4680978194,03182026045656522,Success,
14007,Office,590 A Street,6689530250,03182026045656522,Success,
1667,Office,95400 Kertzmann Common,7665127297,03182026045656522,Success,
14007,Office,440 Gerardo Island,2519178850,03182026045656522,Success,
1667,Office,388 Darby Springs,3836217175,03182026045656522,Success,
14007,Office,755 Harmony Trafficway,6633696966,03182026045656522,Success,
1667,Office,36376 Park Lane,9710825411,03182026045656522,Success,
14007,Office,89042 Pouros Park,7961229284,03182026045656522,Success,
1667,Office,254 Lindgren Shoal,4145591367,03182026045656522,Success,
14007,Office,3797 Zulauf Cliffs,7022341883,03182026045656522,Success,
1667,Office,547 Ryan Hollow,1969125983,03182026045656522,Success,
14007,Office,59665 Kennedy Walk,4952052737,03182026045656522,Success,
1667,Office,86500 Weldon Avenue,4343019731,03182026045656522,Success,
14007,Office,766 William Street,5016908244,03182026045656522,Success,
1667,Office,5042 Manor Close,8561203795,03182026045656522,Success,
14007,Office,6329 Hoppe Loaf,6809562908,03182026045656522,Success,
1667,Office,76813 Murray Valley,5555843084,03182026045656522,Success,
14007,Office,314 N Washington Street,6254881675,03182026045656522,Success,
1667,Office,3994 Howard Road,7046832433,03182026045656522,Success,
14007,Office,6031 Theresia Harbors,7759218571,03182026045656522,Success,
1667,Office,960 Hand Greens,3417677002,03182026045656522,Success,
14007,Office,37025 West Road,7651965373,03182026045656522,Success,
1667,Office,589 Soledad Course,9442472979,03182026045656522,Success,
14007,Office,200 The Limes,8311977124,03182026045656522,Success,
1667,Office,2377 Hudson Glens,6275085235,03182026045656522,Success,
14007,Office,254 Jacobi Ford,5350936139,03182026045656522,Success,
1667,Office,129 Kunde Path,2939669103,03182026045656522,Success,
14007,Office,4032 West Street,9469626202,03182026045656522,Success,
1667,Office,42872 The Orchard,9029075852,03182026045656522,Success,
14007,Office,607 W River Road,7094747101,03182026045656522,Success,
1667,Office,749 Shields Motorway,7350599956,03182026045656522,Success,
14007,Office,56995 Streich Port,8021398896,03182026045656522,Success,
1667,Office,6473 Walter Light,3100611353,03182026045656522,Success,
14007,Office,343 Terrill Gardens,2298850148,03182026045656522,Success,
1667,Office,33906 Summer Rapids,4827492095,03182026045656522,Success,
14007,Office,4483 Bernier Wall,8083290226,03182026045656522,Success,
1667,Office,2934 Eliza Wall,6131770914,03182026045656522,Success,
14007,Office,3412 Dare Coves,5658700085,03182026045656522,Success,
1667,Office,502 Davis Roads,4426122631,03182026045656522,Success,
14007,Office,8523 South Road,8071873029,03182026045656522,Success,
1667,Office,637 S West Street,9431908138,03182026045656522,Success,
14007,Office,16198 Thomas Dam,8333827417,03182026045656522,Success,
1667,Office,396 Greenwood Road,1313272185,03182026045656522,Success,
14007,Office,756 Balmoral Road,3004231513,03182026045656522,Success,
1667,Office,45853 N Lincoln Street,5610170559,03182026045656522,Success,
14007,Office,803 Creola Branch,2175771962,03182026045656522,Success,
1667,Office,6171 Hillside Close,4520253612,03182026045656522,Success,
14007,Office,968 Kling Rue,1850393702,03182026045656522,Success,
1667,Office,156 Elmer Landing,1165383277,03182026045656522,Success,
14007,Office,640 Highland Avenue,8475164770,03182026045656522,Success,
1667,Office,894 Nikolas Common,9944654097,03182026045656522,Success,
14007,Office,4479 Alvena River,7526249247,03182026045656522,Success,
1667,Office,57389 Bernhard Park,2808318209,03182026045656522,Success,
14007,Office,94505 Ara Common,7582870168,03182026045656522,Success,
1667,Office,7604 Caden Via,6080379115,03182026045656522,Success,
14007,Office,172 Kihn Oval,8296301140,03182026045656522,Success,
1667,Office,1273 Waverley Road,2120027579,03182026045656522,Success,
14007,Office,931 Donnelly Union,4283800921,03182026045656522,Success,
1667,Office,45063 Prohaska Port,3576695804,03182026045656522,Success,
14007,Office,32268 The Copse,4644901893,03182026045656522,Success,
1667,Office,3491 Everardo Extension,8894724667,03182026045656522,Success,
14007,Office,77931 Hirthe Path,3128669848,03182026045656522,Success,
1667,Office,851 Ziemann Vista,7503231656,03182026045656522,Success,
14007,Office,39600 Jaylon Glens,4692075182,03182026045656522,Success,
1667,Office,43840 The Maltings,7333857304,03182026045656522,Success,
14007,Office,57394 Kulas Island,4398269176,03182026045656522,Success,
1667,Office,3995 S Park Street,6838091136,03182026045656522,Success,
14007,Office,1540 Francesco Passage,4211411643,03182026045656522,Success,
1667,Office,90978 The Glebe,4474216508,03182026045656522,Success,
14007,Office,11629 Jakubowski Brooks,9605544449,03182026045656522,Success,
1667,Office,87872 Huels Walks,3266796546,03182026045656522,Success,
14007,Office,35511 Norris Mills,5747539911,03182026045656522,Success,
1667,Office,84522 Muller Mews,9291636148,03182026045656522,Success,
14007,Office,5246 W 12th Street,4642408736,03182026045656522,Success,
1667,Office,909 Cooper Radial,9177728711,03182026045656522,Success,
14007,Office,684 8th Avenue,3861194468,03182026045656522,Success,
1667,Office,865 Sydney Villages,7620832867,03182026045656522,Success,
14007,Office,6640 Alyson Route,8390111028,03182026045656522,Success,
1667,Office,13210 Bartoletti Valley,1148818852,03182026045656522,Success,
14007,Office,381 Weimann Plains,8528831540,03182026045656522,Success,
1667,Office,3356 Franklin Avenue,4047030911,03182026045656522,Success,
14007,Office,8101 Lemke Park,3581710997,03182026045656522,Success,
1667,Office,93253 Liza Fork,9458872133,03182026045656522,Success,
14007,Office,245 Kuhn Bypass,9164077173,03182026045656522,Success,
1667,Office,408 Guido Hill,3375407287,03182026045656522,Success,
14007,Office,41412 Alexa Oval,7784727835,03182026045656522,Success,
1667,Office,986 Holly Close,2208279763,03182026045656522,Success,
14007,Office,559 Fisher Walks,5064289076,03182026045656522,Success,
1667,Office,355 Elta Course,9073127676,03182026045656522,Success,
14007,Office,8611 Hand Square,2251592187,03182026045656522,Success,
1667,Office,99390 Chestnut Drive,5991752678,03182026045656522,Success,
14007,Office,3625 Franklin Road,8904356558,03182026045656522,Success,
1667,Office,31852 Lynch Court,9314821036,03182026045656522,Success,
14007,Office,607 Rath Stream,9102916072,03182026045656522,Success,
1667,Office,697 Goodwin Lodge,5599595680,03182026045656522,Success,
14007,Office,702 Marvin Ferry,3176318965,03182026045656522,Success,
1667,Office,483 S Grand Avenue,8688469810,03182026045656522,Success,
14007,Office,9628 Hettinger Flat,8998976752,03182026045656522,Success,
1667,Office,193 Heidenreich Highway,5422655187,03182026045656522,Success,
14007,Office,494 Cross Lane,5220341312,03182026045656522,Success,
1667,Office,333 Sophie Cliffs,2154046117,03182026045656522,Success,
14007,Office,77795 Meggie Ridges,6924408911,03182026045656522,Success,
1667,Office,2172 E River Road,6830797085,03182026045656522,Success,
14007,Office,7850 Sawayn Overpass,1612597983,03182026045656522,Success,
1667,Office,49394 Turner Grove,7450944638,03182026045656522,Success,
14007,Office,153 Moore Forge,1545833776,03182026045656522,Success,
1667,Office,373 Lueilwitz Walk,4023450418,03182026045656522,Success,
14007,Office,4851 Kianna Alley,8380599337,03182026045656522,Success,
1667,Office,801 S Broadway,1941078781,03182026045656522,Success,
14007,Office,3617 Alicia Lane,4406478214,03182026045656522,Success,
1667,Office,273 Hickory Street,2986880423,03182026045656522,Success,
14007,Office,97109 Dicki Passage,6055160314,03182026045656522,Success,
1667,Office,122 McDermott Trace,8478631188,03182026045656522,Success,
14007,Office,6294 Brianne Camp,6140046965,03182026045656522,Success,
1667,Office,614 Harvey Fort,1432879653,03182026045656522,Success,
14007,Office,4605 S Chestnut Street,7544593094,03182026045656522,Success,
1667,Office,640 Nick Spurs,3230376350,03182026045656522,Success,
14007,Office,50090 Philip Place,7503341890,03182026045656522,Success,
1667,Office,715 S Broad Street,9396520155,03182026045656522,Success,
14007,Office,102 Patience Village,4216121267,03182026045656522,Success,
1667,Office,39484 New Lane,1607489700,03182026045656522,Success,
14007,Office,663 Olson Ports,4620963667,03182026045656522,Success,
1667,Office,73101 Guido Stream,9382744388,03182026045656522,Success,
14007,Office,115 Mariano Views,9245770349,03182026045656522,Success,
1667,Office,3075 Zulauf Plaza,9241977342,03182026045656522,Success,
14007,Office,1541 Wilber Shoal,7300584309,03182026045656522,Success,
1667,Office,530 Parisian Key,1070245793,03182026045656522,Success,
14007,Office,470 Buster Via,6595297419,03182026045656522,Success,
1667,Office,46768 Schuster Ville,8574129147,03182026045656522,Success,
14007,Office,50048 Mitchell Rest,8234297484,03182026045656522,Success,
1667,Office,2844 Lynch Crescent,2601779454,03182026045656522,Success,
14007,Office,64627 Sierra Burg,3610917072,03182026045656522,Success,
1667,Office,4315 Bria Hollow,8222528427,03182026045656522,Success,
14007,Office,1406 Buckridge Bridge,5148575770,03182026045656522,Success,
1667,Office,509 S Jackson Street,8016175830,03182026045656522,Success,
14007,Office,914 E 14th Street,8646000622,03182026045656522,Success,
1667,Office,609 Evie Field,3126798560,03182026045656522,Success,
14007,Office,93826 Elyse Mill,9590825639,03182026045656522,Success,
1667,Office,750 Kling Garden,7234702265,03182026045656522,Success,
14007,Office,58118 Tremayne Key,5000955775,03182026045656522,Success,
1667,Office,33971 Kuvalis Pass,1044341352,03182026045656522,Success,
14007,Office,66979 Hayes Ridge,3363964575,03182026045656522,Success,
1667,Office,284 Erwin Spur,5689488142,03182026045656522,Success,
14007,Office,472 Zena Brooks,7917489401,03182026045656522,Success,
1667,Office,393 The Croft,4162406126,03182026045656522,Success,
14007,Office,48228 E Market Street,7657749378,03182026045656522,Success,
1667,Office,92888 West View,6560418338,03182026045656522,Success,
14007,Office,589 Langosh Squares,2591597389,03182026045656522,Success,
1667,Office,35119 Ash Street,3455308188,03182026045656522,Success,
14007,Office,9755 Littel Parks,7257469465,03182026045656522,Success,
1667,Office,638 Crist Greens,2263988999,03182026045656522,Success,
14007,Office,7114 Pearl Street,5573588606,03182026045656522,Success,
1667,Office,65931 Kyle Mall,4632494317,03182026045656522,Success,
14007,Office,45689 Horace Valley,4342345336,03182026045656522,Success,
1667,Office,22673 Al Path,4204149747,03182026045656522,Success,
14007,Office,589 Zieme Gardens,1614601638,03182026045656522,Success,
1667,Office,71590 S 8th Street,1225235072,03182026045656522,Success,
14007,Office,311 Lynch Viaduct,3803568457,03182026045656522,Success,
1667,Office,777 Collier Grove,1193871285,03182026045656522,Success,
14007,Office,4416 Lamont Field,4907348370,03182026045656522,Success,
1667,Office,91587 Fadel Rapids,5941114857,03182026045656522,Success,
14007,Office,84673 W South Street,9499425787,03182026045656522,Success,
1667,Office,2245 Lawrence Street,4804783788,03182026045656522,Success,
14007,Office,5449 University Drive,8571148290,03182026045656522,Success,
1667,Office,357 Hane Junctions,9032560541,03182026045656522,Success,
14007,Office,9525 Cordia Glen,7604359724,03182026045656522,Success,
1667,Office,9509 Lang Corners,8521892920,03182026045656522,Success,
14007,Office,4173 Dooley Shores,8192420986,03182026045656522,Success,
1667,Office,41812 Konopelski Circle,9832737597,03182026045656522,Success,
14007,Office,667 Madge Rue,9664404649,03182026045656522,Success,
1667,Office,2522 Dickinson Creek,1467141346,03182026045656522,Success,
14007,Office,1452 Vinnie Orchard,3315205146,03182026045656522,Success,
1667,Office,73250 Manuela Glens,7660085872,03182026045656522,Success,
14007,Office,789 Kuhic Trail,8925943058,03182026045656522,Success,
1667,Office,52839 Loma Shore,3123334397,03182026045656522,Success,
14007,Office,417 11th Street,1608465412,03182026045656522,Success,
1667,Office,292 Schuppe Path,2450808003,03182026045656522,Success,
14007,Office,41174 Warren Close,1840332229,03182026045656522,Success,
1667,Office,912 York Road,1059484350,03182026045656522,Success,
14007,Office,5912 Tina Prairie,3831289663,03182026045656522,Success,
1667,Office,6951 Corkery Rapids,8744708347,03182026045656522,Success,
14007,Office,5914 Makenzie Valley,9020368478,03182026045656522,Success,
1667,Office,320 David Fall,2112671033,03182026045656522,Success,
14007,Office,200 Lois Passage,3767260747,03182026045656522,Success,
1667,Office,973 Annabel Views,9634233885,03182026045656522,Success,
14007,Office,453 Owen Mountains,4477874551,03182026045656522,Success,
1667,Office,28818 Anissa Coves,1117366945,03182026045656522,Success,
14007,Office,1807 Welch Canyon,7359415586,03182026045656522,Success,
1667,Office,176 N 7th Street,1842047491,03182026045656522,Success,
14007,Office,561 Hane Hill,4358324982,03182026045656522,Success,
1667,Office,537 Shyann Court,7741048685,03182026045656522,Success,
14007,Office,582 Main Road,6618036705,03182026045656522,Success,
1667,Office,59853 Burley Mountains,8930737141,03182026045656522,Success,
14007,Office,1443 1st Street,7605982744,03182026045656522,Success,
1667,Office,6028 Shaniya Hills,7543093023,03182026045656522,Success,
14007,Office,45245 Swift Square,8244727383,03182026045656522,Success,
1667,Office,97207 N Chestnut Street,7732656044,03182026045656522,Success,
14007,Office,718 Prospect Place,1168907091,03182026045656522,Success,
1667,Office,4255 Adams Avenue,9036009033,03182026045656522,Success,
14007,Office,770 Jenkins Meadows,6129279701,03182026045656522,Success,
1667,Office,3637 Laurence Point,5031655533,03182026045656522,Success,
14007,Office,139 Hill Street,6042105104,03182026045656522,Success,
1667,Office,21117 Dario Spurs,8692548230,03182026045656522,Success,
14007,Office,21888 Willis Points,3132013178,03182026045656522,Success,
1667,Office,52020 Trantow Garden,2637309425,03182026045656522,Success,
14007,Office,578 Kutch Road,7708978444,03182026045656522,Success,
1667,Office,5149 Jarod Course,5143478427,03182026045656522,Success,
14007,Office,86984 Freddie Point,5730979964,03182026045656522,Success,
1667,Office,25904 Green Valley,5695899912,03182026045656522,Success,
14007,Office,911 Gerson Run,1961490296,03182026045656522,Success,
1667,Office,516 Padberg Inlet,7877662555,03182026045656522,Success,
14007,Office,341 The Square,3605500996,03182026045656522,Success,
1667,Office,1626 Brakus Place,8828508670,03182026045656522,Success,
14007,Office,68531 Market Place,6659493213,03182026045656522,Success,
1667,Office,6845 Maple Close,1183830244,03182026045656522,Success,
14007,Office,2314 Ayden Estates,6830394248,03182026045656522,Success,
1667,Office,758 Torrance Gardens,8789796374,03182026045656522,Success,
14007,Office,694 Price Forest,6987191080,03182026045656522,Success,
1667,Office,164 Amira Pine,7580586306,03182026045656522,Success,
14007,Office,947 Sawayn Port,4966838377,03182026045656522,Success,
1667,Office,93019 Grover Well,1584470196,03182026045656522,Success,
14007,Office,21102 James Street,8414542649,03182026045656522,Success,
1667,Office,611 Orn Prairie,4502529195,03182026045656522,Success,
14007,Office,28180 E 14th Street,9213002925,03182026045656522,Success,
1667,Office,65627 Nola Views,1975267357,03182026045656522,Success,
14007,Office,7855 Rubie Cliff,5806386185,03182026045656522,Success,
1667,Office,43424 Clemmie Hill,2473097532,03182026045656522,Success,
14007,Office,31842 Karlie Wall,6423440045,03182026045656522,Success,
1667,Office,7138 Elouise Track,4628727900,03182026045656522,Success,
14007,Office,202 Maci Ranch,7137643778,03182026045656522,Success,
1667,Office,405 Bramble Close,6537460342,03182026045656522,Success,
14007,Office,109 Everette Radial,1216559109,03182026045656522,Success,
1667,Office,242 Lisa Crossroad,9910896106,03182026045656522,Success,
14007,Office,7123 Cross Lane,8660029498,03182026045656522,Success,
1667,Office,9554 Else Canyon,8953296924,03182026045656522,Success,
14007,Office,62994 Albion Street,3720758964,03182026045656522,Success,
1667,Office,159 Cecelia Extensions,7515698249,03182026045656522,Success,
14007,Office,795 Aufderhar Oval,7563212840,03182026045656522,Success,
1667,Office,10251 Madison Freeway,5965692604,03182026045656522,Success,
14007,Office,318 N Elm Street,2810294145,03182026045656522,Success,
1667,Office,90468 E Elm Street,2613524584,03182026045656522,Success,
14007,Office,36141 Nienow Lakes,2904803811,03182026045656522,Success,
1667,Office,67110 Johnston Plaza,6406284700,03182026045656522,Success,
14007,Office,61642 Goyette Creek,1184991466,03182026045656522,Success,
1667,Office,97384 Sanford Circles,6361429477,03182026045656522,Success,
14007,Office,2178 Ludwig Forges,8855513595,03182026045656522,Success,
1667,Office,43010 Hirthe Branch,2484174534,03182026045656522,Success,
14007,Office,1176 Dixie Circles,9505496037,03182026045656522,Success,
1667,Office,3596 Hansen Knoll,9340472632,03182026045656522,Success,
14007,Office,4329 Albion Street,7289658822,03182026045656522,Success,
1667,Office,465 Evert Points,5782264046,03182026045656522,Success,
14007,Office,678 Kenya Walks,6038672481,03182026045656522,Success,
1667,Office,84418 Krajcik Haven,6062378096,03182026045656522,Success,
14007,Office,576 Gordon Street,7730960835,03182026045656522,Success,
1667,Office,7162 Schaden Locks,4115177002,03182026045656522,Success,
14007,Office,244 Block Lane,6735668070,03182026045656522,Success,
1667,Office,696 South Drive,4420515428,03182026045656522,Success,
14007,Office,38086 W Broadway,2086795088,03182026045656522,Success,
1667,Office,6055 Waelchi Knolls,9832118849,03182026045656522,Success,
14007,Office,716 Harrison Avenue,2290424092,03182026045656522,Success,
1667,Office,362 McDermott Manors,5586570333,03182026045656522,Success,
14007,Office,1228 Desmond Fork,5595413475,03182026045656522,Success,
1667,Office,953 W 6th Street,8403559745,03182026045656522,Success,
14007,Office,200 Franecki Harbors,5397613965,03182026045656522,Success,
1667,Office,66251 Willms Lane,8757348354,03182026045656522,Success,
14007,Office,342 Khalid Unions,1310285874,03182026045656522,Success,
1667,Office,758 Padberg Hollow,3791445299,03182026045656522,Success,
14007,Office,17221 Muller Avenue,9618834918,03182026045656522,Success,
1667,Office,83059 S Division Street,5428680489,03182026045656522,Success,
14007,Office,83044 Paula Lane,5541386950,03182026045656522,Success,
1667,Office,534 Adrienne Corner,5221307492,03182026045656522,Success,
14007,Office,122 Smith Mount,8920014603,03182026045656522,Success,
1667,Office,910 Hall Street,9822530702,03182026045656522,Success,
14007,Office,150 O'Kon Trace,5356895425,03182026045656522,Success,
1667,Office,201 North Road,2114851722,03182026045656522,Success,
14007,Office,72202 Boundary Road,8741768418,03182026045656522,Success,
1667,Office,5011 Lincoln Highway,4018802700,03182026045656522,Success,
14007,Office,13454 Farm Close,7754710831,03182026045656522,Success,
1667,Office,892 Marisa Camp,4692400960,03182026045656522,Success,
14007,Office,8126 Mount Pleasant,3065250413,03182026045656522,Success,
1667,Office,9697 Stark Hollow,2525094413,03182026045656522,Success,
14007,Office,7906 Lorena Heights,3941084578,03182026045656522,Success,
1667,Office,552 Wisoky Harbors,7410554828,03182026045656522,Success,
14007,Office,83056 Skiles Highway,8698924040,03182026045656522,Success,
1667,Office,89990 Kelton Stream,7184706779,03182026045656522,Success,
14007,Office,96879 Northfield Road,8219345386,03182026045656522,Success,
1667,Office,71670 Myrl Shores,4593346183,03182026045656522,Success,
14007,Office,885 Clyde Field,1656470325,03182026045656522,Success,
1667,Office,459 Berge Fort,7024943716,03182026045656522,Success,
14007,Office,8590 Helga Center,3784027660,03182026045656522,Success,
1667,Office,7502 Larkin Summit,9046316121,03182026045656522,Success,
14007,Office,36458 Alverta Hill,9715116685,03182026045656522,Success,
1667,Office,25851 North Road,7666976650,03182026045656522,Success,
14007,Office,5960 S Railroad Street,6432476828,03182026045656522,Success,
1667,Office,311 W Central Avenue,1156737019,03182026045656522,Success,
14007,Office,7015 Nickolas Tunnel,2189850729,03182026045656522,Success,
1667,Office,6538 Metz Trail,9698702968,03182026045656522,Success,
14007,Office,644 Jacobi Brook,4654167239,03182026045656522,Success,
1667,Office,42900 W Elm Street,3515022648,03182026045656522,Success,
14007,Office,642 Trantow Crossing,5218010802,03182026045656522,Success,
1667,Office,44382 Hattie Crescent,2746979577,03182026045656522,Success,
14007,Office,4061 Hackett Place,7391068566,03182026045656522,Success,
1667,Office,30851 Pauline Inlet,1190946234,03182026045656522,Success,
14007,Office,853 Alice Ridge,6409786691,03182026045656522,Success,
1667,Office,86287 Water Lane,6173368554,03182026045656522,Success,
14007,Office,7426 Willow Grove,8465127645,03182026045656522,Success,
1667,Office,576 W Center Street,4179338589,03182026045656522,Success,
14007,Office,4588 Beth Mill,1329178384,03182026045656522,Success,
1667,Office,4359 Auer Ville,9283991299,03182026045656522,Success,
14007,Office,80997 Kreiger Light,2993158886,03182026045656522,Success,
1667,Office,474 Lawrence Street,7887183225,03182026045656522,Success,
14007,Office,62902 E 8th Street,4331434968,03182026045656522,Success,
1667,Office,661 Boyle Court,3716377770,03182026045656522,Success,
14007,Office,56775 Elias Shore,9341830618,03182026045656522,Success,
1667,Office,694 London Road,5789927596,03182026045656522,Success,
14007,Office,727 Harris Divide,7337886577,03182026045656522,Success,
1667,Office,17422 Micaela Groves,8913932109,03182026045656522,Success,
14007,Office,720 Gilberto Greens,8198372177,03182026045656522,Success,
1667,Office,46182 Crooks Bypass,4296405128,03182026045656522,Success,
14007,Office,19556 McLaughlin River,1626155102,03182026045656522,Success,
1667,Office,5415 Schuppe Course,7020419788,03182026045656522,Success,
14007,Office,849 First Avenue,2232058600,03182026045656522,Success,
1667,Office,1289 Bonita Divide,9608218582,03182026045656522,Success,
14007,Office,4410 Clay Lane,6096988675,03182026045656522,Success,
1667,Office,3650 Aufderhar Meadow,4743167022,03182026045656522,Success,
14007,Office,808 Tiana Valley,2094549693,03182026045656522,Success,
1667,Office,8458 Annetta Shores,7819149911,03182026045656522,Success,
14007,Office,15283 Jada Valleys,8812376408,03182026045656522,Success,
1667,Office,131 Santa Corners,2692838969,03182026045656522,Success,
14007,Office,15781 Moore Forest,3238715687,03182026045656522,Success,
1667,Office,25919 Pouros Gardens,3634567019,03182026045656522,Success,
14007,Office,12741 Schuppe Ports,6391750254,03182026045656522,Success,
1667,Office,3831 Main Avenue,8507016068,03182026045656522,Success,
14007,Office,42050 Zechariah Passage,6137267014,03182026045656522,Success,
1667,Office,1931 N Broadway,4524011537,03182026045656522,Success,
14007,Office,6158 Maryjane Overpass,2476866105,03182026045656522,Success,
1667,Office,31950 Collier Meadow,4610072859,03182026045656522,Success,
14007,Office,6982 Back Lane,1724319123,03182026045656522,Success,
1667,Office,27301 Mary Street,9049146597,03182026045656522,Success,
14007,Office,7251 Haley Brooks,6130347449,03182026045656522,Success,
1667,Office,25744 Terry Avenue,5578574026,03182026045656522,Success,
14007,Office,310 Fatima Inlet,7938130950,03182026045656522,Success,
1667,Office,180 Travis Dale,9643624499,03182026045656522,Success,
14007,Office,436 Coy Grove,2199244837,03182026045656522,Success,
1667,Office,33574 W 7th Street,2319194844,03182026045656522,Success,
14007,Office,5557 Adams Street,5103798941,03182026045656522,Success,
1667,Office,39406 2nd Street,2077591287,03182026045656522,Success,
14007,Office,946 W 3rd Street,8149334770,03182026045656522,Success,
1667,Office,8787 Holly Trail,5859948189,03182026045656522,Success,
14007,Office,4486 Chester Road,1133795922,03182026045656522,Success,
1667,Office,64009 Peyton Drives,1153544022,03182026045656522,Success,
14007,Office,337 Percy Junction,8279558862,03182026045656522,Success,
1667,Office,776 Berge Circle,9330202675,03182026045656522,Success,
14007,Office,9187 Woodlands Close,6192934919,03182026045656522,Success,
1667,Office,5624 Harrison Street,8419761639,03182026045656522,Success,
14007,Office,647 University Drive,1297309618,03182026045656522,Success,
1667,Office,203 Shanahan Loaf,4788516086,03182026045656522,Success,
14007,Office,478 East Street,4018631633,03182026045656522,Success,
1667,Office,7013 E Oak Street,7205372582,03182026045656522,Success,
14007,Office,522 Bailee Centers,7941962749,03182026045656522,Success,
1667,Office,388 N Railroad Street,4400853774,03182026045656522,Success,
14007,Office,1212 Stoney Lane,6626782844,03182026045656522,Success,
1667,Office,95140 N Cedar Street,6741697614,03182026045656522,Success,
14007,Office,291 Billy Motorway,7233931565,03182026045656522,Success,
1667,Office,72712 Larson Fords,1550710310,03182026045656522,Success,
14007,Office,101 Royal Plaza,9744783952,03182026045656522,Success,
1667,Office,403 S 14th Street,5415099217,03182026045656522,Success,
14007,Office,544 Liberty Street,5016045875,03182026045656522,Success,
1667,Office,7125 New Lane,9990296254,03182026045656522,Success,
14007,Office,1970 Johns Lock,5507664619,03182026045656522,Success,
1667,Office,1163 Swaniawski Rest,1815987150,03182026045656522,Success,
14007,Office,1017 Kamryn Spur,9195829607,03182026045656522,Success,
1667,Office,4318 Walsh Lake,5118902462,03182026045656522,Success,
14007,Office,6147 Neal Ridges,1223734030,03182026045656522,Success,
1667,Office,89066 Stroman Loaf,1506553183,03182026045656522,Success,
14007,Office,86754 Greenfelder Ferry,9678204813,03182026045656522,Success,
1667,Office,681 Norwood Parkways,4186026891,03182026045656522,Success,
14007,Office,19205 Veum Glen,1294146514,03182026045656522,Success,
1667,Office,29680 Hoeger Cliff,6838868782,03182026045656522,Success,
14007,Office,57754 Shyanne Point,7827034716,03182026045656522,Success,
1667,Office,3121 Gavin Pass,1406175915,03182026045656522,Success,
14007,Office,827 Nienow Hills,3035989250,03182026045656522,Success,
1667,Office,694 S Grand Avenue,6760245163,03182026045656522,Success,
14007,Office,16493 Broad Street,4169942253,03182026045656522,Success,
1667,Office,2045 Finn Causeway,5869698379,03182026045656522,Success,
14007,Office,499 Garden Street,5183328270,03182026045656522,Success,
1667,Office,51608 Philip Courts,8066001177,03182026045656522,Success,
14007,Office,751 Zboncak Lakes,8132477113,03182026045656522,Success,
1667,Office,85545 Derek Trail,3634666376,03182026045656522,Success,
14007,Office,9779 Marsh Lane,2589682460,03182026045656522,Success,
1667,Office,7883 Maple Road,7139233766,03182026045656522,Success,
14007,Office,80631 The Grove,8202118693,03182026045656522,Success,
1667,Office,34895 Wilber Parkway,3601223965,03182026045656522,Success,
14007,Office,707 Woodside,4520252788,03182026045656522,Success,
1667,Office,95677 E Washington Street,8216548539,03182026045656522,Success,
14007,Office,8878 The Rise,1787134204,03182026045656522,Success,
1667,Office,65788 Juliana Glens,8655384361,03182026045656522,Success,
14007,Office,20012 Isac Coves,1447527011,03182026045656522,Success,
1667,Office,26231 Park Avenue,2581428845,03182026045656522,Success,
14007,Office,4923 Lake Avenue,2517545543,03182026045656522,Success,
1667,Office,77056 W North Street,6223496781,03182026045656522,Success,
14007,Office,4081 S 1st Avenue,6541904659,03182026045656522,Success,
1667,Office,17011 Church Street,4083060327,03182026045656522,Success,
14007,Office,51304 S 3rd Street,9905389127,03182026045656522,Success,
1667,Office,35314 N Monroe Street,7312830276,03182026045656522,Success,
14007,Office,201 Cow Lane,9483391577,03182026045656522,Success,
1667,Office,93865 Poplar Road,6623771415,03182026045656522,Success,
14007,Office,82367 Borer Circles,1545461946,03182026045656522,Success,
1667,Office,48331 Victoria Street,2697364174,03182026045656522,Success,
14007,Office,7956 Dean Orchard,7153105726,03182026045656522,Success,
1667,Office,74845 Hoeger Points,1858501195,03182026045656522,Success,
14007,Office,34776 W Park Street,1952461980,03182026045656522,Success,
1667,Office,1503 Ankunding Port,1718824417,03182026045656522,Success,
14007,Office,92905 Kory Rue,8405989001,03182026045656522,Success,
1667,Office,945 Solon Loop,7897748385,03182026045656522,Success,
14007,Office,401 Manchester Road,2194599652,03182026045656522,Success,
1667,Office,548 Nasir Courts,2582598464,03182026045656522,Success,
14007,Office,461 Wood Street,8572214727,03182026045656522,Success,
1667,Office,288 Liberty Street,7063320661,03182026045656522,Success,
14007,Office,373 Bogisich Square,1733169021,03182026045656522,Success,
1667,Office,54821 Kristy Junctions,5916797792,03182026045656522,Success,
14007,Office,97309 Eveline Extension,2156628233,03182026045656522,Success,
1667,Office,9391 Ashly Street,7029476049,03182026045656522,Success,
14007,Office,237 West Unions,9169225891,03182026045656522,Success,
1667,Office,7002 N Monroe Street,4137426918,03182026045656522,Success,
14007,Office,2622 Ward Common,7031656322,03182026045656522,Success,
1667,Office,465 N Church Street,9481101003,03182026045656522,Success,
14007,Office,417 S Broadway Street,5797927649,03182026045656522,Success,
1667,Office,457 Runte Lake,3499568751,03182026045656522,Success,
14007,Office,56709 Wilderman Groves,6875220714,03182026045656522,Success,
1667,Office,364 Hilda Creek,8821382343,03182026045656522,Success,
14007,Office,1217 Euclid Avenue,7551861835,03182026045656522,Success,
1667,Office,281 Edna Park,6849996744,03182026045656522,Success,
14007,Office,120 Hazel Fork,6113549904,03182026045656522,Success,
1667,Office,26053 Juwan Loop,5746932669,03182026045656522,Success,
14007,Office,83531 Keara Place,4883587643,03182026045656522,Success,
1667,Office,8062 Grimes Overpass,3548553216,03182026045656522,Success,
14007,Office,398 Bell Lane,4102832213,03182026045656522,Success,
1667,Office,501 Brakus Locks,3141534704,03182026045656522,Success,
14007,Office,4786 Chanel Shores,8741060738,03182026045656522,Success,
1667,Office,5814 Canal Street,1647465466,03182026045656522,Success,
14007,Office,1982 Homenick Keys,5513059066,03182026045656522,Success,
1667,Office,5713 Cade Garden,9048792043,03182026045656522,Success,
14007,Office,93189 N Front Street,1614228537,03182026045656522,Success,
1667,Office,6871 Ivory Canyon,2946937059,03182026045656522,Success,
14007,Office,8938 Elm Close,3758228113,03182026045656522,Success,
1667,Office,612 Wyman Flats,2258845904,03182026045656522,Success,
14007,Office,4973 Tony Ford,3145453267,03182026045656522,Success,
1667,Office,65001 Ransom Roads,8782096122,03182026045656522,Success,
14007,Office,6581 Alva Shores,5501826372,03182026045656522,Success,
1667,Office,3750 Miller Forks,7216949109,03182026045656522,Success,
14007,Office,489 Washington Road,6033176931,03182026045656522,Success,
1667,Office,164 Chloe Inlet,5921573257,03182026045656522,Success,
14007,Office,419 Feeney View,2292646381,03182026045656522,Success,
1667,Office,446 The Paddocks,1985068256,03182026045656522,Success,
14007,Office,941 Marcelle Avenue,2088122106,03182026045656522,Success,
1667,Office,570 Camylle Summit,1993220191,03182026045656522,Success,
14007,Office,4053 Kelly Lights,6507404838,03182026045656522,Success,
1667,Office,7927 Nitzsche Summit,2398589615,03182026045656522,Success,
14007,Office,73499 Nienow Trail,4714222125,03182026045656522,Success,
1667,Office,392 Grand Avenue,6793056965,03182026045656522,Success,
14007,Office,5613 Krajcik Field,1848013967,03182026045656522,Success,
1667,Office,4318 Vicarage Road,6006389391,03182026045656522,Success,
14007,Office,60456 Daren Flat,8425759183,03182026045656522,Success,
1667,Office,25940 Lansdowne Road,7558496381,03182026045656522,Success,
14007,Office,862 S Center Street,3527725619,03182026045656522,Success,
1667,Office,66842 4th Street,2472018527,03182026045656522,Success,
14007,Office,14262 Third Street,6460024609,03182026045656522,Success,
1667,Office,2346 Kuhn Heights,2325988728,03182026045656522,Success,
14007,Office,63698 Stiedemann Viaduct,2712430426,03182026045656522,Success,
1667,Office,58437 Herzog Stravenue,4657865281,03182026045656522,Success,
14007,Office,756 Hal Rapids,8242952832,03182026045656522,Success,
1667,Office,703 Halvorson Well,3077373264,03182026045656522,Success,
14007,Office,8172 Jeremie Corners,7130844129,03182026045656522,Success,
1667,Office,23180 Commerce Street,3787514911,03182026045656522,Success,
14007,Office,7443 Windmill Lane,2042496784,03182026045656522,Success,
1667,Office,51678 Jackie Shores,7662941084,03182026045656522,Success,
14007,Office,71482 Clarence Road,6541130222,03182026045656522,Success,
1667,Office,32609 Jubilee Close,8150463662,03182026045656522,Success,
14007,Office,855 Emmerich Ferry,3954086298,03182026045656522,Success,
1667,Office,743 Flossie Landing,5996021843,03182026045656522,Success,
14007,Office,90263 Murazik Ramp,1725209724,03182026045656522,Success,
1667,Office,844 Airport Road,4033524626,03182026045656522,Success,
14007,Office,443 West Courts,5335059263,03182026045656522,Success,
1667,Office,579 Ava Forge,3500779578,03182026045656522,Success,
14007,Office,612 Halle Shores,2922431105,03182026045656522,Success,
1667,Office,6492 Kacie Oval,7610755534,03182026045656522,Success,
14007,Office,6904 Jean Isle,1522889447,03182026045656522,Success,
1667,Office,2413 Beahan Union,3518527814,03182026045656522,Success,
14007,Office,156 State Road,5750618937,03182026045656522,Success,
1667,Office,326 Cydney Highway,7020818818,03182026045656522,Success,
14007,Office,496 E 6th Street,4538476510,03182026045656522,Success,
1667,Office,89291 Lubowitz Corners,4083959720,03182026045656522,Success,
14007,Office,48304 Trevor Spur,8375636430,03182026045656522,Success,
1667,Office,2756 Ethan Ramp,6120844432,03182026045656522,Success,
14007,Office,1966 Margarett Canyon,8592839213,03182026045656522,Success,
1667,Office,6328 Smith Street,6903969722,03182026045656522,Success,
14007,Office,21655 Swaniawski Ports,2451779820,03182026045656522,Success,
1667,Office,875 Mittie Forks,9789006993,03182026045656522,Success,
14007,Office,9158 Lauretta Cape,1296740972,03182026045656522,Success,
1667,Office,73317 Brock Path,4821534533,03182026045656522,Success,
14007,Office,831 Nitzsche Brooks,8131682835,03182026045656522,Success,
1667,Office,52135 Park Drive,6831651836,03182026045656522,Success,
14007,Office,3499 Considine Landing,3065313831,03182026045656522,Success,
1667,Office,903 Quigley Plaza,7268284981,03182026045656522,Success,
14007,Office,46495 Long Lane,9819471863,03182026045656522,Success,
1667,Office,1683 Aufderhar Ramp,2933014025,03182026045656522,Success,
14007,Office,855 Main Street,3959500157,03182026045656522,Success,
1667,Office,4252 Erwin Crossroad,2208828313,03182026045656522,Success,
14007,Office,4391 School Street,5732169613,03182026045656522,Success,
1667,Office,620 Lamar Ports,3584806602,03182026045656522,Success,
14007,Office,891 St John's Road,8533766955,03182026045656522,Success,
1667,Office,8007 Bergnaum Garden,2338224130,03182026045656522,Success,
14007,Office,6881 S Division Street,2379563779,03182026045656522,Success,
1667,Office,7047 Hayes Ranch,5546820670,03182026045656522,Success,
14007,Office,5860 Bridie Mission,9058463353,03182026045656522,Success,
1667,Office,324 S College Street,5781573811,03182026045656522,Success,
14007,Office,4858 Jennifer Corners,3858572151,03182026045656522,Success,
1667,Office,4769 Rice Dale,3117390975,03182026045656522,Success,
14007,Office,734 Muriel Meadows,8955834694,03182026045656522,Success,
1667,Office,1911 Adolfo Club,4017071589,03182026045656522,Success,
14007,Office,9441 McKenzie Square,5224582813,03182026045656522,Success,
1667,Office,31753 Mervin Parkways,8853627784,03182026045656522,Success,
14007,Office,6206 Cherry Street,1920914352,03182026045656522,Success,
1667,Office,2287 Stehr Loop,2719846552,03182026045656522,Success,
14007,Office,91085 Shad Fork,5750021541,03182026045656522,Success,
1667,Office,77369 Hahn Run,2571774851,03182026045656522,Success,
14007,Office,7672 Connelly Meadow,9684173020,03182026045656522,Success,
1667,Office,855 Mulberry Street,8651077855,03182026045656522,Success,
14007,Office,47616 Noelia Common,2775241276,03182026045656522,Success,
1667,Office,22079 Norberto Streets,7681410273,03182026045656522,Success,
14007,Office,222 Jade Parks,7549761189,03182026045656522,Success,
1667,Office,35949 S 2nd Street,8041426169,03182026045656522,Success,
14007,Office,173 Bradly Lock,7579233296,03182026045656522,Success,
1667,Office,84110 Gussie Parkway,9427835462,03182026045656522,Success,
14007,Office,90797 Herbert Springs,8741171882,03182026045656522,Success,
1667,Office,137 Abe Neck,5122068573,03182026045656522,Success,
14007,Office,61820 Central Avenue,2638669954,03182026045656522,Success,
1667,Office,643 Kieran Mount,3896208976,03182026045656522,Success,
14007,Office,20385 Gottlieb Lane,9706106308,03182026045656522,Success,
1667,Office,6931 Lockman Keys,3803677943,03182026045656522,Success,
14007,Office,92944 Devante Landing,5701545776,03182026045656522,Success,
1667,Office,26329 Fanny Shoals,5259508016,03182026045656522,Success,
14007,Office,8885 West View,6478202908,03182026045656522,Success,
1667,Office,275 Lancaster Road,6040796076,03182026045656522,Success,
14007,Office,800 N Center Street,6506423726,03182026045656522,Success,
1667,Office,2513 E 6th Street,1230840505,03182026045656522,Success,
14007,Office,940 Elm Close,3699187434,03182026045656522,Success,
1667,Office,606 The Sidings,4702545979,03182026045656522,Success,
14007,Office,4454 Ash Grove,7350667864,03182026045656522,Success,
1667,Office,49242 Chapel Close,6533129990,03182026045656522,Success,
14007,Office,1909 Ash Street,4519787503,03182026045656522,Success,
1667,Office,825 County Line Road,4126338327,03182026045656522,Success,
14007,Office,812 Victoria Street,1512544650,03182026045656522,Success,
1667,Office,71851 Second Avenue,9360654298,03182026045656522,Success,
14007,Office,4601 Olson Passage,5097893119,03182026045656522,Success,
1667,Office,793 Chestnut Close,8097323249,03182026045656522,Success,
14007,Office,355 Doyle Gardens,5479432100,03182026045656522,Success,
1667,Office,5971 Mitchel Junction,6041784271,03182026045656522,Success,
14007,Office,56857 Kings Highway,4117016934,03182026045656522,Success,
1667,Office,31807 Sylvan Pine,3199539569,03182026045656522,Success,
14007,Office,8114 Hoeger Wall,7856995699,03182026045656522,Success,
1667,Office,371 Loyal Manors,7959393600,03182026045656522,Success,
14007,Office,839 State Line Road,4280933646,03182026045656522,Success,
1667,Office,80735 Johnathon Circles,4510533951,03182026045656522,Success,
14007,Office,16721 Keith Lock,9427112276,03182026045656522,Success,
1667,Office,73204 Harrison Street,4181852564,03182026045656522,Success,
14007,Office,4018 Meadow Lane,8992275273,03182026045656522,Success,
1667,Office,17990 N Cedar Street,5256417818,03182026045656522,Success,
14007,Office,25629 Johnson Lake,2792106178,03182026045656522,Success,
1667,Office,1215 Gerlach Prairie,4314947254,03182026045656522,Success,
14007,Office,31202 Jefferson Street,2744981476,03182026045656522,Success,
1667,Office,109 Irma Burgs,7357706292,03182026045656522,Success,
14007,Office,780 Hackett Estate,9210965743,03182026045656522,Success,
1667,Office,51906 Joe Plains,1237776130,03182026045656522,Success,
14007,Office,718 Torphy Park,6745706617,03182026045656522,Success,
1667,Office,2475 The Poplars,5606416324,03182026045656522,Success,
14007,Office,265 Ignacio Rest,6746304484,03182026045656522,Success,
1667,Office,692 Isadore Via,4298884852,03182026045656522,Success,
14007,Office,788 Fernando Freeway,1320235498,03182026045656522,Success,
1667,Office,20932 Ken Throughway,6347768018,03182026045656522,Success,
14007,Office,1889 Kingsway,8108808210,03182026045656522,Success,
1667,Office,5461 Misty Rapids,9992799065,03182026045656522,Success,
14007,Office,569 Vanessa Skyway,6621963204,03182026045656522,Success,
1667,Office,20197 Alycia Mount,9158423495,03182026045656522,Success,
14007,Office,5700 Buckridge Lodge,9507861310,03182026045656522,Success,
1667,Office,418 Geraldine Garden,5183564543,03182026045656522,Success,
14007,Office,4067 Dach Pass,9702517198,03182026045656522,Success,
1667,Office,72854 Kilback Point,1000146283,03182026045656522,Success,
14007,Office,3556 Haven Villages,9335485638,03182026045656522,Success,
1667,Office,4448 Jacquelyn Vista,9708811871,03182026045656522,Success,
14007,Office,38276 Dino Crossing,8628427282,03182026045656522,Success,
1667,Office,9015 Veum Route,7374465574,03182026045656522,Success,
14007,Office,80287 Hilpert Forge,9401662999,03182026045656522,Success,
1667,Office,358 Hyatt Lights,7318758648,03182026045656522,Success,
14007,Office,9875 Kristian Passage,3337353147,03182026045656522,Success,
1667,Office,5214 Lorenz River,9268443428,03182026045656522,Success,
14007,Office,30189 D'angelo Common,1130354142,03182026045656522,Success,
1667,Office,25953 Ari Causeway,2257427019,03182026045656522,Success,
14007,Office,975 George Street,7493244638,03182026045656522,Success,
1667,Office,878 Hillard Trafficway,5920377126,03182026045656522,Success,
14007,Office,90604 The Limes,8752010982,03182026045656522,Success,
1667,Office,9338 Hans Bypass,4850680809,03182026045656522,Success,
14007,Office,82174 7th Street,6715240565,03182026045656522,Success,
1667,Office,64932 Halie Throughway,8434879159,03182026045656522,Success,
14007,Office,1016 Priory Close,5453311911,03182026045656522,Success,
1667,Office,12964 Bramley Close,9494995986,03182026045656522,Success,
14007,Office,890 Jarod Crescent,1475153669,03182026045656522,Success,
1667,Office,930 Michaela Mountains,5587514269,03182026045656522,Success,
14007,Office,64787 Hackett Mission,7041976691,03182026045656522,Success,
1667,Office,228 Will Mews,7808435908,03182026045656522,Success,
14007,Office,619 S Lincoln Street,7058992686,03182026045656522,Success,
1667,Office,8673 Jairo Extensions,8122488027,03182026045656522,Success,
14007,Office,309 Jan Estate,9200527089,03182026045656522,Success,
1667,Office,64994 State Road,4206459070,03182026045656522,Success,
14007,Office,63740 Ayden Light,6079265661,03182026045656522,Success,
1667,Office,541 Aliyah Mountain,6041344609,03182026045656522,Success,
14007,Office,9938 Iva Trace,8903387411,03182026045656522,Success,
1667,Office,99496 Rectory Close,3036280766,03182026045656522,Success,
14007,Office,556 Mayer Circle,5831013441,03182026045656522,Success,
1667,Office,43071 Mount Street,8714721767,03182026045656522,Success,
14007,Office,63896 Oaklands,1680390741,03182026045656522,Success,
1667,Office,693 Quigley Views,7571881134,03182026045656522,Success,
14007,Office,5732 E North Street,9083486027,03182026045656522,Success,
1667,Office,59960 W Union Street,8851051920,03182026045656522,Success,
14007,Office,598 Crescent Road,1006899614,03182026045656522,Success,
1667,Office,562 Ward Tunnel,1145653586,03182026045656522,Success,
14007,Office,7984 Theresa Streets,1233938338,03182026045656522,Success,
1667,Office,4103 Johnson Crossing,9732485022,03182026045656522,Success,
14007,Office,227 Roberts Greens,3684938589,03182026045656522,Success,
1667,Office,985 Homenick Street,3899813505,03182026045656522,Success,
14007,Office,8750 S 5th Street,2536820487,03182026045656522,Success,
1667,Office,4917 Alma Street,4668966244,03182026045656522,Success,
14007,Office,2069 Cliff Road,8436426344,03182026045656522,Success,
1667,Office,42796 Von Park,1424859039,03182026045656522,Success,
14007,Office,708 Victoria Place,8788282229,03182026045656522,Success,
1667,Office,410 Clay Lane,1091894996,03182026045656522,Success,
14007,Office,3120 Cavendish Road,2118998423,03182026045656522,Success,
1667,Office,33094 Old Road,9540188459,03182026045656522,Success,
14007,Office,764 Maude Estate,1411719199,03182026045656522,Success,
1667,Office,110 Kennith Spurs,1816683898,03182026045656522,Success,
14007,Office,964 N Jefferson Street,2941657845,03182026045656522,Success,
1667,Office,5098 1st Avenue,7840649510,03182026045656522,Success,
14007,Office,2134 Isabella Forks,7705448762,03182026045656522,Success,
1667,Office,5685 E 12th Street,4735542179,03182026045656522,Success,
14007,Office,80835 Pedro Common,6383575030,03182026045656522,Success,
1667,Office,72951 Carolanne Spring,4688767703,03182026045656522,Success,
14007,Office,8317 Teagan Union,7758923326,03182026045656522,Success,
1667,Office,2922 Columbus Flat,9110545428,03182026045656522,Success,
14007,Office,706 Hettinger Road,7210106480,03182026045656522,Success,
1667,Office,315 W Chestnut Street,2548733993,03182026045656522,Success,
14007,Office,898 Francesca Cliff,2988448802,03182026045656522,Success,
1667,Office,907 Gutmann Field,6046460412,03182026045656522,Success,
14007,Office,399 Tennyson Road,5527977621,03182026045656522,Success,
1667,Office,19560 Abigayle Mills,7765830012,03182026045656522,Success,
14007,Office,89735 Abshire Plains,4674826663,03182026045656522,Success,
1667,Office,54973 Wolf Prairie,2944422776,03182026045656522,Success,
14007,Office,2060 Morar Way,4435213557,03182026045656522,Success,
1667,Office,71659 S Monroe Street,8277220633,03182026045656522,Success,
14007,Office,7212 Osinski Wall,8588495891,03182026045656522,Success,
1667,Office,62237 Riverside Drive,2652362272,03182026045656522,Success,
14007,Office,6943 Esperanza Track,6946684115,03182026045656522,Success,
1667,Office,6440 Tyra Points,1654403919,03182026045656522,Success,
14007,Office,564 Lafayette Street,4698502706,03182026045656522,Success,
1667,Office,38121 Arnaldo Plaza,7203856913,03182026045656522,Success,
14007,Office,867 N Broad Street,7316026692,03182026045656522,Success,
1667,Office,8346 Hill Road,4520470415,03182026045656522,Success,
14007,Office,24679 Mason Spring,5682769133,03182026045656522,Success,
1667,Office,377 Terry Hill,3511203311,03182026045656522,Success,
14007,Office,3956 Wiza Valley,7910345131,03182026045656522,Success,
1667,Office,2884 Koch Light,4851698556,03182026045656522,Success,
14007,Office,86834 Ryan Islands,6387631630,03182026045656522,Success,
1667,Office,184 Prospect Place,2320786035,03182026045656522,Success,
14007,Office,1562 Kirlin Lights,2283523188,03182026045656522,Success,
1667,Office,463 S Main Avenue,7648991367,03182026045656522,Success,
14007,Office,75029 Torp Land,9200567689,03182026045656522,Success,
1667,Office,4088 Arch Cliffs,5362972380,03182026045656522,Success,
14007,Office,953 Newton Road,3301037689,03182026045656522,Success,
1667,Office,6861 Beechwood Avenue,8341430967,03182026045656522,Success,
14007,Office,69406 Station Road,8158791294,03182026045656522,Success,
1667,Office,7722 Hane Field,6721919821,03182026045656522,Success,
14007,Office,4138 Shad Lakes,3539258772,03182026045656522,Success,
1667,Office,6546 Rath Light,9781877320,03182026045656522,Success,
14007,Office,41998 Adams Avenue,1095020857,03182026045656522,Success,
1667,Office,8799 Jacquelyn Bridge,1686651531,03182026045656522,Success,
14007,Office,806 Gordon Street,9399976777,03182026045656522,Success,
1667,Office,80919 Lizzie Villages,8854550203,03182026045656522,Success,
14007,Office,7849 O'Kon Park,4505394024,03182026045656522,Success,
1667,Office,4757 Cormier Dam,2752416650,03182026045656522,Success,
14007,Office,53690 Thiel Streets,7221374682,03182026045656522,Success,
1667,Office,65792 Flo Overpass,1220141354,03182026045656522,Success,
14007,Office,619 Cecile Flat,2499107731,03182026045656522,Success,
1667,Office,1474 Funk Rapids,6626227154,03182026045656522,Success,
14007,Office,7922 Steuber Avenue,4910942226,03182026045656522,Success,
1667,Office,5999 Moore Heights,4069665407,03182026045656522,Success,
14007,Office,580 Janae Lane,3143790215,03182026045656522,Success,
1667,Office,371 Yazmin Plains,4918250330,03182026045656522,Success,
14007,Office,641 Gutmann Centers,9993287733,03182026045656522,Success,
1667,Office,26251 Antone Estates,3181166924,03182026045656522,Success,
14007,Office,213 Vesta Ridge,7747501898,03182026045656522,Success,
1667,Office,68323 Otto Bypass,3113125126,03182026045656522,Success,
14007,Office,449 W Main,3547431278,03182026045656522,Success,
1667,Office,961 Ward Ridge,1436242482,03182026045656522,Success,
14007,Office,22920 Nicola Well,3114723124,03182026045656522,Success,
1667,Office,87084 Alessia Point,2800377371,03182026045656522,Success,
14007,Office,5039 Harvey Fall,7142779621,03182026045656522,Success,
1667,Office,292 W Oak Street,3970610017,03182026045656522,Success,
14007,Office,3748 Kirlin Mills,4566582520,03182026045656522,Success,
1667,Office,753 Karson Club,1335837999,03182026045656522,Success,
14007,Office,390 Ratke Bridge,8891802143,03182026045656522,Success,
1667,Office,54743 Darryl Radial,8622994450,03182026045656522,Success,
14007,Office,641 W 7th Street,3180958710,03182026045656522,Success,
1667,Office,34019 Precious Greens,4157353860,03182026045656522,Success,
14007,Office,58532 Dickinson Roads,4222805411,03182026045656522,Success,
1667,Office,616 Prudence Hill,2867826075,03182026045656522,Success,
14007,Office,905 Gutkowski Center,1662462757,03182026045656522,Success,
1667,Office,285 Lavon Drive,6436846663,03182026045656522,Success,
14007,Office,882 Florine Ville,3945038365,03182026045656522,Success,
1667,Office,9907 Powlowski Landing,5331801546,03182026045656522,Success,
14007,Office,5236 Rodriguez Mills,6222463864,03182026045656522,Success,
1667,Office,79085 Klocko Spur,3212759212,03182026045656522,Success,
14007,Office,225 Park Road,4114481799,03182026045656522,Success,
1667,Office,283 Celine Branch,2650775458,03182026045656522,Success,
14007,Office,79291 The Laurels,3107136870,03182026045656522,Success,
1667,Office,77831 The Rise,5391065940,03182026045656522,Success,
14007,Office,27353 Rodriguez Run,3027978887,03182026045656522,Success,
1667,Office,2227 Hoeger Burgs,3725903427,03182026045656522,Success,
14007,Office,536 Keyshawn Green,4347325483,03182026045656522,Success,
1667,Office,80900 S State Street,4882484259,03182026045656522,Success,
14007,Office,1620 Skyline Drive,4586249607,03182026045656522,Success,
1667,Office,95117 Waverley Road,7160918567,03182026045656522,Success,
14007,Office,445 Susanna Brooks,2704283309,03182026045656522,Success,
1667,Office,49549 Noel Stravenue,1073706660,03182026045656522,Success,
14007,Office,34222 Schmitt Knoll,2448969382,03182026045656522,Success,
1667,Office,9586 Clifton Road,1995459379,03182026045656522,Success,
14007,Office,1939 Alessandra Dam,2578629110,03182026045656522,Success,
1667,Office,8662 Ola Key,8116793220,03182026045656522,Success,
14007,Office,8588 Berta Mall,5342046991,03182026045656522,Success,
1667,Office,10454 King Street,6687797169,03182026045656522,Success,
14007,Office,66708 Zboncak Grove,7050256646,03182026045656522,Success,
1667,Office,84996 Marquise Route,4869365517,03182026045656522,Success,
14007,Office,103 Gloucester Road,3100501571,03182026045656522,Success,
1667,Office,442 Darrel Mountains,6184192504,03182026045656522,Success,
14007,Office,1631 Senger Streets,8541616195,03182026045656522,Success,
1667,Office,53435 Athena Oval,3522988510,03182026045656522,Success,
14007,Office,72627 High Road,2718650619,03182026045656522,Success,
1667,Office,70378 Maple Avenue,4347724782,03182026045656522,Success,
14007,Office,91941 Bethany Centers,7243739648,03182026045656522,Success,
1667,Office,793 Washington Avenue,4673016981,03182026045656522,Success,
14007,Office,634 Cedar Close,6244639579,03182026045656522,Success,
1667,Office,1085 Kihn Roads,8029722352,03182026045656522,Success,
14007,Office,5400 Tromp Turnpike,5368534474,03182026045656522,Success,
1667,Office,77311 Doug Overpass,2823990375,03182026045656522,Success,
14007,Office,727 Dicki Prairie,6215249896,03182026045656522,Success,
1667,Office,1076 6th Street,7664128925,03182026045656522,Success,
14007,Office,6377 W Church Street,1343802044,03182026045656522,Success,
1667,Office,435 Willow Street,4185022529,03182026045656522,Success,
14007,Office,378 E Elm Street,8589582772,03182026045656522,Success,
1667,Office,44378 Frontage Road,9073131161,03182026045656522,Success,
14007,Office,2770 Crescent Road,8658173150,03182026045656522,Success,
1667,Office,150 W Market Street,8233838075,03182026045656522,Success,
14007,Office,20189 Veterans Memorial Drive,3768618392,03182026045656522,Success,
1667,Office,633 Archibald Fork,9769739389,03182026045656522,Success,
14007,Office,4822 S Pine Street,7765833406,03182026045656522,Success,
1667,Office,8654 Broad Street,7267838318,03182026045656522,Success,
14007,Office,3724 Veterans Memorial Drive,9382680846,03182026045656522,Success,
1667,Office,99075 Oakfield Road,8836224570,03182026045656522,Success,
14007,Office,721 Harber Avenue,8380063443,03182026045656522,Success,
1667,Office,398 Laverne Cove,1979352571,03182026045656522,Success,
14007,Office,7356 Providenci Mall,7593095821,03182026045656522,Success,
1667,Office,47554 Kunze Light,3319311715,03182026045656522,Success,
14007,Office,594 S 14th Street,7014869110,03182026045656522,Success,
1667,Office,462 Turner Junctions,1105939629,03182026045656522,Success,
14007,Office,9362 Zboncak Divide,5953663845,03182026045656522,Success,
1667,Office,7532 Jacques Rapids,5271086384,03182026045656522,Success,
14007,Office,1736 Bosco Court,1689282853,03182026045656522,Success,
1667,Office,742 Metz Prairie,4913197180,03182026045656522,Success,
14007,Office,223 Harvey Overpass,7634718914,03182026045656522,Success,
1667,Office,75034 Herman Points,7631893929,03182026045656522,Success,
14007,Office,45796 Herzog Pines,3670506764,03182026045656522,Success,
1667,Office,12846 Sandy Lane,8624058631,03182026045656522,Success,
14007,Office,32555 Mosciski Isle,8744469079,03182026045656522,Success,
1667,Office,3269 Orchard Lane,1072143082,03182026045656522,Success,
14007,Office,281 W Broadway,8090226079,03182026045656522,Success,
1667,Office,434 Parisian Wells,8190652211,03182026045656522,Success,
14007,Office,201 Heidi Key,2378163272,03182026045656522,Success,
1667,Office,892 Vivien Circle,8814106366,03182026045656522,Success,
14007,Office,45999 Hudson Estate,3487716807,03182026045656522,Success,
1667,Office,37867 Osinski Meadows,4672573707,03182026045656522,Success,
14007,Office,84763 Monroe Street,6061149321,03182026045656522,Success,
1667,Office,292 Lancaster Road,8451775352,03182026045656522,Success,
14007,Office,41635 Medhurst Rapids,6544185269,03182026045656522,Success,
1667,Office,258 Abigale Fields,7362731425,03182026045656522,Success,
14007,Office,4715 Allie Canyon,7052141301,03182026045656522,Success,
1667,Office,40846 Devonshire Road,2700045410,03182026045656522,Success,
14007,Office,14742 Prospect Avenue,7898289669,03182026045656522,Success,
1667,Office,6487 Highland Avenue,2963088144,03182026045656522,Success,
14007,Office,19452 Hills Branch,9418068310,03182026045656522,Success,
1667,Office,74798 Marley Ville,5325351618,03182026045656522,Success,
14007,Office,3754 E Walnut Street,6771375292,03182026045656522,Success,
1667,Office,98022 W 1st Street,1033456631,03182026045656522,Success,
14007,Office,839 Klein Gateway,6018558567,03182026045656522,Success,
1667,Office,373 VonRueden Village,1450402683,03182026045656522,Success,
14007,Office,43173 Memorial Drive,3599527955,03182026045656522,Success,
1667,Office,518 Adaline Hills,7258033118,03182026045656522,Success,
14007,Office,529 Chapel Road,9416395278,03182026045656522,Success,
1667,Office,105 Park Avenue,4247398164,03182026045656522,Success,
14007,Office,64804 Alanna Row,8536067278,03182026045656522,Success,
1667,Office,27045 Castle Road,4919711691,03182026045656522,Success,
14007,Office,659 Cara Avenue,3555063503,03182026045656522,Success,
1667,Office,3086 Water Street,3766444151,03182026045656522,Success,
14007,Office,1968 Hyatt Estates,2388642861,03182026045656522,Success,
1667,Office,8899 S Central Avenue,2141777940,03182026045656522,Success,
14007,Office,87783 Jamie Fields,4759147198,03182026045656522,Success,
1667,Office,2032 Mulberry Street,4085336515,03182026045656522,Success,
14007,Office,7632 Block Causeway,3057639132,03182026045656522,Success,
1667,Office,943 Toby Pass,8924958420,03182026045656522,Success,
14007,Office,84912 Crown Street,5824236758,03182026045656522,Success,
1667,Office,199 Dakota Park,1533695488,03182026045656522,Success,
14007,Office,284 Gudrun Motorway,5505967770,03182026045656522,Success,
1667,Office,7293 Griffin Tunnel,4114436008,03182026045656522,Success,
14007,Office,2627 Brendan Loop,8680530951,03182026045656522,Success,
1667,Office,4233 Metz Mount,3234924833,03182026045656522,Success,
14007,Office,998 Bath Street,5033754003,03182026045656522,Success,
1667,Office,839 Sycamore Close,8761906418,03182026045656522,Success,
14007,Office,2901 Grove Road,4222711711,03182026045656522,Success,
1667,Office,672 Glenda Row,2713999257,03182026045656522,Success,
14007,Office,56622 Sherman Loaf,1871837652,03182026045656522,Success,
1667,Office,57366 Keeling Divide,6261376391,03182026045656522,Success,
14007,Office,273 Kendrick Neck,8380297711,03182026045656522,Success,
1667,Office,4532 Sipes Green,8929608390,03182026045656522,Success,
14007,Office,227 Batz Parkway,8523065639,03182026045656522,Success,
1667,Office,6742 Birch Avenue,4839442194,03182026045656522,Success,
14007,Office,35100 Dario Throughway,8508571649,03182026045656522,Success,
1667,Office,2859 Hettinger Station,5621013339,03182026045656522,Success,
14007,Office,5476 Balmoral Road,9857849554,03182026045656522,Success,
1667,Office,2480 Marvin Landing,9840700481,03182026045656522,Success,
14007,Office,8888 The Dell,5119843322,03182026045656522,Success,
1667,Office,852 Joyce Parkways,8028895253,03182026045656522,Success,
14007,Office,718 Well Lane,1558152738,03182026045656522,Success,
1667,Office,16514 Bell Lane,2077253978,03182026045656522,Success,
14007,Office,4016 Simonis Wells,6976857020,03182026045656522,Success,
1667,Office,330 1st Street,1069600620,03182026045656522,Success,
14007,Office,718 Schaden Curve,4146336078,03182026045656522,Success,
1667,Office,413 Ash Grove,9381605456,03182026045656522,Success,
14007,Office,10015 Wolff Pass,2334584126,03182026045656522,Success,
1667,Office,270 Alana Terrace,9480359530,03182026045656522,Success,
14007,Office,63592 E Main,7722121408,03182026045656522,Success,
1667,Office,2864 Amari Spurs,2897128999,03182026045656522,Success,
14007,Office,3557 Hodkiewicz Meadows,2059467523,03182026045656522,Success,
1667,Office,30662 Scot Ports,4603780706,03182026045656522,Success,
14007,Office,7541 Horacio Meadow,4542043900,03182026045656522,Success,
1667,Office,936 N Court Street,7413241659,03182026045656522,Success,
14007,Office,938 Macie Ville,8941185148,03182026045656522,Success,
1667,Office,3887 Lake Avenue,8558106518,03182026045656522,Success,
14007,Office,1968 Schuster Cliffs,9838018395,03182026045656522,Success,
1667,Office,758 Von Corners,7533356687,03182026045656522,Success,
14007,Office,4893 Makayla Avenue,3155481911,03182026045656522,Success,
1667,Office,9517 Prohaska Valley,9184870434,03182026045656522,Success,
14007,Office,4990 Gerson Village,7511496973,03182026045656522,Success,
1667,Office,71564 4th Avenue,4091048326,03182026045656522,Success,
14007,Office,6705 Front Street,9239591684,03182026045656522,Success,
1667,Office,76629 Christina Views,1834189946,03182026045656522,Success,
14007,Office,6145 N Broad Street,9841277123,03182026045656522,Success,
1667,Office,333 Myrtie Stream,5140400107,03182026045656522,Success,
14007,Office,603 Greenholt Lock,3238091870,03182026045656522,Success,
1667,Office,14206 Hammes Views,2592528658,03182026045656522,Success,
14007,Office,432 Arno Trail,8284016446,03182026045656522,Success,
1667,Office,8586 Salvatore Fork,1319994770,03182026045656522,Success,
14007,Office,224 Jazmin Courts,3113833720,03182026045656522,Success,
1667,Office,3625 Marge Gardens,8452969290,03182026045656522,Success,
14007,Office,7357 Lavinia Via,9360228901,03182026045656522,Success,
1667,Office,68789 Kaylin Highway,5863841068,03182026045656522,Success,
14007,Office,896 Zackary Pines,8768627653,03182026045656522,Success,
1667,Office,51691 Constance Station,3532623132,03182026045656522,Success,
14007,Office,13685 The Ridings,6058355315,03182026045656522,Success,
1667,Office,53806 Monserrate Throughway,5699352405,03182026045656522,Success,
14007,Office,113 Frami Mews,3192426412,03182026045656522,Success,
1667,Office,5440 Price Trafficway,7655793515,03182026045656522,Success,
14007,Office,811 Center Road,2689370019,03182026045656522,Success,
1667,Office,91404 The Ridgeway,7039167939,03182026045656522,Success,
14007,Office,364 Senger Walk,8482468107,03182026045656522,Success,
1667,Office,87263 Rosenbaum Gateway,8019458016,03182026045656522,Success,
14007,Office,4019 W Central Avenue,1701337876,03182026045656522,Success,
1667,Office,178 St Andrew's Road,7140862396,03182026045656522,Success,
14007,Office,786 Veterans Memorial Drive,2495996050,03182026045656522,Success,
1667,Office,49971 Kautzer Orchard,8269776855,03182026045656522,Success,
14007,Office,19097 12th Street,1207374888,03182026045656522,Success,
1667,Office,702 Marvin Lakes,8676456389,03182026045656522,Success,
14007,Office,867 Lucienne Lake,9948318820,03182026045656522,Success,
1667,Office,376 Chadd Roads,9141126018,03182026045656522,Success,
14007,Office,91524 Jast Islands,7318474761,03182026045656522,Success,
1667,Office,1448 Harley Center,9604865182,03182026045656522,Success,
14007,Office,2573 Sawayn Road,8538401415,03182026045656522,Success,
1667,Office,84155 Hammes Locks,4960778623,03182026045656522,Success,
14007,Office,97900 W Broad Street,3775694494,03182026045656522,Success,
1667,Office,9957 Dibbert Shoals,9714482406,03182026045656522,Success,
14007,Office,110 Turner Pass,5573469105,03182026045656522,Success,
1667,Office,34629 Murray Row,9296107396,03182026045656522,Success,
14007,Office,2545 Joy River,2319883157,03182026045656522,Success,
1667,Office,10307 Lodge Lane,9275668801,03182026045656522,Success,
14007,Office,47275 Trace Shores,7045495873,03182026045656522,Success,
1667,Office,633 Tyler Throughway,3482539502,03182026045656522,Success,
14007,Office,5609 Camilla Summit,6052110200,03182026045656522,Success,
1667,Office,20308 Aurelie Shores,7536536600,03182026045656522,Success,
14007,Office,73209 Anastasia Ford,1588719328,03182026045656522,Success,
1667,Office,5611 Bode Harbors,1403734961,03182026045656522,Success,
14007,Office,4441 Zachary Glen,2990106776,03182026045656522,Success,
1667,Office,18083 Pollich Run,1971063275,03182026045656522,Success,
14007,Office,3937 Camylle Mountains,8867551195,03182026045656522,Success,
1667,Office,4309 E High Street,3331376853,03182026045656522,Success,
14007,Office,264 Schinner Haven,7878506892,03182026045656522,Success,
1667,Office,52727 Cronin Run,7360491726,03182026045656522,Success,
14007,Office,6617 Division Street,1916789684,03182026045656522,Success,
1667,Office,2881 County Line Road,1077215023,03182026045656522,Success,
14007,Office,32563 Swift Lakes,1080889996,03182026045656522,Success,
1667,Office,63386 Howard Street,1260912648,03182026045656522,Success,
14007,Office,64665 W Washington Avenue,6055766052,03182026045656522,Success,
1667,Office,174 Emmerich Island,1945980823,03182026045656522,Success,
14007,Office,5463 E Cedar Street,8989653309,03182026045656522,Success,
1667,Office,2557 Amara Extensions,4775215873,03182026045656522,Success,
14007,Office,5425 Octavia Courts,7325410260,03182026045656522,Success,
1667,Office,6837 Quarry Road,7110026034,03182026045656522,Success,
14007,Office,6109 Schiller Ways,2278034851,03182026045656522,Success,
1667,Office,26044 Davis Corner,4861247935,03182026045656522,Success,
14007,Office,575 W Broadway,5904657091,03182026045656522,Success,
1667,Office,65881 Lakin Ports,4424273547,03182026045656522,Success,
14007,Office,71225 Blick Rue,5991656846,03182026045656522,Success,
1667,Office,117 Marjorie Mountains,1548233410,03182026045656522,Success,
14007,Office,61277 Frida Locks,2970835010,03182026045656522,Success,
1667,Office,29823 Pacocha Run,1709205356,03182026045656522,Success,
14007,Office,70286 Wilkinson Avenue,5597499392,03182026045656522,Success,
1667,Office,4810 Reinger Tunnel,2334365167,03182026045656522,Success,
14007,Office,837 Weber Meadows,5728744654,03182026045656522,Success,
1667,Office,5013 Pink Course,4821888084,03182026045656522,Success,
14007,Office,9981 Green Meadow,3315876549,03182026045656522,Success,
1667,Office,216 State Line Road,4990766468,03182026045656522,Success,
14007,Office,3881 D'Amore Courts,2594018618,03182026045656522,Success,
1667,Office,64904 Wuckert Flat,7710277374,03182026045656522,Success,
14007,Office,26963 Ash Grove,4853118763,03182026045656522,Success,
1667,Office,95633 Aufderhar Cape,8892453464,03182026045656522,Success,
14007,Office,4134 Kautzer Keys,7584507527,03182026045656522,Success,
1667,Office,972 Laburnum Grove,5181929701,03182026045656522,Success,
14007,Office,6163 Geoffrey Rue,6284995233,03182026045656522,Success,
1667,Office,902 Hartmann Spur,4114789940,03182026045656522,Success,
14007,Office,1064 Gutmann Hill,6922035162,03182026045656522,Success,
1667,Office,83542 Jerel Dam,4813332992,03182026045656522,Success,
14007,Office,2882 Cliff Road,4360340455,03182026045656522,Success,
1667,Office,35888 Gorczany Ranch,7722344737,03182026045656522,Success,
14007,Office,90087 Kuhlman Park,8640018504,03182026045656522,Success,
1667,Office,81819 Harris Route,2418938500,03182026045656522,Success,
14007,Office,362 MacGyver Ports,6283606345,03182026045656522,Success,
1667,Office,82336 Weber Point,6450105875,03182026045656522,Success,
14007,Office,31871 Harrison Avenue,4864190793,03182026045656522,Success,
1667,Office,918 O'Kon Center,8741924340,03182026045656522,Success,
14007,Office,23997 Willow Street,4316508096,03182026045656522,Success,
1667,Office,1619 Stanton Isle,7864852097,03182026045656522,Success,
14007,Office,330 McCullough Knoll,6298978025,03182026045656522,Success,
1667,Office,33310 Gage Avenue,8797275567,03182026045656522,Success,
14007,Office,6661 W 10th Street,1731690216,03182026045656522,Success,
1667,Office,815 Poplar Street,5249346003,03182026045656522,Success,
14007,Office,44143 Towne Lane,4112828407,03182026045656522,Success,
1667,Office,586 Edward Estate,1197397865,03182026045656522,Success,
14007,Office,21161 Tavares Meadow,6950591420,03182026045656522,Success,
1667,Office,22447 Kirlin Knolls,4173782801,03182026045656522,Success,
14007,Office,3509 Main Street N,1012034167,03182026045656522,Success,
1667,Office,76719 Elm Close,2722794431,03182026045656522,Success,
14007,Office,87033 Zieme Stream,1889650021,03182026045656522,Success,
1667,Office,354 Aspen Close,7233178321,03182026045656522,Success,
14007,Office,8908 South Street,6665649866,03182026045656522,Success,
1667,Office,93796 Garden Street,3516261948,03182026045656522,Success,
14007,Office,472 Tanya Junction,6052225173,03182026045656522,Success,
1667,Office,63404 Monahan Burgs,9353035863,03182026045656522,Success,
14007,Office,857 Blaise Meadows,8236057786,03182026045656522,Success,
1667,Office,6160 Edward Street,8654892955,03182026045656522,Success,
14007,Office,12117 Fourth Avenue,2360427390,03182026045656522,Success,
1667,Office,748 Mosciski Lake,7107497304,03182026045656522,Success,
14007,Office,363 Aufderhar Pass,5531913945,03182026045656522,Success,
1667,Office,63995 Station Road,9845320900,03182026045656522,Success,
14007,Office,5103 Cassin Dam,3465020209,03182026045656522,Success,
1667,Office,75885 Walnut Street,3232268761,03182026045656522,Success,
14007,Office,717 Parker Mountain,7435854807,03182026045656522,Success,
1667,Office,885 Tito Branch,3707465644,03182026045656522,Success,
14007,Office,42774 Domenick Glen,3074142248,03182026045656522,Success,
1667,Office,24592 Goldner Rest,9610701536,03182026045656522,Success,
14007,Office,89284 E Union Street,1538197719,03182026045656522,Success,
1667,Office,352 Volkman Lake,5420584013,03182026045656522,Success,
14007,Office,75371 Lind Highway,4062073807,03182026045656522,Success,
1667,Office,62736 Aditya Neck,1330567641,03182026045656522,Success,
14007,Office,60237 Fausto Extensions,1377838497,03182026045656522,Success,
1667,Office,711 Maxime Plaza,2849516282,03182026045656522,Success,
14007,Office,7512 Toy Motorway,7709963364,03182026045656522,Success,
1667,Office,65690 Mulberry Street,6041246440,03182026045656522,Success,
14007,Office,67473 Ladarius Ports,9844605412,03182026045656522,Success,
1667,Office,7049 Oxford Street,3005574346,03182026045656522,Success,
14007,Office,4981 Geovanni Radial,4659393455,03182026045656522,Success,
1667,Office,8439 Corwin Groves,3101732742,03182026045656522,Success,
14007,Office,5981 Moss Lane,7232022315,03182026045656522,Success,
1667,Office,7270 Amiya Expressway,6531021098,03182026045656522,Success,
14007,Office,316 Lee Overpass,4905759675,03182026045656522,Success,
1667,Office,23227 High Road,7235495614,03182026045656522,Success,
14007,Office,690 Broad Lane,2081300884,03182026045656522,Success,
1667,Office,9463 Nasir Shoals,5826536738,03182026045656522,Success,
14007,Office,76067 Emmerich Ridges,2206959281,03182026045656522,Success,
1667,Office,387 Bianka Way,2159225371,03182026045656522,Success,
14007,Office,1409 Derwent Close,8510221410,03182026045656522,Success,
1667,Office,734 Bogisich Rue,6067547284,03182026045656522,Success,
14007,Office,8635 Lois Canyon,3256411349,03182026045656522,Success,
1667,Office,60069 Fadel Squares,5334799984,03182026045656522,Success,
14007,Office,797 Royal Green,1293356433,03182026045656522,Success,
1667,Office,39594 Damaris Via,6226801890,03182026045656522,Success,
14007,Office,8949 Beryl Square,7392212534,03182026045656522,Success,
1667,Office,78405 Clay Lane,6430526859,03182026045656522,Success,
14007,Office,22058 Purdy Ways,2903861233,03182026045656522,Success,
1667,Office,1952 Andreane Land,3953622529,03182026045656522,Success,
14007,Office,6932 N 7th Street,2151316534,03182026045656522,Success,
1667,Office,5871 Torp Pike,3979643142,03182026045656522,Success,
14007,Office,29890 Franklin Avenue,2503008445,03182026045656522,Success,
1667,Office,6103 Vandervort Forks,7534610455,03182026045656522,Success,
14007,Office,553 Purdy Valleys,7008325886,03182026045656522,Success,
1667,Office,2977 Wyman Walks,4205354967,03182026045656522,Success,
14007,Office,56428 London Well,2062233500,03182026045656522,Success,
1667,Office,4149 D'Amore Alley,2256858532,03182026045656522,Success,
14007,Office,5654 Low Road,9961722098,03182026045656522,Success,
1667,Office,9213 Janae Pass,8179791926,03182026045656522,Success,
14007,Office,223 Sigurd Forks,4432710772,03182026045656522,Success,
1667,Office,257 Tess Plains,2773485678,03182026045656522,Success,
14007,Office,6343 Cole Haven,1177081389,03182026045656522,Success,
1667,Office,645 Chris Fords,1142098160,03182026045656522,Success,
14007,Office,70430 Botsford Keys,4478892738,03182026045656522,Success,
1667,Office,482 Nadia Parkway,3702948207,03182026045656522,Success,
14007,Office,160 Alfred Street,9158786799,03182026045656522,Success,
1667,Office,8333 Mariah Shore,1529689422,03182026045656522,Success,
14007,Office,292 Emmerich Stravenue,4755098390,03182026045656522,Success,
1667,Office,392 Arne Throughway,3747441138,03182026045656522,Success,
14007,Office,8524 Heath Road,4257888201,03182026045656522,Success,
1667,Office,81403 Devonte Underpass,4516745917,03182026045656522,Success,
14007,Office,3070 Blaise Vista,4321864694,03182026045656522,Success,
1667,Office,12525 Johnston Stream,9130630022,03182026045656522,Success,
14007,Office,797 Lafayette Street,9351709013,03182026045656522,Success,
1667,Office,645 Schultz Course,6080306657,03182026045656522,Success,
14007,Office,491 Wyman Mountain,3194578521,03182026045656522,Success,
1667,Office,586 Washington Avenue,4086419839,03182026045656522,Success,
14007,Office,343 Barton Plains,1824434473,03182026045656522,Success,
1667,Office,124 Strosin Centers,5460305341,03182026045656522,Success,
14007,Office,5494 Ash Close,6293156532,03182026045656522,Success,
1667,Office,618 Walker Rest,4536354467,03182026045656522,Success,
14007,Office,4419 Terry Via,5325265548,03182026045656522,Success,
1667,Office,80216 E South Street,8116113081,03182026045656522,Success,
14007,Office,670 Forest Road,9150564504,03182026045656522,Success,
1667,Office,5032 Gorczany Haven,3716549115,03182026045656522,Success,
14007,Office,7390 Brenden Corner,5296942106,03182026045656522,Success,
1667,Office,8944 Clifton Road,3124143713,03182026045656522,Success,
14007,Office,43223 Nelson Road,5515532079,03182026045656522,Success,
1667,Office,10673 Church Walk,9156151044,03182026045656522,Success,
14007,Office,3955 Annie Courts,8422694936,03182026045656522,Success,
1667,Office,950 E Elm Street,1630259389,03182026045656522,Success,
14007,Office,67146 S Grand Avenue,9952342774,03182026045656522,Success,
1667,Office,27664 Koby Fork,8358744684,03182026045656522,Success,
14007,Office,34221 Railway Street,6765673188,03182026045656522,Success,
1667,Office,821 N Market Street,7247731799,03182026045656522,Success,
14007,Office,38458 Parker Expressway,7131362744,03182026045656522,Success,
1667,Office,973 Cherry Close,7063354092,03182026045656522,Success,
14007,Office,25769 Pascale Pike,3336969404,03182026045656522,Success,
1667,Office,5715 Bernardo Passage,5372556049,03182026045656522,Success,
14007,Office,32675 E 6th Street,8339488885,03182026045656522,Success,
1667,Office,469 Moen Shoals,7052707651,03182026045656522,Success,
14007,Office,254 Maritza Corner,9826109627,03182026045656522,Success,
1667,Office,73962 Larkin Dam,1131878132,03182026045656522,Success,
14007,Office,34226 Dave Ramp,2468138431,03182026045656522,Success,
1667,Office,68720 Heathcote Street,4397706649,03182026045656522,Success,
14007,Office,711 Hane Ferry,5878424298,03182026045656522,Success,
1667,Office,7142 Cherry Tree Close,2268768371,03182026045656522,Success,
14007,Office,440 Robel Heights,9289885944,03182026045656522,Success,
1667,Office,210 Wilford Meadow,5302871493,03182026045656522,Success,
14007,Office,11670 The Causeway,3250507646,03182026045656522,Success,
1667,Office,71236 Johnston Haven,3651188176,03182026045656522,Success,
14007,Office,617 McGlynn Loaf,5439936134,03182026045656522,Success,
1667,Office,4072 Joany Motorway,7904593576,03182026045656522,Success,
14007,Office,87048 Torphy Brooks,3877721354,03182026045656522,Success,
1667,Office,49889 Jorge Estate,4144251605,03182026045656522,Success,
14007,Office,700 Lucile Harbor,6033878043,03182026045656522,Success,
1667,Office,6179 Leon Station,8860234713,03182026045656522,Success,
14007,Office,4517 Elm Road,9257373294,03182026045656522,Success,
1667,Office,57090 Mazie Row,7280102336,03182026045656522,Success,
14007,Office,77492 Railroad Street,4028000671,03182026045656522,Success,
1667,Office,9531 N Poplar Street,3075790603,03182026045656522,Success,
14007,Office,827 Depot Street,4708569903,03182026045656522,Success,
1667,Office,2029 Frank Course,1129447728,03182026045656522,Success,
14007,Office,476 Jennie Inlet,6769626911,03182026045656522,Success,
1667,Office,244 Broadway Avenue,3642870123,03182026045656522,Success,
14007,Office,46417 Spruce Street,6846566783,03182026045656522,Success,
1667,Office,34618 Ferry Groves,3315587899,03182026045656522,Success,
14007,Office,149 Ella Extensions,9048766770,03182026045656522,Success,
1667,Office,76383 Beverly Squares,5918488145,03182026045656522,Success,
14007,Office,45641 Mossie Knolls,8110067879,03182026045656522,Success,
1667,Office,7463 Grove Street,2965921417,03182026045656522,Success,
14007,Office,284 Belmont Road,8884656891,03182026045656522,Success,
1667,Office,460 Kiehn Field,4015182738,03182026045656522,Success,
14007,Office,86716 Hildegard Overpass,1661986483,03182026045656522,Success,
1667,Office,956 Jovany Pass,4739834436,03182026045656522,Success,
14007,Office,226 Cremin Mills,7847861096,03182026045656522,Success,
1667,Office,4749 Labadie Trail,9718106819,03182026045656522,Success,
14007,Office,372 Russel Stravenue,2375438410,03182026045656522,Success,
1667,Office,507 Station Road,5514537146,03182026045656522,Success,
14007,Office,504 Howell Drive,9368504013,03182026045656522,Success,
1667,Office,391 Woodlands Avenue,1260047559,03182026045656522,Success,
14007,Office,6684 Rafaela Shoal,7380186211,03182026045656522,Success,
1667,Office,26648 Maxwell Inlet,7513791808,03182026045656522,Success,
14007,Office,1404 Malinda Cove,1575485015,03182026045656522,Success,
1667,Office,439 Ambrose Key,9565346227,03182026045656522,Success,
14007,Office,38069 Erika Neck,8784705056,03182026045656522,Success,
1667,Office,77035 Martin Luther King Boulevard,7166528835,03182026045656522,Success,
14007,Office,79966 Pat Divide,1758013918,03182026045656522,Success,
1667,Office,14990 Lincoln Avenue,6303015440,03182026045656522,Success,
14007,Office,6935 Landen Squares,3365669184,03182026045656522,Success,
1667,Office,67635 Williamson Path,9956796796,03182026045656522,Success,
14007,Office,22239 Belmont Road,3810137867,03182026045656522,Success,
1667,Office,1006 Cesar Shore,7433789928,03182026045656522,Success,
14007,Office,84496 Durgan Lights,1792988238,03182026045656522,Success,
1667,Office,453 Blake Haven,6012085803,03182026045656522,Success,
14007,Office,6789 Warren Close,3591152643,03182026045656522,Success,
1667,Office,1718 Kennedy Port,6685878030,03182026045656522,Success,
14007,Office,3628 Cliff Road,5094104935,03182026045656522,Success,
1667,Office,692 W Park Street,1892767850,03182026045656522,Success,
14007,Office,867 Kozey Wall,2858289846,03182026045656522,Success,
1667,Office,7500 Rosario Extension,2023247676,03182026045656522,Success,
14007,Office,17787 Conrad Island,2229480324,03182026045656522,Success,
1667,Office,7396 Nicholas Prairie,7343892700,03182026045656522,Success,
14007,Office,918 Trantow Circle,7523298571,03182026045656522,Success,
1667,Office,117 Hermina Manor,7627732704,03182026045656522,Success,
14007,Office,43068 Veterans Memorial Drive,9531709463,03182026045656522,Success,
1667,Office,86592 O'Keefe Camp,9155518056,03182026045656522,Success,
14007,Office,7353 Conroy Views,2651617667,03182026045656522,Success,
1667,Office,59812 Jadon Keys,5838043925,03182026045656522,Success,
14007,Office,40372 Waterside,2828916977,03182026045656522,Success,
1667,Office,4863 Mathilde Pike,3351125555,03182026045656522,Success,
14007,Office,5845 Union Avenue,6942910461,03182026045656522,Success,
1667,Office,250 Therese Course,1043602928,03182026045656522,Success,
14007,Office,402 Destini Lodge,5011106435,03182026045656522,Success,
1667,Office,3530 Clark Street,2626643345,03182026045656522,Success,
14007,Office,30479 Jarod Spring,2626466799,03182026045656522,Success,
1667,Office,23325 Tower Road,5586675414,03182026045656522,Success,
14007,Office,96432 Archibald Field,7551109683,03182026045656522,Success,
1667,Office,5991 Kimberly Burg,9645716603,03182026045656522,Success,
14007,Office,93438 Lurline Mission,6974524597,03182026045656522,Success,
1667,Office,9936 Stoltenberg Center,7689142223,03182026045656522,Success,
14007,Office,1448 Cherry Tree Close,6603676818,03182026045656522,Success,
1667,Office,172 Garland Brooks,6658717350,03182026045656522,Success,
14007,Office,505 Schultz Causeway,1997617818,03182026045656522,Success,
1667,Office,2950 Wyman Light,7300544100,03182026045656522,Success,
14007,Office,330 Kamron Point,8078402765,03182026045656522,Success,
1667,Office,6463 Dickinson Road,2794225458,03182026045656522,Success,
14007,Office,222 Stamm Creek,8515949697,03182026045656522,Success,
1667,Office,931 Chestnut Drive,3155265784,03182026045656522,Success,
14007,Office,408 Schamberger Loaf,3402010261,03182026045656522,Success,
1667,Office,972 Fletcher Terrace,4234025563,03182026045656522,Success,
14007,Office,45440 Stracke Ports,2684928298,03182026045656522,Success,
1667,Office,24097 The Woodlands,8936585788,03182026045656522,Success,
14007,Office,4686 Hill Street,2128167136,03182026045656522,Success,
1667,Office,47494 Laury Unions,1846275521,03182026045656522,Success,
14007,Office,1164 Ritchie Views,1637164491,03182026045656522,Success,
1667,Office,2445 The Woodlands,4947982842,03182026045656522,Success,
14007,Office,3203 Stracke Ways,1823471735,03182026045656522,Success,
1667,Office,798 Adela Gateway,8840994070,03182026045656522,Success,
14007,Office,438 E 3rd Street,1864199173,03182026045656522,Success,
1667,Office,3497 Ron Shoals,5153237930,03182026045656522,Success,
14007,Office,1434 Elva Points,6412634855,03182026045656522,Success,
1667,Office,3711 Trever Bypass,2635533932,03182026045656522,Success,
14007,Office,958 Manley Mill,8780010810,03182026045656522,Success,
1667,Office,116 Windermere Road,5565852815,03182026045656522,Success,
14007,Office,6377 Danial Glens,1629735212,03182026045656522,Success,
1667,Office,89175 Hiram Squares,7841085105,03182026045656522,Success,
14007,Office,301 Rolfson Land,8597549130,03182026045656522,Success,
1667,Office,9231 Wellington Street,1422258002,03182026045656522,Success,
14007,Office,33526 Bradford Rue,1459192906,03182026045656522,Success,
1667,Office,7924 Brown Expressway,4361004517,03182026045656522,Success,
14007,Office,129 Stehr Highway,2544445865,03182026045656522,Success,
1667,Office,8109 Clay Well,4799622954,03182026045656522,Success,
14007,Office,1951 Hal Course,9266186745,03182026045656522,Success,
1667,Office,67137 Jordan Prairie,6030503892,03182026045656522,Success,
14007,Office,85986 Dorthy Cape,6810467985,03182026045656522,Success,
1667,Office,40052 Ambrose Expressway,3383830768,03182026045656522,Success,
14007,Office,147 Leopold Gateway,5255655542,03182026045656522,Success,
1667,Office,7219 Weber Green,7128334210,03182026045656522,Success,
14007,Office,137 Jerrell Parks,5359208930,03182026045656522,Success,
1667,Office,96522 Marvin Park,2103065877,03182026045656522,Success,
14007,Office,62529 Merlin Terrace,2430430136,03182026045656522,Success,
1667,Office,97891 Crist Crossing,4998486426,03182026045656522,Success,
14007,Office,4110 Camden Lane,6027442714,03182026045656522,Success,
1667,Office,510 Lowe Station,1678009338,03182026045656522,Success,
14007,Office,8154 E 12th Street,8131291802,03182026045656522,Success,
1667,Office,4402 Goldner Extension,7976685970,03182026045656522,Success,
14007,Office,711 Lowe Groves,3807280033,03182026045656522,Success,
1667,Office,950 Bruen Spurs,9165909821,03182026045656522,Success,
14007,Office,52932 Grimes Shore,7000681750,03182026045656522,Success,
1667,Office,24452 Stokes Burgs,5062037384,03182026045656522,Success,
14007,Office,564 Theodore Estates,7500064214,03182026045656522,Success,
1667,Office,7004 Jovan Estates,2273088366,03182026045656522,Success,
14007,Office,771 Armani Forges,6958133605,03182026045656522,Success,
1667,Office,649 Enola Isle,6679657550,03182026045656522,Success,
14007,Office,18953 Gracie Glens,5056965055,03182026045656522,Success,
1667,Office,9747 Grange Close,1198315328,03182026045656522,Success,
14007,Office,244 Heathcote Mountain,1214569791,03182026045656522,Success,
1667,Office,155 Castle Close,4874920076,03182026045656522,Success,
14007,Office,7329 Stoltenberg Dam,6675177813,03182026045656522,Success,
1667,Office,8962 Ondricka Stravenue,1846351375,03182026045656522,Success,
14007,Office,40605 Block Ranch,1766764969,03182026045656522,Success,
1667,Office,6958 Central Street,2712836353,03182026045656522,Success,
14007,Office,88853 Maple Street,6124910643,03182026045656522,Success,
1667,Office,3982 Weimann Lake,1593263549,03182026045656522,Success,
14007,Office,21020 Lockman Green,9565711737,03182026045656522,Success,
1667,Office,50939 Hall Lane,3387600834,03182026045656522,Success,
14007,Office,96700 E High Street,3751242860,03182026045656522,Success,
1667,Office,850 N Main,7658949633,03182026045656522,Success,
14007,Office,99423 Fermin Loaf,2933364210,03182026045656522,Success,
1667,Office,688 Langworth Loaf,9214935998,03182026045656522,Success,
14007,Office,1730 Tyrel Heights,1086572679,03182026045656522,Success,
1667,Office,4224 E Elm Street,5666314654,03182026045656522,Success,
14007,Office,446 Hermann Station,6977837678,03182026045656522,Success,
1667,Office,678 Sydnie Shore,5799865620,03182026045656522,Success,
14007,Office,67006 Maribel Flat,8011503370,03182026045656522,Success,
1667,Office,917 Mulberry Street,1388478328,03182026045656522,Success,
14007,Office,6293 Megane Plains,2913203026,03182026045656522,Success,
1667,Office,573 Virginie Overpass,1024689199,03182026045656522,Success,
14007,Office,63007 Emmerich Mount,8583376109,03182026045656522,Success,
1667,Office,7531 Lamont Manors,5387876949,03182026045656522,Success,
14007,Office,14700 Leonie Burgs,5162770802,03182026045656522,Success,
1667,Office,2079 N Park Street,4884898729,03182026045656522,Success,
14007,Office,110 Toy View,1336585448,03182026045656522,Success,
1667,Office,3148 Miller Gateway,1921497734,03182026045656522,Success,
14007,Office,58097 Dayton Stream,5645078976,03182026045656522,Success,
1667,Office,498 Amelie Center,7899943843,03182026045656522,Success,
14007,Office,4089 W 9th Street,5490345944,03182026045656522,Success,
1667,Office,31516 Ernser Throughway,8944921166,03182026045656522,Success,
14007,Office,128 Kunde Point,6659070969,03182026045656522,Success,
1667,Office,3256 Stanton Vista,9618466697,03182026045656522,Success,
14007,Office,48223 W Walnut Street,4287837775,03182026045656522,Success,
1667,Office,678 Hickle Square,4143571468,03182026045656522,Success,
14007,Office,826 Jaydon Fall,5217042394,03182026045656522,Success,
1667,Office,5492 Nikko Parks,2639899394,03182026045656522,Success,
14007,Office,9375 Woodlands Road,9631343133,03182026045656522,Success,
1667,Office,58777 E State Street,7258209092,03182026045656522,Success,
14007,Office,442 Thomas Groves,9813177572,03182026045656522,Success,
1667,Office,259 Greenwood Road,1917956185,03182026045656522,Success,
14007,Office,52674 Albion Street,7017649383,03182026045656522,Success,
1667,Office,9013 Gordon Road,5749222937,03182026045656522,Success,
14007,Office,961 Victoria Street,3859547803,03182026045656522,Success,
1667,Office,4346 Fredy Freeway,4350127537,03182026045656522,Success,
14007,Office,4773 Hagenes Lane,3134782830,03182026045656522,Success,
1667,Office,8471 Candida Extension,3328469376,03182026045656522,Success,
14007,Office,136 N Railroad Street,2331502367,03182026045656522,Success,
1667,Office,70518 The Mount,3210121084,03182026045656522,Success,
14007,Office,480 Beech Road,3833444775,03182026045656522,Success,
1667,Office,4725 Marlborough Road,5309382324,03182026045656522,Success,
14007,Office,59997 Lynch Well,6054482729,03182026045656522,Success,
1667,Office,6621 Elsa Junction,5424852392,03182026045656522,Success,
14007,Office,5725 Salisbury Road,2101609742,03182026045656522,Success,
1667,Office,6457 Orchard Road,4114410994,03182026045656522,Success,
14007,Office,732 Wendell Walk,4443173631,03182026045656522,Success,
1667,Office,120 Marlon Green,6451942434,03182026045656522,Success,
14007,Office,966 Dietrich Key,3939401699,03182026045656522,Success,
1667,Office,9665 Sandrine Shores,7707710299,03182026045656522,Success,
14007,Office,2080 Mayert Springs,2669328434,03182026045656522,Success,
1667,Office,17972 Stoney Lane,8031562932,03182026045656522,Success,
14007,Office,5012 Dark Lane,7979458006,03182026045656522,Success,
1667,Office,108 Jakubowski Rapid,2260483794,03182026045656522,Success,
14007,Office,802 Carley Mill,3049201794,03182026045656522,Success,
1667,Office,748 Fahey Brooks,9717562074,03182026045656522,Success,
14007,Office,618 Ledner Lane,7237430298,03182026045656522,Success,
1667,Office,7048 W High Street,7107452114,03182026045656522,Success,
14007,Office,14967 Ethyl Bridge,6421596026,03182026045656522,Success,
1667,Office,22783 Edward Street,6154708110,03182026045656522,Success,
14007,Office,8688 Alfonso Oval,8023515840,03182026045656522,Success,
1667,Office,978 Hazel Close,6263815656,03182026045656522,Success,
14007,Office,8806 Daron Mall,3395771419,03182026045656522,Success,
1667,Office,15658 Windermere Road,7120668388,03182026045656522,Success,
14007,Office,972 Cremin Rue,9397070471,03182026045656522,Success,
1667,Office,932 Gordon Road,1529987614,03182026045656522,Success,
14007,Office,787 Ora Parkways,4165471408,03182026045656522,Success,
1667,Office,1603 Bogan Parks,6982026785,03182026045656522,Success,
14007,Office,964 Hickory Street,7289972565,03182026045656522,Success,
1667,Office,138 Elaina Ways,8576109288,03182026045656522,Success,
14007,Office,961 Skyline Drive,5703647318,03182026045656522,Success,
1667,Office,651 Baumbach Rest,9881987858,03182026045656522,Success,
14007,Office,7025 Powlowski Shoal,6485438417,03182026045656522,Success,
1667,Office,908 Laurie Row,5086888584,03182026045656522,Success,
14007,Office,1242 Krajcik Streets,1967757207,03182026045656522,Success,
1667,Office,6723 Wyman Canyon,4302199559,03182026045656522,Success,
14007,Office,182 McDermott Centers,1754924316,03182026045656522,Success,
1667,Office,1580 Shany Bridge,7308978313,03182026045656522,Success,
14007,Office,99316 Western Road,2069939851,03182026045656522,Success,
1667,Office,437 Carmelo Dale,1414791951,03182026045656522,Success,
14007,Office,9013 Treutel Wells,7444464969,03182026045656522,Success,
1667,Office,745 Senger Summit,9271692451,03182026045656522,Success,
14007,Office,99267 Schumm Parkways,1247698943,03182026045656522,Success,
1667,Office,422 E Washington Street,2016746946,03182026045656522,Success,
14007,Office,7662 Railway Street,2638211244,03182026045656522,Success,
1667,Office,260 Lakin Walks,5530081466,03182026045656522,Success,
14007,Office,917 Hortense Union,7681059215,03182026045656522,Success,
1667,Office,12660 Arnold Islands,1800809848,03182026045656522,Success,
14007,Office,330 Volkman Flats,1539370584,03182026045656522,Success,
1667,Office,611 Maximillia Parkways,8467881662,03182026045656522,Success,
14007,Office,556 Gerald Wall,5327467899,03182026045656522,Success,
1667,Office,644 Fay Hollow,8814602888,03182026045656522,Success,
14007,Office,474 Garden Street,6611507243,03182026045656522,Success,
1667,Office,32164 Ole Forks,8756070459,03182026045656522,Success,
14007,Office,6173 Laurel Close,3521516314,03182026045656522,Success,
1667,Office,5487 E 8th Street,5182552110,03182026045656522,Success,
14007,Office,6264 Kobe Throughway,2494667702,03182026045656522,Success,
1667,Office,7218 Quincy Ramp,8143133841,03182026045656522,Success,
14007,Office,6983 Mateo Rapid,7994904488,03182026045656522,Success,
1667,Office,688 Toby Views,4919680154,03182026045656522,Success,
14007,Office,650 Farrell Bypass,1248634950,03182026045656522,Success,
1667,Office,984 Florian Fall,5536795619,03182026045656522,Success,
14007,Office,30251 VonRueden Radial,2784760362,03182026045656522,Success,
1667,Office,8175 Adams Street,3759928645,03182026045656522,Success,
14007,Office,75467 South Drive,2714022398,03182026045656522,Success,
1667,Office,193 Chapel Road,9173608652,03182026045656522,Success,
14007,Office,51034 Kutch Gardens,1600422820,03182026045656522,Success,
1667,Office,97287 Kling Keys,4907382893,03182026045656522,Success,
14007,Office,885 Bartoletti Shoals,8724460862,03182026045656522,Success,
1667,Office,62683 Lonny Cliffs,8319297929,03182026045656522,Success,
14007,Office,13112 Louisa Trafficway,1914279169,03182026045656522,Success,
1667,Office,9432 Frami Parkways,2567782386,03182026045656522,Success,
14007,Office,81681 W Pine Street,4989188134,03182026045656522,Success,
1667,Office,57229 Alexane Circle,5471215215,03182026045656522,Success,
14007,Office,9625 Angeline Shores,1839979939,03182026045656522,Success,
1667,Office,95833 Freeman Tunnel,8137171174,03182026045656522,Success,
14007,Office,33260 East Street,5073297410,03182026045656522,Success,
1667,Office,13431 Velva Freeway,7032089115,03182026045656522,Success,
14007,Office,6793 Rylee Club,2773951278,03182026045656522,Success,
1667,Office,580 Witting Manor,8885040207,03182026045656522,Success,
14007,Office,448 Moor Lane,7513637582,03182026045656522,Success,
1667,Office,31425 Reilly Highway,6630940468,03182026045656522,Success,
14007,Office,4551 King Street,5207384218,03182026045656522,Success,
1667,Office,14244 Price Drive,3467351097,03182026045656522,Success,
14007,Office,54464 Green Streets,3394293615,03182026045656522,Success,
1667,Office,1785 Littel Points,7068582104,03182026045656522,Success,
14007,Office,331 Lavon Union,9208727411,03182026045656522,Success,
1667,Office,963 Catharine Camp,3669893452,03182026045656522,Success,
14007,Office,536 Yundt Mountains,2939184162,03182026045656522,Success,
1667,Office,322 Idella Ways,3751049589,03182026045656522,Success,
14007,Office,506 Angela River,8346507181,03182026045656522,Success,
1667,Office,33717 Brook Street,1178248626,03182026045656522,Success,
14007,Office,373 Lilliana Mills,5224936464,03182026045656522,Success,
1667,Office,902 W Chestnut Street,5179067591,03182026045656522,Success,
14007,Office,2134 Jonathan Spur,9775957634,03182026045656522,Success,
1667,Office,1635 Albert Light,4396050482,03182026045656522,Success,
14007,Office,758 Cayla Cape,8919577804,03182026045656522,Success,
1667,Office,5297 Rowan Close,1015166079,03182026045656522,Success,
14007,Office,2322 The Copse,9315287068,03182026045656522,Success,
1667,Office,971 Hayes Mountain,3944068509,03182026045656522,Success,
14007,Office,561 Gia Plains,6588631331,03182026045656522,Success,
1667,Office,60646 W 6th Street,8930626698,03182026045656522,Success,
14007,Office,3139 Isac Valley,5955640592,03182026045656522,Success,
1667,Office,421 Leannon Brooks,7475136418,03182026045656522,Success,
14007,Office,982 W South Street,2957632834,03182026045656522,Success,
1667,Office,7818 S East Street,6943855403,03182026045656522,Success,
14007,Office,88555 N College Street,5813800954,03182026045656522,Success,
1667,Office,6838 Waverley Road,9513138032,03182026045656522,Success,
14007,Office,32251 James Street,9183604498,03182026045656522,Success,
1667,Office,196 Laisha Ports,3789834903,03182026045656522,Success,
14007,Office,3603 Central Avenue,8599634256,03182026045656522,Success,
1667,Office,309 Larch Close,7106918747,03182026045656522,Success,
14007,Office,6232 Huels Key,5303449354,03182026045656522,Success,
1667,Office,494 Chet Ways,4120294176,03182026045656522,Success,
14007,Office,939 W 12th Street,9185315371,03182026045656522,Success,
1667,Office,6060 Marsh Lane,6057537322,03182026045656522,Success,
14007,Office,1087 Ramiro Shores,9997106883,03182026045656522,Success,
1667,Office,625 Richmond Close,4777259896,03182026045656522,Success,
14007,Office,36871 Bell Lane,8378330636,03182026045656522,Success,
1667,Office,5726 S Central Avenue,3111669402,03182026045656522,Success,
14007,Office,51866 Ardella Lakes,2353751003,03182026045656522,Success,
1667,Office,7050 Hilll Rapid,3228535991,03182026045656522,Success,
14007,Office,96890 Little Expressway,3210176508,03182026045656522,Success,
1667,Office,9015 Woodlands,3552948485,03182026045656522,Success,
14007,Office,318 King Branch,9797014279,03182026045656522,Success,
1667,Office,382 Omer Brook,2808022111,03182026045656522,Success,
14007,Office,1881 Krajcik Heights,7085621493,03182026045656522,Success,
1667,Office,29972 Schmeler Loop,1038667963,03182026045656522,Success,
14007,Office,203 Watsica Knolls,9399979201,03182026045656522,Success,
1667,Office,7583 Estrella Common,8466476278,03182026045656522,Success,
14007,Office,92615 Pfeffer Causeway,2604345971,03182026045656522,Success,
1667,Office,331 S 5th Street,6949275000,03182026045656522,Success,
14007,Office,158 Reichert Cape,7524166178,03182026045656522,Success,
1667,Office,44985 Sycamore Drive,7057507836,03182026045656522,Success,
14007,Office,3029 Keebler Square,4412671946,03182026045656522,Success,
1667,Office,12814 Randall Coves,8532663490,03182026045656522,Success,
14007,Office,52343 Lubowitz Common,5491733103,03182026045656522,Success,
1667,Office,4988 Low Road,3132538511,03182026045656522,Success,
14007,Office,177 Franecki Throughway,7148307922,03182026045656522,Success,
1667,Office,301 Blaze Road,1318161184,03182026045656522,Success,
14007,Office,186 Jessie Branch,5091579466,03182026045656522,Success,
1667,Office,794 Woodside Road,5173721985,03182026045656522,Success,
14007,Office,12786 School Close,6362460236,03182026045656522,Success,
1667,Office,35257 Isobel Ranch,6426077726,03182026045656522,Success,
14007,Office,2436 Spruce Street,8609924343,03182026045656522,Success,
1667,Office,669 High Road,7526908529,03182026045656522,Success,
14007,Office,916 Lura Club,4036010381,03182026045656522,Success,
1667,Office,9516 High Street,4338482597,03182026045656522,Success,
14007,Office,52747 Davis Court,7325736595,03182026045656522,Success,
1667,Office,99073 Sycamore Avenue,2363675514,03182026045656522,Success,
14007,Office,30331 Prosacco Courts,8843153970,03182026045656522,Success,
1667,Office,334 Cross Lane,6367216828,03182026045656522,Success,
14007,Office,29916 Price Vista,4471965824,03182026045656522,Success,
1667,Office,5605 Kerluke Isle,6172251973,03182026045656522,Success,
14007,Office,7009 Meadow View,4193899394,03182026045656522,Success,
1667,Office,76773 Olson Hill,7433059023,03182026045656522,Success,
14007,Office,70427 Zulauf Fork,3777340071,03182026045656522,Success,
1667,Office,9175 Maud Junction,2337858677,03182026045656522,Success,
14007,Office,8566 Bins Passage,1356084097,03182026045656522,Success,
1667,Office,584 Schumm Hills,8179628279,03182026045656522,Success,
14007,Office,6478 Hintz Ramp,7824259502,03182026045656522,Success,
1667,Office,897 Market Street,2613869175,03182026045656522,Success,
14007,Office,983 Zemlak Fields,4398207185,03182026045656522,Success,
1667,Office,37144 Brekke Course,5857046123,03182026045656522,Success,
14007,Office,735 W Broadway,4960485345,03182026045656522,Success,
1667,Office,773 Church Walk,6156134102,03182026045656522,Success,
14007,Office,429 Gleichner Grove,2000892566,03182026045656522,Success,
1667,Office,5358 16th Street,8687892670,03182026045656522,Success,
14007,Office,841 Larch Close,4829357031,03182026045656522,Success,
1667,Office,6187 Grimes Lakes,9953142600,03182026045656522,Success,
14007,Office,98568 Birch Avenue,8547438604,03182026045656522,Success,
1667,Office,63022 Princes Street,2558179873,03182026045656522,Success,
14007,Office,6813 Thiel Lodge,8647188959,03182026045656522,Success,
1667,Office,4566 Shannon Bridge,4817106960,03182026045656522,Success,
14007,Office,233 Titus Fort,7168374461,03182026045656522,Success,
1667,Office,169 Dale Street,1089540158,03182026045656522,Success,
14007,Office,3537 Dejah Branch,2709329782,03182026045656522,Success,
1667,Office,2586 Tomasa Street,9393218701,03182026045656522,Success,
14007,Office,46026 Krystal Terrace,2163566140,03182026045656522,Success,
1667,Office,39088 Eriberto Stravenue,2037889510,03182026045656522,Success,
14007,Office,8937 Jeffery Mount,9737193791,03182026045656522,Success,
1667,Office,7129 Wilhelm Cliffs,8671935813,03182026045656522,Success,
14007,Office,566 W 6th Avenue,1929097684,03182026045656522,Success,
1667,Office,26323 N Chestnut Street,9637628382,03182026045656522,Success,
14007,Office,457 Emard Circles,9948991032,03182026045656522,Success,
1667,Office,4105 Howard Street,5115716457,03182026045656522,Success,
14007,Office,3928 Nico Crest,6199723365,03182026045656522,Success,
1667,Office,68944 W Elm Street,6403854728,03182026045656522,Success,
14007,Office,765 Weimann Locks,9053020277,03182026045656522,Success,
1667,Office,39919 Adams Street,4780364407,03182026045656522,Success,
14007,Office,6716 Ankunding Run,7821659368,03182026045656522,Success,
1667,Office,5847 Bernier Rapids,9688511813,03182026045656522,Success,
14007,Office,9009 The Meadows,6990458362,03182026045656522,Success,
1667,Office,2787 S Lincoln Street,7326948633,03182026045656522,Success,
14007,Office,5013 Ebony Vista,3538465277,03182026045656522,Success,
1667,Office,466 2nd Street,7814119333,03182026045656522,Success,
14007,Office,972 Alessia Brooks,4104938113,03182026045656522,Success,
1667,Office,27515 High Street,4868171037,03182026045656522,Success,
14007,Office,548 Heather Close,2152591132,03182026045656522,Success,
1667,Office,4794 S Franklin Street,4031080470,03182026045656522,Success,
14007,Office,3812 Jakubowski Mountain,2174312439,03182026045656522,Success,
1667,Office,84576 Kub Mountain,1621420904,03182026045656522,Success,
14007,Office,288 Noemie Grove,7366810540,03182026045656522,Success,
1667,Office,5556 Murphy Field,5746007237,03182026045656522,Success,
14007,Office,1700 Edward Mills,9945111441,03182026045656522,Success,
1667,Office,297 Clarendon Road,3299137556,03182026045656522,Success,
14007,Office,17736 Jackson Street,3036289329,03182026045656522,Success,
1667,Office,31498 W 5th Street,9799803291,03182026045656522,Success,
14007,Office,90662 Kirstin Park,8924121329,03182026045656522,Success,
1667,Office,7409 Amely Manors,8023581555,03182026045656522,Success,
14007,Office,59586 Shanahan Point,1996507436,03182026045656522,Success,
1667,Office,9817 Barrows Radial,3384283707,03182026045656522,Success,
14007,Office,902 Rau Passage,1580794957,03182026045656522,Success,
1667,Office,788 Lowe Mill,5625400198,03182026045656522,Success,
14007,Office,3046 Fritsch Union,8292997584,03182026045656522,Success,
1667,Office,43020 Sterling Dam,8917612731,03182026045656522,Success,
14007,Office,71315 Schuppe Village,7427469120,03182026045656522,Success,
1667,Office,50240 Reichel Tunnel,9020971212,03182026045656522,Success,
14007,Office,4736 S Grand Avenue,9063282178,03182026045656522,Success,
1667,Office,52440 Atlantic Avenue,4234232217,03182026045656522,Success,
14007,Office,431 Bauch Estate,5334433356,03182026045656522,Success,
1667,Office,602 Padberg Mount,4699153716,03182026045656522,Success,
14007,Office,1655 DuBuque Light,1868863939,03182026045656522,Success,
1667,Office,7098 Hane Lock,5997776692,03182026045656522,Success,
14007,Office,2410 New Road,5684665414,03182026045656522,Success,
1667,Office,4713 MacGyver Trail,9630629141,03182026045656522,Success,
14007,Office,59451 Chapel Hill,4574864529,03182026045656522,Success,
1667,Office,48647 Main Street W,6627067594,03182026045656522,Success,
14007,Office,95604 Hollie Skyway,8486024454,03182026045656522,Success,
1667,Office,1261 Locust Street,7373049372,03182026045656522,Success,
14007,Office,3050 The Dell,8455169705,03182026045656522,Success,
1667,Office,49369 W 9th Street,6826883230,03182026045656522,Success,
14007,Office,447 Sandra Hill,7068176978,03182026045656522,Success,
1667,Office,93564 Frami Camp,2115354096,03182026045656522,Success,
14007,Office,44943 Reichel Mount,3400112358,03182026045656522,Success,
1667,Office,753 Rempel Street,3111939650,03182026045656522,Success,
14007,Office,612 Lake Drive,4546284074,03182026045656522,Success,
1667,Office,7553 Mollie Alley,3011215556,03182026045656522,Success,
14007,Office,21256 Grange Close,4440106529,03182026045656522,Success,
1667,Office,40702 W 14th Street,3494252217,03182026045656522,Success,
14007,Office,88321 Wintheiser Key,2408881723,03182026045656522,Success,
1667,Office,6347 Pinkie Mission,6127878763,03182026045656522,Success,
14007,Office,7294 Dante Grove,2866309827,03182026045656522,Success,
1667,Office,34600 Prospect Street,9124547492,03182026045656522,Success,
14007,Office,82536 Mac Divide,5003181539,03182026045656522,Success,
1667,Office,1423 Dejon Station,1661040836,03182026045656522,Success,
14007,Office,9282 Marques Points,5377139353,03182026045656522,Success,
1667,Office,69735 Marcelina Cliffs,4450725494,03182026045656522,Success,
14007,Office,2984 Roberts Divide,7933101740,03182026045656522,Success,
1667,Office,818 Phoebe Street,4500982505,03182026045656522,Success,
14007,Office,4080 Grand Avenue,8698240431,03182026045656522,Success,
1667,Office,2994 S Washington Avenue,4827861063,03182026045656522,Success,
14007,Office,9723 Bell Unions,1444629999,03182026045656522,Success,
1667,Office,454 Laury Ranch,3420912672,03182026045656522,Success,
14007,Office,58985 Laura Mountain,5810205434,03182026045656522,Success,
1667,Office,5069 Kenny Courts,8305594644,03182026045656522,Success,
14007,Office,467 W Elm Street,2875786677,03182026045656522,Success,
1667,Office,5011 S Washington Avenue,5239053097,03182026045656522,Success,
14007,Office,1177 Pouros Groves,2467791360,03182026045656522,Success,
1667,Office,83769 Fahey Islands,2035736484,03182026045656522,Success,
14007,Office,87667 Yundt Burg,8690343056,03182026045656522,Success,
1667,Office,3249 Quinton Neck,3522126549,03182026045656522,Success,
14007,Office,2328 Wren Close,2184868266,03182026045656522,Success,
1667,Office,362 8th Avenue,8806320709,03182026045656522,Success,
14007,Office,414 Lake Drive,4936314851,03182026045656522,Success,
1667,Office,41055 York Street,1898847672,03182026045656522,Success,
14007,Office,893 Riverside Drive,4433509762,03182026045656522,Success,
1667,Office,55418 Mayfield Road,1351850338,03182026045656522,Success,
14007,Office,20065 Omari Run,6566538553,03182026045656522,Success,
1667,Office,332 Manor Gardens,1024358180,03182026045656522,Success,
14007,Office,8405 Addison Brook,7849862826,03182026045656522,Success,
1667,Office,16749 O'Keefe Overpass,3377118908,03182026045656522,Success,
14007,Office,788 Gorczany Stream,7743930906,03182026045656522,Success,
1667,Office,37152 Jerde Forest,6278089329,03182026045656522,Success,
14007,Office,8219 Springfield Close,4475641203,03182026045656522,Success,
1667,Office,85747 Powlowski Field,8464300935,03182026045656522,Success,
14007,Office,7895 Eliza Squares,5517174037,03182026045656522,Success,
1667,Office,45107 Daren Drives,4960766029,03182026045656522,Success,
14007,Office,115 North Lane,5689314221,03182026045656522,Success,
1667,Office,8938 Adams Avenue,6328018178,03182026045656522,Success,
14007,Office,3736 Anna Cape,2294017732,03182026045656522,Success,
1667,Office,587 Stehr Via,1794193260,03182026045656522,Success,
14007,Office,7758 Padberg River,5798590961,03182026045656522,Success,
1667,Office,8108 Doyle Green,4077500461,03182026045656522,Success,
14007,Office,266 Gulgowski Course,4075117720,03182026045656522,Success,
1667,Office,75241 Ceasar Square,5824560942,03182026045656522,Success,
14007,Office,2389 Wilkinson Rest,5641993437,03182026045656522,Success,
1667,Office,8231 N 3rd Street,8294242240,03182026045656522,Success,
14007,Office,24320 Buckridge Turnpike,7084762093,03182026045656522,Success,
1667,Office,859 Oral Loop,4462585683,03182026045656522,Success,
14007,Office,347 E 8th Street,6105111510,03182026045656522,Success,
1667,Office,388 N Center Street,5745945811,03182026045656522,Success,
14007,Office,842 Okuneva Pine,2988699623,03182026045656522,Success,
1667,Office,700 Goodwin Knoll,3320162143,03182026045656522,Success,
14007,Office,14606 N 9th Street,7437147679,03182026045656522,Success,
1667,Office,715 Nikolaus Springs,5522240695,03182026045656522,Success,
14007,Office,80886 The Hawthorns,2288355878,03182026045656522,Success,
1667,Office,22228 S Washington Street,6082340810,03182026045656522,Success,
14007,Office,37526 Yost Plaza,3873149937,03182026045656522,Success,
1667,Office,754 Goldner Spur,8756105657,03182026045656522,Success,
14007,Office,789 Prohaska Corner,8243208216,03182026045656522,Success,
1667,Office,861 McCullough Pines,6202345623,03182026045656522,Success,
14007,Office,869 Manor Way,6449376753,03182026045656522,Success,
1667,Office,70957 Somerset Road,3334565846,03182026045656522,Success,
14007,Office,96256 E Central Avenue,7638555310,03182026045656522,Success,
1667,Office,9230 Meadow Way,2364111651,03182026045656522,Success,
14007,Office,2649 Abelardo Mountains,2004702556,03182026045656522,Success,
1667,Office,74628 Merlin Ports,2874122044,03182026045656522,Success,
14007,Office,37597 Herzog Gateway,6837698564,03182026045656522,Success,
1667,Office,6036 Garrick Falls,4836101464,03182026045656522,Success,
14007,Office,3883 Maybelle Points,2237914421,03182026045656522,Success,
1667,Office,4030 Mosciski Bypass,1745832921,03182026045656522,Success,
14007,Office,71720 E 10th Street,9427455437,03182026045656522,Success,
1667,Office,799 Vicarage Lane,6691535107,03182026045656522,Success,
14007,Office,536 Elliot Circles,7677480775,03182026045656522,Success,
1667,Office,537 Johnson Street,4492312842,03182026045656522,Success,
14007,Office,263 Legros Well,1627425824,03182026045656522,Success,
1667,Office,29108 Kessler Village,8770167510,03182026045656522,Success,
14007,Office,8159 S 10th Street,2341847264,03182026045656522,Success,
1667,Office,61088 Marguerite Walks,8241400688,03182026045656522,Success,
14007,Office,5217 Stiedemann Expressway,2700576680,03182026045656522,Success,
1667,Office,288 Reta Center,7156080096,03182026045656522,Success,
14007,Office,74279 Leonardo Point,9934181221,03182026045656522,Success,
1667,Office,4214 N Jackson Street,3235875683,03182026045656522,Success,
14007,Office,6600 E Main,4473692763,03182026045656522,Success,
1667,Office,12523 Mateo Ways,1514226770,03182026045656522,Success,
14007,Office,8516 Herzog Center,1895359125,03182026045656522,Success,
1667,Office,3239 Bo Camp,1443410021,03182026045656522,Success,
14007,Office,38911 Hane Harbor,7318484756,03182026045656522,Success,
1667,Office,371 Roob Crossing,6189867495,03182026045656522,Success,
14007,Office,7200 Larkin Pines,7024809579,03182026045656522,Success,
1667,Office,549 Velma Loop,7628138514,03182026045656522,Success,
14007,Office,82098 Merle Course,6553064699,03182026045656522,Success,
1667,Office,799 West End,7091398906,03182026045656522,Success,
14007,Office,55023 Treutel Trail,1825044782,03182026045656522,Success,
1667,Office,2422 Joel Spur,1415083215,03182026045656522,Success,
14007,Office,206 Ledner Creek,9193879824,03182026045656522,Success,
1667,Office,46155 The Oval,1067198157,03182026045656522,Success,
14007,Office,366 E Church Street,4577486505,03182026045656522,Success,
1667,Office,2526 The Limes,9349578152,03182026045656522,Success,
14007,Office,681 Wilton Throughway,7473999132,03182026045656522,Success,
1667,Office,279 Commercial Road,9131788900,03182026045656522,Success,
14007,Office,98534 Doyle Forges,7170126613,03182026045656522,Success,
1667,Office,7098 Manor Close,6485448335,03182026045656522,Success,
14007,Office,4836 Mabel Haven,9240823708,03182026045656522,Success,
1667,Office,130 Alfonso Well,1817003021,03182026045656522,Success,
14007,Office,8756 S Main Avenue,2295735525,03182026045656522,Success,
1667,Office,47048 Granville Cove,6354668417,03182026045656522,Success,
14007,Office,806 Gloucester Road,2381162898,03182026045656522,Success,
1667,Office,646 Hessel Knoll,7722953427,03182026045656522,Success,
14007,Office,345 Common Lane,9978895695,03182026045656522,Success,
1667,Office,9878 4th Avenue,3366791778,03182026045656522,Success,
14007,Office,5647 Reina Gateway,6400131778,03182026045656522,Success,
1667,Office,41240 Quarry Lane,7817352133,03182026045656522,Success,
14007,Office,6508 E Center Street,5544686630,03182026045656522,Success,
1667,Office,548 Brookside,8897443224,03182026045656522,Success,
14007,Office,13041 W 10th Street,1912388276,03182026045656522,Success,
1667,Office,132 E North Street,8437046712,03182026045656522,Success,
14007,Office,54862 Langosh Falls,2590060483,03182026045656522,Success,
1667,Office,947 Hammes Common,8411126821,03182026045656522,Success,
14007,Office,29287 Hills Mill,8898750935,03182026045656522,Success,
1667,Office,235 Gottlieb Crossing,3649791032,03182026045656522,Success,
14007,Office,33066 Roman Road,4260902492,03182026045656522,Success,
1667,Office,640 Opal Via,5327805564,03182026045656522,Success,
14007,Office,81687 Raynor Inlet,6966944461,03182026045656522,Success,
1667,Office,1677 Aiyana Orchard,3586952476,03182026045656522,Success,
14007,Office,8665 Towne Knoll,5698140186,03182026045656522,Success,
1667,Office,2948 Antwon River,2758479935,03182026045656522,Success,
14007,Office,78170 Willow Road,2889068961,03182026045656522,Success,
1667,Office,1318 Moss Lane,9430097383,03182026045656522,Success,
14007,Office,341 Gibson Cove,1879819391,03182026045656522,Success,
1667,Office,13642 Bessie Alley,2433734462,03182026045656522,Success,
14007,Office,2764 Crist Oval,4045682253,03182026045656522,Success,
1667,Office,14874 Poplar Road,3711140505,03182026045656522,Success,
14007,Office,440 Kiara Stream,1318964569,03182026045656522,Success,
1667,Office,6888 Upton Corners,3871333384,03182026045656522,Success,
14007,Office,58915 Albin Ramp,1349228821,03182026045656522,Success,
1667,Office,17530 Division Street,3108765821,03182026045656522,Success,
14007,Office,320 Lindsey Harbor,8210427877,03182026045656522,Success,
1667,Office,2260 Kingsway,3245161827,03182026045656522,Success,
14007,Office,28127 Tad Mountains,6870540215,03182026045656522,Success,
1667,Office,5785 Roma Ports,5207235896,03182026045656522,Success,
14007,Office,33312 W Broad Street,1288679698,03182026045656522,Success,
1667,Office,804 Nightingale Close,7721225609,03182026045656522,Success,
14007,Office,3822 St Andrew's Road,5283967445,03182026045656522,Success,
1667,Office,33192 Renner Extension,5851858701,03182026045656522,Success,
14007,Office,6942 Kavon Overpass,7437355033,03182026045656522,Success,
1667,Office,3772 Moor Lane,8931949102,03182026045656522,Success,
14007,Office,4205 Mueller Roads,7962328633,03182026045656522,Success,
1667,Office,250 W Main,2985068444,03182026045656522,Success,
14007,Office,7691 11th Street,2828990798,03182026045656522,Success,
1667,Office,5090 Winona Green,4664536436,03182026045656522,Success,
14007,Office,984 Cleveland Causeway,5118765243,03182026045656522,Success,
1667,Office,780 First Street,7304143160,03182026045656522,Success,
14007,Office,3141 McGlynn Orchard,8960129421,03182026045656522,Success,
1667,Office,167 Nicklaus Walk,9727574007,03182026045656522,Success,
14007,Office,76522 Virgie Junction,4849298919,03182026045656522,Success,
1667,Office,982 S 14th Street,4932781570,03182026045656522,Success,
14007,Office,91416 Cherry Street,5079244638,03182026045656522,Success,
1667,Office,6104 Vanessa Path,4484001899,03182026045656522,Success,
14007,Office,230 Maple Street,7065344555,03182026045656522,Success,
1667,Office,3760 Emmie Gateway,1333493417,03182026045656522,Success,
14007,Office,729 Lisa Points,3682867963,03182026045656522,Success,
1667,Office,9132 Stanley Street,3147572615,03182026045656522,Success,
14007,Office,5263 Memorial Drive,4592558159,03182026045656522,Success,
1667,Office,64349 Main Street,4809058595,03182026045656522,Success,
14007,Office,901 Courtney Landing,4387526008,03182026045656522,Success,
1667,Office,98195 Ted Crossroad,7927772346,03182026045656522,Success,
14007,Office,1861 Albany Road,7229169589,03182026045656522,Success,
1667,Office,16121 Frontage Road,9075552175,03182026045656522,Success,
14007,Office,5267 Trinity Via,1963292183,03182026045656522,Success,
1667,Office,64678 Issac Rapids,2007337070,03182026045656522,Success,
14007,Office,485 Lehner Stream,1666296266,03182026045656522,Success,
1667,Office,5849 W South Street,4425547837,03182026045656522,Success,
14007,Office,17928 Kerluke Hills,2797485696,03182026045656522,Success,
1667,Office,799 N 5th Street,1151610477,03182026045656522,Success,
14007,Office,2066 Natasha Trace,2606577887,03182026045656522,Success,
1667,Office,227 Railroad Street,5936699916,03182026045656522,Success,
14007,Office,16183 Cronin Groves,5923567282,03182026045656522,Success,
1667,Office,54898 Bechtelar Expressway,5590486045,03182026045656522,Success,
14007,Office,3854 Eugene Place,7809143355,03182026045656522,Success,
1667,Office,503 Haag Lane,6626840960,03182026045656522,Success,
14007,Office,90254 Christian Valley,4499584424,03182026045656522,Success,
1667,Office,7064 Kunde Land,3022003285,03182026045656522,Success,
14007,Office,827 Herminio Mills,7629020427,03182026045656522,Success,
1667,Office,702 Velda Causeway,3263749614,03182026045656522,Success,
14007,Office,66953 Stanley Road,5050562607,03182026045656522,Success,
1667,Office,605 Emelie River,4380230100,03182026045656522,Success,
14007,Office,4615 Ankunding Greens,5725564138,03182026045656522,Success,
1667,Office,56312 Dominique Passage,1067503492,03182026045656522,Success,
14007,Office,385 Skye Locks,9657161225,03182026045656522,Success,
1667,Office,20548 Beach Road,3713486470,03182026045656522,Success,
14007,Office,64135 Madisyn Keys,9235584984,03182026045656522,Success,
1667,Office,77982 Wolf Flat,8604525517,03182026045656522,Success,
14007,Office,961 Coty Flat,5441152409,03182026045656522,Success,
1667,Office,216 Zane Throughway,4872551563,03182026045656522,Success,
14007,Office,2517 Yasmine Springs,5021664443,03182026045656522,Success,
1667,Office,641 York Road,3374139686,03182026045656522,Success,
14007,Office,3941 Hirthe Harbors,7855395059,03182026045656522,Success,
1667,Office,1668 O'Hara Trace,7000931576,03182026045656522,Success,
14007,Office,248 Boyle Roads,2205774173,03182026045656522,Success,
1667,Office,77036 Nathanael Creek,2248399790,03182026045656522,Success,
14007,Office,58603 Oma Greens,4576516550,03182026045656522,Success,
1667,Office,388 O'Connell Way,3797392198,03182026045656522,Success,
14007,Office,21213 Bailey Valley,5688801943,03182026045656522,Success,
1667,Office,3858 Effertz Crossing,9466766938,03182026045656522,Success,
14007,Office,704 W Market Street,8342474819,03182026045656522,Success,
1667,Office,3952 Field Lane,6216229839,03182026045656522,Success,
14007,Office,63978 Juniper Close,6592576427,03182026045656522,Success,
1667,Office,213 3rd Avenue,2033040193,03182026045656522,Success,
14007,Office,228 Yost Keys,6338467925,03182026045656522,Success,
1667,Office,46959 Juliet Greens,1344861944,03182026045656522,Success,
14007,Office,22369 Harvey Meadow,8727974895,03182026045656522,Success,
1667,Office,4598 Woodlands Avenue,1611985236,03182026045656522,Success,
14007,Office,98161 Douglas Plaza,7171878345,03182026045656522,Success,
1667,Office,7923 N Division Street,1421271392,03182026045656522,Success,
14007,Office,854 W Maple Street,2260718759,03182026045656522,Success,
1667,Office,499 Dietrich Fork,3778248690,03182026045656522,Success,
14007,Office,44031 Clarence Street,1407788303,03182026045656522,Success,
1667,Office,84766 Marks Manors,1568177784,03182026045656522,Success,
14007,Office,49965 James Street,7257075204,03182026045656522,Success,
1667,Office,6329 Jerry Shore,9174700778,03182026045656522,Success,
14007,Office,26426 Anastasia Ferry,3504297794,03182026045656522,Success,
1667,Office,83009 Paucek Ridges,5162313478,03182026045656522,Success,
14007,Office,54567 Alize Creek,1285517957,03182026045656522,Success,
1667,Office,108 Grange Road,7407625214,03182026045656522,Success,
14007,Office,2943 Ferry Freeway,9684599454,03182026045656522,Success,
1667,Office,75900 Aylin Mission,6167675908,03182026045656522,Success,
14007,Office,2165 Highland Avenue,9578498991,03182026045656522,Success,
1667,Office,21507 Alice Haven,1914761464,03182026045656522,Success,
14007,Office,599 Shayna Port,9892456243,03182026045656522,Success,
1667,Office,7083 Glenda Station,4444579991,03182026045656522,Success,
14007,Office,37135 Ortiz Turnpike,4520091299,03182026045656522,Success,
1667,Office,156 S Elm Street,1228694164,03182026045656522,Success,
14007,Office,593 10th Street,1823772544,03182026045656522,Success,
1667,Office,3145 Swaniawski Junctions,2967731766,03182026045656522,Success,
14007,Office,935 Maria Freeway,6208839620,03182026045656522,Success,
1667,Office,9328 Blick Orchard,8845383968,03182026045656522,Success,
14007,Office,213 Izaiah Crossroad,5627574241,03182026045656522,Success,
1667,Office,3898 Claud Fork,9080611646,03182026045656522,Success,
14007,Office,214 W 3rd Street,1359787468,03182026045656522,Success,
1667,Office,9303 Considine Alley,5655237138,03182026045656522,Success,
14007,Office,1047 Kingfisher Close,8013099455,03182026045656522,Success,
1667,Office,63394 Dereck Course,1416733253,03182026045656522,Success,
14007,Office,99072 State Road,9614626405,03182026045656522,Success,
1667,Office,4795 Koss Lodge,7335086591,03182026045656522,Success,
14007,Office,949 Moor Lane,9779356103,03182026045656522,Success,
1667,Office,22970 Jasper Canyon,7313389396,03182026045656522,Success,
14007,Office,1983 Jordan Valley,3671174182,03182026045656522,Success,
1667,Office,83679 Darrick Crescent,7653395359,03182026045656522,Success,
14007,Office,1040 Eudora Village,5903499928,03182026045656522,Success,
1667,Office,861 Ibrahim Street,3108591338,03182026045656522,Success,
14007,Office,80409 Alayna Fort,2973857135,03182026045656522,Success,
1667,Office,7720 Park View,9366035321,03182026045656522,Success,
14007,Office,4574 King Brook,3606874036,03182026045656522,Success,
1667,Office,40033 E Pine Street,9045146333,03182026045656522,Success,
14007,Office,50197 Clifford Plain,2707214655,03182026045656522,Success,
1667,Office,5639 Rosenbaum Burgs,3278432922,03182026045656522,Success,
14007,Office,4592 Mertz Drives,1729476882,03182026045656522,Success,
1667,Office,549 Maple Close,5950726968,03182026045656522,Success,
14007,Office,40080 Market Place,3367572953,03182026045656522,Success,
1667,Office,5309 Jimmy Causeway,2373509656,03182026045656522,Success,
14007,Office,3448 Idella Corners,9588266789,03182026045656522,Success,
1667,Office,27759 Klein Summit,2945981129,03182026045656522,Success,
14007,Office,2212 Albion Street,4788696719,03182026045656522,Success,
1667,Office,69786 Second Avenue,2081952947,03182026045656522,Success,
14007,Office,134 The Fairway,3995411871,03182026045656522,Success,
1667,Office,264 Monroe Street,9909106034,03182026045656522,Success,
14007,Office,204 Medhurst Cape,2824651292,03182026045656522,Success,
1667,Office,2986 High Road,9603562046,03182026045656522,Success,
14007,Office,85339 Princes Street,3899591329,03182026045656522,Success,
1667,Office,43249 Sanford Extensions,5711597223,03182026045656522,Success,
14007,Office,4487 Morton Common,8618108036,03182026045656522,Success,
1667,Office,227 Abe Common,7543268020,03182026045656522,Success,
14007,Office,88686 W 11th Street,8799567005,03182026045656522,Success,
1667,Office,8911 Prospect Avenue,1950816498,03182026045656522,Success,
14007,Office,8940 Jan Island,3085133110,03182026045656522,Success,
1667,Office,9831 Russell Street,2242786378,03182026045656522,Success,
14007,Office,33981 Myrtie Center,6422593188,03182026045656522,Success,
1667,Office,28480 W Front Street,3078088163,03182026045656522,Success,
14007,Office,54193 The Mews,1516056083,03182026045656522,Success,
1667,Office,3295 Bashirian Squares,8964170264,03182026045656522,Success,
14007,Office,780 Marcellus Haven,1672970329,03182026045656522,Success,
1667,Office,1752 Sterling Highway,6355976382,03182026045656522,Success,
14007,Office,50297 N Market Street,2884376234,03182026045656522,Success,
1667,Office,6436 Bramble Close,9344070654,03182026045656522,Success,
14007,Office,259 Forest Avenue,5954788344,03182026045656522,Success,
1667,Office,96841 Clarence Road,5567793133,03182026045656522,Success,
14007,Office,259 Kyra Burg,7688445829,03182026045656522,Success,
1667,Office,443 Jessika Club,3294653117,03182026045656522,Success,
14007,Office,9094 Huel Glens,3035921277,03182026045656522,Success,
1667,Office,30948 Grimes Views,1537645166,03182026045656522,Success,
14007,Office,123 Dannie Dam,7460720467,03182026045656522,Success,
1667,Office,4036 Dion Manors,2482757773,03182026045656522,Success,
14007,Office,84045 Jackson Avenue,5389868098,03182026045656522,Success,
1667,Office,939 Barrows Dam,5971727132,03182026045656522,Success,
14007,Office,9823 Runolfsdottir Inlet,1803731037,03182026045656522,Success,
1667,Office,19353 Jameson Ferry,4487174829,03182026045656522,Success,
14007,Office,474 Maple Road,7858855419,03182026045656522,Success,
1667,Office,3384 Kiehn Flat,4843215080,03182026045656522,Success,
14007,Office,65644 Commercial Road,2465095231,03182026045656522,Success,
1667,Office,4527 Elm Close,4553030977,03182026045656522,Success,
14007,Office,566 Ruecker Ville,3688689342,03182026045656522,Success,
1667,Office,547 Moen Port,4658475948,03182026045656522,Success,
14007,Office,163 Chapel Hill,7349715082,03182026045656522,Success,
1667,Office,894 Washington Boulevard,1984754476,03182026045656522,Success,
14007,Office,6410 Wehner Ports,6275539043,03182026045656522,Success,
1667,Office,132 Hintz Crossing,2494758371,03182026045656522,Success,
14007,Office,86290 Crona Throughway,2833496214,03182026045656522,Success,
1667,Office,1240 Lang Corners,8056023530,03182026045656522,Success,
14007,Office,91724 E Walnut Street,9659109428,03182026045656522,Success,
1667,Office,9166 Hillside Road,9774584347,03182026045656522,Success,
14007,Office,3451 Cassin Pike,2205801754,03182026045656522,Success,
1667,Office,6744 Windler Alley,3307287643,03182026045656522,Success,
14007,Office,7403 Coleman Walk,3568422175,03182026045656522,Success,
1667,Office,164 Rosemary Circles,1493469598,03182026045656522,Success,
14007,Office,556 N Front Street,2121439340,03182026045656522,Success,
1667,Office,486 Upton Wall,6474955185,03182026045656522,Success,
14007,Office,20525 Gusikowski Orchard,3430523307,03182026045656522,Success,
1667,Office,6155 Alejandrin Lock,7254563591,03182026045656522,Success,
14007,Office,7471 Jerde Mountain,8066770968,03182026045656522,Success,
1667,Office,45813 Koch Fall,2941598322,03182026045656522,Success,
14007,Office,23570 Heller Fords,7473310333,03182026045656522,Success,
1667,Office,89512 Wilmer Junctions,9464360722,03182026045656522,Success,
14007,Office,15089 Kub Skyway,9842011066,03182026045656522,Success,
1667,Office,864 Laney Garden,7153896270,03182026045656522,Success,
14007,Office,78055 Williamson Overpass,7936659669,03182026045656522,Success,
1667,Office,6882 Jed Meadow,8027159376,03182026045656522,Success,
14007,Office,1131 Fore Street,3652187768,03182026045656522,Success,
1667,Office,7080 Wehner Route,4839947103,03182026045656522,Success,
14007,Office,278 Veterans Memorial Highway,4809959658,03182026045656522,Success,
1667,Office,734 River Street,8243005807,03182026045656522,Success,
14007,Office,855 Rozella Lock,6994803722,03182026045656522,Success,
1667,Office,50428 Arlie Stravenue,7295823131,03182026045656522,Success,
14007,Office,17668 W Washington Street,3576513979,03182026045656522,Success,
1667,Office,1564 Crescent Road,9677975103,03182026045656522,Success,
14007,Office,4802 Schultz Hills,6720150753,03182026045656522,Success,
1667,Office,4508 Roob Views,4595557315,03182026045656522,Success,
14007,Office,3976 W Jackson Street,4828029044,03182026045656522,Success,
1667,Office,6549 Frank Path,2412556691,03182026045656522,Success,
14007,Office,1198 Audie Causeway,5605219865,03182026045656522,Success,
1667,Office,715 11th Street,7386012420,03182026045656522,Success,
14007,Office,77535 Deon Track,5803356867,03182026045656522,Success,
1667,Office,4716 Chance Hill,3476107105,03182026045656522,Success,
14007,Office,904 Zoie Meadows,2262410093,03182026045656522,Success,
1667,Office,47737 Aubree Divide,9806109398,03182026045656522,Success,
14007,Office,330 Mills Centers,4612313102,03182026045656522,Success,
1667,Office,76399 Paucek Villages,5399418681,03182026045656522,Success,
14007,Office,624 Ruecker Ridge,9419152390,03182026045656522,Success,
1667,Office,492 Wellington Road,8843977743,03182026045656522,Success,
14007,Office,338 Vena Place,3532285500,03182026045656522,Success,
1667,Office,295 Heathcote Field,1170768205,03182026045656522,Success,
14007,Office,1186 Rodriguez Crossing,5168364743,03182026045656522,Success,
1667,Office,8333 Cristobal Terrace,8929243998,03182026045656522,Success,
14007,Office,99324 Loyal Course,1171872718,03182026045656522,Success,
1667,Office,6789 Adeline Bridge,5169227715,03182026045656522,Success,
14007,Office,9421 S 4th Street,3803286280,03182026045656522,Success,
1667,Office,8501 W State Street,5839288431,03182026045656522,Success,
14007,Office,46374 Goyette Via,6618452259,03182026045656522,Success,
1667,Office,607 Kertzmann Cliffs,9342559011,03182026045656522,Success,
14007,Office,51215 Ryder Hills,6730065742,03182026045656522,Success,
1667,Office,34055 Daniel Burgs,4744257385,03182026045656522,Success,
14007,Office,479 Crist Knolls,1907465589,03182026045656522,Success,
1667,Office,31940 Cornell Glen,2523358418,03182026045656522,Success,
14007,Office,32462 Stokes Cove,9884772195,03182026045656522,Success,
1667,Office,91437 Oswald Freeway,2468591214,03182026045656522,Success,
14007,Office,7717 N Harrison Street,8508957158,03182026045656522,Success,
1667,Office,976 Tessie Ramp,4950175902,03182026045656522,Success,
14007,Office,958 Barbara Trail,9189837237,03182026045656522,Success,
1667,Office,845 Gleichner Isle,5637688961,03182026045656522,Success,
14007,Office,497 The Rise,9359334777,03182026045656522,Success,
1667,Office,551 Hahn Freeway,8226003881,03182026045656522,Success,
14007,Office,5848 Gusikowski Unions,1844605261,03182026045656522,Success,
1667,Office,89923 Hahn Junctions,4003184967,03182026045656522,Success,
14007,Office,4966 Eloy Track,4919823343,03182026045656522,Success,
1667,Office,831 Wisozk Glen,6327661038,03182026045656522,Success,
14007,Office,43928 Thiel Curve,2376531340,03182026045656522,Success,
1667,Office,9585 Tamara Bypass,2751706624,03182026045656522,Success,
14007,Office,199 Madison Avenue,2682045375,03182026045656522,Success,
1667,Office,36955 Manor Drive,5477309379,03182026045656522,Success,
14007,Office,35815 Dickinson Bypass,8078733328,03182026045656522,Success,
1667,Office,9801 Jesse Spur,3267181703,03182026045656522,Success,
14007,Office,464 Emery Canyon,4214448747,03182026045656522,Success,
1667,Office,48092 Richmond Close,7197137659,03182026045656522,Success,
14007,Office,521 E Center Street,1893012973,03182026045656522,Success,
1667,Office,39401 Schiller Wells,9895437275,03182026045656522,Success,
14007,Office,53536 Nolan Bridge,3978936201,03182026045656522,Success,
1667,Office,8135 Third Avenue,3297490198,03182026045656522,Success,
14007,Office,6801 Fredy Ramp,5133547070,03182026045656522,Success,
1667,Office,133 Waverley Road,9151578033,03182026045656522,Success,
14007,Office,31290 Chapel Hill,9458455841,03182026045656522,Success,
1667,Office,15814 Sycamore Close,9973330549,03182026045656522,Success,
14007,Office,31620 Roman Road,1833163664,03182026045656522,Success,
1667,Office,24648 Harrison Street,4029818610,03182026045656522,Success,
14007,Office,55254 Kessler Extensions,6209527953,03182026045656522,Success,
1667,Office,18229 Mikel Center,1921204381,03182026045656522,Success,
14007,Office,6216 Grimes Bypass,4901980546,03182026045656522,Success,
1667,Office,3391 Jenkins Circle,7248893484,03182026045656522,Success,
14007,Office,15439 Lyric Forges,1185242754,03182026045656522,Success,
1667,Office,949 School Street,3645702939,03182026045656522,Success,
14007,Office,5942 Beatty Viaduct,8966411800,03182026045656522,Success,
1667,Office,5562 Station Road,7984858573,03182026045656522,Success,
14007,Office,4958 Tomasa Hills,5399215257,03182026045656522,Success,
1667,Office,61484 May Keys,4087554124,03182026045656522,Success,
14007,Office,46221 Runolfsdottir Drives,7686784854,03182026045656522,Success,
1667,Office,631 Heaney Harbors,8044101802,03182026045656522,Success,
14007,Office,1967 Victoria Place,6191642776,03182026045656522,Success,
1667,Office,313 Ondricka Flats,4617768820,03182026045656522,Success,
14007,Office,4595 Haag Ports,1665528022,03182026045656522,Success,
1667,Office,3249 Jaida Loaf,3125074495,03182026045656522,Success,
14007,Office,84876 Joannie Ville,2109660538,03182026045656522,Success,
1667,Office,93195 Deckow Curve,7401701251,03182026045656522,Success,
14007,Office,91267 Ebony Unions,6384416406,03182026045656522,Success,
1667,Office,9420 Teresa Roads,2313843022,03182026045656522,Success,
14007,Office,831 Leopold Estate,3893404198,03182026045656522,Success,
1667,Office,3226 School Road,2668457261,03182026045656522,Success,
14007,Office,41861 Viviane Common,6433029447,03182026045656522,Success,
1667,Office,2489 Cormier Ferry,6539934745,03182026045656522,Success,
14007,Office,48861 Lon Pine,9588255775,03182026045656522,Success,
1667,Office,206 Wolff Isle,9239957862,03182026045656522,Success,
14007,Office,1624 Denesik Shoals,7997544536,03182026045656522,Success,
1667,Office,580 Lincoln Highway,9406810452,03182026045656522,Success,
14007,Office,60154 Erdman Green,6420627020,03182026045656522,Success,
1667,Office,1554 Loy Shoal,3671033584,03182026045656522,Success,
14007,Office,3046 Rogers Rapids,3382363011,03182026045656522,Success,
1667,Office,6591 Dibbert Court,1099112992,03182026045656522,Success,
14007,Office,4723 County Road,9597080446,03182026045656522,Success,
1667,Office,8440 Ruthe Ports,9088773577,03182026045656522,Success,
14007,Office,27709 Lucinda Point,4558783409,03182026045656522,Success,
1667,Office,63490 School Road,1123396163,03182026045656522,Success,
14007,Office,6917 Senger Streets,6083716431,03182026045656522,Success,
1667,Office,877 Senger Ville,9616058412,03182026045656522,Success,
14007,Office,87607 Marty Alley,7435914777,03182026045656522,Success,
1667,Office,91359 Jazmyne Centers,8170408606,03182026045656522,Success,
14007,Office,5343 Abdiel Way,6408075746,03182026045656522,Success,
1667,Office,199 Francisca Port,5494695360,03182026045656522,Success,
14007,Office,163 Dayton Coves,4423120300,03182026045656522,Success,
1667,Office,6985 Angelo Harbor,1524001886,03182026045656522,Success,
14007,Office,1814 Raoul Loaf,7229007950,03182026045656522,Success,
1667,Office,777 Jeffrey Curve,7520772012,03182026045656522,Success,
14007,Office,259 Oran Orchard,4985070956,03182026045656522,Success,
1667,Office,592 Huels Light,6206663744,03182026045656522,Success,
14007,Office,30222 Murray Meadows,6394102305,03182026045656522,Success,
1667,Office,64494 Jarrell Points,9806603458,03182026045656522,Success,
14007,Office,93419 Anastasia Passage,1838252224,03182026045656522,Success,
1667,Office,414 Dina Ways,5611240515,03182026045656522,Success,
14007,Office,9842 The Chase,1837909125,03182026045656522,Success,
1667,Office,82232 Jaskolski Orchard,9632004586,03182026045656522,Success,
14007,Office,4426 Jailyn Path,4688786318,03182026045656522,Success,
1667,Office,194 Will Manor,2252112966,03182026045656522,Success,
14007,Office,10890 Lynch Stream,3926355634,03182026045656522,Success,
1667,Office,91193 Jaskolski Corners,7468784668,03182026045656522,Success,
14007,Office,2986 Xavier Way,2220542489,03182026045656522,Success,
1667,Office,28165 Church Road,5121015093,03182026045656522,Success,
14007,Office,48397 Spring Street,4139811697,03182026045656522,Success,
1667,Office,9157 Birch Road,2997065776,03182026045656522,Success,
14007,Office,351 Bauch Islands,6236946519,03182026045656522,Success,
1667,Office,99389 Labadie Ways,8365302588,03182026045656522,Success,
14007,Office,147 McKenzie Vista,8332670269,03182026045656522,Success,
1667,Office,8581 Jubilee Close,7351858323,03182026045656522,Success,
14007,Office,8877 Carter Square,3797482191,03182026045656522,Success,
1667,Office,219 Collier Falls,3831188390,03182026045656522,Success,
14007,Office,50237 Walter Parkways,1362211151,03182026045656522,Success,
1667,Office,5163 Church View,3504402917,03182026045656522,Success,
14007,Office,406 Rath Spurs,1227370631,03182026045656522,Success,
1667,Office,8400 Kira River,8093959759,03182026045656522,Success,
14007,Office,203 College Avenue,6878612789,03182026045656522,Success,
1667,Office,9444 Mulberry Street,6069718758,03182026045656522,Success,
14007,Office,9216 Emmanuelle Circle,4393216578,03182026045656522,Success,
1667,Office,54716 Anastasia Causeway,5816037791,03182026045656522,Success,
14007,Office,765 Pinfold Lane,6208946278,03182026045656522,Success,
1667,Office,39110 W 11th Street,3536420576,03182026045656522,Success,
14007,Office,34645 Newton Road,5216867164,03182026045656522,Success,
1667,Office,16865 Fadel Loop,6776732287,03182026045656522,Success,
14007,Office,5473 Main Avenue,7446342823,03182026045656522,Success,
1667,Office,8076 Cassie Road,1274064493,03182026045656522,Success,
14007,Office,876 Beahan Road,1095761724,03182026045656522,Success,
1667,Office,58297 Brando Skyway,7646128762,03182026045656522,Success,
14007,Office,400 Powlowski Island,3649743633,03182026045656522,Success,
1667,Office,16853 W Main,9967606928,03182026045656522,Success,
14007,Office,9293 Court Street,1394867120,03182026045656522,Success,
1667,Office,739 Effertz Plaza,4740577401,03182026045656522,Success,
14007,Office,84349 Madge Loop,1166204068,03182026045656522,Success,
1667,Office,96772 Lebsack Burgs,3627742907,03182026045656522,Success,
14007,Office,48513 Jarrett Dam,8275749489,03182026045656522,Success,
1667,Office,214 Kreiger Estates,2988146687,03182026045656522,Success,
14007,Office,2869 Low Road,8410796265,03182026045656522,Success,
1667,Office,4392 Lowe Plains,5613084280,03182026045656522,Success,
14007,Office,886 Rice Valleys,6792524045,03182026045656522,Success,
1667,Office,1965 West Points,4274140372,03182026045656522,Success,
14007,Office,2971 Malinda Crest,8759502967,03182026045656522,Success,
1667,Office,788 N Elm Street,2468188536,03182026045656522,Success,
14007,Office,43949 Maple Street,8055768012,03182026045656522,Success,
1667,Office,52783 Friedrich Crescent,5293962775,03182026045656522,Success,
14007,Office,747 Washington Street,6742761324,03182026045656522,Success,
1667,Office,830 Lyda Overpass,5911295876,03182026045656522,Success,
14007,Office,86380 Newell Light,7948698761,03182026045656522,Success,
1667,Office,1701 Erdman Village,2990342081,03182026045656522,Success,
14007,Office,447 Klein Alley,5689637228,03182026045656522,Success,
1667,Office,6492 Dax Lights,5447142817,03182026045656522,Success,
14007,Office,75561 Hickory Street,4897010536,03182026045656522,Success,
1667,Office,301 Grange Road,5757286551,03182026045656522,Success,
14007,Office,725 W Center Street,9437010170,03182026045656522,Success,
1667,Office,7532 Weber Parkway,4217847087,03182026045656522,Success,
14007,Office,765 Doug Loaf,3531607618,03182026045656522,Success,
1667,Office,83619 Buck Rue,2838386859,03182026045656522,Success,
14007,Office,74833 Beahan Ranch,5920185714,03182026045656522,Success,
1667,Office,404 Parisian Junctions,8016257010,03182026045656522,Success,
14007,Office,61021 Hodkiewicz Cliffs,2134252860,03182026045656522,Success,
1667,Office,9776 Rectory Lane,3960455059,03182026045656522,Success,
14007,Office,457 Nina Extension,2295562465,03182026045656522,Success,
1667,Office,8022 Martin Luther King Jr Boulevard,3458727039,03182026045656522,Success,
14007,Office,498 E Washington Avenue,6859371317,03182026045656522,Success,
1667,Office,232 Lesch Unions,1612556505,03182026045656522,Success,
14007,Office,89607 Howard Road,2337882633,03182026045656522,Success,
1667,Office,271 McDermott Stravenue,7630006439,03182026045656522,Success,
14007,Office,636 Dickinson Trail,4551755819,03182026045656522,Success,
1667,Office,56699 Brakus Brook,9339097905,03182026045656522,Success,
14007,Office,282 Lodge Close,6627930420,03182026045656522,Success,
1667,Office,64478 E 5th Street,9050585423,03182026045656522,Success,
14007,Office,276 Weber Canyon,5105381091,03182026045656522,Success,
1667,Office,50860 Brody Ridge,6731187151,03182026045656522,Success,
14007,Office,1094 Mill Lane,7964218880,03182026045656522,Success,
1667,Office,65419 Raul Rest,3358909547,03182026045656522,Success,
14007,Office,8633 Haag View,4420770818,03182026045656522,Success,
1667,Office,7404 Alison Divide,4894402172,03182026045656522,Success,
14007,Office,11582 Woodlands Close,3916053906,03182026045656522,Success,
1667,Office,36363 Church Lane,5325190823,03182026045656522,Success,
14007,Office,722 The Woodlands,4880270769,03182026045656522,Success,
1667,Office,9175 Barrows Unions,6331797257,03182026045656522,Success,
14007,Office,5474 S Broad Street,8383963249,03182026045656522,Success,
1667,Office,3007 Airport Road,8616223622,03182026045656522,Success,
14007,Office,837 Torphy Rapids,7279765730,03182026045656522,Success,
1667,Office,18435 S 14th Street,2829839597,03182026045656522,Success,
14007,Office,46358 Woodland Road,5905559801,03182026045656522,Success,
1667,Office,5752 Reinger Ford,7211058532,03182026045656522,Success,
14007,Office,6096 Hill Road,6235237611,03182026045656522,Success,
1667,Office,54557 Hayden Gateway,1310234295,03182026045656522,Success,
14007,Office,91715 Clark Walk,1042047624,03182026045656522,Success,
1667,Office,343 Vine Street,6569567655,03182026045656522,Success,
14007,Office,725 Sauer Harbor,9440884144,03182026045656522,Success,
1667,Office,729 N 8th Street,4043389430,03182026045656522,Success,
14007,Office,980 Watsica Ramp,3202858291,03182026045656522,Success,
1667,Office,1910 Ferry Walks,8309072396,03182026045656522,Success,
14007,Office,9314 Gleason Land,3800555806,03182026045656522,Success,
1667,Office,30761 Claudie Forges,5039628397,03182026045656522,Success,
14007,Office,704 Littel Summit,1106918944,03182026045656522,Success,
1667,Office,9887 Ritchie Place,7076970401,03182026045656522,Success,
14007,Office,9510 Batz Circle,5350044268,03182026045656522,Success,
1667,Office,9709 Howell Burg,1215851638,03182026045656522,Success,
14007,Office,5384 W Maple Street,1558873194,03182026045656522,Success,
1667,Office,865 Cronin Key,4793992076,03182026045656522,Success,
14007,Office,42588 Sandringham Road,7059796779,03182026045656522,Success,
1667,Office,158 S Chestnut Street,6757782732,03182026045656522,Success,
14007,Office,251 Goldner Trail,4847305637,03182026045656522,Success,
1667,Office,64874 Schowalter Courts,8947334709,03182026045656522,Success,
14007,Office,8903 Main Avenue,3235695832,03182026045656522,Success,
1667,Office,921 Mill Lane,2815442968,03182026045656522,Success,
14007,Office,954 Adams Bridge,9590495921,03182026045656522,Success,
1667,Office,1202 Johns Rapid,4621487242,03182026045656522,Success,
14007,Office,8411 Friesen Curve,4027696107,03182026045656522,Success,
1667,Office,60404 Daugherty Camp,8287169181,03182026045656522,Success,
14007,Office,502 S State Street,6132069512,03182026045656522,Success,
1667,Office,5810 Sister Heights,1030504006,03182026045656522,Success,
14007,Office,73775 Lindsay Villages,8351456561,03182026045656522,Success,
1667,Office,89841 Abshire Rue,5664555442,03182026045656522,Success,
14007,Office,598 Kestrel Close,3252806721,03182026045656522,Success,
1667,Office,1457 Bode Gateway,1350116805,03182026045656522,Success,
14007,Office,8341 Runte Ville,9651289629,03182026045656522,Success,
1667,Office,242 Graciela Way,5110875590,03182026045656522,Success,
14007,Office,95329 The Mews,4569410295,03182026045656522,Success,
1667,Office,34388 Princess Street,6433052654,03182026045656522,Success,
14007,Office,476 Rowan Ford,5583735396,03182026045656522,Success,
1667,Office,463 Sandy Lane,6336364960,03182026045656522,Success,
14007,Office,8368 First Street,7887518185,03182026045656522,Success,
1667,Office,67345 Merl Ridge,9753111991,03182026045656522,Success,
14007,Office,3192 N Cedar Street,9720478856,03182026045656522,Success,
1667,Office,264 St John's Road,7665683283,03182026045656522,Success,
14007,Office,86882 McDermott Viaduct,4883262575,03182026045656522,Success,
1667,Office,12171 Elton Rapid,5167067947,03182026045656522,Success,
14007,Office,50827 N Railroad Street,2151970840,03182026045656522,Success,
1667,Office,434 Oak Avenue,4198223226,03182026045656522,Success,
14007,Office,69619 Rempel Forges,8822186863,03182026045656522,Success,
1667,Office,95373 Asia Fields,4624233086,03182026045656522,Success,
14007,Office,6718 Elm Street,6693623527,03182026045656522,Success,
1667,Office,22176 Grange Avenue,2383904364,03182026045656522,Success,
14007,Office,2811 Oak Road,3967758923,03182026045656522,Success,
1667,Office,3096 Hamill Circles,9333786724,03182026045656522,Success,
14007,Office,5709 Lemke Ramp,5846910859,03182026045656522,Success,
1667,Office,72309 Waters Drive,6130326140,03182026045656522,Success,
14007,Office,61791 Bartell Orchard,6580292257,03182026045656522,Success,
1667,Office,6101 Aurelia Trace,9734835968,03182026045656522,Success,
14007,Office,54866 Hintz Lodge,5093914425,03182026045656522,Success,
1667,Office,634 Kunze Mountain,3086242291,03182026045656522,Success,
14007,Office,577 W High Street,6139964628,03182026045656522,Success,
1667,Office,40743 Moor Lane,3617481047,03182026045656522,Success,
14007,Office,6711 N 8th Street,9630534075,03182026045656522,Success,
1667,Office,2244 Rosetta Station,7823406191,03182026045656522,Success,
14007,Office,39903 Haag Via,2851763929,03182026045656522,Success,
1667,Office,660 Lowe Circles,4525448211,03182026045656522,Success,
14007,Office,66444 Pagac Light,4393803642,03182026045656522,Success,
1667,Office,7668 Lori Viaduct,5918071000,03182026045656522,Success,
14007,Office,980 Central Avenue,9224260624,03182026045656522,Success,
1667,Office,4453 Lueilwitz Valley,9414835494,03182026045656522,Success,
14007,Office,32566 Parisian Ville,2168090481,03182026045656522,Success,
1667,Office,94385 Myrl Court,6036789550,03182026045656522,Success,
14007,Office,7987 Erdman Loop,3091566391,03182026045656522,Success,
1667,Office,749 Art Meadows,1588055160,03182026045656522,Success,
14007,Office,8525 Lansdowne Road,5494011881,03182026045656522,Success,
1667,Office,29066 Crescent Road,3293993737,03182026045656522,Success,
14007,Office,5581 Woodland Road,9387102919,03182026045656522,Success,
1667,Office,6175 Volkman Groves,6391656409,03182026045656522,Success,
14007,Office,401 Grove Street,6803774278,03182026045656522,Success,
1667,Office,577 Devonshire Road,4952208586,03182026045656522,Success,
14007,Office,110 Lebsack Hollow,7778948411,03182026045656522,Success,
1667,Office,5830 Manor Way,3753746780,03182026045656522,Success,
14007,Office,7438 Zita Freeway,7107009463,03182026045656522,Success,
1667,Office,738 Westfield Road,1744956127,03182026045656522,Success,
14007,Office,945 Flatley Grove,2139626717,03182026045656522,Success,
1667,Office,4279 Doyle Mountain,4620698934,03182026045656522,Success,
14007,Office,34768 Altenwerth Ford,4772495726,03182026045656522,Success,
1667,Office,340 Jalen Extensions,9462802077,03182026045656522,Success,
14007,Office,136 Kertzmann Curve,5884331412,03182026045656522,Success,
1667,Office,97658 Zion Villages,6355669162,03182026045656522,Success,
14007,Office,83008 Medhurst Circle,6820286761,03182026045656522,Success,
1667,Office,802 Turcotte Unions,7176235482,03182026045656522,Success,
14007,Office,1281 Myrtle Alley,1860792761,03182026045656522,Success,
1667,Office,3708 Maegan Pass,5638143296,03182026045656522,Success,
14007,Office,205 Gerson Forge,7999681920,03182026045656522,Success,
1667,Office,305 Dooley Islands,8345580926,03182026045656522,Success,
14007,Office,66291 Meadow Close,6232955478,03182026045656522,Success,
1667,Office,24318 Common Lane,2953872800,03182026045656522,Success,
14007,Office,1580 Kaela Drive,7890177201,03182026045656522,Success,
1667,Office,361 S 8th Street,8352938319,03182026045656522,Success,
14007,Office,63834 Lakin Overpass,8068481077,03182026045656522,Success,
1667,Office,543 Chapel Hill,7523267190,03182026045656522,Success,
14007,Office,112 Creola Coves,3406589327,03182026045656522,Success,
1667,Office,83425 Sylvia Manors,9328621237,03182026045656522,Success,
14007,Office,17204 W Broadway Street,3729373968,03182026045656522,Success,
1667,Office,886 Homenick Mount,6778822678,03182026045656522,Success,
14007,Office,847 Kessler Row,9764343233,03182026045656522,Success,
1667,Office,7258 W Franklin Street,8046337315,03182026045656522,Success,
14007,Office,65902 Hamill Trail,5934106368,03182026045656522,Success,
1667,Office,9420 Tyra Villages,5610767026,03182026045656522,Success,
14007,Office,94995 Kaela Lodge,9915062969,03182026045656522,Success,
1667,Office,962 Harber Cliff,2781861568,03182026045656522,Success,
14007,Office,3325 8th Street,2535714316,03182026045656522,Success,
1667,Office,178 Hillside,6929244153,03182026045656522,Success,
14007,Office,4798 Raquel Forest,9326826210,03182026045656522,Success,
1667,Office,705 Murazik Underpass,3304855667,03182026045656522,Success,
14007,Office,33584 St Mary's Road,9602605704,03182026045656522,Success,
1667,Office,73696 N Main,2943940922,03182026045656522,Success,
14007,Office,745 Erdman Summit,6605883890,03182026045656522,Success,
1667,Office,927 W 4th Street,8138381275,03182026045656522,Success,
14007,Office,2749 High Street,7879416134,03182026045656522,Success,
1667,Office,97314 15th Street,8264091068,03182026045656522,Success,
14007,Office,80526 Broadway Avenue,6498302709,03182026045656522,Success,
1667,Office,264 Treutel Points,7014667742,03182026045656522,Success,
14007,Office,933 Bradtke Throughway,6683214165,03182026045656522,Success,
1667,Office,28495 Mill Lane,1362890939,03182026045656522,Success,
14007,Office,3775 15th Street,8144069325,03182026045656522,Success,
1667,Office,38996 Union Street,5527095029,03182026045656522,Success,
14007,Office,269 Mraz Walks,2652441582,03182026045656522,Success,
1667,Office,4623 Santa Greens,3599248203,03182026045656522,Success,
14007,Office,1300 E State Street,1618091323,03182026045656522,Success,
1667,Office,893 N 1st Street,4221145934,03182026045656522,Success,
14007,Office,963 Lakin Neck,2350382580,03182026045656522,Success,
1667,Office,234 Clifton Road,5877666403,03182026045656522,Success,
14007,Office,7832 Willow Grove,1361253206,03182026045656522,Success,
1667,Office,6199 Park Place,3471719362,03182026045656522,Success,
14007,Office,7275 Roy Summit,6238917472,03182026045656522,Success,
1667,Office,14140 East Road,1371054411,03182026045656522,Success,
14007,Office,7403 Joana Drive,6613063045,03182026045656522,Success,
1667,Office,417 Lesch Plaza,7894655893,03182026045656522,Success,
14007,Office,581 Hayden Forks,8693607220,03182026045656522,Success,
1667,Office,8493 Willms Key,8304336363,03182026045656522,Success,
14007,Office,73366 Jada Falls,3154625371,03182026045656522,Success,
1667,Office,8420 Allan Shoals,4334054838,03182026045656522,Success,
14007,Office,982 Stan Heights,2137022807,03182026045656522,Success,
1667,Office,53410 Columbia Avenue,5762472998,03182026045656522,Success,
14007,Office,766 North Avenue,8682670912,03182026045656522,Success,
1667,Office,319 Nikolaus Walks,9339296154,03182026045656522,Success,
14007,Office,86008 Lake Road,8399772164,03182026045656522,Success,
1667,Office,687 Nitzsche Club,5646748592,03182026045656522,Success,
14007,Office,718 West Glen,9219140266,03182026045656522,Success,
1667,Office,7951 Coronation Avenue,5421763618,03182026045656522,Success,
14007,Office,5041 Lansdowne Road,5035583851,03182026045656522,Success,
1667,Office,22883 Torphy Tunnel,3796945333,03182026045656522,Success,
14007,Office,4355 E 5th Street,2398351217,03182026045656522,Success,
1667,Office,965 Hillside Road,8785410378,03182026045656522,Success,
14007,Office,158 Ricardo Field,3382874385,03182026045656522,Success,
1667,Office,537 Emmanuel Unions,6059287538,03182026045656522,Success,
14007,Office,856 Vicente Stream,8468614224,03182026045656522,Success,
1667,Office,510 Western Road,5823943401,03182026045656522,Success,
14007,Office,9791 Waylon Key,2789910269,03182026045656522,Success,
1667,Office,87032 Salvatore Underpass,6610730313,03182026045656522,Success,
14007,Office,8774 Dickens Shores,8282849218,03182026045656522,Success,
1667,Office,42850 Denesik Locks,5471686505,03182026045656522,Success,
14007,Office,135 Schmidt Radial,2933427239,03182026045656522,Success,
1667,Office,131 Gustave Harbors,4250648035,03182026045656522,Success,
14007,Office,773 Ernser Groves,6968668945,03182026045656522,Success,
1667,Office,8795 Kertzmann Hills,7053738886,03182026045656522,Success,
14007,Office,1442 Kiera Extensions,2505878164,03182026045656522,Success,
1667,Office,727 Pfeffer Green,2914900017,03182026045656522,Success,
14007,Office,50980 Pound Lane,2494067193,03182026045656522,Success,
1667,Office,246 Beahan Club,2347623197,03182026045656522,Success,
14007,Office,8427 Barton Junctions,8997283713,03182026045656522,Success,
1667,Office,21238 Milo Manor,7637692733,03182026045656522,Success,
14007,Office,4523 Josiane Parkways,6970476024,03182026045656522,Success,
1667,Office,54950 Schneider Port,5705212654,03182026045656522,Success,
14007,Office,664 McCullough Curve,7074391871,03182026045656522,Success,
1667,Office,241 Feest Center,5885658075,03182026045656522,Success,
14007,Office,63159 Howe Gateway,7992793396,03182026045656522,Success,
1667,Office,4268 Corwin Point,2900879376,03182026045656522,Success,
14007,Office,39583 Felicita Burg,6845215983,03182026045656522,Success,
1667,Office,30106 Vada Cove,1019547779,03182026045656522,Success,
14007,Office,394 Gleason Port,8747773592,03182026045656522,Success,
1667,Office,58084 Runolfsson Circle,9689631305,03182026045656522,Success,
14007,Office,3114 Veum Ports,1445621064,03182026045656522,Success,
1667,Office,412 Huels Walk,2313822348,03182026045656522,Success,
14007,Office,342 Kestrel Close,9594204072,03182026045656522,Success,
1667,Office,3506 Weissnat Hollow,1320436760,03182026045656522,Success,
14007,Office,570 Araceli Keys,9725403727,03182026045656522,Success,
1667,Office,697 Rosanna Branch,8392655317,03182026045656522,Success,
14007,Office,8905 College Avenue,1198066706,03182026045656522,Success,
1667,Office,26837 Lime Grove,2999871283,03182026045656522,Success,
14007,Office,9251 Frami Villages,2844241411,03182026045656522,Success,
1667,Office,8139 Kyler Brooks,6916558271,03182026045656522,Success,
14007,Office,7157 Russel Brook,6059057273,03182026045656522,Success,
1667,Office,31187 Brook Lane,1158084683,03182026045656522,Success,
14007,Office,78510 Somerset Road,1151363113,03182026045656522,Success,
1667,Office,80297 Cronin Wells,3645462194,03182026045656522,Success,
14007,Office,963 Jett Cliff,9108762791,03182026045656522,Success,
1667,Office,78526 Elda Throughway,7131749163,03182026045656522,Success,
14007,Office,6257 Windmill Close,1408308719,03182026045656522,Success,
1667,Office,9774 Nyah Parkway,1144650220,03182026045656522,Success,
14007,Office,70814 Lane Park,2970073995,03182026045656522,Success,
1667,Office,268 Mill Lane,1739491105,03182026045656522,Success,
14007,Office,94493 Julian Oval,9503938215,03182026045656522,Success,
1667,Office,73579 Lilla Village,7736945726,03182026045656522,Success,
14007,Office,9110 Rice Camp,7079671566,03182026045656522,Success,
1667,Office,3118 N 8th Street,3140181277,03182026045656522,Success,
14007,Office,520 Sophie Mission,7306787601,03182026045656522,Success,
1667,Office,112 Derby Road,9213424225,03182026045656522,Success,
14007,Office,4379 Kenny Burg,5062324838,03182026045656522,Success,
1667,Office,76691 DuBuque Fords,5108261692,03182026045656522,Success,
14007,Office,67478 Rylan Pine,9192661017,03182026045656522,Success,
1667,Office,41256 Alanis Plains,7342202961,03182026045656522,Success,
14007,Office,644 Lonny Mission,1925878606,03182026045656522,Success,
1667,Office,798 Vicarage Lane,9884268345,03182026045656522,Success,
14007,Office,958 W Broadway,3057253556,03182026045656522,Success,
1667,Office,8307 W Washington Street,5491523356,03182026045656522,Success,
14007,Office,554 Bode Ridges,9485072461,03182026045656522,Success,
1667,Office,69235 Rutherford Drives,5741731178,03182026045656522,Success,
14007,Office,3977 Walter Underpass,7079394424,03182026045656522,Success,
1667,Office,25219 Center Road,9297448487,03182026045656522,Success,
14007,Office,6369 Aufderhar Circle,1919040270,03182026045656522,Success,
1667,Office,9231 Holden Walk,7831929854,03182026045656522,Success,
14007,Office,351 Pagac Landing,8476932742,03182026045656522,Success,
1667,Office,8200 Cow Lane,4986186678,03182026045656522,Success,
14007,Office,4751 Antonio Key,3984052413,03182026045656522,Success,
1667,Office,97563 Eriberto Knoll,2393347373,03182026045656522,Success,
14007,Office,783 Casper Track,1725327799,03182026045656522,Success,
1667,Office,713 Laurence Courts,8851013227,03182026045656522,Success,
14007,Office,53523 Hosea Extension,3952422066,03182026045656522,Success,
1667,Office,7844 Gennaro Plains,6958904351,03182026045656522,Success,
14007,Office,834 Franecki Creek,7473254521,03182026045656522,Success,
1667,Office,55876 Boehm Heights,7595860319,03182026045656522,Success,
14007,Office,199 Emely Landing,4743451294,03182026045656522,Success,
1667,Office,1853 Bradtke Prairie,4384053100,03182026045656522,Success,
14007,Office,9401 Vine Street,5366015322,03182026045656522,Success,
1667,Office,7027 Jackson Street,6492468642,03182026045656522,Success,
14007,Office,6844 Reichel Mount,3884495899,03182026045656522,Success,
1667,Office,1941 Mante Bridge,4067637006,03182026045656522,Success,
14007,Office,849 Meadow Close,3489933152,03182026045656522,Success,
1667,Office,71445 Klein Field,3718841887,03182026045656522,Success,
14007,Office,29840 Willms Route,3250057917,03182026045656522,Success,
1667,Office,859 Haag Green,9726659461,03182026045656522,Success,
14007,Office,56881 Belmont Road,9671882370,03182026045656522,Success,
1667,Office,51136 Michel Union,9513828703,03182026045656522,Success,
14007,Office,16552 High Street,9801261797,03182026045656522,Success,
1667,Office,96833 Main Street N,3476169672,03182026045656522,Success,
14007,Office,866 Wilma Field,8288871297,03182026045656522,Success,
1667,Office,92055 Cambridge Street,6807311658,03182026045656522,Success,
14007,Office,7471 Gorczany Isle,5862953672,03182026045656522,Success,
1667,Office,323 West Avenue,8650041263,03182026045656522,Success,
14007,Office,3271 Cartwright Ville,9577558568,03182026045656522,Success,
1667,Office,6863 Adalberto Union,7013036946,03182026045656522,Success,
14007,Office,607 Dallin Underpass,5785414555,03182026045656522,Success,
1667,Office,665 N Front Street,2964638431,03182026045656522,Success,
14007,Office,743 First Street,2156480994,03182026045656522,Success,
1667,Office,20931 Mattie Course,4456763385,03182026045656522,Success,
14007,Office,26139 Alta Knoll,7819000340,03182026045656522,Success,
1667,Office,51934 Hammes Curve,9008512273,03182026045656522,Success,
14007,Office,1203 Kareem Inlet,5839086440,03182026045656522,Success,
1667,Office,476 Spencer Fall,9490576259,03182026045656522,Success,
14007,Office,277 Cow Lane,5685753706,03182026045656522,Success,
1667,Office,58532 Garden Street,8387820783,03182026045656522,Success,
14007,Office,88181 Logan Tunnel,7081066927,03182026045656522,Success,
1667,Office,48347 David Centers,7736662310,03182026045656522,Success,
14007,Office,259 Doyle Track,1698333190,03182026045656522,Success,
1667,Office,147 Balmoral Road,7928251734,03182026045656522,Success,
14007,Office,126 Max Falls,1819125323,03182026045656522,Success,
1667,Office,827 Hassan Locks,4798936600,03182026045656522,Success,
14007,Office,8296 Glen Avenue,3016127431,03182026045656522,Success,
1667,Office,10185 Vincenza Corners,4795907578,03182026045656522,Success,
14007,Office,450 Stiedemann Unions,4523119606,03182026045656522,Success,
1667,Office,79063 Daryl Overpass,1773316134,03182026045656522,Success,
14007,Office,682 Annie Crossroad,3566828247,03182026045656522,Success,
1667,Office,48876 The Sidings,1214179334,03182026045656522,Success,
14007,Office,496 Wren Close,1050079211,03182026045656522,Success,
1667,Office,531 Susana Square,8498310520,03182026045656522,Success,
14007,Office,60506 Oak Road,2115215134,03182026045656522,Success,
1667,Office,6190 Rebeca Alley,4138147071,03182026045656522,Success,
14007,Office,55929 Sincere Camp,2073865792,03182026045656522,Success,
1667,Office,33785 Donnelly Grove,6530736576,03182026045656522,Success,
14007,Office,439 Cliff Road,3589359878,03182026045656522,Success,
1667,Office,7842 Felipa Loop,5065894045,03182026045656522,Success,
14007,Office,7828 S 9th Street,2708995118,03182026045656522,Success,
1667,Office,82435 East Street,7766935508,03182026045656522,Success,
14007,Office,34138 Clark Street,2883915855,03182026045656522,Success,
1667,Office,5350 W 2nd Street,9406482545,03182026045656522,Success,
14007,Office,1873 Marques Island,6725435699,03182026045656522,Success,
1667,Office,7736 Hegmann Path,4926552127,03182026045656522,Success,
14007,Office,425 Einar Groves,2763033742,03182026045656522,Success,
1667,Office,129 Annamae Flats,8214371859,03182026045656522,Success,
14007,Office,76115 Davis Street,9715058946,03182026045656522,Success,
1667,Office,3644 Emery Meadow,1909112155,03182026045656522,Success,
14007,Office,29144 Kingsway,5009037885,03182026045656522,Success,
1667,Office,157 W Central Avenue,2284204388,03182026045656522,Success,
14007,Office,2958 Freddie Meadow,2560703574,03182026045656522,Success,
1667,Office,42088 Nikolaus Drives,3744367257,03182026045656522,Success,
14007,Office,7871 Balmoral Road,8369372333,03182026045656522,Success,
1667,Office,824 Fahey Knolls,6614701452,03182026045656522,Success,
14007,Office,8058 Cedar Grove,6440998572,03182026045656522,Success,
1667,Office,911 Reynold Springs,8446116559,03182026045656522,Success,
14007,Office,9318 Schmidt Garden,4677011474,03182026045656522,Success,
1667,Office,563 Omer Lodge,1213903162,03182026045656522,Success,
14007,Office,53301 Pasquale Fall,4225266660,03182026045656522,Success,
1667,Office,354 Aiden Pines,1129255706,03182026045656522,Success,
14007,Office,38739 Dooley Tunnel,3129004439,03182026045656522,Success,
1667,Office,2199 Aditya Shoal,2865011673,03182026045656522,Success,
14007,Office,49463 Doyle Creek,3937844930,03182026045656522,Success,
1667,Office,8068 Burley Parkway,8615250202,03182026045656522,Success,
14007,Office,605 Dietrich Keys,1243957961,03182026045656522,Success,
1667,Office,96138 Harber Ford,8589995246,03182026045656522,Success,
14007,Office,7728 Boyle Cliff,2737022575,03182026045656522,Success,
1667,Office,1646 Kirlin Avenue,5923523232,03182026045656522,Success,
14007,Office,48104 Dicki Knoll,2438411098,03182026045656522,Success,
1667,Office,957 Matteo Alley,9034184042,03182026045656522,Success,
14007,Office,2081 Hill Street,6019724708,03182026045656522,Success,
1667,Office,179 Mann Curve,7275758055,03182026045656522,Success,
14007,Office,5276 Alisa Pines,3556755205,03182026045656522,Success,
1667,Office,4326 Buckingham Road,8549286404,03182026045656522,Success,
14007,Office,23860 Marlborough Road,2681807173,03182026045656522,Success,
1667,Office,613 Johanna Crescent,7700613724,03182026045656522,Success,
14007,Office,642 Church Road,3447495886,03182026045656522,Success,
1667,Office,943 Tremaine Haven,9343937443,03182026045656522,Success,
14007,Office,1429 Ashly Point,3136400975,03182026045656522,Success,
1667,Office,3861 Royce Orchard,2318142303,03182026045656522,Success,
14007,Office,952 Kaya Freeway,9290631048,03182026045656522,Success,
1667,Office,453 Janelle Ville,7468803174,03182026045656522,Success,
14007,Office,51550 Somerset Road,2888078599,03182026045656522,Success,
1667,Office,71009 Dare Hills,4875427480,03182026045656522,Success,
14007,Office,86891 Shania Unions,5032261722,03182026045656522,Success,
1667,Office,4585 Cow Lane,8411898155,03182026045656522,Success,
14007,Office,1099 Sydney Crossing,1170849957,03182026045656522,Success,
1667,Office,448 Durward Circle,4680044582,03182026045656522,Success,
14007,Office,8861 Lubowitz Light,1690665156,03182026045656522,Success,
1667,Office,21130 Bradtke Knolls,4718748081,03182026045656522,Success,
14007,Office,699 North Lane,4614981098,03182026045656522,Success,
1667,Office,943 Kingsway,6060476671,03182026045656522,Success,
14007,Office,79023 Hammes Wall,5033568176,03182026045656522,Success,
1667,Office,28467 Hilll Manor,9993077149,03182026045656522,Success,
14007,Office,54667 Bret Points,5453754224,03182026045656522,Success,
1667,Office,4689 Windler Hollow,3854388563,03182026045656522,Success,
14007,Office,121 Alec Mount,5087252710,03182026045656522,Success,
1667,Office,9474 Wehner Stravenue,9694731750,03182026045656522,Success,
14007,Office,21872 Hudson Neck,6206572102,03182026045656522,Success,
1667,Office,596 Wiza Ford,7308076559,03182026045656522,Success,
14007,Office,2870 Legros Forge,8309777067,03182026045656522,Success,
1667,Office,9497 Market Street,2119606822,03182026045656522,Success,
14007,Office,4890 Doug Route,1669167275,03182026045656522,Success,
1667,Office,8061 W Broad Street,8228718131,03182026045656522,Success,
14007,Office,43766 Von Stream,5192870876,03182026045656522,Success,
1667,Office,55003 Dayna Ville,4985625302,03182026045656522,Success,
14007,Office,1665 Swift Hollow,4620561822,03182026045656522,Success,
1667,Office,9946 Hahn Centers,1705726694,03182026045656522,Success,
14007,Office,990 Brekke Streets,8666380950,03182026045656522,Success,
1667,Office,83893 Goyette Via,4981286650,03182026045656522,Success,
14007,Office,35755 Farm Close,2917811608,03182026045656522,Success,
1667,Office,296 N Front Street,3147339586,03182026045656522,Success,
14007,Office,446 Finn Branch,3892685970,03182026045656522,Success,
1667,Office,8900 Cathrine Lake,9353142937,03182026045656522,Success,
14007,Office,1176 The Fairway,4282575357,03182026045656522,Success,
1667,Office,92022 The Ridings,8553568782,03182026045656522,Success,
14007,Office,47594 E Broadway Street,8185796466,03182026045656522,Success,
1667,Office,5810 Mitchell Wells,8027658813,03182026045656522,Success,
14007,Office,814 Minnie Springs,7128139564,03182026045656522,Success,
1667,Office,2933 Novella Rest,5484468523,03182026045656522,Success,
14007,Office,7962 Greenville Road,8838060533,03182026045656522,Success,
1667,Office,161 Chestnut Drive,9276552797,03182026045656522,Success,
14007,Office,76313 State Road,1295443411,03182026045656522,Success,
1667,Office,275 Idella Neck,9247392878,03182026045656522,Success,
14007,Office,833 Aleen Gardens,5633751624,03182026045656522,Success,
1667,Office,21113 Schaefer Ville,1224507457,03182026045656522,Success,
14007,Office,2488 N 8th Street,4518461025,03182026045656522,Success,
1667,Office,297 Nannie Bridge,1984700039,03182026045656522,Success,
14007,Office,47410 Kozey Rue,1230084975,03182026045656522,Success,
1667,Office,15127 Nader Ramp,2618148521,03182026045656522,Success,
14007,Office,6358 Kavon Greens,8418891921,03182026045656522,Success,
1667,Office,717 Renner Points,8358725998,03182026045656522,Success,
14007,Office,24710 Arden Lane,3762466257,03182026045656522,Success,
1667,Office,31715 Schuppe Shore,9171744566,03182026045656522,Success,
14007,Office,27835 Morgan Burgs,4175793819,03182026045656522,Success,
1667,Office,18012 Olson Heights,1059242866,03182026045656522,Success,
14007,Office,5065 Luna Meadow,6248451677,03182026045656522,Success,
1667,Office,157 Angelina Mews,8086425955,03182026045656522,Success,
14007,Office,555 Satterfield Flats,1379290772,03182026045656522,Success,
1667,Office,3286 Heller Causeway,2662799693,03182026045656522,Success,
14007,Office,679 Purdy Well,6093981356,03182026045656522,Success,
1667,Office,993 Arnoldo Lock,1306543447,03182026045656522,Success,
14007,Office,185 Madison Street,1586479875,03182026045656522,Success,
1667,Office,304 Green Street,3920439788,03182026045656522,Success,
14007,Office,2278 Fatima Roads,6786527960,03182026045656522,Success,
1667,Office,892 Floyd Knoll,8462768895,03182026045656522,Success,
14007,Office,31453 McDermott Ridges,4572592924,03182026045656522,Success,
1667,Office,62993 Moore Land,4006845476,03182026045656522,Success,
14007,Office,3556 Gordon Street,4993162181,03182026045656522,Success,
1667,Office,9189 Ethelyn Walk,1433503965,03182026045656522,Success,
14007,Office,69778 Trantow Manors,9733782816,03182026045656522,Success,
1667,Office,60053 White Ways,8681611475,03182026045656522,Success,
14007,Office,134 S 8th Street,1662442069,03182026045656522,Success,
1667,Office,1873 N Washington Avenue,5271004622,03182026045656522,Success,
14007,Office,215 Spencer Cove,3465317349,03182026045656522,Success,
1667,Office,5645 Chanelle Cliffs,3882947972,03182026045656522,Success,
14007,Office,13158 Smith Harbors,6067286025,03182026045656522,Success,
1667,Office,5154 Jaron Run,1340303542,03182026045656522,Success,
14007,Office,850 Rosenbaum Valleys,8218255531,03182026045656522,Success,
1667,Office,17523 Harris Green,1848103921,03182026045656522,Success,
14007,Office,99158 Princes Street,9493121298,03182026045656522,Success,
1667,Office,423 W Franklin Street,8549022598,03182026045656522,Success,
14007,Office,84319 Ali Meadow,2025538683,03182026045656522,Success,
1667,Office,23748 South Avenue,5461669517,03182026045656522,Success,
14007,Office,475 Bayer Ridge,8052975237,03182026045656522,Success,
1667,Office,969 S Center Street,9363585628,03182026045656522,Success,
14007,Office,5313 The Orchard,9423337393,03182026045656522,Success,
1667,Office,90087 Bernhard Mews,8107260778,03182026045656522,Success,
14007,Office,13298 Central Avenue,8457752442,03182026045656522,Success,
1667,Office,47711 Bednar Light,3100031434,03182026045656522,Success,
14007,Office,8413 Doyle Alley,6569997375,03182026045656522,Success,
1667,Office,24346 Nicolas Trail,2337977941,03182026045656522,Success,
14007,Office,191 Deja Highway,8142460845,03182026045656522,Success,
1667,Office,7734 Laury Walk,6610778241,03182026045656522,Success,
14007,Office,48704 Horace Mountain,8705378502,03182026045656522,Success,
1667,Office,6558 Trinity Road,6984117060,03182026045656522,Success,
14007,Office,7222 Third Street,4893941472,03182026045656522,Success,
1667,Office,742 N Park Street,2030329648,03182026045656522,Success,
14007,Office,80364 Chestnut Grove,2569203413,03182026045656522,Success,
1667,Office,41542 Cristina Crossroad,5220139935,03182026045656522,Success,
14007,Office,32224 Emile Rapid,1239619134,03182026045656522,Success,
1667,Office,1731 Wilderman Crescent,9967058563,03182026045656522,Success,
14007,Office,6658 Pine Street,4362834810,03182026045656522,Success,
1667,Office,80688 Kestrel Close,1509568395,03182026045656522,Success,
14007,Office,562 Kelsie Bypass,4549523877,03182026045656522,Success,
1667,Office,809 Anabel Lake,4243658592,03182026045656522,Success,
14007,Office,283 Douglas Road,6594119943,03182026045656522,Success,
1667,Office,90349 Ryley Mall,4180209255,03182026045656522,Success,
14007,Office,72861 Katheryn Glen,8766125635,03182026045656522,Success,
1667,Office,63308 Church Road,7483967673,03182026045656522,Success,
14007,Office,10967 Johnston Mountains,2093273481,03182026045656522,Success,
1667,Office,54481 Columbus Meadow,4870321887,03182026045656522,Success,
14007,Office,1900 Davis Bypass,6395039366,03182026045656522,Success,
1667,Office,611 Wisozk Forges,3181022051,03182026045656522,Success,
14007,Office,8496 The Rise,1532959221,03182026045656522,Success,
1667,Office,1117 Lake Drive,2555310747,03182026045656522,Success,
14007,Office,203 Lexie Crossing,8200800032,03182026045656522,Success,
1667,Office,4398 Luettgen Branch,1120304005,03182026045656522,Success,
14007,Office,91016 Madison Avenue,1629840994,03182026045656522,Success,
1667,Office,912 Hermann Manor,8464319320,03182026045656522,Success,
14007,Office,51000 North Road,4120451642,03182026045656522,Success,
1667,Office,952 Ash Close,7137951459,03182026045656522,Success,
14007,Office,7526 Cormier Center,9022674253,03182026045656522,Success,
1667,Office,744 E 1st Street,1215054496,03182026045656522,Success,
14007,Office,219 Effertz Circles,1063933466,03182026045656522,Success,
1667,Office,580 Emma Well,2455069408,03182026045656522,Success,
14007,Office,526 Castle Street,3609202716,03182026045656522,Success,
1667,Office,81742 Borer Hollow,7580330332,03182026045656522,Success,
14007,Office,764 Nienow Way,4249808613,03182026045656522,Success,
1667,Office,10969 Madison Road,3777157301,03182026045656522,Success,
14007,Office,30677 Korbin Hollow,2251961395,03182026045656522,Success,
1667,Office,270 W Bridge Street,1866278803,03182026045656522,Success,
14007,Office,5923 West Avenue,3525309938,03182026045656522,Success,
1667,Office,916 N Park Street,7511851422,03182026045656522,Success,
14007,Office,6846 Ziemann Park,3878442997,03182026045656522,Success,
1667,Office,72320 S Oak Street,8325150074,03182026045656522,Success,
14007,Office,41140 Rickie Villages,5713641258,03182026045656522,Success,
1667,Office,6482 Jacobs Lights,3573960506,03182026045656522,Success,
14007,Office,443 Graham Mountains,3061692039,03182026045656522,Success,
1667,Office,74033 Wiegand Overpass,1732185478,03182026045656522,Success,
14007,Office,3529 Helena Valleys,5872311661,03182026045656522,Success,
1667,Office,594 Ludie Camp,2543648858,03182026045656522,Success,
14007,Office,32225 Brian Turnpike,9721217610,03182026045656522,Success,
1667,Office,6689 Dion Route,1566884762,03182026045656522,Success,
14007,Office,634 Runolfsson Courts,6679358539,03182026045656522,Success,
1667,Office,3698 Sawayn River,1821188430,03182026045656522,Success,
14007,Office,647 Alfred Plain,9919069411,03182026045656522,Success,
1667,Office,8885 Jayme View,8236507852,03182026045656522,Success,
14007,Office,6681 Windsor Avenue,2801303646,03182026045656522,Success,
1667,Office,560 Abbott Heights,5482592596,03182026045656522,Success,
14007,Office,8649 Glenda Cliff,7642700500,03182026045656522,Success,
1667,Office,77547 N Jackson Street,9888866540,03182026045656522,Success,
14007,Office,948 Gerhold Landing,5996595732,03182026045656522,Success,
1667,Office,5278 Lauren Parkways,1157989051,03182026045656522,Success,
14007,Office,73698 Conn Centers,1694891099,03182026045656522,Success,
1667,Office,3291 N Court Street,7097310373,03182026045656522,Success,
14007,Office,380 Feil Extensions,2671441132,03182026045656522,Success,
1667,Office,3490 Jennings Garden,9506396662,03182026045656522,Success,
14007,Office,65250 Ryan Oval,9011472928,03182026045656522,Success,
1667,Office,39067 Park Place,3401013547,03182026045656522,Success,
14007,Office,6996 6th Street,3892256660,03182026045656522,Success,
1667,Office,67074 Lemke Union,8131624989,03182026045656522,Success,
14007,Office,9523 Milton Mews,1385724024,03182026045656522,Success,
1667,Office,4007 Kraig Way,7594203264,03182026045656522,Success,
14007,Office,842 Walnut Close,7048091867,03182026045656522,Success,
1667,Office,402 Windmill Lane,5199412820,03182026045656522,Success,
14007,Office,69846 E Washington Street,9823781008,03182026045656522,Success,
1667,Office,9688 Robel Branch,2613653234,03182026045656522,Success,
14007,Office,5977 Field Close,3743968990,03182026045656522,Success,
1667,Office,6234 The Causeway,4029883246,03182026045656522,Success,
14007,Office,147 Leslie Mall,6707452838,03182026045656522,Success,
1667,Office,854 W Jefferson Street,9649953355,03182026045656522,Success,
14007,Office,19696 Krajcik Fall,1906920680,03182026045656522,Success,
1667,Office,5674 Tanner Branch,9198246868,03182026045656522,Success,
14007,Office,2195 N Union Street,2857265311,03182026045656522,Success,
1667,Office,987 Juniper Close,8341856421,03182026045656522,Success,
14007,Office,37865 Warren Road,3127795150,03182026045656522,Success,
1667,Office,26765 Chandler Causeway,1688965559,03182026045656522,Success,
14007,Office,52272 Shania Meadows,8605023312,03182026045656522,Success,
1667,Office,54433 W Washington Street,5594348733,03182026045656522,Success,
14007,Office,55263 Jude Dam,7565772373,03182026045656522,Success,
1667,Office,3457 Kyla Dale,2647182270,03182026045656522,Success,
14007,Office,26202 Washington Boulevard,1599227811,03182026045656522,Success,
1667,Office,83913 Joel Meadows,2612517961,03182026045656522,Success,
14007,Office,1201 Bashirian Drive,7656938392,03182026045656522,Success,
1667,Office,603 Wintheiser Creek,6729707047,03182026045656522,Success,
14007,Office,9466 W Bridge Street,2810468354,03182026045656522,Success,
1667,Office,544 Park Drive,4640094691,03182026045656522,Success,
14007,Office,373 Ridge Road,1364179699,03182026045656522,Success,
1667,Office,42032 Oak Avenue,5308502799,03182026045656522,Success,
14007,Office,131 St Mary's Close,8469021333,03182026045656522,Success,
1667,Office,7018 Mandy Springs,8318694032,03182026045656522,Success,
14007,Office,9494 Court Street,8601410024,03182026045656522,Success,
1667,Office,339 Rice Lodge,4455924291,03182026045656522,Success,
14007,Office,1726 McGlynn Via,9226568317,03182026045656522,Success,
1667,Office,87413 Jess Skyway,4084337018,03182026045656522,Success,
14007,Office,6121 Tevin Key,3694231284,03182026045656522,Success,
1667,Office,496 N Bridge Street,7824707584,03182026045656522,Success,
14007,Office,82783 Veterans Memorial Highway,5671702175,03182026045656522,Success,
1667,Office,8723 Maryse Harbor,5391914219,03182026045656522,Success,
14007,Office,553 Lilliana Road,7446273925,03182026045656522,Success,
1667,Office,3911 Yolanda Lake,9277845242,03182026045656522,Success,
14007,Office,9557 Arvid Junctions,1782004973,03182026045656522,Success,
1667,Office,5984 N East Street,7831628342,03182026045656522,Success,
14007,Office,924 Marianne Gateway,7543793666,03182026045656522,Success,
1667,Office,85862 Lilla Radial,5679155018,03182026045656522,Success,
14007,Office,701 Hudson Harbors,5957494603,03182026045656522,Success,
1667,Office,58562 Princess Street,4873548026,03182026045656522,Success,
14007,Office,5911 Dawn Garden,7507580317,03182026045656522,Success,
1667,Office,7898 Bertram Summit,7421277704,03182026045656522,Success,
14007,Office,788 Schneider Drive,6980037576,03182026045656522,Success,
1667,Office,4363 Botsford Gateway,3142863875,03182026045656522,Success,
14007,Office,69749 Josephine Cove,5673496066,03182026045656522,Success,
1667,Office,14948 Queen's Road,9534846010,03182026045656522,Success,
14007,Office,32572 Francisca Rapids,8366466748,03182026045656522,Success,
1667,Office,1299 Minerva Curve,6033664561,03182026045656522,Success,
14007,Office,74561 Marlborough Road,8910800655,03182026045656522,Success,
1667,Office,7141 Stiedemann Coves,9634170156,03182026045656522,Success,
14007,Office,6374 Richmond Vista,4733452136,03182026045656522,Success,
1667,Office,94308 Witting Roads,2661689165,03182026045656522,Success,
14007,Office,7261 Walnut Close,9042224247,03182026045656522,Success,
1667,Office,69515 Wuckert Track,6483146639,03182026045656522,Success,
14007,Office,5383 Zackery Ways,3689690046,03182026045656522,Success,
1667,Office,9752 Hermiston Circle,5453308008,03182026045656522,Success,
14007,Office,4129 Regan Cove,6963118327,03182026045656522,Success,
1667,Office,4127 Ash Grove,6410135780,03182026045656522,Success,
14007,Office,5520 Daniel Haven,9781976393,03182026045656522,Success,
1667,Office,970 Jones Hollow,4628775718,03182026045656522,Success,
14007,Office,69254 Stoltenberg Ford,9030592262,03182026045656522,Success,
1667,Office,53334 S Bridge Street,4247010729,03182026045656522,Success,
14007,Office,945 Mafalda Drive,7981108511,03182026045656522,Success,
1667,Office,7781 Bode Trace,5361839571,03182026045656522,Success,
14007,Office,15244 Stoney Lane,6933477777,03182026045656522,Success,
1667,Office,552 College Avenue,4146733556,03182026045656522,Success,
14007,Office,37538 S Broad Street,4423988654,03182026045656522,Success,
1667,Office,25331 McLaughlin Parkways,7670882014,03182026045656522,Success,
14007,Office,7490 Schamberger Trail,5488020562,03182026045656522,Success,
1667,Office,8936 Brekke Crest,6495053273,03182026045656522,Success,
14007,Office,858 Callie Cliff,8377804089,03182026045656522,Success,
1667,Office,742 Smith Coves,8027059846,03182026045656522,Success,
14007,Office,46018 Jensen Run,9632289412,03182026045656522,Success,
1667,Office,1799 Wendy Fork,1176478156,03182026045656522,Success,
14007,Office,238 Windermere Road,5814172899,03182026045656522,Success,
1667,Office,488 Lee Street,6896862888,03182026045656522,Success,
14007,Office,974 Murazik Gateway,9570285561,03182026045656522,Success,
1667,Office,459 Lake Road,2986371288,03182026045656522,Success,
14007,Office,61801 German Oval,4376782313,03182026045656522,Success,
1667,Office,4714 Simonis Green,1277591635,03182026045656522,Success,
14007,Office,60670 15th Street,3465895228,03182026045656522,Success,
1667,Office,753 W Washington Street,8022822894,03182026045656522,Success,
14007,Office,344 Eriberto Radial,5101505385,03182026045656522,Success,
1667,Office,6381 Arianna Path,1090923774,03182026045656522,Success,
14007,Office,814 Burley Walks,2129086521,03182026045656522,Success,
1667,Office,2072 Main Street S,4472470820,03182026045656522,Success,
14007,Office,88844 Parker Curve,1297988556,03182026045656522,Success,
1667,Office,76605 W Chestnut Street,9129228696,03182026045656522,Success,
14007,Office,61745 Hahn Village,5764392471,03182026045656522,Success,
1667,Office,8212 Albert Road,4193123845,03182026045656522,Success,
14007,Office,69182 Monserrat Trace,8805103163,03182026045656522,Success,
1667,Office,680 Tudor Close,8557953175,03182026045656522,Success,
14007,Office,517 The Beeches,8761562732,03182026045656522,Success,
1667,Office,5141 Lillie Trafficway,2114733924,03182026045656522,Success,
14007,Office,78707 Hoeger Centers,9187375882,03182026045656522,Success,
1667,Office,43606 Kris Field,3683944048,03182026045656522,Success,
14007,Office,42969 N 8th Street,3961520259,03182026045656522,Success,
1667,Office,3717 W 10th Street,6236355003,03182026045656522,Success,
14007,Office,180 Mitchell Orchard,4526522343,03182026045656522,Success,
1667,Office,676 Hipolito Wells,4569204902,03182026045656522,Success,
14007,Office,9371 Railroad Street,7122689737,03182026045656522,Success,
1667,Office,417 St Andrew's Road,3246261078,03182026045656522,Success,
14007,Office,7222 Isabel Trafficway,4129611011,03182026045656522,Success,
1667,Office,505 Noel Mills,8226902902,03182026045656522,Success,
14007,Office,87472 Romaine Common,7132615929,03182026045656522,Success,
1667,Office,2151 N Maple Street,6624239062,03182026045656522,Success,
14007,Office,3355 Gleichner Pines,7508671593,03182026045656522,Success,
1667,Office,8207 Hane Underpass,2656377908,03182026045656522,Success,
14007,Office,422 Considine Parks,2657408422,03182026045656522,Success,
1667,Office,3744 Emily Plaza,8471063107,03182026045656522,Success,
14007,Office,888 Kelsie Prairie,4794899226,03182026045656522,Success,
1667,Office,64075 Heidenreich Throughway,7756824440,03182026045656522,Success,
14007,Office,71509 Green Close,5458788770,03182026045656522,Success,
1667,Office,925 Verner Islands,1828115247,03182026045656522,Success,
14007,Office,53793 Ibrahim Heights,4927047782,03182026045656522,Success,
1667,Office,976 Shad Island,5363413156,03182026045656522,Success,
14007,Office,3453 Jerrell Pine,4026539719,03182026045656522,Success,
1667,Office,99724 Heathcote Inlet,2173590187,03182026045656522,Success,
14007,Office,9987 Guido Mission,8854987463,03182026045656522,Success,
1667,Office,9069 Muller Trace,9299965965,03182026045656522,Success,
14007,Office,232 Toy Junction,1396038397,03182026045656522,Success,
1667,Office,4192 Douglas Harbor,6879040547,03182026045656522,Success,
14007,Office,5118 Adams Street,7443338467,03182026045656522,Success,
1667,Office,17188 Cole Villages,1750051756,03182026045656522,Success,
14007,Office,1899 Clark Street,8486492903,03182026045656522,Success,
1667,Office,6467 Hermiston Manors,4569636928,03182026045656522,Success,
14007,Office,27288 Lee Street,7248506665,03182026045656522,Success,
1667,Office,657 Bergstrom Isle,8804933582,03182026045656522,Success,
14007,Office,5198 Holly Close,9417889286,03182026045656522,Success,
1667,Office,489 2nd Street,1668458338,03182026045656522,Success,
14007,Office,7439 Wiza Trafficway,1272043306,03182026045656522,Success,
1667,Office,1064 Will Tunnel,4564438761,03182026045656522,Success,
14007,Office,914 Park Street,4003288747,03182026045656522,Success,
1667,Office,3248 Cassin Well,1440435569,03182026045656522,Success,
14007,Office,266 Muller Course,3702866620,03182026045656522,Success,
1667,Office,51121 Kreiger Cove,7237900813,03182026045656522,Success,
14007,Office,970 Lueilwitz Estates,2723170022,03182026045656522,Success,
1667,Office,3957 Tromp Fords,8756169041,03182026045656522,Success,
14007,Office,820 Johns Wells,3542989791,03182026045656522,Success,
1667,Office,523 Batz Extension,6539958321,03182026045656522,Success,
14007,Office,347 The Limes,5068859582,03182026045656522,Success,
1667,Office,71205 N Bridge Street,7035895497,03182026045656522,Success,
14007,Office,38107 Beech Grove,9350004076,03182026045656522,Success,
1667,Office,91368 Birdie Corner,9316020824,03182026045656522,Success,
14007,Office,72188 Fay Mews,2151942275,03182026045656522,Success,
1667,Office,775 Heller Ridges,3415556311,03182026045656522,Success,
14007,Office,120 Kamryn Ville,3380401287,03182026045656522,Success,
1667,Office,350 Peter Junction,4399563172,03182026045656522,Success,
14007,Office,6366 Erich Ridges,3638166959,03182026045656522,Success,
1667,Office,12427 Sabrina Stravenue,2264846958,03182026045656522,Success,
14007,Office,4561 Ridge Road,4795429342,03182026045656522,Success,
1667,Office,9218 Deckow Fort,1272056935,03182026045656522,Success,
14007,Office,494 Amber Ferry,6273535172,03182026045656522,Success,
1667,Office,2039 Erdman Forges,6990537180,03182026045656522,Success,
14007,Office,612 Murray Brooks,3438246238,03182026045656522,Success,
1667,Office,279 S Broadway Street,5514608155,03182026045656522,Success,
14007,Office,5071 Dariana Neck,1606476011,03182026045656522,Success,
1667,Office,11858 Clinton Street,1271591263,03182026045656522,Success,
14007,Office,3819 Graciela Walks,3049538617,03182026045656522,Success,
1667,Office,93920 Celestine Centers,6521179977,03182026045656522,Success,
14007,Office,43024 W Broad Street,9989723149,03182026045656522,Success,
1667,Office,938 Rohan Grove,1453254633,03182026045656522,Success,
14007,Office,547 Cassin Curve,3114417269,03182026045656522,Success,
1667,Office,3467 Milton Street,9575682283,03182026045656522,Success,
14007,Office,40379 Austyn Hills,5745531383,03182026045656522,Success,
1667,Office,44590 Boehm Lane,1770259824,03182026045656522,Success,
14007,Office,918 W Front Street,9387632740,03182026045656522,Success,
1667,Office,98277 Bradtke Fork,9468185937,03182026045656522,Success,
14007,Office,5079 Grant Street,1094714299,03182026045656522,Success,
1667,Office,7224 Reynolds Ramp,4839142361,03182026045656522,Success,
14007,Office,342 Dayton Ranch,6870472605,03182026045656522,Success,
1667,Office,40179 Aufderhar Highway,4594441927,03182026045656522,Success,
14007,Office,861 Coty Harbors,7913518702,03182026045656522,Success,
1667,Office,399 Manor Gardens,8342173162,03182026045656522,Success,
14007,Office,1451 Felicia Flat,5439442436,03182026045656522,Success,
1667,Office,20954 Clifton Junction,5588825534,03182026045656522,Success,
14007,Office,77966 Kasandra Heights,5124097897,03182026045656522,Success,
1667,Office,8110 Ziemann Loaf,1606520866,03182026045656522,Success,
14007,Office,2665 Cummings Trail,2436917872,03182026045656522,Success,
1667,Office,93027 Homenick Stravenue,7935323734,03182026045656522,Success,
14007,Office,30688 Abel Hills,1067814560,03182026045656522,Success,
1667,Office,2031 Solon Walks,3968645896,03182026045656522,Success,
14007,Office,6559 King Courts,2734719574,03182026045656522,Success,
1667,Office,94279 7th Avenue,3158016947,03182026045656522,Success,
14007,Office,2709 E Washington Avenue,7254778419,03182026045656522,Success,
1667,Office,9444 Maximus Fords,1834144337,03182026045656522,Success,
14007,Office,170 Mercedes Court,6642760182,03182026045656522,Success,
1667,Office,3917 Depot Street,8564946951,03182026045656522,Success,
14007,Office,41401 Central Street,2377662180,03182026045656522,Success,
1667,Office,27873 Xavier Shores,5140596597,03182026045656522,Success,
14007,Office,35976 Joanie Island,5855691053,03182026045656522,Success,
1667,Office,211 Gloucester Road,1221426308,03182026045656522,Success,
14007,Office,185 W Park Street,7382440253,03182026045656522,Success,
1667,Office,2537 W Division Street,5722550193,03182026045656522,Success,
14007,Office,382 N Harrison Street,1456027370,03182026045656522,Success,
1667,Office,413 Brekke Valley,6634649058,03182026045656522,Success,
14007,Office,95658 S 6th Street,1698489963,03182026045656522,Success,
1667,Office,5795 Elwyn Crossroad,1435015202,03182026045656522,Success,
14007,Office,4955 McCullough Circles,1384856817,03182026045656522,Success,
1667,Office,16953 Lake Drive,1079277696,03182026045656522,Success,
14007,Office,2011 Rebeka Shoal,6666882109,03182026045656522,Success,
1667,Office,36123 Connelly Well,1755770248,03182026045656522,Success,
14007,Office,90133 Chestnut Drive,1312756980,03182026045656522,Success,
1667,Office,226 Dickens Cliff,4946682822,03182026045656522,Success,
14007,Office,619 O'Kon Avenue,7484941950,03182026045656522,Success,
1667,Office,51368 Sadie Shores,4516987238,03182026045656522,Success,
14007,Office,21708 Rebeca Hill,4750497094,03182026045656522,Success,
1667,Office,9557 Edyth Vista,5354865880,03182026045656522,Success,
14007,Office,44973 Arely Spur,5026977559,03182026045656522,Success,
1667,Office,328 Green Close,4649710164,03182026045656522,Success,
14007,Office,6244 Cruickshank Expressway,2769042860,03182026045656522,Success,
1667,Office,71008 Pollich Isle,1473940464,03182026045656522,Success,
14007,Office,91340 Marcos Pike,8298292867,03182026045656522,Success,
1667,Office,99756 8th Street,4596112949,03182026045656522,Success,
14007,Office,965 Feil Mills,8499314257,03182026045656522,Success,
1667,Office,107 McLaughlin Port,9069122081,03182026045656522,Success,
14007,Office,526 Oaklands,9292170454,03182026045656522,Success,
1667,Office,9063 Myra Crescent,2526896411,03182026045656522,Success,
14007,Office,6003 State Street,7270940330,03182026045656522,Success,
1667,Office,2850 Jakubowski Lakes,1225769408,03182026045656522,Success,
14007,Office,72080 Gracie Forge,9335456951,03182026045656522,Success,
1667,Office,35483 Cedar Road,6636900288,03182026045656522,Success,
14007,Office,375 Spring Street,5445034794,03182026045656522,Success,
1667,Office,7801 W 9th Street,7002085098,03182026045656522,Success,
14007,Office,6354 Wellington Street,3276868669,03182026045656522,Success,
1667,Office,84316 Chestnut Drive,7530276123,03182026045656522,Success,
14007,Office,38039 W Center Street,5619415841,03182026045656522,Success,
1667,Office,62949 Beech Drive,8937097438,03182026045656522,Success,
14007,Office,92455 Hegmann Green,1165590009,03182026045656522,Success,
1667,Office,605 Market Square,6231888513,03182026045656522,Success,
14007,Office,6451 Watery Lane,4558511304,03182026045656522,Success,
1667,Office,235 Carter Key,5700732769,03182026045656522,Success,
14007,Office,3078 Halvorson Wells,6823108643,03182026045656522,Success,
1667,Office,78482 Joanne Creek,1979907873,03182026045656522,Success,
14007,Office,548 Walsh Haven,1727408054,03182026045656522,Success,
1667,Office,3573 Irwin Key,2872910124,03182026045656522,Success,
14007,Office,5349 Becker Extensions,4210744811,03182026045656522,Success,
1667,Office,7209 Riverside Avenue,8999802226,03182026045656522,Success,
14007,Office,6865 Market Square,7533536309,03182026045656522,Success,
1667,Office,31960 Luther Inlet,3720869465,03182026045656522,Success,
14007,Office,40838 Orchard Drive,6232196404,03182026045656522,Success,
1667,Office,6224 Geo Mountain,7841809138,03182026045656522,Success,
14007,Office,9597 Balistreri Valleys,6028589081,03182026045656522,Success,
1667,Office,8372 E Jackson Street,7515739377,03182026045656522,Success,
14007,Office,2790 Morris Glens,6112815430,03182026045656522,Success,
1667,Office,52213 Candace Motorway,9959215898,03182026045656522,Success,
14007,Office,18650 Yolanda Gateway,4516518534,03182026045656522,Success,
1667,Office,4943 S Main Street,9208928501,03182026045656522,Success,
14007,Office,19403 E Park Avenue,9456748787,03182026045656522,Success,
1667,Office,6748 Judy Mountain,5521627079,03182026045656522,Success,
14007,Office,351 W 4th Avenue,2311999904,03182026045656522,Success,
1667,Office,5596 Ortiz Ramp,4418036231,03182026045656522,Success,
14007,Office,97594 Myrl Hills,6886486754,03182026045656522,Success,
1667,Office,623 Coronation Road,2909361683,03182026045656522,Success,
14007,Office,71825 Bernier Ranch,4993804364,03182026045656522,Success,
1667,Office,686 Filiberto Lake,4674460296,03182026045656522,Success,
14007,Office,3470 Iva Row,9101362339,03182026045656522,Success,
1667,Office,370 S Union Street,5279263562,03182026045656522,Success,
14007,Office,988 Maurine Path,3028202178,03182026045656522,Success,
1667,Office,156 Enola Run,5286333980,03182026045656522,Success,
14007,Office,665 Gerson Bypass,2013210419,03182026045656522,Success,
1667,Office,28976 State Avenue,6548335344,03182026045656522,Success,
14007,Office,77054 South Drive,8612431264,03182026045656522,Success,
1667,Office,4917 Wood Street,2119384653,03182026045656522,Success,
14007,Office,85247 Marta Stravenue,8352038755,03182026045656522,Success,
1667,Office,61981 Gilda Club,5666483094,03182026045656522,Success,
14007,Office,9409 Annette Neck,5348879151,03182026045656522,Success,
1667,Office,9720 Hannah Spur,2895354964,03182026045656522,Success,
14007,Office,46766 Chanel Forge,9251501857,03182026045656522,Success,
1667,Office,52623 Altenwerth Mills,6948502251,03182026045656522,Success,
14007,Office,44887 Bette Camp,2384935543,03182026045656522,Success,
1667,Office,539 Bay Street,3997527172,03182026045656522,Success,
14007,Office,11624 E 14th Street,9900092257,03182026045656522,Success,
1667,Office,29105 Rose Glen,9851386130,03182026045656522,Success,
14007,Office,924 Quitzon Glens,5981654632,03182026045656522,Success,
1667,Office,528 Hickle Green,7427805195,03182026045656522,Success,
14007,Office,532 Kihn Wall,9714689341,03182026045656522,Success,
1667,Office,352 Hazel Close,2195107372,03182026045656522,Success,
14007,Office,8328 Yundt Falls,4408933395,03182026045656522,Success,
1667,Office,997 Torphy Track,6465919975,03182026045656522,Success,
14007,Office,417 Metz Grove,9406694458,03182026045656522,Success,
1667,Office,212 Juliana Circle,8517963666,03182026045656522,Success,
14007,Office,366 Turcotte Courts,8787804356,03182026045656522,Success,
1667,Office,35603 W 8th Street,4525086870,03182026045656522,Success,
14007,Office,87872 Newton Road,6019855187,03182026045656522,Success,
1667,Office,58235 Stroman Track,4284216453,03182026045656522,Success,
14007,Office,49231 Emilio Plain,9509597555,03182026045656522,Success,
1667,Office,52248 Agustina Valleys,9983107621,03182026045656522,Success,
14007,Office,15400 7th Avenue,3242601212,03182026045656522,Success,
1667,Office,26019 S 14th Street,4104451905,03182026045656522,Success,
14007,Office,553 Weber Club,4652565186,03182026045656522,Success,
1667,Office,941 Retha Rapid,9613894857,03182026045656522,Success,
14007,Office,12267 Chris Court,1377595614,03182026045656522,Success,
1667,Office,659 Schmidt Village,7880990990,03182026045656522,Success,
14007,Office,423 E 12th Street,5071521065,03182026045656522,Success,
1667,Office,59820 Schultz Place,7255434789,03182026045656522,Success,
14007,Office,1072 Sam Rapid,8146015406,03182026045656522,Success,
1667,Office,73816 Union Avenue,4093765640,03182026045656522,Success,
14007,Office,89886 Alfred Street,1193080137,03182026045656522,Success,
1667,Office,67140 N Broadway,7320132607,03182026045656522,Success,
14007,Office,8460 Trantow Freeway,1521132514,03182026045656522,Success,
1667,Office,618 Myrna Neck,3923474606,03182026045656522,Success,
14007,Office,678 Efrain Via,5439571629,03182026045656522,Success,
1667,Office,9714 University Drive,2261660760,03182026045656522,Success,
14007,Office,4794 Gilda Point,5201113766,03182026045656522,Success,
1667,Office,4823 Green Close,1679853642,03182026045656522,Success,
14007,Office,28325 Hirthe Shoals,2470024155,03182026045656522,Success,
1667,Office,48792 S Division Street,2203668735,03182026045656522,Success,
14007,Office,4086 Ferry Road,1643029734,03182026045656522,Success,
1667,Office,837 Kelley Gateway,3850777347,03182026045656522,Success,
14007,Office,697 Wolf Center,3742335698,03182026045656522,Success,
1667,Office,358 Harrison Avenue,1203993866,03182026045656522,Success,
14007,Office,415 Damian Plaza,9248869808,03182026045656522,Success,
1667,Office,24976 W South Street,6352435141,03182026045656522,Success,
14007,Office,6710 Atlantic Avenue,8306415428,03182026045656522,Success,
1667,Office,37984 Gusikowski Skyway,3304414828,03182026045656522,Success,
14007,Office,6618 Ryan Canyon,6572179355,03182026045656522,Success,
1667,Office,67510 Well Lane,6060429369,03182026045656522,Success,
14007,Office,13099 Hazel Close,5647934604,03182026045656522,Success,
1667,Office,66261 Klein Parkway,1834004445,03182026045656522,Success,
14007,Office,9831 Gleason Plains,9846594935,03182026045656522,Success,
1667,Office,28331 Lemuel Overpass,3331639342,03182026045656522,Success,
14007,Office,9181 Windmill Close,4617247836,03182026045656522,Success,
1667,Office,67920 Cormier Meadows,6857747267,03182026045656522,Success,
14007,Office,39927 Kunde Views,2254508895,03182026045656522,Success,
1667,Office,90990 Carter Rapid,1939994238,03182026045656522,Success,
14007,Office,1670 Paul Stravenue,3594855710,03182026045656522,Success,
1667,Office,411 S Park Street,8580202867,03182026045656522,Success,
14007,Office,88744 Danielle Coves,5249990214,03182026045656522,Success,
1667,Office,59550 Westgate,8673502549,03182026045656522,Success,
14007,Office,296 Dayana Forks,8111753458,03182026045656522,Success,
1667,Office,6797 Swaniawski Radial,7851089610,03182026045656522,Success,
14007,Office,4088 Metz Forge,2292883160,03182026045656522,Success,
1667,Office,897 Blanda Glens,2991248206,03182026045656522,Success,
14007,Office,651 Main Street W,7512328672,03182026045656522,Success,
1667,Office,7081 Aspen Close,6094302042,03182026045656522,Success,
14007,Office,621 Baumbach Parks,9900176229,03182026045656522,Success,
1667,Office,798 Meadow Close,6975506038,03182026045656522,Success,
14007,Office,4849 Alysson Harbor,9232108575,03182026045656522,Success,
1667,Office,1506 Breitenberg Viaduct,7661984147,03182026045656522,Success,
14007,Office,73491 Meadow Drive,9219905691,03182026045656522,Success,
1667,Office,85923 Dicki Square,4984872239,03182026045656522,Success,
14007,Office,1876 Geovanni Garden,4771040697,03182026045656522,Success,
1667,Office,102 Bramley Close,7499391431,03182026045656522,Success,
14007,Office,7765 Farrell Cove,2363284616,03182026045656522,Success,
1667,Office,30052 Tracey Harbor,4916118009,03182026045656522,Success,
14007,Office,27760 Brookside,3603331154,03182026045656522,Success,
1667,Office,81338 Raoul Crest,1065060459,03182026045656522,Success,
14007,Office,6866 Julian Point,2860735862,03182026045656522,Success,
1667,Office,4040 Kingfisher Close,8403105196,03182026045656522,Success,
14007,Office,5261 Station Street,1976472210,03182026045656522,Success,
1667,Office,17208 Wiza Estates,1578006353,03182026045656522,Success,
14007,Office,440 W Main,4183188536,03182026045656522,Success,
1667,Office,9528 Abby Villages,5139828339,03182026045656522,Success,
14007,Office,140 Columbia Avenue,6358644044,03182026045656522,Success,
1667,Office,67538 Oaklands,6307557734,03182026045656522,Success,
14007,Office,8657 Hillside Avenue,5557626940,03182026045656522,Success,
1667,Office,7442 Ryan Row,9740648558,03182026045656522,Success,
14007,Office,686 Schimmel Hills,3361427324,03182026045656522,Success,
1667,Office,16266 York Road,4972127605,03182026045656522,Success,
14007,Office,204 Ottilie Creek,9616863652,03182026045656522,Success,
1667,Office,76917 Schowalter Rapid,3842921284,03182026045656522,Success,
14007,Office,25326 Windermere Road,2816886911,03182026045656522,Success,
1667,Office,58697 Post Road,8010178115,03182026045656522,Success,
14007,Office,42529 Mill Road,3820649856,03182026045656522,Success,
1667,Office,55337 Beatty Cape,3184771134,03182026045656522,Success,
14007,Office,47247 Greenfelder Orchard,6134118278,03182026045656522,Success,
1667,Office,89124 Cherry Close,3864979724,03182026045656522,Success,
14007,Office,4719 Nienow Mill,7130109668,03182026045656522,Success,
1667,Office,48995 Fairfield Road,3111149021,03182026045656522,Success,
14007,Office,425 Hilpert Row,5407587600,03182026045656522,Success,
1667,Office,347 Chadrick Creek,8970954071,03182026045656522,Success,
14007,Office,2830 W Walnut Street,4769046839,03182026045656522,Success,
1667,Office,72387 Senger Avenue,9903965136,03182026045656522,Success,
14007,Office,53080 Chestnut Street,3897481989,03182026045656522,Success,
1667,Office,572 Parisian Gateway,5935959944,03182026045656522,Success,
14007,Office,77049 Agustina River,4424641213,03182026045656522,Success,
1667,Office,5603 Cara Ports,2337962946,03182026045656522,Success,
14007,Office,11351 Derick Oval,5171217782,03182026045656522,Success,
1667,Office,904 Schimmel Skyway,8733622277,03182026045656522,Success,
14007,Office,14850 Jan Way,4347994603,03182026045656522,Success,
1667,Office,78859 Simonis Ferry,7369273834,03182026045656522,Success,
14007,Office,433 Queen's Road,3715652225,03182026045656522,Success,
1667,Office,408 Davis Islands,7471421669,03182026045656522,Success,
14007,Office,123 Becker Rest,1868143608,03182026045656522,Success,
1667,Office,4814 Considine Spur,5844241744,03182026045656522,Success,
14007,Office,523 Belle Ford,4235855718,03182026045656522,Success,
1667,Office,70431 N Cedar Street,1572842040,03182026045656522,Success,
14007,Office,771 Omer Burg,3085290512,03182026045656522,Success,
1667,Office,798 Green Street,5290919337,03182026045656522,Success,
14007,Office,993 Schmidt Shore,2634136033,03182026045656522,Success,
1667,Office,9466 Ernser Shore,4508448693,03182026045656522,Success,
14007,Office,1178 Georgianna Pass,7472795780,03182026045656522,Success,
1667,Office,866 Monroe Street,5321604473,03182026045656522,Success,
14007,Office,58568 Cross Lane,6458803149,03182026045656522,Success,
1667,Office,9863 Marlin Point,4618662095,03182026045656522,Success,
14007,Office,4841 Beulah Wall,9313285656,03182026045656522,Success,
1667,Office,28104 Ben Camp,2027112329,03182026045656522,Success,
14007,Office,54356 Kuhlman River,5837393582,03182026045656522,Success,
1667,Office,24878 Dale Center,3887122986,03182026045656522,Success,
14007,Office,2957 Tyree Lakes,5694211851,03182026045656522,Success,
1667,Office,4672 The Causeway,9095799450,03182026045656522,Success,
14007,Office,4504 Hilll Branch,3793478019,03182026045656522,Success,
1667,Office,52973 Osinski Lodge,6125827378,03182026045656522,Success,
14007,Office,4860 Maverick Flat,8534978415,03182026045656522,Success,
1667,Office,68085 Prospect Street,3535004434,03182026045656522,Success,
14007,Office,739 Carter Loaf,2531720178,03182026045656522,Success,
1667,Office,688 Conroy Curve,7725855599,03182026045656522,Success,
14007,Office,46729 Old Road,3339589240,03182026045656522,Success,
1667,Office,82571 Ridge Road,5383275740,03182026045656522,Success,
14007,Office,60432 Smitham Avenue,5532157958,03182026045656522,Success,
1667,Office,84486 Betty Underpass,4982944283,03182026045656522,Success,
14007,Office,62807 E High Street,9331687392,03182026045656522,Success,
1667,Office,1283 Lavada Squares,4005108133,03182026045656522,Success,
14007,Office,678 Dale Street,7666078978,03182026045656522,Success,
1667,Office,4965 Schowalter Estate,5282413798,03182026045656522,Success,
14007,Office,47515 Clifton Road,1003360846,03182026045656522,Success,
1667,Office,3710 White Creek,5644373655,03182026045656522,Success,
14007,Office,3675 Kristy Ways,5430620725,03182026045656522,Success,
1667,Office,369 Maurice Prairie,3593974210,03182026045656522,Success,
14007,Office,62448 S Pine Street,4936724135,03182026045656522,Success,
1667,Office,23664 S Broad Street,8910759267,03182026045656522,Success,
14007,Office,85111 Smitham Points,8185558504,03182026045656522,Success,
1667,Office,14831 Steuber Rue,9723047088,03182026045656522,Success,
14007,Office,41048 Kohler Fall,8022690563,03182026045656522,Success,
1667,Office,487 Virgie Mountain,4182636360,03182026045656522,Success,
14007,Office,9413 Roob Path,4305238397,03182026045656522,Success,
1667,Office,79437 Hillside Road,2816435495,03182026045656522,Success,
14007,Office,99344 Fidel Union,5223688389,03182026045656522,Success,
1667,Office,466 W Washington Street,5639643769,03182026045656522,Success,
14007,Office,289 S Broadway Street,4454460093,03182026045656522,Success,
1667,Office,9915 Bosco Centers,9801567434,03182026045656522,Success,
14007,Office,6268 Watery Lane,1987379012,03182026045656522,Success,
1667,Office,1139 Wood Street,7995206620,03182026045656522,Success,
14007,Office,21769 Pollich Points,1398226204,03182026045656522,Success,
1667,Office,820 Boyd Crossing,6582331216,03182026045656522,Success,
14007,Office,15996 Herzog Circle,8391831829,03182026045656522,Success,
1667,Office,53533 Rodriguez Walk,7268109456,03182026045656522,Success,
14007,Office,234 Darius Fork,8256309196,03182026045656522,Success,
1667,Office,791 Westfield Road,4680597242,03182026045656522,Success,
14007,Office,2645 Fairfield Road,3442189464,03182026045656522,Success,
1667,Office,697 Manor Gardens,6241116885,03182026045656522,Success,
14007,Office,418 Hermann Street,6819559572,03182026045656522,Success,
1667,Office,6551 South Street,3686608694,03182026045656522,Success,
14007,Office,5324 Beahan Spurs,8558919750,03182026045656522,Success,
1667,Office,35889 S Center Street,3236154282,03182026045656522,Success,
14007,Office,7741 St Mary's Close,4510708741,03182026045656522,Success,
1667,Office,953 Duke Street,8667215175,03182026045656522,Success,
14007,Office,5204 Moen Stravenue,3963556184,03182026045656522,Success,
1667,Office,4290 Grand Avenue,7583567925,03182026045656522,Success,
14007,Office,7771 Caitlyn Summit,4751868727,03182026045656522,Success,
1667,Office,16878 Trantow Skyway,5699898011,03182026045656522,Success,
14007,Office,2137 W Jefferson Street,9529689599,03182026045656522,Success,
1667,Office,91151 Haskell Ville,1576394234,03182026045656522,Success,
14007,Office,228 Simonis Centers,1819968404,03182026045656522,Success,
1667,Office,27669 W 6th Street,2871129139,03182026045656522,Success,
14007,Office,119 Beau Branch,1805570319,03182026045656522,Success,
1667,Office,9703 Beechwood Avenue,8241070293,03182026045656522,Success,
14007,Office,7721 Kayla Junction,4346207572,03182026045656522,Success,
1667,Office,27867 Adelbert Passage,8069238890,03182026045656522,Success,
14007,Office,725 Asia Street,6346082526,03182026045656522,Success,
1667,Office,8023 Dark Lane,4072630220,03182026045656522,Success,
14007,Office,574 Isadore Bridge,3869963485,03182026045656522,Success,
1667,Office,77430 Frieda Streets,5080146994,03182026045656522,Success,
14007,Office,84679 Cedar Grove,7350336245,03182026045656522,Success,
1667,Office,960 Nayeli Dam,8009294180,03182026045656522,Success,
14007,Office,1815 Korey Coves,9022856134,03182026045656522,Success,
1667,Office,156 Osinski Crescent,5206957500,03182026045656522,Success,
14007,Office,985 Hillside,1563659127,03182026045656522,Success,
1667,Office,4815 Hodkiewicz Dale,4082822206,03182026045656522,Success,
14007,Office,8598 Olaf Rest,8499071480,03182026045656522,Success,
1667,Office,22764 Walsh Spring,7569739438,03182026045656522,Success,
14007,Office,548 Littel Passage,7588624005,03182026045656522,Success,
1667,Office,7890 Davis Street,9820342172,03182026045656522,Success,
14007,Office,41085 Hudson Knolls,3958756541,03182026045656522,Success,
1667,Office,4632 Kutch Glen,7673253830,03182026045656522,Success,
14007,Office,6109 Yadira Well,6600797549,03182026045656522,Success,
1667,Office,57654 Jameson Drive,3106391240,03182026045656522,Success,
14007,Office,69672 Clarabelle Fork,4070350564,03182026045656522,Success,
1667,Office,77317 Bahringer Causeway,3910323486,03182026045656522,Success,
14007,Office,11148 Jakayla Shores,4698963601,03182026045656522,Success,
1667,Office,925 Adams Avenue,1642960610,03182026045656522,Success,
14007,Office,842 Bartell Knoll,9297568526,03182026045656522,Success,
1667,Office,177 Danika Forge,8398568289,03182026045656522,Success,
14007,Office,42106 Rodrigo Gateway,9156621528,03182026045656522,Success,
1667,Office,9146 Gloucester Road,1584772681,03182026045656522,Success,
14007,Office,9112 Lincoln Highway,7644088196,03182026045656522,Success,
1667,Office,6863 Winfield Terrace,1628383833,03182026045656522,Success,
14007,Office,98480 Douglas Club,2947016309,03182026045656522,Success,
1667,Office,62080 Elva Expressway,9705473576,03182026045656522,Success,
14007,Office,55610 Skiles Trace,5376931728,03182026045656522,Success,
1667,Office,61085 Gorczany Motorway,9287680517,03182026045656522,Success,
14007,Office,7274 Lynn Wells,6950137844,03182026045656522,Success,
1667,Office,31867 Maple Avenue,4672198093,03182026045656522,Success,
14007,Office,761 Cletus Parkways,5487632463,03182026045656522,Success,
1667,Office,66403 Shane Mission,6961064169,03182026045656522,Success,
14007,Office,96345 Velda Haven,6145205059,03182026045656522,Success,
1667,Office,9875 S 1st Avenue,6348954411,03182026045656522,Success,
14007,Office,4418 Morar Ramp,4504130843,03182026045656522,Success,
1667,Office,65468 Hauck Hills,9516756854,03182026045656522,Success,
14007,Office,88669 Chapel Close,7604557562,03182026045656522,Success,
1667,Office,76090 Emely Via,2919129172,03182026045656522,Success,
14007,Office,3362 Christine Route,9624294019,03182026045656522,Success,
1667,Office,20345 Deon Villages,3523710043,03182026045656522,Success,
14007,Office,22335 Smith Lodge,5798929907,03182026045656522,Success,
1667,Office,4929 W Main Street,6242169704,03182026045656522,Success,
14007,Office,989 Reid Loaf,8684675431,03182026045656522,Success,
1667,Office,5111 Pleasant Street,6031406283,03182026045656522,Success,
14007,Office,886 Howard Road,8572487452,03182026045656522,Success,
1667,Office,846 N Main,6107008053,03182026045656522,Success,
14007,Office,23337 Wintheiser Falls,3567705403,03182026045656522,Success,
1667,Office,40280 Colten Views,4416700969,03182026045656522,Success,
14007,Office,752 N Cedar Street,5852347525,03182026045656522,Success,
1667,Office,824 Keeling Fall,6241552173,03182026045656522,Success,
14007,Office,345 Carol Valley,6218807440,03182026045656522,Success,
1667,Office,9379 S Oak Street,9474951116,03182026045656522,Success,
14007,Office,6252 Cross Lane,2551811530,03182026045656522,Success,
1667,Office,912 Anthony Track,4297916073,03182026045656522,Success,
14007,Office,89319 Rosie Cliff,4699050507,03182026045656522,Success,
1667,Office,929 Grant Street,1053834178,03182026045656522,Success,
14007,Office,903 Bath Road,6754194109,03182026045656522,Success,
1667,Office,272 Manor Drive,1913440997,03182026045656522,Success,
14007,Office,2924 Pennsylvania Avenue,2987676820,03182026045656522,Success,
1667,Office,335 Jayson Crest,2287739643,03182026045656522,Success,
14007,Office,6127 Bath Street,4963305406,03182026045656522,Success,
1667,Office,46724 Kristoffer Land,8585739819,03182026045656522,Success,
14007,Office,6443 Park Road,8656814807,03182026045656522,Success,
1667,Office,57146 Schaden Landing,4959818908,03182026045656522,Success,
14007,Office,85254 Dare View,7437144217,03182026045656522,Success,
1667,Office,5432 N Harrison Street,7198540663,03182026045656522,Success,
14007,Office,207 7th Street,1736688596,03182026045656522,Success,
1667,Office,88289 Domenica Unions,7983629843,03182026045656522,Success,
14007,Office,8968 Bennie Courts,9216800378,03182026045656522,Success,
1667,Office,236 Bogisich Wall,8710299735,03182026045656522,Success,
14007,Office,96282 Tad Ports,5223264455,03182026045656522,Success,
1667,Office,663 Parkside,3354729267,03182026045656522,Success,
14007,Office,8861 Haskell Pike,4583557957,03182026045656522,Success,
1667,Office,28587 W 12th Street,2016162866,03182026045656522,Success,
14007,Office,7036 Batz Green,8690004688,03182026045656522,Success,
1667,Office,8272 Albany Road,6555847765,03182026045656522,Success,
14007,Office,13077 S Water Street,1205223823,03182026045656522,Success,
1667,Office,68510 Sandy Lane,7948058134,03182026045656522,Success,
14007,Office,71608 Stuart Fords,7593406352,03182026045656522,Success,
1667,Office,2173 Rosendo Grove,3525166723,03182026045656522,Success,
14007,Office,239 Christiansen Orchard,6054353896,03182026045656522,Success,
1667,Office,23961 Grover Grove,6479139104,03182026045656522,Success,
14007,Office,779 West End,1479941907,03182026045656522,Success,
1667,Office,8880 Balistreri Crossroad,5045568020,03182026045656522,Success,
14007,Office,43300 Cedar Road,7943448578,03182026045656522,Success,
1667,Office,4149 Runolfsdottir Avenue,8784871361,03182026045656522,Success,
14007,Office,5463 Oda Path,9602362691,03182026045656522,Success,
1667,Office,1008 Lorna Ranch,8155820891,03182026045656522,Success,
14007,Office,2573 Newton Fall,2893470430,03182026045656522,Success,
1667,Office,432 Batz Prairie,9622538740,03182026045656522,Success,
14007,Office,554 Cummings Flats,3951881894,03182026045656522,Success,
1667,Office,78595 Eloy Junctions,9002040966,03182026045656522,Success,
14007,Office,32800 North Avenue,8108587060,03182026045656522,Success,
1667,Office,5749 Western Road,5901061129,03182026045656522,Success,
14007,Office,3863 Ward Inlet,1456250673,03182026045656522,Success,
1667,Office,3332 Russel Fords,8812154462,03182026045656522,Success,
14007,Office,4625 Beech Close,4069706692,03182026045656522,Success,
1667,Office,82766 Hillside Close,6812140291,03182026045656522,Success,
14007,Office,694 Ridge Road,1610687476,03182026045656522,Success,
1667,Office,16766 School Lane,6458389126,03182026045656522,Success,
14007,Office,93533 Penelope Way,8255623179,03182026045656522,Success,
1667,Office,49028 Boundary Road,4899981557,03182026045656522,Success,
14007,Office,29130 Chestnut Street,3696371205,03182026045656522,Success,
1667,Office,119 Aspen Close,4303819523,03182026045656522,Success,
14007,Office,53705 Elizabeth Ridges,1095701727,03182026045656522,Success,
1667,Office,68662 Alexa Highway,8408020519,03182026045656522,Success,
14007,Office,9135 N College Street,6110861951,03182026045656522,Success,
1667,Office,47819 Gerhold Radial,9294689178,03182026045656522,Success,
14007,Office,797 Schowalter Ranch,5291036725,03182026045656522,Success,
1667,Office,7728 Derwent Close,7134292423,03182026045656522,Success,
14007,Office,183 Doyle Harbor,4822097508,03182026045656522,Success,
1667,Office,9946 Castle Lane,3861328375,03182026045656522,Success,
14007,Office,9657 Mertz Knoll,4023337873,03182026045656522,Success,
1667,Office,37748 Lemke Orchard,9644752430,03182026045656522,Success,
14007,Office,9365 S Chestnut Street,9906169455,03182026045656522,Success,
1667,Office,9019 Jairo Pine,4493379124,03182026045656522,Success,
14007,Office,7845 1st Street,9971709394,03182026045656522,Success,
1667,Office,504 Nelson Street,4867196080,03182026045656522,Success,
14007,Office,2828 Danial Pike,6739799376,03182026045656522,Success,
1667,Office,527 Grady Place,7005164278,03182026045656522,Success,
14007,Office,2046 Hirthe Flats,3685452623,03182026045656522,Success,
1667,Office,9800 Richard Throughway,9184455448,03182026045656522,Success,
14007,Office,59685 Cora Bypass,1658324704,03182026045656522,Success,
1667,Office,117 Cedar Close,2447584773,03182026045656522,Success,
14007,Office,109 N Broad Street,2791520669,03182026045656522,Success,
1667,Office,5610 W 4th Street,6980362908,03182026045656522,Success,
14007,Office,241 O'Reilly Plains,2609565610,03182026045656522,Success,
1667,Office,12380 Mary Street,5404364459,03182026045656522,Success,
14007,Office,1918 Deron Common,2910443250,03182026045656522,Success,
1667,Office,8561 Collins Locks,5218438317,03182026045656522,Success,
14007,Office,7892 Russell Camp,1175951064,03182026045656522,Success,
1667,Office,113 Main Street S,6085937300,03182026045656522,Success,
14007,Office,4428 Brook Mill,4454524537,03182026045656522,Success,
1667,Office,19071 Stracke Burgs,5552438957,03182026045656522,Success,
14007,Office,316 Park Avenue,2105104553,03182026045656522,Success,
1667,Office,8587 E Jackson Street,7145172201,03182026045656522,Success,
14007,Office,443 Chasity Heights,7684957872,03182026045656522,Success,
1667,Office,4655 Frami Ford,5649491119,03182026045656522,Success,
14007,Office,6491 Vine Street,2158824753,03182026045656522,Success,
1667,Office,88588 Alison Wall,9418072382,03182026045656522,Success,
14007,Office,364 Connelly Haven,5890297217,03182026045656522,Success,
1667,Office,56420 Reynolds Greens,2890472542,03182026045656522,Success,
14007,Office,95830 Kulas Heights,3876038660,03182026045656522,Success,
1667,Office,82761 Otho Highway,9284721053,03182026045656522,Success,
14007,Office,8693 Davis Drive,9205227590,03182026045656522,Success,
1667,Office,8668 College Street,2439615036,03182026045656522,Success,
14007,Office,188 Oxford Road,9133600033,03182026045656522,Success,
1667,Office,3747 Watery Lane,7721823682,03182026045656522,Success,
14007,Office,138 Taurean Estates,8340495772,03182026045656522,Success,
1667,Office,28757 Roy Circle,3303871153,03182026045656522,Success,
14007,Office,67603 Schroeder Walks,5680913709,03182026045656522,Success,
1667,Office,7412 Kaycee Track,9899172056,03182026045656522,Success,
14007,Office,1499 Derick Lodge,7087380181,03182026045656522,Success,
1667,Office,548 Forest Road,4434179174,03182026045656522,Success,
14007,Office,741 Kiehn Mall,6952755142,03182026045656522,Success,
1667,Office,4166 Clinton Street,3823277847,03182026045656522,Success,
14007,Office,87726 Cremin Isle,4107852958,03182026045656522,Success,
1667,Office,34430 Richmond Close,5167099910,03182026045656522,Success,
14007,Office,6535 Keeling Throughway,6802559533,03182026045656522,Success,
1667,Office,204 Herzog Ford,9649014531,03182026045656522,Success,
14007,Office,3284 Samantha Center,5054427812,03182026045656522,Success,
1667,Office,29399 Wood Lane,7747500475,03182026045656522,Success,
14007,Office,886 Bath Road,9629739622,03182026045656522,Success,
1667,Office,742 Braden Summit,5174245319,03182026045656522,Success,
14007,Office,519 Elm Grove,3658321124,03182026045656522,Success,
1667,Office,71999 Wisoky Bridge,9832355781,03182026045656522,Success,
14007,Office,9326 Abelardo Roads,5479838626,03182026045656522,Success,
1667,Office,4056 Joaquin Row,1542696045,03182026045656522,Success,
14007,Office,1097 Marvin Divide,6299615808,03182026045656522,Success,
1667,Office,36956 Hudson Green,7630948070,03182026045656522,Success,
14007,Office,117 Tillman Green,2921537007,03182026045656522,Success,
1667,Office,885 N Chestnut Street,5485721488,03182026045656522,Success,
14007,Office,64792 Tomas Forks,7316371748,03182026045656522,Success,
1667,Office,6132 Aufderhar Vista,2293564144,03182026045656522,Success,
14007,Office,66328 Kihn Gateway,2303764494,03182026045656522,Success,
1667,Office,80835 Rhea Branch,6307182119,03182026045656522,Success,
14007,Office,3841 Vivienne Isle,9053609362,03182026045656522,Success,
1667,Office,4239 Elvie Mountain,9673979034,03182026045656522,Success,
14007,Office,35940 Dibbert Shoals,5995950941,03182026045656522,Success,
1667,Office,8019 Luciano Row,2355402019,03182026045656522,Success,
14007,Office,1740 Watsica Center,3135745977,03182026045656522,Success,
1667,Office,63555 Larkin Causeway,1393424149,03182026045656522,Success,
14007,Office,337 Lockman Path,8535769599,03182026045656522,Success,
1667,Office,322 Gordon Landing,3491837430,03182026045656522,Success,
14007,Office,65338 Harris Grove,2590674424,03182026045656522,Success,
1667,Office,906 Zulauf Loop,6695228073,03182026045656522,Success,
14007,Office,42694 S Bridge Street,9209749975,03182026045656522,Success,
1667,Office,833 Ernser Tunnel,4399556196,03182026045656522,Success,
14007,Office,772 Cedar Grove,2204867316,03182026045656522,Success,
1667,Office,655 Greenholt Courts,2126885213,03182026045656522,Success,
14007,Office,91445 Third Avenue,4548541377,03182026045656522,Success,
1667,Office,98094 Hickle Stravenue,1149573939,03182026045656522,Success,
14007,Office,317 Enola Alley,1396740818,03182026045656522,Success,
1667,Office,3307 George Street,7576320651,03182026045656522,Success,
14007,Office,6592 Sophie Forest,7764180094,03182026045656522,Success,
1667,Office,524 Francis Overpass,4943907460,03182026045656522,Success,
14007,Office,702 Sylvester Viaduct,9972721444,03182026045656522,Success,
1667,Office,2352 Funk Passage,3287479821,03182026045656522,Success,
14007,Office,813 Hand Rest,2857841659,03182026045656522,Success,
1667,Office,732 Barrows Isle,4542124571,03182026045656522,Success,
14007,Office,81477 Wunsch Garden,2066174555,03182026045656522,Success,
1667,Office,3985 Eddie Ports,8038495493,03182026045656522,Success,
14007,Office,417 Shanahan Orchard,3198592938,03182026045656522,Success,
1667,Office,81549 Schimmel Crescent,8563131926,03182026045656522,Success,
14007,Office,92573 Schimmel Divide,3732060811,03182026045656522,Success,
1667,Office,68784 Bode Junction,4915569958,03182026045656522,Success,
14007,Office,84249 Barton Road,3940593242,03182026045656522,Success,
1667,Office,1740 Hall Lane,3237895662,03182026045656522,Success,
14007,Office,791 Paucek River,8961542430,03182026045656522,Success,
1667,Office,7738 First Avenue,3147161378,03182026045656522,Success,
14007,Office,501 Price Estate,7857165831,03182026045656522,Success,
1667,Office,887 Daniel Branch,7862625699,03182026045656522,Success,
14007,Office,40988 Commercial Road,9177186349,03182026045656522,Success,
1667,Office,2276 Schumm Union,9125605710,03182026045656522,Success,
14007,Office,5023 Sanford Pine,6004990600,03182026045656522,Success,
1667,Office,15866 Beech Grove,3782180537,03182026045656522,Success,
14007,Office,876 Tara Estates,9066389033,03182026045656522,Success,
1667,Office,3735 Jamil Circles,1086906925,03182026045656522,Success,
14007,Office,6969 Baumbach Centers,3177103906,03182026045656522,Success,
1667,Office,94001 Oral Isle,8176834716,03182026045656522,Success,
14007,Office,28947 Glover Ferry,4714326832,03182026045656522,Success,
1667,Office,37649 Hilbert Shoal,2525153115,03182026045656522,Success,
14007,Office,457 Elm Grove,6416075656,03182026045656522,Success,
1667,Office,33521 Sycamore Drive,4072048733,03182026045656522,Success,
14007,Office,4905 Davis Street,5954080978,03182026045656522,Success,
1667,Office,4289 Langosh Spur,6666448875,03182026045656522,Success,
14007,Office,839 Maple Road,8871980201,03182026045656522,Success,
1667,Office,9934 Sheridan Springs,8525399617,03182026045656522,Success,
14007,Office,9450 Schaefer Dam,7247172060,03182026045656522,Success,
1667,Office,27481 Enrique Wall,9909697540,03182026045656522,Success,
14007,Office,33754 Nina Rapids,9461178692,03182026045656522,Success,
1667,Office,26347 Central Street,7951086426,03182026045656522,Success,
14007,Office,1783 Old Military Road,9629443326,03182026045656522,Success,
1667,Office,437 Beech Close,3226574772,03182026045656522,Success,
14007,Office,8925 Rosalia Radial,4432540951,03182026045656522,Success,
1667,Office,877 Enid Parkways,4487653159,03182026045656522,Success,
14007,Office,71568 Jenkins Circles,1805467629,03182026045656522,Success,
1667,Office,651 Walsh Radial,1785089897,03182026045656522,Success,
14007,Office,8826 University Drive,9279344009,03182026045656522,Success,
1667,Office,1746 Mills Forks,9941904306,03182026045656522,Success,
14007,Office,129 Luettgen Drive,8534695630,03182026045656522,Success,
1667,Office,28466 Warren Road,5145665840,03182026045656522,Success,
14007,Office,510 Huel Groves,4933563892,03182026045656522,Success,
1667,Office,34630 Xavier Greens,9545162001,03182026045656522,Success,
14007,Office,24215 E Main Street,8849107651,03182026045656522,Success,
1667,Office,615 Kris Parkways,1711743780,03182026045656522,Success,
14007,Office,708 Stanton Ridge,1288959119,03182026045656522,Success,
1667,Office,27990 Okuneva Fields,2169406813,03182026045656522,Success,
14007,Office,3290 Clifton Road,3509077736,03182026045656522,Success,
1667,Office,5937 Berge Mountains,5623777107,03182026045656522,Success,
14007,Office,2433 Gracie Fall,8135314340,03182026045656522,Success,
1667,Office,32407 Herta Common,7693243385,03182026045656522,Success,
14007,Office,59230 Heather River,5146808750,03182026045656522,Success,
1667,Office,910 Toy Walk,5425597998,03182026045656522,Success,
14007,Office,86544 Madisyn Bridge,4464896164,03182026045656522,Success,
1667,Office,8455 Cole Skyway,4397134221,03182026045656522,Success,
14007,Office,40333 Rowan Station,5697450487,03182026045656522,Success,
1667,Office,90821 4th Street,7733912651,03182026045656522,Success,
14007,Office,3677 Lodge Lane,6876370667,03182026045656522,Success,
1667,Office,61996 W 11th Street,1688929630,03182026045656522,Success,
14007,Office,9874 New Road,2720475802,03182026045656522,Success,
1667,Office,68401 E Grand Avenue,5416178547,03182026045656522,Success,
14007,Office,14306 Jacobi Orchard,7774039628,03182026045656522,Success,
1667,Office,33765 Runolfsdottir Plain,8921709019,03182026045656522,Success,
14007,Office,955 Cliff Road,4439606017,03182026045656522,Success,
1667,Office,268 4th Avenue,5674506784,03182026045656522,Success,
14007,Office,212 Huels Brooks,5787790040,03182026045656522,Success,
1667,Office,602 St Andrews Close,2372878523,03182026045656522,Success,
14007,Office,88742 Duke Street,3110677293,03182026045656522,Success,
1667,Office,820 Duncan Keys,8307860557,03182026045656522,Success,
14007,Office,3205 Lazaro Trail,9658350415,03182026045656522,Success,
1667,Office,2756 South View,4367127449,03182026045656522,Success,
14007,Office,36063 Cummerata Radial,4117106645,03182026045656522,Success,
1667,Office,974 Kiara Brook,3653175879,03182026045656522,Success,
14007,Office,6171 Jacobson Way,7275244915,03182026045656522,Success,
1667,Office,27607 Johns Skyway,8930467417,03182026045656522,Success,
14007,Office,622 Well Lane,9956881797,03182026045656522,Success,
1667,Office,560 Chapel Street,4958201415,03182026045656522,Success,
14007,Office,46256 School Road,6218549822,03182026045656522,Success,
1667,Office,92475 S Water Street,6141493119,03182026045656522,Success,
