AgreementId,AddressType,Address,MobileNumber,WorkRequestId,UploadStatus,ErrorMessage
14007,Office,9912 Nolan Pike,6885218234,12262025033000719,Success,
1667,Office,472 Dane Meadows,9316232641,12262025033000719,Success,
14007,Office,2364 Hyatt Throughway,6623724340,12262025033000719,Success,
1667,Office,1486 Cedar Road,1779327905,12262025033000719,Success,
14007,Office,85508 Sarai Drives,2903158157,12262025033000719,Success,
1667,Office,27358 Boyle Key,2480432274,12262025033000719,Success,
14007,Office,55160 Jovanny Divide,4843644924,12262025033000719,Success,
1667,Office,872 DuBuque Curve,3040552455,12262025033000719,Success,
14007,Office,964 Lindgren Dam,3198106554,12262025033000719,Success,
1667,Office,288 W Jackson Street,4859204441,12262025033000719,Success,
14007,Office,9614 Roscoe Court,1717950950,12262025033000719,Success,
1667,Office,465 Adams Avenue,6410544746,12262025033000719,Success,
14007,Office,98005 Nickolas Brook,3628064397,12262025033000719,Success,
1667,Office,83760 W 6th Avenue,8821120824,12262025033000719,Success,
14007,Office,6168 Elm Street,9919024188,12262025033000719,Success,
1667,Office,37008 Strosin Grove,7537843712,12262025033000719,Success,
14007,Office,5117 Schuster Bridge,1834699593,12262025033000719,Success,
1667,Office,89538 Kailyn Club,4792105154,12262025033000719,Success,
14007,Office,3177 Ozella Divide,1040045300,12262025033000719,Success,
1667,Office,42357 S 7th Street,5166812852,12262025033000719,Success,
14007,Office,68016 Pierre Ville,9373139160,12262025033000719,Success,
1667,Office,974 Autumn Trafficway,6819256752,12262025033000719,Success,
14007,Office,4409 Koch Oval,4591524472,12262025033000719,Success,
1667,Office,3475 Dietrich Manors,6150720191,12262025033000719,Success,
14007,Office,4514 Honeysuckle Close,3768767313,12262025033000719,Success,
1667,Office,8089 Cavendish Road,9283632081,12262025033000719,Success,
14007,Office,651 Union Street,7612320312,12262025033000719,Success,
1667,Office,5693 Dach Ferry,2067911535,12262025033000719,Success,
14007,Office,517 Myrl Radial,9519222300,12262025033000719,Success,
1667,Office,76977 West Road,4476083491,12262025033000719,Success,
14007,Office,35444 Anika Turnpike,6341132397,12262025033000719,Success,
1667,Office,286 S 5th Street,5587014841,12262025033000719,Success,
14007,Office,673 Windler Motorway,6329733391,12262025033000719,Success,
1667,Office,170 Runte Field,6908540922,12262025033000719,Success,
14007,Office,36182 Baylee Island,3611381896,12262025033000719,Success,
1667,Office,779 Guido Haven,6649474303,12262025033000719,Success,
14007,Office,44159 Prospect Road,2978593782,12262025033000719,Success,
1667,Office,5779 Rosalyn Streets,1619018560,12262025033000719,Success,
14007,Office,8947 Clarence Street,6093096128,12262025033000719,Success,
1667,Office,1596 Walnut Street,1652340361,12262025033000719,Success,
14007,Office,2815 Albert Road,1490588543,12262025033000719,Success,
1667,Office,1633 Bay Street,9152106251,12262025033000719,Success,
14007,Office,15419 Lynch Throughway,7351037899,12262025033000719,Success,
1667,Office,88672 South Drive,6733855530,12262025033000719,Success,
14007,Office,954 Garrett Manors,6118619316,12262025033000719,Success,
1667,Office,5013 Runte Locks,3641853164,12262025033000719,Success,
14007,Office,957 Reynolds Manor,7254941083,12262025033000719,Success,
1667,Office,96948 Billie Mill,8119509426,12262025033000719,Success,
14007,Office,30169 Spruce Street,3219957351,12262025033000719,Success,
1667,Office,4073 Rickie Tunnel,1614616933,12262025033000719,Success,
14007,Office,6705 Jordyn Lights,4017786085,12262025033000719,Success,
1667,Office,42642 Turcotte Shoals,6177947820,12262025033000719,Success,
14007,Office,3151 Walnut Street,4282843106,12262025033000719,Success,
1667,Office,751 McKenzie Court,5546601081,12262025033000719,Success,
14007,Office,30903 Margarita Manor,3942957213,12262025033000719,Success,
1667,Office,302 Goodwin Hills,8400188652,12262025033000719,Success,
14007,Office,861 Jaiden Burg,5678504193,12262025033000719,Success,
1667,Office,60738 Hirthe Causeway,5210799047,12262025033000719,Success,
14007,Office,32119 E 9th Street,5288827462,12262025033000719,Success,
1667,Office,28678 Green Close,1982908698,12262025033000719,Success,
14007,Office,519 Vicarage Lane,9728195811,12262025033000719,Success,
1667,Office,96287 Berniece Club,4681923499,12262025033000719,Success,
14007,Office,674 Sylvia Shoals,1671845271,12262025033000719,Success,
1667,Office,53379 Gleichner Lakes,2929366326,12262025033000719,Success,
14007,Office,787 Kenna Isle,5744899895,12262025033000719,Success,
1667,Office,6477 Princess Street,1115712274,12262025033000719,Success,
14007,Office,7699 E Main Street,2389767870,12262025033000719,Success,
1667,Office,4263 Stark Brook,3332972076,12262025033000719,Success,
14007,Office,5919 Wisoky Haven,5064634102,12262025033000719,Success,
1667,Office,8718 Natalie Mountains,6907203964,12262025033000719,Success,
14007,Office,886 Senger Light,1803953465,12262025033000719,Success,
1667,Office,410 Collins Centers,5601991336,12262025033000719,Success,
14007,Office,53518 Elyse Fork,9771752590,12262025033000719,Success,
1667,Office,483 Elouise Lane,3572381851,12262025033000719,Success,
14007,Office,87919 Brent Glens,6799137448,12262025033000719,Success,
1667,Office,152 Paucek Causeway,9940376411,12262025033000719,Success,
14007,Office,506 Zita Court,9037018621,12262025033000719,Success,
1667,Office,85642 Fabian Falls,9597264454,12262025033000719,Success,
14007,Office,779 Kling Meadow,2267373196,12262025033000719,Success,
1667,Office,13733 Buckridge Forest,3439604000,12262025033000719,Success,
14007,Office,5285 Porter Field,3004294522,12262025033000719,Success,
1667,Office,796 Lorine Fields,5373959751,12262025033000719,Success,
14007,Office,2923 Marie Lake,1865655623,12262025033000719,Success,
1667,Office,73517 Division Street,2075670786,12262025033000719,Success,
14007,Office,8969 Fisher Springs,1494198214,12262025033000719,Success,
1667,Office,267 Main Avenue,1487432673,12262025033000719,Success,
14007,Office,648 Metz Gateway,7059216053,12262025033000719,Success,
1667,Office,603 Noah Dale,7640787370,12262025033000719,Success,
14007,Office,23105 Bath Road,2300383792,12262025033000719,Success,
1667,Office,8400 King's Road,4815338538,12262025033000719,Success,
14007,Office,21612 Johnathan Meadows,7769448971,12262025033000719,Success,
1667,Office,32395 W Bridge Street,1721076287,12262025033000719,Success,
14007,Office,8242 Randi Pines,6652383747,12262025033000719,Success,
1667,Office,881 W Franklin Street,2930950467,12262025033000719,Success,
14007,Office,29133 E Jackson Street,3800129671,12262025033000719,Success,
1667,Office,26014 Mac Turnpike,2502612909,12262025033000719,Success,
14007,Office,23072 Larkin Wells,7381546328,12262025033000719,Success,
1667,Office,38432 Chadd Way,7067323258,12262025033000719,Success,
14007,Office,981 Paula Flat,8806819645,12262025033000719,Success,
1667,Office,83891 Grant Loop,5541181374,12262025033000719,Success,
14007,Office,2151 Krajcik Valley,6601614740,12262025033000719,Success,
1667,Office,98817 Taurean Villages,6738488953,12262025033000719,Success,
14007,Office,89039 Crooks Lake,7439014883,12262025033000719,Success,
1667,Office,55652 Ruben Centers,5424578232,12262025033000719,Success,
14007,Office,607 Cartwright Shores,8019738231,12262025033000719,Success,
1667,Office,2368 Coty Square,9955740210,12262025033000719,Success,
14007,Office,42373 Manchester Road,5704059223,12262025033000719,Success,
1667,Office,58840 Mann Overpass,4295729895,12262025033000719,Success,
14007,Office,9453 Bauch Haven,4707858893,12262025033000719,Success,
1667,Office,450 Cartwright Track,6581283874,12262025033000719,Success,
14007,Office,267 Lakin Route,6765074089,12262025033000719,Success,
1667,Office,11077 Roosevelt Causeway,9522930727,12262025033000719,Success,
14007,Office,35262 Bartell Alley,3430862006,12262025033000719,Success,
1667,Office,1344 Larkin Rapids,8834218557,12262025033000719,Success,
14007,Office,36999 Jaskolski Estate,8458684456,12262025033000719,Success,
1667,Office,627 Sean Land,2490962576,12262025033000719,Success,
14007,Office,957 Rogahn Courts,7498064712,12262025033000719,Success,
1667,Office,8304 Grayce Estate,7913872589,12262025033000719,Success,
14007,Office,5652 Owen Points,8248416542,12262025033000719,Success,
1667,Office,26615 Dulce Ports,1890387187,12262025033000719,Success,
14007,Office,76188 Heidenreich Estate,4153941567,12262025033000719,Success,
1667,Office,8661 Lake Avenue,7960860596,12262025033000719,Success,
14007,Office,734 Herzog Tunnel,9888241569,12262025033000719,Success,
1667,Office,958 Berge Lodge,7281268758,12262025033000719,Success,
14007,Office,723 Amely Pass,5424923719,12262025033000719,Success,
1667,Office,14486 N Broadway,7930451158,12262025033000719,Success,
14007,Office,30217 Schmidt Rapid,9387217808,12262025033000719,Success,
1667,Office,4580 Connelly Stream,5931590419,12262025033000719,Success,
14007,Office,1198 Friesen Parkway,9227538707,12262025033000719,Success,
1667,Office,92176 Haley Mountain,9068047783,12262025033000719,Success,
14007,Office,133 Darren Brooks,7043809107,12262025033000719,Success,
1667,Office,672 Carlos Roads,2187688074,12262025033000719,Success,
14007,Office,859 Prosacco Lake,6518573315,12262025033000719,Success,
1667,Office,284 Kihn Stream,7837953425,12262025033000719,Success,
14007,Office,73935 Randy Pines,6240834770,12262025033000719,Success,
1667,Office,10353 Schiller Mills,9075807568,12262025033000719,Success,
14007,Office,256 Daugherty Fields,8537167299,12262025033000719,Success,
1667,Office,6932 Cierra Garden,4224445228,12262025033000719,Success,
14007,Office,3713 Kaden Manor,3310196179,12262025033000719,Success,
1667,Office,4089 S Elm Street,2678044321,12262025033000719,Success,
14007,Office,441 Volkman Forges,7415454531,12262025033000719,Success,
1667,Office,290 Hessel Land,8171051364,12262025033000719,Success,
14007,Office,4879 S 1st Avenue,3750254774,12262025033000719,Success,
1667,Office,3781 Eleazar Manors,1328039623,12262025033000719,Success,
14007,Office,744 Rubie Oval,3141256381,12262025033000719,Success,
1667,Office,95679 Weber Rue,5244036043,12262025033000719,Success,
14007,Office,5490 Parkside,6469837170,12262025033000719,Success,
1667,Office,6130 Cielo Well,9954436323,12262025033000719,Success,
14007,Office,14068 Kaden Fields,6318594716,12262025033000719,Success,
1667,Office,27050 Hane Ports,9226559011,12262025033000719,Success,
14007,Office,332 Gorczany Dam,2339077024,12262025033000719,Success,
1667,Office,46212 Russell Street,1968663199,12262025033000719,Success,
14007,Office,341 A Street,8904283416,12262025033000719,Success,
1667,Office,4571 Ryan Springs,5718597392,12262025033000719,Success,
14007,Office,671 Union Avenue,9544671497,12262025033000719,Success,
1667,Office,84625 Durgan Parks,6449467863,12262025033000719,Success,
14007,Office,53942 W Union Street,5938062385,12262025033000719,Success,
1667,Office,1639 McCullough Forges,7358331626,12262025033000719,Success,
14007,Office,5786 Franey Estates,9537458996,12262025033000719,Success,
1667,Office,4776 Western Avenue,5133332760,12262025033000719,Success,
14007,Office,762 Deven Valley,4588409780,12262025033000719,Success,
1667,Office,16302 The Maltings,2487219254,12262025033000719,Success,
14007,Office,903 Elsie Terrace,9576446617,12262025033000719,Success,
1667,Office,426 Arvel Ramp,8273497157,12262025033000719,Success,
14007,Office,73468 Darrell Dam,3514212212,12262025033000719,Success,
1667,Office,9863 Flatley Fall,5491087004,12262025033000719,Success,
14007,Office,1534 River Road,1061310588,12262025033000719,Success,
1667,Office,556 Chestnut Close,9447789706,12262025033000719,Success,
14007,Office,2890 Satterfield Spurs,1281053440,12262025033000719,Success,
1667,Office,7482 Pierce Center,6483500704,12262025033000719,Success,
14007,Office,416 Zita Island,3205652035,12262025033000719,Success,
1667,Office,1651 Grant Divide,3561548563,12262025033000719,Success,
14007,Office,30944 Second Avenue,4999199094,12262025033000719,Success,
1667,Office,41453 Church Street,5697119172,12262025033000719,Success,
14007,Office,644 Alden Cove,2768855078,12262025033000719,Success,
1667,Office,361 Fairfield Road,8176458141,12262025033000719,Success,
14007,Office,91299 Wilfred Highway,6496809307,12262025033000719,Success,
1667,Office,44313 Ruth Estate,3960418462,12262025033000719,Success,
14007,Office,88504 The Paddock,7718687249,12262025033000719,Success,
1667,Office,78677 Sanford Flats,9581798190,12262025033000719,Success,
14007,Office,4905 Konopelski Lights,8321482618,12262025033000719,Success,
1667,Office,416 Lafayette Street,2613688741,12262025033000719,Success,
14007,Office,887 Sabrina Extensions,4038868992,12262025033000719,Success,
1667,Office,42910 Amara Causeway,6897886015,12262025033000719,Success,
14007,Office,9344 Cedar Street,2469321276,12262025033000719,Success,
1667,Office,61523 Hortense Rest,9195363171,12262025033000719,Success,
14007,Office,47910 Lincoln Highway,5290114585,12262025033000719,Success,
1667,Office,75483 Rectory Close,8151660961,12262025033000719,Success,
14007,Office,235 The Laurels,6437424196,12262025033000719,Success,
1667,Office,8556 The Paddocks,3052173832,12262025033000719,Success,
14007,Office,73430 Washington Street,2056321438,12262025033000719,Success,
1667,Office,414 Raynor Coves,2760647531,12262025033000719,Success,
14007,Office,54868 Marietta Mews,3005861273,12262025033000719,Success,
1667,Office,30387 Adrain View,8012500275,12262025033000719,Success,
14007,Office,99763 Gerald Summit,2365960101,12262025033000719,Success,
1667,Office,437 Gerard Crescent,8229205186,12262025033000719,Success,
14007,Office,853 Railway Street,2632452784,12262025033000719,Success,
1667,Office,800 W Main,5053312920,12262025033000719,Success,
14007,Office,5523 Towne Ramp,2749576586,12262025033000719,Success,
1667,Office,80221 Abbott Green,4529009449,12262025033000719,Success,
14007,Office,24155 East Avenue,3908491631,12262025033000719,Success,
1667,Office,799 Benton Ridge,3003661543,12262025033000719,Success,
14007,Office,68663 Hackett Roads,4903358138,12262025033000719,Success,
1667,Office,42494 Loraine Park,1118364741,12262025033000719,Success,
14007,Office,245 Stroman Meadow,8858137851,12262025033000719,Success,
1667,Office,27067 Ziemann Curve,5944965664,12262025033000719,Success,
14007,Office,33680 Aurelia Point,1238084971,12262025033000719,Success,
1667,Office,121 Oak Avenue,1734534760,12262025033000719,Success,
14007,Office,45098 Klocko Brook,5556575214,12262025033000719,Success,
1667,Office,24757 Buckingham Road,7488039131,12262025033000719,Success,
14007,Office,42398 Beau Courts,9256171377,12262025033000719,Success,
1667,Office,3887 Enola Orchard,5402726414,12262025033000719,Success,
14007,Office,215 Renner Terrace,4820749499,12262025033000719,Success,
1667,Office,883 N Center Street,7320178583,12262025033000719,Success,
14007,Office,46735 Kovacek Manors,2346522382,12262025033000719,Success,
1667,Office,91068 Julien Union,2249791019,12262025033000719,Success,
14007,Office,3331 Irma Route,5057616972,12262025033000719,Success,
1667,Office,1530 Veterans Memorial Highway,6920155183,12262025033000719,Success,
14007,Office,913 Williamson Village,5142997092,12262025033000719,Success,
1667,Office,1098 Weimann Crest,8482841122,12262025033000719,Success,
14007,Office,3830 Lansdowne Road,3485938336,12262025033000719,Success,
1667,Office,5598 Lesch Island,4271411093,12262025033000719,Success,
14007,Office,7683 Goyette Ways,9876534083,12262025033000719,Success,
1667,Office,6463 Rosenbaum Estates,1690930916,12262025033000719,Success,
14007,Office,60586 Johnson Mews,8555404510,12262025033000719,Success,
1667,Office,991 Renner Unions,1480655468,12262025033000719,Success,
14007,Office,859 Adelbert Rest,4776863612,12262025033000719,Success,
1667,Office,34911 N Cedar Street,4499714009,12262025033000719,Success,
14007,Office,3128 Lora Shores,9823597077,12262025033000719,Success,
1667,Office,87675 Gutkowski Walk,3408529500,12262025033000719,Success,
14007,Office,744 Stanley Road,1858560849,12262025033000719,Success,
1667,Office,141 Wiegand Run,3388171971,12262025033000719,Success,
14007,Office,79028 Skye Fords,8893341437,12262025033000719,Success,
1667,Office,974 Brown Row,8597622041,12262025033000719,Success,
14007,Office,70815 Josiane Skyway,3760430626,12262025033000719,Success,
1667,Office,9178 Blick Cove,7944727238,12262025033000719,Success,
14007,Office,4732 W Chestnut Street,9398995251,12262025033000719,Success,
1667,Office,97875 Kutch Wall,2120597050,12262025033000719,Success,
14007,Office,78356 Thiel Forks,3803385223,12262025033000719,Success,
1667,Office,54495 Demetris Flat,3493020990,12262025033000719,Success,
14007,Office,736 Park Crescent,9343458364,12262025033000719,Success,
1667,Office,1325 Maggio Spring,9298166009,12262025033000719,Success,
14007,Office,62898 Maple Drive,2830937876,12262025033000719,Success,
1667,Office,830 Amya Corner,2425775672,12262025033000719,Success,
14007,Office,289 Jeanne Lock,7574091502,12262025033000719,Success,
1667,Office,98856 Russell Street,6525471363,12262025033000719,Success,
14007,Office,8492 Sycamore Close,1987254992,12262025033000719,Success,
1667,Office,74571 The Rise,1069506908,12262025033000719,Success,
14007,Office,22955 Kuhn Forest,7189662185,12262025033000719,Success,
1667,Office,8068 Albina Fords,7105563440,12262025033000719,Success,
14007,Office,99017 Jannie Views,2522451566,12262025033000719,Success,
1667,Office,611 Rempel Junction,6722423973,12262025033000719,Success,
14007,Office,70190 Kacey Islands,1382076762,12262025033000719,Success,
1667,Office,603 Cora Valley,8772960980,12262025033000719,Success,
14007,Office,701 Wiegand Spurs,1722382269,12262025033000719,Success,
1667,Office,987 Cedar Grove,6633570144,12262025033000719,Success,
14007,Office,557 Elizabeth Center,8782264133,12262025033000719,Success,
1667,Office,70954 Caden Plains,4103137153,12262025033000719,Success,
14007,Office,7681 Carmine Freeway,6152540367,12262025033000719,Success,
1667,Office,813 North Road,6728511062,12262025033000719,Success,
14007,Office,83021 Shields Well,4636483315,12262025033000719,Success,
1667,Office,99704 Shields Hollow,8592101389,12262025033000719,Success,
14007,Office,26409 N Cedar Street,6956666257,12262025033000719,Success,
1667,Office,88480 Cassin Valleys,7292814096,12262025033000719,Success,
14007,Office,880 Brant Tunnel,8012004547,12262025033000719,Success,
1667,Office,8799 Rutherford Trail,1695400876,12262025033000719,Success,
14007,Office,187 Brown Wells,2626639362,12262025033000719,Success,
1667,Office,99847 Tillman Creek,8331807863,12262025033000719,Success,
14007,Office,215 Heathcote Gateway,6242148344,12262025033000719,Success,
1667,Office,500 Block Landing,9489462600,12262025033000719,Success,
14007,Office,74142 Abernathy Valleys,9783223519,12262025033000719,Success,
1667,Office,39530 Turner Groves,8306169155,12262025033000719,Success,
14007,Office,27351 Schiller Ferry,1121882655,12262025033000719,Success,
1667,Office,423 Park View,1339478960,12262025033000719,Success,
14007,Office,999 Kutch Common,5425338191,12262025033000719,Success,
1667,Office,36319 Bednar Forks,3812929708,12262025033000719,Success,
14007,Office,8979 S Washington Street,1359124635,12262025033000719,Success,
1667,Office,1320 Wunsch Curve,1693973062,12262025033000719,Success,
14007,Office,275 Wehner Park,1998853076,12262025033000719,Success,
1667,Office,54106 Haven Island,9579979258,12262025033000719,Success,
14007,Office,31996 Elvera Rapid,5594520973,12262025033000719,Success,
1667,Office,61730 Nellie Drives,8696996287,12262025033000719,Success,
14007,Office,9571 S Park Street,5102528570,12262025033000719,Success,
1667,Office,75055 Bailey View,2796663956,12262025033000719,Success,
14007,Office,4791 Veterans Memorial Highway,8457935671,12262025033000719,Success,
1667,Office,776 W State Street,6939452181,12262025033000719,Success,
14007,Office,47824 Anderson Spur,3931973285,12262025033000719,Success,
1667,Office,130 Woodside Road,6660337754,12262025033000719,Success,
14007,Office,6276 Mill Road,6251199837,12262025033000719,Success,
1667,Office,71683 W Grand Avenue,9067592350,12262025033000719,Success,
14007,Office,9685 Pink Wall,4942535823,12262025033000719,Success,
1667,Office,5942 Taryn Gardens,3087602069,12262025033000719,Success,
14007,Office,1090 Amparo Inlet,2525962555,12262025033000719,Success,
1667,Office,21131 Thiel Drive,1586773128,12262025033000719,Success,
14007,Office,71736 The Mount,7067186715,12262025033000719,Success,
1667,Office,775 Padberg Viaduct,8895798099,12262025033000719,Success,
14007,Office,3455 Audreanne River,3929319541,12262025033000719,Success,
1667,Office,6157 Oscar Mill,7032235318,12262025033000719,Success,
14007,Office,2169 Grove Road,2468756517,12262025033000719,Success,
1667,Office,698 Caitlyn Loop,3213824268,12262025033000719,Success,
14007,Office,9042 Neva Ridge,4839419262,12262025033000719,Success,
1667,Office,55560 Bonnie Manor,5191739263,12262025033000719,Success,
14007,Office,2535 Beech Drive,2763052067,12262025033000719,Success,
1667,Office,7890 Sigmund Burg,9896643298,12262025033000719,Success,
14007,Office,907 Central Street,5657274373,12262025033000719,Success,
1667,Office,481 Brakus Spring,5151879265,12262025033000719,Success,
14007,Office,3470 The Rise,9869249144,12262025033000719,Success,
1667,Office,351 Doyle Spring,7172267940,12262025033000719,Success,
14007,Office,9607 Rice Courts,5726068297,12262025033000719,Success,
1667,Office,524 Brekke Stravenue,5787957930,12262025033000719,Success,
14007,Office,501 10th Street,6093878052,12262025033000719,Success,
1667,Office,39563 Moore Glens,9037103533,12262025033000719,Success,
14007,Office,4649 Bonnie Valley,9520964565,12262025033000719,Success,
1667,Office,51924 Kay Branch,4073817182,12262025033000719,Success,
14007,Office,284 Aiyana Forks,9291790310,12262025033000719,Success,
1667,Office,59021 Baylee View,8114466491,12262025033000719,Success,
14007,Office,40135 Caroline Spurs,4190895742,12262025033000719,Success,
1667,Office,57393 Rodrick Circles,3640042791,12262025033000719,Success,
14007,Office,3063 Heather Close,9972049176,12262025033000719,Success,
1667,Office,50272 Braun Wells,1289579616,12262025033000719,Success,
14007,Office,5487 2nd Street,1068007223,12262025033000719,Success,
1667,Office,235 Kuhn Shoals,8309491358,12262025033000719,Success,
14007,Office,28659 Veum Courts,3289466742,12262025033000719,Success,
1667,Office,73919 Rosenbaum Oval,9381513967,12262025033000719,Success,
14007,Office,29466 Barrows Squares,2447187568,12262025033000719,Success,
1667,Office,18515 Spruce Street,1319526946,12262025033000719,Success,
14007,Office,92222 Main Street S,5951614904,12262025033000719,Success,
1667,Office,148 Brad Falls,1415312417,12262025033000719,Success,
14007,Office,28138 E Water Street,9236811560,12262025033000719,Success,
1667,Office,50914 Back Lane,4911484427,12262025033000719,Success,
14007,Office,2834 Park Street,6378138865,12262025033000719,Success,
1667,Office,42005 Mosciski Junctions,4740053308,12262025033000719,Success,
14007,Office,1267 Kings Highway,3791893326,12262025033000719,Success,
1667,Office,7750 Goyette Plains,7886093434,12262025033000719,Success,
14007,Office,70350 Braun Knolls,7403821562,12262025033000719,Success,
1667,Office,864 Woodlands Avenue,9658108869,12262025033000719,Success,
14007,Office,783 Thea Well,9391004036,12262025033000719,Success,
1667,Office,25314 Conn Parkways,1692568686,12262025033000719,Success,
14007,Office,1760 5th Avenue,7766161209,12262025033000719,Success,
1667,Office,67896 Friesen Parks,4979051894,12262025033000719,Success,
14007,Office,2911 Elisha Mills,6577223857,12262025033000719,Success,
1667,Office,167 W Franklin Street,3705173740,12262025033000719,Success,
14007,Office,93674 Amira Dale,5493190400,12262025033000719,Success,
1667,Office,74965 Wuckert Common,1609819036,12262025033000719,Success,
14007,Office,8314 Glebe Close,3727432770,12262025033000719,Success,
1667,Office,9122 Ward Ranch,7375690227,12262025033000719,Success,
14007,Office,42893 Maple Avenue,1060590817,12262025033000719,Success,
1667,Office,25445 Daron Land,3993864926,12262025033000719,Success,
14007,Office,21800 Gretchen Fort,9339667688,12262025033000719,Success,
1667,Office,998 Lawrence Street,8320780323,12262025033000719,Success,
14007,Office,47537 Carmine Crest,3525252126,12262025033000719,Success,
1667,Office,803 Kelsie Rapid,2785456051,12262025033000719,Success,
14007,Office,56662 Division Street,6188576930,12262025033000719,Success,
1667,Office,976 Cartwright Landing,8538739328,12262025033000719,Success,
14007,Office,968 Gordon Harbor,6834313733,12262025033000719,Success,
1667,Office,21494 Khalid Common,5871812718,12262025033000719,Success,
14007,Office,63569 Cormier Hills,5491590144,12262025033000719,Success,
1667,Office,9792 Tyrique Land,6739260650,12262025033000719,Success,
14007,Office,8191 School Lane,9252595985,12262025033000719,Success,
1667,Office,28776 W Pine Street,3232916473,12262025033000719,Success,
14007,Office,36739 Wiza Port,8503540136,12262025033000719,Success,
1667,Office,502 Orn Summit,5944979698,12262025033000719,Success,
14007,Office,8921 Kohler Walks,5405549779,12262025033000719,Success,
1667,Office,3336 Zemlak Isle,5833531164,12262025033000719,Success,
14007,Office,84374 Cross Street,3239439980,12262025033000719,Success,
1667,Office,86920 W Center Street,4010400136,12262025033000719,Success,
14007,Office,80946 Petra Row,9627983845,12262025033000719,Success,
1667,Office,20243 Yew Tree Close,7468836235,12262025033000719,Success,
14007,Office,741 Tremayne Neck,7310514345,12262025033000719,Success,
1667,Office,174 Rosenbaum Oval,2969731854,12262025033000719,Success,
14007,Office,873 Ethyl Landing,5988964292,12262025033000719,Success,
1667,Office,228 Kemmer Harbor,2462430676,12262025033000719,Success,
14007,Office,9291 Hadley Harbor,1181866098,12262025033000719,Success,
1667,Office,5253 Stroman Keys,2787350536,12262025033000719,Success,
14007,Office,850 Gerlach Crossing,6842054525,12262025033000719,Success,
1667,Office,179 Lakin Lock,9803598715,12262025033000719,Success,
14007,Office,1719 N Locust Street,3721834574,12262025033000719,Success,
1667,Office,5214 Dudley Lakes,4462932961,12262025033000719,Success,
14007,Office,90806 Howard Street,5292416711,12262025033000719,Success,
1667,Office,988 Conor Hill,9467784009,12262025033000719,Success,
14007,Office,9584 Brown Rest,7074920722,12262025033000719,Success,
1667,Office,392 Gabriella Extension,4265354052,12262025033000719,Success,
14007,Office,682 Adrian Dale,5530205433,12262025033000719,Success,
1667,Office,88244 Northfield Road,5343053822,12262025033000719,Success,
14007,Office,5377 Bell Lane,5674049943,12262025033000719,Success,
1667,Office,60658 Willow Street,3530065022,12262025033000719,Success,
14007,Office,575 Daniel Centers,9729846634,12262025033000719,Success,
1667,Office,2301 DuBuque Cape,9044879102,12262025033000719,Success,
14007,Office,5362 Orchard Lane,8321673736,12262025033000719,Success,
1667,Office,282 Auer Court,6911220657,12262025033000719,Success,
14007,Office,6612 Kshlerin Villages,4065649533,12262025033000719,Success,
1667,Office,5118 2nd Avenue,9282014520,12262025033000719,Success,
14007,Office,6234 Autumn Union,4302517467,12262025033000719,Success,
1667,Office,44791 Mustafa Skyway,8124201344,12262025033000719,Success,
14007,Office,24196 Vicenta Throughway,5944411371,12262025033000719,Success,
1667,Office,344 Manchester Road,4461827089,12262025033000719,Success,
14007,Office,971 Miller Creek,3243453869,12262025033000719,Success,
1667,Office,7778 Hoppe Spur,5026806286,12262025033000719,Success,
14007,Office,43927 Alexandrea Parks,2775464122,12262025033000719,Success,
1667,Office,5017 W 14th Street,5967301384,12262025033000719,Success,
14007,Office,712 Murazik Mount,2069945890,12262025033000719,Success,
1667,Office,89229 Crooks Spring,4316930898,12262025033000719,Success,
14007,Office,724 Schimmel Park,7637633711,12262025033000719,Success,
1667,Office,226 Benton Common,7257261071,12262025033000719,Success,
14007,Office,2749 Ida Light,6971900126,12262025033000719,Success,
1667,Office,47108 Lang Canyon,6100521134,12262025033000719,Success,
14007,Office,3620 Annie Mountain,4376048513,12262025033000719,Success,
1667,Office,48781 Hudson Mill,7538933634,12262025033000719,Success,
14007,Office,30500 N East Street,4496261984,12262025033000719,Success,
1667,Office,33188 Johnson Street,1389444002,12262025033000719,Success,
14007,Office,5755 Russell Bridge,9027197916,12262025033000719,Success,
1667,Office,96539 Stanton Glen,7129565968,12262025033000719,Success,
14007,Office,9976 Bergstrom Loaf,2182281491,12262025033000719,Success,
1667,Office,952 Gerhard Wells,1293213686,12262025033000719,Success,
14007,Office,42846 W Chestnut Street,4165506949,12262025033000719,Success,
1667,Office,728 Roberts Parkways,2857648360,12262025033000719,Success,
14007,Office,76901 S 4th Street,2402357005,12262025033000719,Success,
1667,Office,6959 Jacobi Track,7941761684,12262025033000719,Success,
14007,Office,2654 Morissette Meadow,6871569797,12262025033000719,Success,
1667,Office,57874 Chapel Hill,1954805018,12262025033000719,Success,
14007,Office,1178 S Railroad Street,2221670862,12262025033000719,Success,
1667,Office,14667 Bell Throughway,8535297757,12262025033000719,Success,
14007,Office,8365 Derwent Close,8369737824,12262025033000719,Success,
1667,Office,811 S Jefferson Street,8387920894,12262025033000719,Success,
14007,Office,686 Jaime Passage,8743839901,12262025033000719,Success,
1667,Office,93873 Augustus Knoll,6084167201,12262025033000719,Success,
14007,Office,25587 Quitzon Club,6671959018,12262025033000719,Success,
1667,Office,667 Verona Shore,9413488323,12262025033000719,Success,
14007,Office,828 Bernhard Mount,4844188572,12262025033000719,Success,
1667,Office,1374 Freeda Meadow,3179254598,12262025033000719,Success,
14007,Office,2776 Glebe Close,5613699331,12262025033000719,Success,
1667,Office,9467 Springfield Road,3511058301,12262025033000719,Success,
14007,Office,65525 Ellie Forks,9303406162,12262025033000719,Success,
1667,Office,31973 Russel Camp,5317714234,12262025033000719,Success,
14007,Office,22675 State Road,4063897718,12262025033000719,Success,
1667,Office,59036 Zelma Dam,3104828956,12262025033000719,Success,
14007,Office,423 S Park Street,2956384166,12262025033000719,Success,
1667,Office,2174 Cambridge Street,5167428694,12262025033000719,Success,
14007,Office,1283 Harris Rapids,1276458168,12262025033000719,Success,
1667,Office,96724 Prospect Avenue,7022484288,12262025033000719,Success,
14007,Office,845 Marion Oval,5789536385,12262025033000719,Success,
1667,Office,2951 Pinkie Hills,5845953732,12262025033000719,Success,
14007,Office,28287 Springfield Close,3452943554,12262025033000719,Success,
1667,Office,35098 W High Street,3793885078,12262025033000719,Success,
14007,Office,317 Feeney Prairie,6363351518,12262025033000719,Success,
1667,Office,9242 Pink Lakes,5725237725,12262025033000719,Success,
14007,Office,4560 E Elm Street,8223362272,12262025033000719,Success,
1667,Office,7121 Volkman Port,9163757495,12262025033000719,Success,
14007,Office,615 E Main Street,4340196872,12262025033000719,Success,
1667,Office,6743 S East Street,3719549210,12262025033000719,Success,
14007,Office,19361 Eulah Circles,2592863891,12262025033000719,Success,
1667,Office,6503 Hillside Avenue,2180817953,12262025033000719,Success,
14007,Office,9211 Well Lane,6233434229,12262025033000719,Success,
1667,Office,323 Christiansen Forest,6163483687,12262025033000719,Success,
14007,Office,701 Kihn Station,3067618598,12262025033000719,Success,
1667,Office,515 Mraz Cape,7742363374,12262025033000719,Success,
14007,Office,6050 Fermin Spurs,3950257377,12262025033000719,Success,
1667,Office,5765 Adriana Fields,1908882080,12262025033000719,Success,
14007,Office,4472 Jamil Hills,8004597840,12262025033000719,Success,
1667,Office,5491 Harvey Mills,3371478522,12262025033000719,Success,
14007,Office,601 VonRueden Ports,9216722390,12262025033000719,Success,
1667,Office,10654 Gorczany Keys,4329451451,12262025033000719,Success,
14007,Office,8376 W 1st Street,1515720825,12262025033000719,Success,
1667,Office,56933 Bartoletti Radial,6883740453,12262025033000719,Success,
14007,Office,69539 Jane Meadows,2509765781,12262025033000719,Success,
1667,Office,1198 King Street,4461132851,12262025033000719,Success,
14007,Office,16410 Joaquin Lock,1600464270,12262025033000719,Success,
1667,Office,903 Bernhard Views,3821920747,12262025033000719,Success,
14007,Office,1373 Schaden Shores,5597089640,12262025033000719,Success,
1667,Office,28695 Poplar Close,3080780421,12262025033000719,Success,
14007,Office,38015 Pinfold Lane,9208155334,12262025033000719,Success,
1667,Office,65525 St Mary's Close,7887949448,12262025033000719,Success,
14007,Office,9022 Keara Oval,5510729164,12262025033000719,Success,
1667,Office,121 The Laurels,9327312600,12262025033000719,Success,
14007,Office,5562 Northfield Road,1293011965,12262025033000719,Success,
1667,Office,69371 Fay Orchard,4908903358,12262025033000719,Success,
14007,Office,641 Zboncak Pass,4001968759,12262025033000719,Success,
1667,Office,32306 Liberty Street,9115438708,12262025033000719,Success,
14007,Office,466 Willow Road,2732681553,12262025033000719,Success,
1667,Office,812 S Park Street,6028968957,12262025033000719,Success,
14007,Office,8416 Sanford Curve,6495453051,12262025033000719,Success,
1667,Office,3163 Mikel Place,5486856242,12262025033000719,Success,
14007,Office,1108 Jaquelin Throughway,3459852652,12262025033000719,Success,
1667,Office,483 Lancaster Road,1325565983,12262025033000719,Success,
14007,Office,2775 Peter Harbors,9554589662,12262025033000719,Success,
1667,Office,175 Joshuah Passage,2074055454,12262025033000719,Success,
14007,Office,77088 Ashton Lodge,6295986131,12262025033000719,Success,
1667,Office,110 Grace Village,7084437204,12262025033000719,Success,
14007,Office,4397 Eleazar Drive,3839658298,12262025033000719,Success,
1667,Office,3338 Hill Street,7874262145,12262025033000719,Success,
14007,Office,94182 Field Lane,6262209995,12262025033000719,Success,
1667,Office,259 Kellie Pass,9696885108,12262025033000719,Success,
14007,Office,7153 Leilani Loaf,3378230004,12262025033000719,Success,
1667,Office,6333 Feeney Square,4543274933,12262025033000719,Success,
14007,Office,299 N 1st Street,6243523285,12262025033000719,Success,
1667,Office,3162 Beatty Garden,8880876516,12262025033000719,Success,
14007,Office,333 Schaden Fall,9379152313,12262025033000719,Success,
1667,Office,2027 Halvorson Circles,2989049542,12262025033000719,Success,
14007,Office,67700 Fahey Keys,6700152188,12262025033000719,Success,
1667,Office,8151 Forest Road,7737838846,12262025033000719,Success,
14007,Office,109 Junius Fords,7094156886,12262025033000719,Success,
1667,Office,6949 Yost Village,1861150612,12262025033000719,Success,
14007,Office,60746 Kristin Stravenue,2627467330,12262025033000719,Success,
1667,Office,3088 Laurel Close,3197918606,12262025033000719,Success,
14007,Office,9888 Schinner Shore,3869610528,12262025033000719,Success,
1667,Office,53982 Deckow Shores,1700936487,12262025033000719,Success,
14007,Office,739 Grove Lane,4091736998,12262025033000719,Success,
1667,Office,1796 S Main,3393549942,12262025033000719,Success,
14007,Office,7331 School Close,4876627636,12262025033000719,Success,
1667,Office,642 Tommie Valleys,6286247546,12262025033000719,Success,
14007,Office,59381 Buckridge Spring,8966056411,12262025033000719,Success,
1667,Office,132 Denesik Radial,4572610391,12262025033000719,Success,
14007,Office,24760 Wintheiser Prairie,7930760100,12262025033000719,Success,
1667,Office,402 Karlee Brook,8563881268,12262025033000719,Success,
14007,Office,36847 Bluebell Close,4231142331,12262025033000719,Success,
1667,Office,481 McKenzie Crossing,9018580632,12262025033000719,Success,
14007,Office,1944 Nicholaus Fork,2398572045,12262025033000719,Success,
1667,Office,904 W Maple Street,4605354729,12262025033000719,Success,
14007,Office,3428 Woodlands,4551148596,12262025033000719,Success,
1667,Office,5782 N Main Avenue,6292621424,12262025033000719,Success,
14007,Office,723 Kellen Points,2583435238,12262025033000719,Success,
1667,Office,96152 Trantow Pass,5797804293,12262025033000719,Success,
14007,Office,855 Harrison Avenue,9030064993,12262025033000719,Success,
1667,Office,544 Gayle Ridges,3427368562,12262025033000719,Success,
14007,Office,33424 Columbus Streets,4903326502,12262025033000719,Success,
1667,Office,845 Morissette Vista,6449752976,12262025033000719,Success,
14007,Office,433 Wilderman Point,1724040339,12262025033000719,Success,
1667,Office,5345 Victoria Road,8135125347,12262025033000719,Success,
14007,Office,612 Koss Overpass,8583709389,12262025033000719,Success,
1667,Office,585 S Lincoln Street,1305250645,12262025033000719,Success,
14007,Office,801 Rhiannon Dam,7130045804,12262025033000719,Success,
1667,Office,7634 Kiley Ramp,7499378062,12262025033000719,Success,
14007,Office,5792 S Jackson Street,5965867446,12262025033000719,Success,
1667,Office,8884 Abernathy Estate,2896845813,12262025033000719,Success,
14007,Office,6944 Franey Stravenue,7462723803,12262025033000719,Success,
1667,Office,64181 Court Street,4842254990,12262025033000719,Success,
14007,Office,7148 Princes Street,9901986842,12262025033000719,Success,
1667,Office,235 W Union Street,5102745468,12262025033000719,Success,
14007,Office,88806 Cremin Skyway,3628073964,12262025033000719,Success,
1667,Office,7822 N Market Street,1905087938,12262025033000719,Success,
14007,Office,63520 Park Avenue,4343591247,12262025033000719,Success,
1667,Office,62428 Johnson Camp,4656520041,12262025033000719,Success,
14007,Office,63130 London Dale,9949307141,12262025033000719,Success,
1667,Office,396 Roman Road,4846332702,12262025033000719,Success,
14007,Office,270 Margarette Avenue,1716515844,12262025033000719,Success,
1667,Office,31569 Kemmer Ferry,3519338717,12262025033000719,Success,
14007,Office,69553 Streich Overpass,7403801582,12262025033000719,Success,
1667,Office,492 Brookside,2282957950,12262025033000719,Success,
14007,Office,96717 Archibald Key,5713615716,12262025033000719,Success,
1667,Office,2776 Lindsay Cape,9521775034,12262025033000719,Success,
14007,Office,1862 W Broadway,1292598745,12262025033000719,Success,
1667,Office,8383 Hilbert Loop,9251206065,12262025033000719,Success,
14007,Office,38909 E 10th Street,1755634709,12262025033000719,Success,
1667,Office,4635 Marcellus Mill,6943706684,12262025033000719,Success,
14007,Office,8886 5th Street,5711594934,12262025033000719,Success,
1667,Office,579 Christopher Union,4559118647,12262025033000719,Success,
14007,Office,4903 Kirlin Run,1844777290,12262025033000719,Success,
1667,Office,2766 Bernita Expressway,4293348471,12262025033000719,Success,
14007,Office,369 Nelson Street,1422822593,12262025033000719,Success,
1667,Office,6279 E 12th Street,2833706559,12262025033000719,Success,
14007,Office,323 Lincoln Avenue,4572168568,12262025033000719,Success,
1667,Office,854 The Maltings,4768938714,12262025033000719,Success,
14007,Office,968 Padberg Forges,7679978171,12262025033000719,Success,
1667,Office,3714 Carmen Lock,5026831444,12262025033000719,Success,
14007,Office,301 Ephraim Haven,9392789627,12262025033000719,Success,
1667,Office,44152 Lea Valley,7978023478,12262025033000719,Success,
14007,Office,8223 Highfield Close,1214028311,12262025033000719,Success,
1667,Office,48992 New Road,7161272477,12262025033000719,Success,
14007,Office,1876 Predovic Road,8285802475,12262025033000719,Success,
1667,Office,50355 Graham Glens,4145073069,12262025033000719,Success,
14007,Office,261 Amira Knolls,1669999323,12262025033000719,Success,
1667,Office,280 Lucius Run,7370013614,12262025033000719,Success,
14007,Office,2842 Brooke Crossroad,4850190598,12262025033000719,Success,
1667,Office,34398 Cliff Road,2288451898,12262025033000719,Success,
14007,Office,55816 Winona Harbor,8261014691,12262025033000719,Success,
1667,Office,99701 George Street,2912713936,12262025033000719,Success,
14007,Office,789 W River Road,4586903644,12262025033000719,Success,
1667,Office,3595 Ankunding Dale,6764854710,12262025033000719,Success,
14007,Office,2840 Nelson Road,3528240918,12262025033000719,Success,
1667,Office,3322 W 6th Avenue,8375728413,12262025033000719,Success,
14007,Office,5200 Castle Lane,7426246080,12262025033000719,Success,
1667,Office,7184 S Monroe Street,6350356676,12262025033000719,Success,
14007,Office,1968 DuBuque Course,4488284543,12262025033000719,Success,
1667,Office,1647 Corwin Unions,1909965572,12262025033000719,Success,
14007,Office,9931 Mayert Brook,1147627322,12262025033000719,Success,
1667,Office,3001 The Croft,6434054964,12262025033000719,Success,
14007,Office,75499 Columbia Avenue,2619092009,12262025033000719,Success,
1667,Office,5038 Gusikowski Turnpike,6282303049,12262025033000719,Success,
14007,Office,792 Mann Prairie,9192331430,12262025033000719,Success,
1667,Office,8197 N Division Street,5637143074,12262025033000719,Success,
14007,Office,16564 Leann Club,1105435517,12262025033000719,Success,
1667,Office,4495 Lake Drive,6595501785,12262025033000719,Success,
14007,Office,2504 Brookside,6143126246,12262025033000719,Success,
1667,Office,183 Kamryn Center,2233857652,12262025033000719,Success,
14007,Office,782 Alexander Union,9738135422,12262025033000719,Success,
1667,Office,14576 Don Stream,5715350796,12262025033000719,Success,
14007,Office,5599 Amos Camp,5435373893,12262025033000719,Success,
1667,Office,78244 Andre Crest,5505336051,12262025033000719,Success,
14007,Office,705 Tillman Dale,4438557822,12262025033000719,Success,
1667,Office,4483 N Market Street,7936379057,12262025033000719,Success,
14007,Office,41326 Howe Trace,2188154254,12262025033000719,Success,
1667,Office,83961 Candelario Fields,4380907221,12262025033000719,Success,
14007,Office,864 Washington Road,6680428097,12262025033000719,Success,
1667,Office,187 Leon Alley,3259237691,12262025033000719,Success,
14007,Office,358 St George's Road,9708252384,12262025033000719,Success,
1667,Office,91791 Vena Shore,2124542036,12262025033000719,Success,
14007,Office,306 Reilly Fort,9827101379,12262025033000719,Success,
1667,Office,6768 William Street,7207149141,12262025033000719,Success,
14007,Office,37471 Western Road,8229812599,12262025033000719,Success,
1667,Office,2601 Welch Light,8788994900,12262025033000719,Success,
14007,Office,56472 Birch Grove,4721549457,12262025033000719,Success,
1667,Office,442 Mill Lane,4000800001,12262025033000719,Success,
14007,Office,70529 Rolando Cape,2338149942,12262025033000719,Success,
1667,Office,364 Wunsch Point,5565032742,12262025033000719,Success,
14007,Office,20940 Runolfsson Row,6087571028,12262025033000719,Success,
1667,Office,107 O'Hara Hollow,2762752454,12262025033000719,Success,
14007,Office,72720 Fisher Plain,9723196764,12262025033000719,Success,
1667,Office,314 Collier Junctions,1598291889,12262025033000719,Success,
14007,Office,11762 Henry Mount,8824770944,12262025033000719,Success,
1667,Office,88025 Schumm Highway,1322441979,12262025033000719,Success,
14007,Office,5488 Stokes Landing,9106832470,12262025033000719,Success,
1667,Office,34156 Bartoletti Brook,8827662392,12262025033000719,Success,
14007,Office,29134 Schulist Mountain,8896447004,12262025033000719,Success,
1667,Office,51576 West End,9829058381,12262025033000719,Success,
14007,Office,3497 S Lincoln Street,5765910597,12262025033000719,Success,
1667,Office,240 Wellington Road,2839106906,12262025033000719,Success,
14007,Office,5981 Park Crescent,9957708059,12262025033000719,Success,
1667,Office,2227 Anabel Passage,2983867802,12262025033000719,Success,
14007,Office,26305 Langosh Brooks,1147149916,12262025033000719,Success,
1667,Office,703 Al Inlet,5434421655,12262025033000719,Success,
14007,Office,92908 Dicki Circle,8422842564,12262025033000719,Success,
1667,Office,15398 Desiree Ways,7080213559,12262025033000719,Success,
14007,Office,2413 Bettye Manor,3856494611,12262025033000719,Success,
1667,Office,147 Springfield Road,5685555240,12262025033000719,Success,
14007,Office,63458 S College Street,2413944848,12262025033000719,Success,
1667,Office,300 Old Lane,4982462079,12262025033000719,Success,
14007,Office,159 Rohan Common,8855719985,12262025033000719,Success,
1667,Office,64259 Schroeder Ferry,7073212428,12262025033000719,Success,
14007,Office,23964 Oak Avenue,8661134175,12262025033000719,Success,
1667,Office,79484 Maple Avenue,9614669901,12262025033000719,Success,
14007,Office,44096 Thea Mews,9310879632,12262025033000719,Success,
1667,Office,145 Chester Road,1782732303,12262025033000719,Success,
14007,Office,70905 Garry Brook,1836056480,12262025033000719,Success,
1667,Office,5432 Skiles Stravenue,7134961915,12262025033000719,Success,
14007,Office,5213 Kassulke Loop,3666238718,12262025033000719,Success,
1667,Office,1361 Pouros Forks,1046017974,12262025033000719,Success,
14007,Office,599 Victoria Street,4369933795,12262025033000719,Success,
1667,Office,216 Cleveland Street,1331463335,12262025033000719,Success,
14007,Office,770 Vandervort Walks,4545428553,12262025033000719,Success,
1667,Office,644 Nicolas Meadows,4383276077,12262025033000719,Success,
14007,Office,456 Schinner Harbors,7107395941,12262025033000719,Success,
1667,Office,17984 W Central Avenue,5983312967,12262025033000719,Success,
14007,Office,7702 Forest Road,4505270873,12262025033000719,Success,
1667,Office,71008 McClure Groves,2866143663,12262025033000719,Success,
14007,Office,7754 Spinka Radial,6358265116,12262025033000719,Success,
1667,Office,847 Jacobi Heights,6314049386,12262025033000719,Success,
14007,Office,950 Wilkinson Junction,5294538450,12262025033000719,Success,
1667,Office,96206 Christian Streets,7051211859,12262025033000719,Success,
14007,Office,2246 Bechtelar Ferry,3080166458,12262025033000719,Success,
1667,Office,59323 Ivah Freeway,2620403846,12262025033000719,Success,
14007,Office,6606 Vada Club,6294116196,12262025033000719,Success,
1667,Office,807 Ana Throughway,6313064907,12262025033000719,Success,
14007,Office,2173 Roel Harbor,6694699102,12262025033000719,Success,
1667,Office,155 Madison Street,5588417745,12262025033000719,Success,
14007,Office,21718 N Center Street,1221642792,12262025033000719,Success,
1667,Office,9699 Hill Street,4913067631,12262025033000719,Success,
14007,Office,166 Sean Mill,8433181792,12262025033000719,Success,
1667,Office,602 Russel Mills,8943288699,12262025033000719,Success,
14007,Office,93289 Lemke River,9237169479,12262025033000719,Success,
1667,Office,3379 Lafayette Street,1472723484,12262025033000719,Success,
14007,Office,891 Odell Motorway,2645546454,12262025033000719,Success,
1667,Office,23082 Koss Cliffs,7519942907,12262025033000719,Success,
14007,Office,552 Jackson Street,2976629717,12262025033000719,Success,
1667,Office,90862 Pfannerstill Greens,9326769554,12262025033000719,Success,
14007,Office,9574 Ash Road,2365022502,12262025033000719,Success,
1667,Office,45656 Kayden Radial,9346311979,12262025033000719,Success,
14007,Office,6586 Leuschke Fords,6837875160,12262025033000719,Success,
1667,Office,698 Washington Boulevard,6074334686,12262025033000719,Success,
14007,Office,18267 Bednar Mission,3177034983,12262025033000719,Success,
1667,Office,182 W 6th Avenue,3497609078,12262025033000719,Success,
14007,Office,311 Alma Street,5616923368,12262025033000719,Success,
1667,Office,86801 Hegmann Trail,8308302969,12262025033000719,Success,
14007,Office,43034 Larson Row,2995074116,12262025033000719,Success,
1667,Office,1641 Kayli Brook,5040294398,12262025033000719,Success,
14007,Office,19810 Boundary Road,3849844096,12262025033000719,Success,
1667,Office,11577 N Front Street,8850706937,12262025033000719,Success,
14007,Office,776 Brennon Radial,5552914792,12262025033000719,Success,
1667,Office,5148 Fadel Lodge,7605943177,12262025033000719,Success,
14007,Office,461 Beer Isle,6056052029,12262025033000719,Success,
1667,Office,6311 S Oak Street,4799435452,12262025033000719,Success,
14007,Office,38585 Roberts Branch,3860318349,12262025033000719,Success,
1667,Office,5192 Waterside,8211136155,12262025033000719,Success,
14007,Office,26088 Roob Prairie,4576660629,12262025033000719,Success,
1667,Office,12230 Mill Lane,1998052928,12262025033000719,Success,
14007,Office,58692 Tremayne Extension,6300901470,12262025033000719,Success,
1667,Office,72456 Spencer Heights,6016962592,12262025033000719,Success,
14007,Office,347 Davis Branch,1382969762,12262025033000719,Success,
1667,Office,993 Danial Loop,6306216855,12262025033000719,Success,
14007,Office,195 Christa Wells,8594090420,12262025033000719,Success,
1667,Office,87688 Oxford Road,2045382833,12262025033000719,Success,
14007,Office,480 Hudson Summit,1558430922,12262025033000719,Success,
1667,Office,80532 Priory Close,8003371346,12262025033000719,Success,
14007,Office,6238 Rectory Lane,4601355873,12262025033000719,Success,
1667,Office,39746 Barrows Ferry,1827501511,12262025033000719,Success,
14007,Office,35324 Gia Ways,5319962076,12262025033000719,Success,
1667,Office,864 Mosciski Manor,1446537099,12262025033000719,Success,
14007,Office,5079 Johnson Street,5584078971,12262025033000719,Success,
1667,Office,13063 Stoney Lane,5760833186,12262025033000719,Success,
14007,Office,938 Haag Plains,9359504874,12262025033000719,Success,
1667,Office,9145 Westgate,1154895813,12262025033000719,Success,
14007,Office,290 Isac Islands,1124314420,12262025033000719,Success,
1667,Office,142 Wiley Throughway,1482715684,12262025033000719,Success,
14007,Office,26919 Grant Mills,2374935049,12262025033000719,Success,
1667,Office,9533 Hirthe Dam,4213693755,12262025033000719,Success,
14007,Office,941 County Road,6068016217,12262025033000719,Success,
1667,Office,78066 Manchester Road,5252908690,12262025033000719,Success,
14007,Office,45634 Aufderhar Meadows,6920161559,12262025033000719,Success,
1667,Office,9863 Railroad Street,2178315109,12262025033000719,Success,
14007,Office,371 Spinka Canyon,6593636429,12262025033000719,Success,
1667,Office,627 Turner Mission,2138913643,12262025033000719,Success,
14007,Office,35974 Treva Manor,9084959943,12262025033000719,Success,
1667,Office,182 Zita Parks,4183558546,12262025033000719,Success,
14007,Office,1245 Remington Hills,6120181100,12262025033000719,Success,
1667,Office,32954 Park Place,6507050743,12262025033000719,Success,
14007,Office,35145 Rice Camp,7284104710,12262025033000719,Success,
1667,Office,289 Pagac Junctions,1127367037,12262025033000719,Success,
14007,Office,63702 N Railroad Street,1999069919,12262025033000719,Success,
1667,Office,90682 Mary Street,5466611179,12262025033000719,Success,
14007,Office,225 Treutel Radial,4384921628,12262025033000719,Success,
1667,Office,9594 Nader Hill,8047011354,12262025033000719,Success,
14007,Office,64908 Rowe Bridge,8755638672,12262025033000719,Success,
1667,Office,5718 East Road,4059678059,12262025033000719,Success,
14007,Office,7354 Reinger Knolls,9391350950,12262025033000719,Success,
1667,Office,4611 Brekke Hills,1584180964,12262025033000719,Success,
14007,Office,69829 Brakus Passage,9765436655,12262025033000719,Success,
1667,Office,941 Lesch Alley,4814753825,12262025033000719,Success,
14007,Office,3394 Kuvalis Pines,6243926862,12262025033000719,Success,
1667,Office,591 Pennsylvania Avenue,4836014112,12262025033000719,Success,
14007,Office,4416 Richmond Drive,5807074134,12262025033000719,Success,
1667,Office,392 Clark Meadows,3519302731,12262025033000719,Success,
14007,Office,60834 Conn Avenue,5569607808,12262025033000719,Success,
1667,Office,356 S 1st Avenue,3660474370,12262025033000719,Success,
14007,Office,6257 Main Street W,1093601778,12262025033000719,Success,
1667,Office,53830 Hill Road,4135149368,12262025033000719,Success,
14007,Office,532 S Washington Street,7746128443,12262025033000719,Success,
1667,Office,7387 The Maltings,2170844160,12262025033000719,Success,
14007,Office,24007 Trevor Isle,5999947370,12262025033000719,Success,
1667,Office,3500 Buckingham Road,1967829114,12262025033000719,Success,
14007,Office,353 Amani Garden,1756056822,12262025033000719,Success,
1667,Office,171 The Square,6645262850,12262025033000719,Success,
14007,Office,7920 Leda Park,5579688627,12262025033000719,Success,
1667,Office,9254 Steuber Center,1899591115,12262025033000719,Success,
14007,Office,47143 Telly Wall,7898353925,12262025033000719,Success,
1667,Office,926 Stanley Road,4166760207,12262025033000719,Success,
14007,Office,4725 VonRueden Orchard,5569528852,12262025033000719,Success,
1667,Office,29927 Nelson Fords,8746353155,12262025033000719,Success,
14007,Office,3340 Wuckert Burg,8624220057,12262025033000719,Success,
1667,Office,776 Franklin Avenue,4610125064,12262025033000719,Success,
14007,Office,476 Wellington Road,6188818443,12262025033000719,Success,
1667,Office,577 Jefferson Avenue,2217548537,12262025033000719,Success,
14007,Office,178 The Hawthorns,7958434622,12262025033000719,Success,
1667,Office,78328 New Lane,6252040670,12262025033000719,Success,
14007,Office,52188 Kreiger Orchard,2068650986,12262025033000719,Success,
1667,Office,21168 Rau Station,7943266671,12262025033000719,Success,
14007,Office,638 Pinfold Lane,7993701268,12262025033000719,Success,
1667,Office,22677 Trantow Pass,3459071071,12262025033000719,Success,
14007,Office,93695 Romaguera Turnpike,3401183038,12262025033000719,Success,
1667,Office,95561 Angie Course,4943763445,12262025033000719,Success,
14007,Office,1069 Tennyson Road,9023118354,12262025033000719,Success,
1667,Office,302 Rath Vista,3189043827,12262025033000719,Success,
14007,Office,44047 Joe Extensions,8573980189,12262025033000719,Success,
1667,Office,9450 Alma Street,1781683239,12262025033000719,Success,
14007,Office,88426 Ruth Orchard,2158419705,12262025033000719,Success,
1667,Office,3320 E Maple Street,1233421780,12262025033000719,Success,
14007,Office,630 Koby Haven,8329468305,12262025033000719,Success,
1667,Office,508 Goyette Shoal,6762361758,12262025033000719,Success,
14007,Office,4758 Upton Run,6729617664,12262025033000719,Success,
1667,Office,8770 Reichel Pike,6454247367,12262025033000719,Success,
14007,Office,20988 Reichert Ways,5680931270,12262025033000719,Success,
1667,Office,96552 Alejandrin Stravenue,1684272302,12262025033000719,Success,
14007,Office,46413 Serena Run,2361563561,12262025033000719,Success,
1667,Office,179 Millie Square,5018268098,12262025033000719,Success,
14007,Office,65776 Ivory Park,3816533914,12262025033000719,Success,
1667,Office,593 Manchester Road,7398408272,12262025033000719,Success,
14007,Office,810 Norfolk Road,4903480185,12262025033000719,Success,
1667,Office,6084 Ziemann Loop,1360613213,12262025033000719,Success,
14007,Office,598 Conn Forge,2673791642,12262025033000719,Success,
1667,Office,2786 Breanna Trail,6271799012,12262025033000719,Success,
14007,Office,371 Kevon Harbors,4588022462,12262025033000719,Success,
1667,Office,752 Edythe Ville,2260447766,12262025033000719,Success,
14007,Office,27241 S Chestnut Street,6963876793,12262025033000719,Success,
1667,Office,622 Emile Dale,2663215897,12262025033000719,Success,
14007,Office,768 Wellington Street,1567293013,12262025033000719,Success,
1667,Office,257 Bode Square,8307701411,12262025033000719,Success,
14007,Office,269 Murphy Orchard,4767549313,12262025033000719,Success,
1667,Office,6170 Jeremy Unions,5280631030,12262025033000719,Success,
14007,Office,76961 Stanton Highway,9283400159,12262025033000719,Success,
1667,Office,5555 Langosh Villages,3927563741,12262025033000719,Success,
14007,Office,3808 Samir Lane,2197138331,12262025033000719,Success,
1667,Office,87414 Silver Street,1717622476,12262025033000719,Success,
14007,Office,96213 O'Connell Route,2880508157,12262025033000719,Success,
1667,Office,60688 Ben Mount,1844412344,12262025033000719,Success,
14007,Office,4892 Edison Oval,3507515184,12262025033000719,Success,
1667,Office,92468 Florida Falls,5829495238,12262025033000719,Success,
14007,Office,3946 Kutch Villages,9287745525,12262025033000719,Success,
1667,Office,547 Casper Land,7261312861,12262025033000719,Success,
14007,Office,807 Market Square,8985787597,12262025033000719,Success,
1667,Office,2730 Swaniawski Way,9682001549,12262025033000719,Success,
14007,Office,488 Fay Terrace,3366994721,12262025033000719,Success,
1667,Office,294 Milford Green,9636493256,12262025033000719,Success,
14007,Office,12574 Lubowitz Villages,3321541419,12262025033000719,Success,
1667,Office,375 Hauck Shores,8483943943,12262025033000719,Success,
14007,Office,9214 Garnet River,4727322490,12262025033000719,Success,
1667,Office,43703 Mill Road,5869919497,12262025033000719,Success,
14007,Office,261 Atlantic Avenue,7813891910,12262025033000719,Success,
1667,Office,38999 Ova Ville,8676531842,12262025033000719,Success,
14007,Office,34351 Hegmann Land,7336672294,12262025033000719,Success,
1667,Office,9607 Constantin Path,5111791106,12262025033000719,Success,
14007,Office,36855 Salvatore Point,9795483331,12262025033000719,Success,
1667,Office,163 Millie Burg,9433855821,12262025033000719,Success,
14007,Office,8022 Braun Valleys,7113278136,12262025033000719,Success,
1667,Office,673 Ralph Knolls,3549258502,12262025033000719,Success,
14007,Office,3341 Roman Cliff,6857625613,12262025033000719,Success,
1667,Office,6124 Rutherford Light,2116050739,12262025033000719,Success,
14007,Office,591 Holly Close,4453319330,12262025033000719,Success,
1667,Office,499 Walnut Street,6851836106,12262025033000719,Success,
14007,Office,28395 Willow Drive,3935946312,12262025033000719,Success,
1667,Office,42274 N Elm Street,3377239147,12262025033000719,Success,
14007,Office,9486 Goyette Spur,6407001071,12262025033000719,Success,
1667,Office,62957 Woodland Close,4464063118,12262025033000719,Success,
14007,Office,351 Mariano Mission,2286913592,12262025033000719,Success,
1667,Office,1807 Elenor Passage,2268018707,12262025033000719,Success,
14007,Office,610 Strosin Mountains,2121089024,12262025033000719,Success,
1667,Office,35667 Caesar Glen,4915059614,12262025033000719,Success,
14007,Office,77499 Beech Road,2328062653,12262025033000719,Success,
1667,Office,80768 Stephania Orchard,9496665851,12262025033000719,Success,
14007,Office,97177 W Washington Street,1160088516,12262025033000719,Success,
1667,Office,40498 Howard Street,1548266583,12262025033000719,Success,
14007,Office,84172 Kshlerin Bypass,4616837918,12262025033000719,Success,
1667,Office,5405 Schaden Fords,4672471074,12262025033000719,Success,
14007,Office,926 Hilario Fields,5322605040,12262025033000719,Success,
1667,Office,67629 Lesly Mountain,4067577355,12262025033000719,Success,
14007,Office,70894 Ankunding Key,3130152919,12262025033000719,Success,
1667,Office,42960 Bailey Mountain,1326354641,12262025033000719,Success,
14007,Office,85105 W 2nd Street,4634221327,12262025033000719,Success,
1667,Office,6246 Hodkiewicz Way,2382921603,12262025033000719,Success,
14007,Office,66560 Josefina Glens,9350884535,12262025033000719,Success,
1667,Office,83039 Kiehn Walk,4678009235,12262025033000719,Success,
14007,Office,559 N State Street,5728465004,12262025033000719,Success,
1667,Office,502 The Ridgeway,1288000461,12262025033000719,Success,
14007,Office,33154 Pennsylvania Avenue,6475013069,12262025033000719,Success,
1667,Office,72389 Moises Passage,8786458559,12262025033000719,Success,
14007,Office,920 S Water Street,6331341384,12262025033000719,Success,
1667,Office,83981 Caesar Locks,2426921827,12262025033000719,Success,
14007,Office,367 D'Amore Dam,8265351088,12262025033000719,Success,
1667,Office,2551 Feil Cove,6233516368,12262025033000719,Success,
14007,Office,57842 Jodie Cove,7692518749,12262025033000719,Success,
1667,Office,1557 Cleve Glens,3081010340,12262025033000719,Success,
14007,Office,18806 Jefferson Avenue,4044836251,12262025033000719,Success,
1667,Office,2289 N Broadway,3141235582,12262025033000719,Success,
14007,Office,5841 Schuppe Route,3321602747,12262025033000719,Success,
1667,Office,5719 The Crescent,1572785588,12262025033000719,Success,
14007,Office,7871 W Oak Street,8089688119,12262025033000719,Success,
1667,Office,2527 St Andrews Close,9936036461,12262025033000719,Success,
14007,Office,934 Regan Shore,1495145573,12262025033000719,Success,
1667,Office,61316 Jeffrey Loop,1957891544,12262025033000719,Success,
14007,Office,3430 Tillman Light,5632516484,12262025033000719,Success,
1667,Office,62115 Howard Road,1317849680,12262025033000719,Success,
14007,Office,59393 Hartmann Loop,4158419939,12262025033000719,Success,
1667,Office,188 Mante Lights,2767341515,12262025033000719,Success,
14007,Office,63380 The Spinney,8197776185,12262025033000719,Success,
1667,Office,13386 Water Street,1343318915,12262025033000719,Success,
14007,Office,261 Hudson Spring,6502186902,12262025033000719,Success,
1667,Office,36128 Haley Club,3904369244,12262025033000719,Success,
14007,Office,433 Jordy Light,9717263700,12262025033000719,Success,
1667,Office,7774 Mariano Views,8941180746,12262025033000719,Success,
14007,Office,315 Carson Parks,7350735828,12262025033000719,Success,
1667,Office,792 Railroad Avenue,5699846733,12262025033000719,Success,
14007,Office,903 Alycia Crossroad,3318861768,12262025033000719,Success,
1667,Office,97350 Blick Cape,2813889634,12262025033000719,Success,
14007,Office,46844 Giuseppe Curve,2040612671,12262025033000719,Success,
1667,Office,4617 W Lake Street,4285980054,12262025033000719,Success,
14007,Office,90850 West Causeway,3441306661,12262025033000719,Success,
1667,Office,692 Camilla Spurs,4400759997,12262025033000719,Success,
14007,Office,68171 Beahan Crossing,1470612554,12262025033000719,Success,
1667,Office,332 Rosina Well,1691690611,12262025033000719,Success,
14007,Office,543 Maurine Court,8492334149,12262025033000719,Success,
1667,Office,125 Reilly Lake,4513972483,12262025033000719,Success,
14007,Office,8833 Pearl Street,1817619499,12262025033000719,Success,
1667,Office,77222 W Lake Street,6961494468,12262025033000719,Success,
14007,Office,873 Hoeger Avenue,6361520733,12262025033000719,Success,
1667,Office,78450 Arnaldo Parks,4084695992,12262025033000719,Success,
14007,Office,947 Silver Street,4598122701,12262025033000719,Success,
1667,Office,575 St Mary's Close,7291658969,12262025033000719,Success,
14007,Office,53383 Faye Crescent,4131388918,12262025033000719,Success,
1667,Office,36789 S Oak Street,4912970767,12262025033000719,Success,
14007,Office,486 Block Ford,9267283702,12262025033000719,Success,
1667,Office,34377 Kutch Glens,6429562247,12262025033000719,Success,
14007,Office,337 Rosella Crescent,8373571107,12262025033000719,Success,
1667,Office,9330 Hillside Close,7135855343,12262025033000719,Success,
14007,Office,1303 Broadway Street,1379078647,12262025033000719,Success,
1667,Office,39134 Yesenia Green,3522826041,12262025033000719,Success,
14007,Office,8341 Dibbert Union,4969582863,12262025033000719,Success,
1667,Office,41450 Ayla Loaf,9365291057,12262025033000719,Success,
14007,Office,50002 Kaela Mill,3488802599,12262025033000719,Success,
1667,Office,75832 Salisbury Road,9287115997,12262025033000719,Success,
14007,Office,89386 Luigi Street,2852346543,12262025033000719,Success,
1667,Office,44323 South Street,8742953740,12262025033000719,Success,
14007,Office,4276 Abbott Ridges,7424587884,12262025033000719,Success,
1667,Office,4869 Woodlands,6261605097,12262025033000719,Success,
14007,Office,85416 Elaina Burg,1126297021,12262025033000719,Success,
1667,Office,48109 Pacocha Plains,9745160741,12262025033000719,Success,
14007,Office,84760 Mohr Meadow,8986173757,12262025033000719,Success,
1667,Office,744 Weimann Mill,9588702144,12262025033000719,Success,
14007,Office,8616 First Avenue,3510450838,12262025033000719,Success,
1667,Office,5841 Williamson Keys,5617025403,12262025033000719,Success,
14007,Office,498 Depot Street,9219265640,12262025033000719,Success,
1667,Office,5915 W North Street,6764844350,12262025033000719,Success,
14007,Office,64575 Bosco Manors,7988060986,12262025033000719,Success,
1667,Office,8325 Rowan Close,2542705109,12262025033000719,Success,
14007,Office,2411 Fannie Tunnel,6443685283,12262025033000719,Success,
1667,Office,64788 The Willows,4506358841,12262025033000719,Success,
14007,Office,366 Elmo Forges,7069393608,12262025033000719,Success,
1667,Office,27395 Bahringer Lock,2005752602,12262025033000719,Success,
14007,Office,53156 Garden Street,7068081885,12262025033000719,Success,
1667,Office,5053 Haley Lane,4555630163,12262025033000719,Success,
14007,Office,65242 2nd Street,1295944862,12262025033000719,Success,
1667,Office,69961 Tremblay Stravenue,2902061109,12262025033000719,Success,
14007,Office,62486 School Lane,4681243877,12262025033000719,Success,
1667,Office,8061 Abagail Forest,4649217632,12262025033000719,Success,
14007,Office,65514 Daphne Divide,3664399277,12262025033000719,Success,
1667,Office,73911 Dare Ways,6210645851,12262025033000719,Success,
14007,Office,680 E 6th Avenue,4582636722,12262025033000719,Success,
1667,Office,386 Weissnat Fields,1139585112,12262025033000719,Success,
14007,Office,42767 Esther Curve,3917279207,12262025033000719,Success,
1667,Office,6020 The Paddocks,2497064931,12262025033000719,Success,
14007,Office,51294 Caleigh Club,7583668813,12262025033000719,Success,
1667,Office,21054 Celia Court,9202601526,12262025033000719,Success,
14007,Office,1614 Lockman Causeway,7181158675,12262025033000719,Success,
1667,Office,98039 Park View,6397883425,12262025033000719,Success,
14007,Office,1016 Constance Via,7181285989,12262025033000719,Success,
1667,Office,71055 Willow Close,4925697674,12262025033000719,Success,
14007,Office,996 Sandy Lane,3665870920,12262025033000719,Success,
1667,Office,9476 Church Avenue,1229829024,12262025033000719,Success,
14007,Office,869 Monroe Street,9118333625,12262025033000719,Success,
1667,Office,74145 Cynthia Port,1631807216,12262025033000719,Success,
14007,Office,205 Kihn Spurs,4094583956,12262025033000719,Success,
1667,Office,20836 Reinger Avenue,3464843647,12262025033000719,Success,
14007,Office,5644 Meadow Close,4436370034,12262025033000719,Success,
1667,Office,836 Labadie Lane,7860600021,12262025033000719,Success,
14007,Office,5655 Ralph Hollow,4220075528,12262025033000719,Success,
1667,Office,7767 N Maple Street,9334333286,12262025033000719,Success,
14007,Office,845 State Line Road,4482916088,12262025033000719,Success,
1667,Office,3240 Stroman Ville,4913502991,12262025033000719,Success,
14007,Office,7214 Shawn Highway,3607986877,12262025033000719,Success,
1667,Office,6645 Rohan Parkways,4176353569,12262025033000719,Success,
14007,Office,603 Pinfold Lane,2210025735,12262025033000719,Success,
1667,Office,27404 Sandringham Road,5943307761,12262025033000719,Success,
14007,Office,248 Gladys Fords,3642527387,12262025033000719,Success,
1667,Office,83930 Roman Way,2011506253,12262025033000719,Success,
14007,Office,7077 Highfield Close,7172413741,12262025033000719,Success,
1667,Office,151 Hall Street,2083255803,12262025033000719,Success,
14007,Office,9240 S 8th Street,3158238276,12262025033000719,Success,
1667,Office,5293 Laila Views,2076800389,12262025033000719,Success,
14007,Office,61434 Division Street,3356043951,12262025033000719,Success,
1667,Office,4688 King Freeway,4911889164,12262025033000719,Success,
14007,Office,777 Hodkiewicz Mount,9538735325,12262025033000719,Success,
1667,Office,143 10th Street,9593954581,12262025033000719,Success,
14007,Office,39362 Doyle Valley,8115242294,12262025033000719,Success,
1667,Office,2080 Rowland Canyon,8298265387,12262025033000719,Success,
14007,Office,43102 Manchester Road,7292460042,12262025033000719,Success,
1667,Office,4102 N Poplar Street,7124300245,12262025033000719,Success,
14007,Office,4685 Fore Street,5336877735,12262025033000719,Success,
1667,Office,79130 Violet Loop,6788287823,12262025033000719,Success,
14007,Office,490 1st Street,5080920510,12262025033000719,Success,
1667,Office,630 Aidan Plains,5557219552,12262025033000719,Success,
14007,Office,114 Grant Pass,7219483650,12262025033000719,Success,
1667,Office,72290 Gutmann Route,6209636538,12262025033000719,Success,
14007,Office,75510 Sandy Lane,1834505816,12262025033000719,Success,
1667,Office,19696 Larch Close,3682767283,12262025033000719,Success,
14007,Office,8020 N Main Avenue,7509985573,12262025033000719,Success,
1667,Office,277 Arely Extensions,9204464254,12262025033000719,Success,
14007,Office,735 Josiane Mills,5912311460,12262025033000719,Success,
1667,Office,7339 S Lincoln Street,9954419868,12262025033000719,Success,
14007,Office,804 The Copse,4869176853,12262025033000719,Success,
1667,Office,763 Murray Parkways,1493352354,12262025033000719,Success,
14007,Office,6615 Hodkiewicz Manor,6882414428,12262025033000719,Success,
1667,Office,162 Grange Close,3844716381,12262025033000719,Success,
14007,Office,6903 Greta Groves,2386019969,12262025033000719,Success,
1667,Office,639 Nicolette Parkway,7276740320,12262025033000719,Success,
14007,Office,5382 W Lake Street,2642889510,12262025033000719,Success,
1667,Office,2827 Clement Stravenue,1340686777,12262025033000719,Success,
14007,Office,2755 4th Street,8707302280,12262025033000719,Success,
1667,Office,74459 Grant Junctions,7679626157,12262025033000719,Success,
14007,Office,54703 Weber Inlet,2227184889,12262025033000719,Success,
1667,Office,5560 Gregorio Canyon,4318911058,12262025033000719,Success,
14007,Office,8105 North Lane,2987121726,12262025033000719,Success,
1667,Office,42428 Cloyd Throughway,8262610554,12262025033000719,Success,
14007,Office,52362 Marcel Manor,3753403936,12262025033000719,Success,
1667,Office,55144 Sydnee Loop,6629625507,12262025033000719,Success,
14007,Office,7219 Deckow Cove,4062227479,12262025033000719,Success,
1667,Office,397 Heather Close,9479840345,12262025033000719,Success,
14007,Office,629 Chelsey Skyway,7157601157,12262025033000719,Success,
1667,Office,4793 Swaniawski Center,4354843804,12262025033000719,Success,
14007,Office,3109 W Main,6336929463,12262025033000719,Success,
1667,Office,29667 Elda Walk,3604447496,12262025033000719,Success,
14007,Office,42716 VonRueden Mountain,1651127007,12262025033000719,Success,
1667,Office,43633 Adams Spring,7889217185,12262025033000719,Success,
14007,Office,587 Margret Plain,6879646233,12262025033000719,Success,
1667,Office,8609 Jordon Burgs,5521084760,12262025033000719,Success,
14007,Office,65898 Farm Close,2713828741,12262025033000719,Success,
1667,Office,27767 Kenneth Trace,4153457671,12262025033000719,Success,
14007,Office,2492 DuBuque Freeway,3788585846,12262025033000719,Success,
1667,Office,6841 Joanie Lodge,5233656680,12262025033000719,Success,
14007,Office,5995 Perry Ways,8580390061,12262025033000719,Success,
1667,Office,97394 Stanton Light,7257633568,12262025033000719,Success,
14007,Office,38501 Lesch Cliff,8487241429,12262025033000719,Success,
1667,Office,318 Bartell Corner,4537205969,12262025033000719,Success,
14007,Office,37390 Fahey Camp,1873932672,12262025033000719,Success,
1667,Office,65553 Cedar Road,5773955836,12262025033000719,Success,
14007,Office,2120 Deontae Point,4521783157,12262025033000719,Success,
1667,Office,5621 Lodge Close,6603019212,12262025033000719,Success,
14007,Office,372 Bedford Road,2024301543,12262025033000719,Success,
1667,Office,50592 St John's Road,8926364238,12262025033000719,Success,
14007,Office,9327 Schaden Rue,7667860051,12262025033000719,Success,
1667,Office,25550 Coby Manors,8613437417,12262025033000719,Success,
14007,Office,586 Donna Stream,8045016047,12262025033000719,Success,
1667,Office,22899 The Oaks,9841357776,12262025033000719,Success,
14007,Office,332 Pfeffer Courts,6218540202,12262025033000719,Success,
1667,Office,700 Krista Neck,8826231868,12262025033000719,Success,
14007,Office,1931 Louvenia Forest,4968676789,12262025033000719,Success,
1667,Office,605 Padberg Center,9777391866,12262025033000719,Success,
14007,Office,9037 University Drive,3212731668,12262025033000719,Success,
1667,Office,6636 Hill Road,6661420108,12262025033000719,Success,
14007,Office,612 Joe Mews,5416289919,12262025033000719,Success,
1667,Office,30794 York Street,9674825999,12262025033000719,Success,
14007,Office,3153 Jefferson Street,5012308767,12262025033000719,Success,
1667,Office,63342 S 6th Street,9531820268,12262025033000719,Success,
14007,Office,6123 Willard Harbors,2305956513,12262025033000719,Success,
1667,Office,19077 Stamm Heights,1640409494,12262025033000719,Success,
14007,Office,459 Effertz Path,7944999683,12262025033000719,Success,
1667,Office,7199 Beech Drive,5255381705,12262025033000719,Success,
14007,Office,6909 Kirlin Junctions,8089677512,12262025033000719,Success,
1667,Office,45998 Church Path,6887760098,12262025033000719,Success,
14007,Office,124 Grange Close,2602259798,12262025033000719,Success,
1667,Office,88827 Melvin Trafficway,7267944638,12262025033000719,Success,
14007,Office,809 Keegan Ferry,7535083603,12262025033000719,Success,
1667,Office,5679 Conroy Lock,7580887689,12262025033000719,Success,
14007,Office,58210 Ottilie Estate,7095388333,12262025033000719,Success,
1667,Office,998 North Street,1475896425,12262025033000719,Success,
14007,Office,77463 Okuneva Mission,4887640434,12262025033000719,Success,
1667,Office,607 Ray Highway,8848507695,12262025033000719,Success,
14007,Office,1965 Noel Plain,2345550817,12262025033000719,Success,
1667,Office,92118 The Ridings,9118931085,12262025033000719,Success,
14007,Office,912 Hilpert Lights,1162764800,12262025033000719,Success,
1667,Office,115 Auer Trafficway,8829950115,12262025033000719,Success,
14007,Office,526 Meda Union,4093395270,12262025033000719,Success,
1667,Office,2781 Church Avenue,9006211406,12262025033000719,Success,
14007,Office,261 St Andrews Close,6680449705,12262025033000719,Success,
1667,Office,81830 Anderson Cove,2710547545,12262025033000719,Success,
14007,Office,197 Buford Mills,2955671293,12262025033000719,Success,
1667,Office,23037 Arlo Junction,8005302717,12262025033000719,Success,
14007,Office,308 Gerlach Walk,7898718100,12262025033000719,Success,
1667,Office,735 Willow Street,2628318004,12262025033000719,Success,
14007,Office,38448 Windler Expressway,9346461945,12262025033000719,Success,
1667,Office,6602 The Lane,7532048684,12262025033000719,Success,
14007,Office,54007 Glover Crest,7757392071,12262025033000719,Success,
1667,Office,8726 Tiara View,7029653103,12262025033000719,Success,
14007,Office,26046 Bechtelar Flat,1409524159,12262025033000719,Success,
1667,Office,799 Moen Street,6065764654,12262025033000719,Success,
14007,Office,38997 Koelpin Crescent,3335661019,12262025033000719,Success,
1667,Office,23956 Tiana Port,5446148483,12262025033000719,Success,
14007,Office,17967 Auer Views,9769827521,12262025033000719,Success,
1667,Office,43204 Thiel Forge,8552408847,12262025033000719,Success,
14007,Office,549 Dach Key,6263945672,12262025033000719,Success,
1667,Office,113 S Oak Street,7961253155,12262025033000719,Success,
14007,Office,73960 Anderson Canyon,9252463106,12262025033000719,Success,
1667,Office,73415 Cow Lane,9881335129,12262025033000719,Success,
14007,Office,3944 Hilll Junction,6014410430,12262025033000719,Success,
1667,Office,564 Kiley Fall,5695170395,12262025033000719,Success,
14007,Office,774 VonRueden Club,5878030485,12262025033000719,Success,
1667,Office,564 Jenkins Prairie,5761093150,12262025033000719,Success,
14007,Office,49293 Mya Highway,3726884043,12262025033000719,Success,
1667,Office,6831 Birch Avenue,7544277582,12262025033000719,Success,
14007,Office,9474 Spring Street,3553687713,12262025033000719,Success,
1667,Office,5665 Beech Drive,1404311104,12262025033000719,Success,
14007,Office,4664 County Road,1603290080,12262025033000719,Success,
1667,Office,8026 Schumm Flats,2354796300,12262025033000719,Success,
14007,Office,54360 Fairfield Road,1468745881,12262025033000719,Success,
1667,Office,4208 Harvey Ferry,3519550693,12262025033000719,Success,
14007,Office,9549 Mills Land,1015239590,12262025033000719,Success,
1667,Office,80312 Blick Shore,3676119718,12262025033000719,Success,
14007,Office,4598 Watsica Via,4972549145,12262025033000719,Success,
1667,Office,146 Carroll Route,9160348835,12262025033000719,Success,
14007,Office,40859 Nikki Shore,3660579489,12262025033000719,Success,
1667,Office,714 Ledner Crossroad,6101762647,12262025033000719,Success,
14007,Office,1782 Vesta Spring,2446981368,12262025033000719,Success,
1667,Office,2391 Jenkins Estates,1288583660,12262025033000719,Success,
14007,Office,6835 Edward Street,1267486798,12262025033000719,Success,
1667,Office,2830 Armstrong Center,7894792532,12262025033000719,Success,
14007,Office,4196 Katelynn Lock,1562685012,12262025033000719,Success,
1667,Office,311 Retta Cove,4305493035,12262025033000719,Success,
14007,Office,6893 Effertz Grove,2011624217,12262025033000719,Success,
1667,Office,404 Riverside Avenue,6005170508,12262025033000719,Success,
14007,Office,997 E Cedar Street,7027189761,12262025033000719,Success,
1667,Office,927 O'Conner Canyon,6175101839,12262025033000719,Success,
14007,Office,19266 Forest Road,5082477306,12262025033000719,Success,
1667,Office,34103 Wilkinson Parkways,1134523245,12262025033000719,Success,
14007,Office,4302 College Avenue,5767872568,12262025033000719,Success,
1667,Office,932 Alejandrin Harbors,1298038104,12262025033000719,Success,
14007,Office,3296 Kreiger Mount,8809110705,12262025033000719,Success,
1667,Office,22649 Wunsch Ford,9307422683,12262025033000719,Success,
14007,Office,3102 Thelma Estate,1486247325,12262025033000719,Success,
1667,Office,1967 Edwin Well,7802620121,12262025033000719,Success,
14007,Office,1703 S Jackson Street,1451711661,12262025033000719,Success,
1667,Office,249 Benjamin Key,3669461753,12262025033000719,Success,
14007,Office,980 Grant Street,5455281884,12262025033000719,Success,
1667,Office,452 Dante Island,6777781803,12262025033000719,Success,
14007,Office,3996 Kertzmann Keys,9643436280,12262025033000719,Success,
1667,Office,420 Dakota Wells,6021443510,12262025033000719,Success,
14007,Office,7545 Kutch Common,8267202625,12262025033000719,Success,
1667,Office,819 Friesen Plains,9100491414,12262025033000719,Success,
14007,Office,5713 N Central Avenue,5124643515,12262025033000719,Success,
1667,Office,43068 Main Street E,4379340149,12262025033000719,Success,
14007,Office,587 Reilly Estates,8951195466,12262025033000719,Success,
1667,Office,342 Norwood Cliff,8163316694,12262025033000719,Success,
14007,Office,8856 Hamill Port,3624028966,12262025033000719,Success,
1667,Office,13232 Beahan Motorway,2426606822,12262025033000719,Success,
14007,Office,6553 Alexandria Plaza,1399442808,12262025033000719,Success,
1667,Office,29882 Homenick Gardens,5206607915,12262025033000719,Success,
14007,Office,51525 Teagan Lakes,4277114852,12262025033000719,Success,
1667,Office,998 Lueilwitz Springs,7237561487,12262025033000719,Success,
14007,Office,32295 Glover Path,8894327027,12262025033000719,Success,
1667,Office,563 Dooley Keys,4619687491,12262025033000719,Success,
14007,Office,13780 Collier Mews,4307235529,12262025033000719,Success,
1667,Office,52759 E State Street,1214493776,12262025033000719,Success,
14007,Office,138 Baumbach Ford,8095709462,12262025033000719,Success,
1667,Office,3406 Schulist Locks,9672086242,12262025033000719,Success,
14007,Office,2203 Monahan Trail,4805688407,12262025033000719,Success,
1667,Office,8533 Agustin Circles,2248635622,12262025033000719,Success,
14007,Office,8799 Kingsway,4548754662,12262025033000719,Success,
1667,Office,9467 Doyle Junction,3438241025,12262025033000719,Success,
14007,Office,86217 E 4th Street,1422214821,12262025033000719,Success,
1667,Office,36471 The Paddock,3123728471,12262025033000719,Success,
14007,Office,319 Ebert Mission,3338585547,12262025033000719,Success,
1667,Office,571 Orie Mission,6286799821,12262025033000719,Success,
14007,Office,6667 Eloise Haven,5811184551,12262025033000719,Success,
1667,Office,282 Gladys Viaduct,7010235645,12262025033000719,Success,
14007,Office,1161 Hessel Fords,2081382295,12262025033000719,Success,
1667,Office,4936 Schroeder Burgs,5041038573,12262025033000719,Success,
14007,Office,41407 Hintz Expressway,9207427390,12262025033000719,Success,
1667,Office,9860 Mills Crescent,6218044697,12262025033000719,Success,
14007,Office,3574 Ward Valley,5281788983,12262025033000719,Success,
1667,Office,701 Gisselle Locks,7767991976,12262025033000719,Success,
14007,Office,51924 Rutherford Estate,4495554813,12262025033000719,Success,
1667,Office,746 Hand Stream,8169787902,12262025033000719,Success,
14007,Office,500 Renner Radial,6765941919,12262025033000719,Success,
1667,Office,134 Windsor Close,6740856939,12262025033000719,Success,
14007,Office,35337 The Sidings,1125867437,12262025033000719,Success,
1667,Office,4533 Rutherford Creek,3309706962,12262025033000719,Success,
14007,Office,7107 Roberto Route,1597057867,12262025033000719,Success,
1667,Office,3154 Kessler Shores,3821401751,12262025033000719,Success,
14007,Office,752 Brown Crossroad,7489461070,12262025033000719,Success,
1667,Office,711 Alanna Falls,8450736369,12262025033000719,Success,
14007,Office,35280 Georgette Pine,5929747477,12262025033000719,Success,
1667,Office,869 Bailee River,3933396644,12262025033000719,Success,
14007,Office,877 N Jefferson Street,9906664666,12262025033000719,Success,
1667,Office,33458 Renner Overpass,3682011436,12262025033000719,Success,
14007,Office,813 Mount Pleasant,1560452983,12262025033000719,Success,
1667,Office,838 East Avenue,3653737738,12262025033000719,Success,
14007,Office,65330 Langworth Forges,2220612931,12262025033000719,Success,
1667,Office,12902 Kuphal Crossing,7143271667,12262025033000719,Success,
14007,Office,603 Alejandra Overpass,5375821493,12262025033000719,Success,
1667,Office,6447 Itzel Well,7978699507,12262025033000719,Success,
14007,Office,59925 Casper Trail,6890940926,12262025033000719,Success,
1667,Office,2888 Northfield Road,8888664918,12262025033000719,Success,
14007,Office,85594 Emmitt Shores,8756876529,12262025033000719,Success,
1667,Office,753 Fredy Greens,5416705602,12262025033000719,Success,
14007,Office,411 N Pearl Street,5755976584,12262025033000719,Success,
1667,Office,749 Smitham Mount,8760568680,12262025033000719,Success,
14007,Office,412 Adeline Manor,8534471641,12262025033000719,Success,
1667,Office,267 DuBuque Lodge,9774117314,12262025033000719,Success,
14007,Office,91635 Cesar View,2276402732,12262025033000719,Success,
1667,Office,91173 Sam View,2068853079,12262025033000719,Success,
14007,Office,43832 Jace Pine,7489423487,12262025033000719,Success,
1667,Office,44353 Anne Passage,7117310016,12262025033000719,Success,
14007,Office,7422 S Lincoln Street,5311608357,12262025033000719,Success,
1667,Office,834 Bell Court,6402331211,12262025033000719,Success,
14007,Office,650 Forest Road,2882344187,12262025033000719,Success,
1667,Office,9195 Torphy Mount,1010493925,12262025033000719,Success,
14007,Office,72369 Torp Mews,7596567693,12262025033000719,Success,
1667,Office,929 Yundt Shore,4753957481,12262025033000719,Success,
14007,Office,78508 Saul Stravenue,4816932088,12262025033000719,Success,
1667,Office,365 Carley Key,7376608531,12262025033000719,Success,
14007,Office,4343 Hillary Curve,1696490182,12262025033000719,Success,
1667,Office,6406 Jaime Falls,7847118886,12262025033000719,Success,
14007,Office,437 Horace Lodge,4561428612,12262025033000719,Success,
1667,Office,307 Keshaun Mission,2643498153,12262025033000719,Success,
14007,Office,4948 Dallas Highway,8630181227,12262025033000719,Success,
1667,Office,199 Felicia Haven,2148999038,12262025033000719,Success,
14007,Office,56119 Labadie Haven,7447957591,12262025033000719,Success,
1667,Office,90085 Welch Grove,4853200925,12262025033000719,Success,
14007,Office,6061 Ernie Well,1040909318,12262025033000719,Success,
1667,Office,153 Ava Flats,4280488450,12262025033000719,Success,
14007,Office,8480 Wisozk Flats,4371704488,12262025033000719,Success,
1667,Office,3595 Kunde Trace,1289069478,12262025033000719,Success,
14007,Office,811 E 6th Street,8853360207,12262025033000719,Success,
1667,Office,91810 Celine Mount,4678510398,12262025033000719,Success,
14007,Office,2705 Carrie Mount,7089403012,12262025033000719,Success,
1667,Office,493 Kelvin Alley,1981808131,12262025033000719,Success,
14007,Office,23831 Common Lane,6645367693,12262025033000719,Success,
1667,Office,87005 Kali Neck,3668335004,12262025033000719,Success,
14007,Office,87322 Brooks Roads,9415027763,12262025033000719,Success,
1667,Office,4471 Hilario Place,3014529896,12262025033000719,Success,
14007,Office,230 Muller Key,5573479580,12262025033000719,Success,
1667,Office,12425 Schimmel Via,1810537437,12262025033000719,Success,
14007,Office,6922 Dortha Unions,4544437885,12262025033000719,Success,
1667,Office,701 Charlotte Bridge,3913227844,12262025033000719,Success,
14007,Office,1551 Maurice Expressway,1896007679,12262025033000719,Success,
1667,Office,12747 Cherry Close,8590320965,12262025033000719,Success,
14007,Office,6249 Gerardo Shoals,8237596759,12262025033000719,Success,
1667,Office,402 Grant Summit,7164473455,12262025033000719,Success,
14007,Office,231 North Avenue,4291715910,12262025033000719,Success,
1667,Office,66777 Kub Garden,6393077933,12262025033000719,Success,
14007,Office,5515 Alexandria Knolls,9089562099,12262025033000719,Success,
1667,Office,2931 Metz Circles,3655180505,12262025033000719,Success,
14007,Office,5337 S Mill Street,3029119813,12262025033000719,Success,
1667,Office,476 Nadia Turnpike,2066668503,12262025033000719,Success,
14007,Office,933 N Railroad Street,5404370913,12262025033000719,Success,
1667,Office,8091 S Front Street,7993358347,12262025033000719,Success,
14007,Office,84841 Carol Bypass,2867194295,12262025033000719,Success,
1667,Office,69635 St Mary's Road,9734588898,12262025033000719,Success,
14007,Office,59670 Flossie View,1896851918,12262025033000719,Success,
1667,Office,54226 Zemlak Turnpike,3003219964,12262025033000719,Success,
14007,Office,445 W 2nd Street,9006963248,12262025033000719,Success,
1667,Office,225 Kevon Fork,6011166619,12262025033000719,Success,
14007,Office,9139 Schmeler Station,2758555889,12262025033000719,Success,
1667,Office,8770 Lucio Burgs,8663961200,12262025033000719,Success,
14007,Office,884 Beer Falls,4573876134,12262025033000719,Success,
1667,Office,88553 E Jefferson Street,6993286568,12262025033000719,Success,
14007,Office,546 Moore Trafficway,6833999797,12262025033000719,Success,
1667,Office,569 Lincoln Highway,1866863427,12262025033000719,Success,
14007,Office,71237 Powlowski Rapids,5677800871,12262025033000719,Success,
1667,Office,907 Schulist Mount,9545931484,12262025033000719,Success,
14007,Office,25440 Samir Course,6692859345,12262025033000719,Success,
1667,Office,259 Stefan Extensions,9083299433,12262025033000719,Success,
14007,Office,5984 16th Street,9741060181,12262025033000719,Success,
1667,Office,5272 Joan Park,9844458844,12262025033000719,Success,
14007,Office,887 Castle Street,8113709632,12262025033000719,Success,
1667,Office,500 Velma Stream,7485266886,12262025033000719,Success,
14007,Office,64057 West Passage,2462402611,12262025033000719,Success,
1667,Office,869 Malachi Green,9047508225,12262025033000719,Success,
14007,Office,7730 Lane Crossroad,4890437117,12262025033000719,Success,
1667,Office,295 Mante Route,1878155087,12262025033000719,Success,
14007,Office,32126 Williamson Villages,8715991383,12262025033000719,Success,
1667,Office,290 Lancaster Road,4590754209,12262025033000719,Success,
14007,Office,88655 Ivy Cliff,5436920170,12262025033000719,Success,
1667,Office,1522 Rolfson Walks,5577003630,12262025033000719,Success,
14007,Office,362 Hegmann Prairie,6216580669,12262025033000719,Success,
1667,Office,28062 Wunsch Landing,7897538525,12262025033000719,Success,
14007,Office,36668 Hirthe Club,8627159032,12262025033000719,Success,
1667,Office,1770 Park View,3499795251,12262025033000719,Success,
14007,Office,981 Emely Mount,8442745673,12262025033000719,Success,
1667,Office,1926 Field Lane,8329378031,12262025033000719,Success,
14007,Office,252 Heather Close,5908949213,12262025033000719,Success,
1667,Office,185 S 10th Street,6979422625,12262025033000719,Success,
14007,Office,7332 Lehner Lake,5790705394,12262025033000719,Success,
1667,Office,2546 E 4th Street,6230247876,12262025033000719,Success,
14007,Office,54047 Lubowitz Ports,5782810818,12262025033000719,Success,
1667,Office,58191 Feeney Divide,9458410331,12262025033000719,Success,
14007,Office,53783 Saige Pine,3029850838,12262025033000719,Success,
1667,Office,13846 Amir Wall,6861480125,12262025033000719,Success,
14007,Office,148 Albertha Valley,2533260798,12262025033000719,Success,
1667,Office,69042 N Main,2358832311,12262025033000719,Success,
14007,Office,991 Cecile Falls,6313076277,12262025033000719,Success,
1667,Office,223 Marlborough Road,2426824291,12262025033000719,Success,
14007,Office,1835 Hand Harbors,5064716781,12262025033000719,Success,
1667,Office,5571 Antwon Islands,3902642356,12262025033000719,Success,
14007,Office,3825 Daugherty View,9616833363,12262025033000719,Success,
1667,Office,355 Efrain Field,7663317584,12262025033000719,Success,
14007,Office,150 N 5th Street,6576082516,12262025033000719,Success,
1667,Office,5319 W Washington Avenue,6495743661,12262025033000719,Success,
14007,Office,6333 Dark Lane,1419941108,12262025033000719,Success,
1667,Office,2897 Cummerata Curve,9041215636,12262025033000719,Success,
14007,Office,6636 Victor Spur,4864761870,12262025033000719,Success,
1667,Office,43169 Windsor Avenue,5732634291,12262025033000719,Success,
14007,Office,26445 Gunner Square,9781596831,12262025033000719,Success,
1667,Office,3115 Shields Motorway,7158466757,12262025033000719,Success,
14007,Office,2895 Daugherty Isle,1740375036,12262025033000719,Success,
1667,Office,41867 Devon Cape,5586975761,12262025033000719,Success,
14007,Office,3768 Henderson Station,2208582931,12262025033000719,Success,
1667,Office,2534 Piper Fall,6979631057,12262025033000719,Success,
14007,Office,62281 Annabelle Station,4709489013,12262025033000719,Success,
1667,Office,74309 Ruecker Brooks,3994903929,12262025033000719,Success,
14007,Office,8992 Frankie Plain,6640910706,12262025033000719,Success,
1667,Office,62024 Joany Centers,5172948545,12262025033000719,Success,
14007,Office,4991 O'Keefe Walks,2409195538,12262025033000719,Success,
1667,Office,2096 Fahey Way,8544332018,12262025033000719,Success,
14007,Office,90839 Pfeffer Bridge,8261217869,12262025033000719,Success,
1667,Office,8635 N Franklin Street,8281252680,12262025033000719,Success,
14007,Office,20472 Walton Spurs,3948734379,12262025033000719,Success,
1667,Office,1283 Abbott Hills,6838860018,12262025033000719,Success,
14007,Office,7969 Hickle Valley,3601060956,12262025033000719,Success,
1667,Office,46347 Forest Road,4796707889,12262025033000719,Success,
14007,Office,56675 Era Forest,5895964330,12262025033000719,Success,
1667,Office,33107 Luettgen Ferry,7503605157,12262025033000719,Success,
14007,Office,381 Stamm Points,5270916720,12262025033000719,Success,
1667,Office,892 Jenkins Mills,4956287351,12262025033000719,Success,
14007,Office,4799 Willow Grove,8314639684,12262025033000719,Success,
1667,Office,15328 Jean Burgs,6562241989,12262025033000719,Success,
14007,Office,3307 White Ridges,3047138806,12262025033000719,Success,
1667,Office,13385 Cordell Wells,1071666777,12262025033000719,Success,
14007,Office,73028 Lueilwitz Light,4027735468,12262025033000719,Success,
1667,Office,91183 Moss Lane,9262665792,12262025033000719,Success,
14007,Office,1340 Prosacco Coves,6598446893,12262025033000719,Success,
1667,Office,3433 N Main Avenue,8961731664,12262025033000719,Success,
14007,Office,92280 Irwin Passage,7651116523,12262025033000719,Success,
1667,Office,44205 Lexi Village,8015807021,12262025033000719,Success,
14007,Office,7403 King Street,4692425522,12262025033000719,Success,
1667,Office,26978 Considine Route,8730629364,12262025033000719,Success,
14007,Office,923 Zieme Knolls,1848334695,12262025033000719,Success,
1667,Office,841 Price Stravenue,8028299182,12262025033000719,Success,
14007,Office,897 S Park Street,5043262124,12262025033000719,Success,
1667,Office,825 Abernathy Glen,5660125660,12262025033000719,Success,
14007,Office,434 Austyn Station,6933137919,12262025033000719,Success,
1667,Office,854 Kavon Gardens,4673747628,12262025033000719,Success,
14007,Office,8042 Jerry Village,3565539872,12262025033000719,Success,
1667,Office,552 Washington Avenue,7979652566,12262025033000719,Success,
14007,Office,105 Rosalee Walks,3252794633,12262025033000719,Success,
1667,Office,649 5th Avenue,1993856333,12262025033000719,Success,
14007,Office,332 Hermann Walks,7979315060,12262025033000719,Success,
1667,Office,47889 Brook Lane,4000052490,12262025033000719,Success,
14007,Office,98583 Crown Street,7253373056,12262025033000719,Success,
1667,Office,793 Renner Harbor,9761058082,12262025033000719,Success,
14007,Office,1091 Johns Forks,9573594671,12262025033000719,Success,
1667,Office,3147 Buster Plain,2499478040,12262025033000719,Success,
14007,Office,52782 Cleo Views,1514315123,12262025033000719,Success,
1667,Office,905 Rubie Gateway,2323477456,12262025033000719,Success,
14007,Office,92437 Tiara Point,9767822849,12262025033000719,Success,
1667,Office,537 First Avenue,8682506929,12262025033000719,Success,
14007,Office,7093 E 3rd Street,6965681698,12262025033000719,Success,
1667,Office,13141 W Bridge Street,3813561273,12262025033000719,Success,
14007,Office,5842 The Grange,4027104759,12262025033000719,Success,
1667,Office,9332 Windsor Close,3179672919,12262025033000719,Success,
14007,Office,4939 Adolphus Spur,3184178672,12262025033000719,Success,
1667,Office,2144 Fritsch Ranch,8214361437,12262025033000719,Success,
14007,Office,4644 Renner Path,7773475350,12262025033000719,Success,
1667,Office,297 The Coppice,8631182486,12262025033000719,Success,
14007,Office,34839 Charlene Mills,3463465525,12262025033000719,Success,
1667,Office,643 Wyman Bypass,1055685991,12262025033000719,Success,
14007,Office,2057 S Central Avenue,9935457141,12262025033000719,Success,
1667,Office,46615 Gaston Extension,6671273432,12262025033000719,Success,
14007,Office,5021 South Avenue,5697401591,12262025033000719,Success,
1667,Office,357 Dedric Rue,6095926870,12262025033000719,Success,
14007,Office,4015 Dean Ferry,2508384153,12262025033000719,Success,
1667,Office,759 Lodge Close,5771324094,12262025033000719,Success,
14007,Office,53278 Friesen Drives,1394967936,12262025033000719,Success,
1667,Office,17923 Remington Crescent,9049275105,12262025033000719,Success,
14007,Office,799 Darren Plaza,9963750227,12262025033000719,Success,
1667,Office,427 Gusikowski Greens,9421597014,12262025033000719,Success,
14007,Office,9336 Leann Route,9169350340,12262025033000719,Success,
1667,Office,769 O'Reilly Circle,7082048157,12262025033000719,Success,
14007,Office,65496 Mary Land,7525313113,12262025033000719,Success,
1667,Office,43549 E Broadway,8199698173,12262025033000719,Success,
14007,Office,8797 S Central Avenue,3459912401,12262025033000719,Success,
1667,Office,8661 Fausto Plaza,1509121867,12262025033000719,Success,
14007,Office,326 Cherry Street,6707989681,12262025033000719,Success,
1667,Office,193 Barton Hollow,6772491041,12262025033000719,Success,
14007,Office,659 Luciano Route,8353363782,12262025033000719,Success,
1667,Office,408 Muhammad Stream,4239970219,12262025033000719,Success,
14007,Office,1612 Baumbach Crossroad,4858952598,12262025033000719,Success,
1667,Office,77373 Birch Close,9953209234,12262025033000719,Success,
14007,Office,7386 Germaine Spring,3729861888,12262025033000719,Success,
1667,Office,991 Breitenberg Passage,9887682759,12262025033000719,Success,
14007,Office,72336 5th Avenue,4482021352,12262025033000719,Success,
1667,Office,3101 Sister Estate,2132657558,12262025033000719,Success,
14007,Office,4972 First Avenue,3198303413,12262025033000719,Success,
1667,Office,772 Renner Spur,6670549309,12262025033000719,Success,
14007,Office,8186 Kemmer Divide,5210923967,12262025033000719,Success,
1667,Office,41211 Gottlieb Loaf,4055012538,12262025033000719,Success,
14007,Office,186 Pinkie Ford,7687784428,12262025033000719,Success,
1667,Office,3468 Ransom Squares,9853791595,12262025033000719,Success,
14007,Office,7231 Hansen Fork,8754700911,12262025033000719,Success,
1667,Office,8214 Lake Street,1310145150,12262025033000719,Success,
14007,Office,992 Mraz Prairie,8540474372,12262025033000719,Success,
1667,Office,4333 Harrison Avenue,5203723183,12262025033000719,Success,
14007,Office,85424 S 8th Street,3561784773,12262025033000719,Success,
1667,Office,817 Franklin Road,3233080429,12262025033000719,Success,
14007,Office,150 Stoltenberg Brook,8569565572,12262025033000719,Success,
1667,Office,81540 Murray Pine,3397536911,12262025033000719,Success,
14007,Office,90732 Schuster Camp,7193883268,12262025033000719,Success,
1667,Office,1788 Lind Crossing,6972893008,12262025033000719,Success,
14007,Office,481 E Walnut Street,1077080299,12262025033000719,Success,
1667,Office,6310 E Jefferson Street,5200119713,12262025033000719,Success,
14007,Office,1266 Minerva Groves,9704227679,12262025033000719,Success,
1667,Office,147 Reina Viaduct,7828756909,12262025033000719,Success,
14007,Office,6115 S 3rd Street,8368193092,12262025033000719,Success,
1667,Office,110 Schultz Springs,9317307965,12262025033000719,Success,
14007,Office,441 Weber Mill,4084864961,12262025033000719,Success,
1667,Office,810 Kaci Heights,2285055707,12262025033000719,Success,
14007,Office,7113 Little Pass,8359806940,12262025033000719,Success,
1667,Office,539 Freida Gardens,2617003725,12262025033000719,Success,
14007,Office,53522 Nicklaus Alley,8974229326,12262025033000719,Success,
1667,Office,5908 Audra River,3517406610,12262025033000719,Success,
14007,Office,39286 Thompson Path,5516615467,12262025033000719,Success,
1667,Office,232 Katrina Roads,3997389689,12262025033000719,Success,
14007,Office,445 Witting Expressway,4914188226,12262025033000719,Success,
1667,Office,1028 Paris Cape,8005746863,12262025033000719,Success,
14007,Office,57577 Jast Causeway,2540126719,12262025033000719,Success,
1667,Office,83672 Haag Coves,3259943452,12262025033000719,Success,
14007,Office,72165 Oak Lane,5255188541,12262025033000719,Success,
1667,Office,5679 Fredrick Way,9763378672,12262025033000719,Success,
14007,Office,905 Station Road,6435877095,12262025033000719,Success,
1667,Office,8930 Thea Keys,3611116265,12262025033000719,Success,
14007,Office,8688 Ferry Manor,1373975892,12262025033000719,Success,
1667,Office,710 Ash Street,1903926766,12262025033000719,Success,
14007,Office,670 Ward Pine,3897943128,12262025033000719,Success,
1667,Office,2868 Pagac Gardens,5630428997,12262025033000719,Success,
14007,Office,170 Lubowitz Row,8628214704,12262025033000719,Success,
1667,Office,70146 Elmo Oval,1796890058,12262025033000719,Success,
14007,Office,98805 Zieme Wall,1459038903,12262025033000719,Success,
1667,Office,791 Lamont Extension,2754224125,12262025033000719,Success,
14007,Office,513 Dewitt Square,5639435878,12262025033000719,Success,
1667,Office,27440 Abbott Rapids,7492661363,12262025033000719,Success,
14007,Office,25173 North Avenue,1316755295,12262025033000719,Success,
1667,Office,871 Oak Street,8306622365,12262025033000719,Success,
14007,Office,298 Gordon Road,5493715087,12262025033000719,Success,
1667,Office,2609 Mill Lane,1006069365,12262025033000719,Success,
14007,Office,412 Robbie Run,2101139143,12262025033000719,Success,
1667,Office,87491 Grand Avenue,7811740162,12262025033000719,Success,
14007,Office,4440 Bogan Burgs,7981533278,12262025033000719,Success,
1667,Office,92352 Dalton Run,4468449990,12262025033000719,Success,
14007,Office,67272 Wava Hollow,6993939866,12262025033000719,Success,
1667,Office,1153 N Main Avenue,5791067003,12262025033000719,Success,
14007,Office,905 Rey Mall,2383213518,12262025033000719,Success,
1667,Office,65632 Simonis Point,3381815312,12262025033000719,Success,
14007,Office,51245 Senger Vista,6905021311,12262025033000719,Success,
1667,Office,9920 Ellis Terrace,1178798473,12262025033000719,Success,
14007,Office,781 Nolan Passage,6127253190,12262025033000719,Success,
1667,Office,18301 Felicity Ville,7167393513,12262025033000719,Success,
14007,Office,98531 Lubowitz Brook,2922996033,12262025033000719,Success,
1667,Office,5696 South Avenue,2577655025,12262025033000719,Success,
14007,Office,40032 West Street,5782095603,12262025033000719,Success,
1667,Office,79785 W Jackson Street,4252014960,12262025033000719,Success,
14007,Office,72179 Alphonso Spur,7200454862,12262025033000719,Success,
1667,Office,2335 Kaden Burgs,3262824474,12262025033000719,Success,
14007,Office,41398 Jast Burg,7764894020,12262025033000719,Success,
1667,Office,268 Green Corner,5466063944,12262025033000719,Success,
14007,Office,2969 Huel Harbor,6745732928,12262025033000719,Success,
1667,Office,153 Metz Cliff,3027453646,12262025033000719,Success,
14007,Office,88302 Willow Grove,3478627202,12262025033000719,Success,
1667,Office,602 E Elm Street,2266546873,12262025033000719,Success,
14007,Office,9166 Jacobi Meadows,8253952581,12262025033000719,Success,
1667,Office,90990 S Front Street,6242624326,12262025033000719,Success,
14007,Office,37311 Sycamore Avenue,2778682687,12262025033000719,Success,
1667,Office,5840 Margie Parks,9802800898,12262025033000719,Success,
14007,Office,33911 Walker Curve,4349794375,12262025033000719,Success,
1667,Office,38145 S 2nd Street,3793333041,12262025033000719,Success,
14007,Office,80592 Samantha Radial,3801485183,12262025033000719,Success,
1667,Office,187 Amelia Branch,5533661338,12262025033000719,Success,
14007,Office,620 Forest Avenue,4635995150,12262025033000719,Success,
1667,Office,26453 Gloucester Road,1855886107,12262025033000719,Success,
14007,Office,1743 W Elm Street,5859354122,12262025033000719,Success,
1667,Office,5278 Camilla Glen,6917820042,12262025033000719,Success,
14007,Office,46964 Terry Light,2304729354,12262025033000719,Success,
1667,Office,4530 Railway Street,5530347396,12262025033000719,Success,
14007,Office,33869 Adriel Lane,2260070904,12262025033000719,Success,
1667,Office,3081 Breana Common,9488800639,12262025033000719,Success,
14007,Office,64092 Cleora Hill,3945399952,12262025033000719,Success,
1667,Office,2154 Bell Lane,3398794359,12262025033000719,Success,
14007,Office,5751 Green Trace,3344497937,12262025033000719,Success,
1667,Office,7064 Lehner Courts,8519933693,12262025033000719,Success,
14007,Office,10289 Spruce Street,8757150547,12262025033000719,Success,
1667,Office,986 The Ridings,1191389267,12262025033000719,Success,
14007,Office,288 Water Street,9907890216,12262025033000719,Success,
1667,Office,951 Green Fall,9470132560,12262025033000719,Success,
14007,Office,85378 Padberg Freeway,7117588726,12262025033000719,Success,
1667,Office,519 Smith Meadows,1016092544,12262025033000719,Success,
14007,Office,387 Cole Square,6760538361,12262025033000719,Success,
1667,Office,32263 Aspen Close,7781906757,12262025033000719,Success,
14007,Office,336 Marguerite Oval,6985770453,12262025033000719,Success,
1667,Office,28372 Alvis Stream,2494378400,12262025033000719,Success,
14007,Office,6838 Elise Greens,3553612429,12262025033000719,Success,
1667,Office,9827 Hawthorn Avenue,2927501785,12262025033000719,Success,
14007,Office,5504 Heath Road,7588732126,12262025033000719,Success,
1667,Office,788 State Line Road,4618106364,12262025033000719,Success,
14007,Office,41491 The Drive,6521428890,12262025033000719,Success,
1667,Office,890 Sadye Unions,5175427642,12262025033000719,Success,
14007,Office,2922 Devante Points,4770684195,12262025033000719,Success,
1667,Office,85400 Waterside,3267979482,12262025033000719,Success,
14007,Office,594 Cierra Freeway,7583850262,12262025033000719,Success,
1667,Office,283 Max Mount,6446250113,12262025033000719,Success,
14007,Office,977 Haven Mall,4070736582,12262025033000719,Success,
1667,Office,229 Rosendo Key,6537542005,12262025033000719,Success,
14007,Office,60591 Cleta Manor,7683111728,12262025033000719,Success,
1667,Office,5385 Wava Walks,3376439901,12262025033000719,Success,
14007,Office,209 Becker Crossroad,2998493811,12262025033000719,Success,
1667,Office,36502 Tyree Glens,5096052824,12262025033000719,Success,
14007,Office,82452 Antonina Shores,4368423492,12262025033000719,Success,
1667,Office,960 Stoltenberg Unions,3614026910,12262025033000719,Success,
14007,Office,3695 Howard Street,6090465698,12262025033000719,Success,
1667,Office,926 Wintheiser Locks,5472970131,12262025033000719,Success,
14007,Office,1180 Mekhi Mount,8753261238,12262025033000719,Success,
1667,Office,8789 Everardo Extensions,7175729845,12262025033000719,Success,
14007,Office,3798 Adelle Course,8363151896,12262025033000719,Success,
1667,Office,1730 Pine Grove,5213629890,12262025033000719,Success,
14007,Office,851 Sid Place,6804189783,12262025033000719,Success,
1667,Office,10820 George Throughway,6985435091,12262025033000719,Success,
14007,Office,8925 N 4th Street,8452290669,12262025033000719,Success,
1667,Office,510 Verda Forks,7388331809,12262025033000719,Success,
14007,Office,815 Moriah Circle,2655612542,12262025033000719,Success,
1667,Office,778 Columbus Forges,6607403818,12262025033000719,Success,
14007,Office,357 Kaitlyn Ferry,2457963272,12262025033000719,Success,
1667,Office,267 Runte Oval,2098148806,12262025033000719,Success,
14007,Office,9700 Hudson Springs,8023507126,12262025033000719,Success,
1667,Office,9387 Enrique Terrace,4544094406,12262025033000719,Success,
14007,Office,749 E Grand Avenue,7829021990,12262025033000719,Success,
1667,Office,8843 Marisa Vista,5641262002,12262025033000719,Success,
14007,Office,8970 Will Lodge,3261046491,12262025033000719,Success,
1667,Office,85586 Max Crescent,9906010404,12262025033000719,Success,
14007,Office,2218 Walnut Close,7883455570,12262025033000719,Success,
1667,Office,226 Jakubowski Island,6352774619,12262025033000719,Success,
14007,Office,9701 Nicolette Knoll,8550002711,12262025033000719,Success,
1667,Office,751 Clinton Street,9897357285,12262025033000719,Success,
14007,Office,1237 Klocko Viaduct,4504850193,12262025033000719,Success,
1667,Office,129 Church Walk,4186553879,12262025033000719,Success,
14007,Office,412 Hall Lane,5032396673,12262025033000719,Success,
1667,Office,233 Ara Turnpike,5268045824,12262025033000719,Success,
14007,Office,9923 Main Street E,4235712637,12262025033000719,Success,
1667,Office,922 Chapel Close,8635636135,12262025033000719,Success,
14007,Office,576 Hane Mills,5971250958,12262025033000719,Success,
1667,Office,952 Pagac Meadows,6972703667,12262025033000719,Success,
14007,Office,6371 Kovacek Forest,6133654845,12262025033000719,Success,
1667,Office,958 Jakubowski Squares,7635188713,12262025033000719,Success,
14007,Office,81750 Dax Valleys,6935619316,12262025033000719,Success,
1667,Office,183 Abelardo Parks,8626587260,12262025033000719,Success,
14007,Office,1561 McKenzie Green,6605564386,12262025033000719,Success,
1667,Office,602 Avenue Road,5310713778,12262025033000719,Success,
14007,Office,45567 Little Key,7566239442,12262025033000719,Success,
1667,Office,8988 Paige Orchard,3852693533,12262025033000719,Success,
14007,Office,32166 W 2nd Street,9991114336,12262025033000719,Success,
1667,Office,703 E Center Street,3553255022,12262025033000719,Success,
14007,Office,211 Turcotte Street,6468757048,12262025033000719,Success,
1667,Office,72260 Depot Street,6525386291,12262025033000719,Success,
14007,Office,8296 Samanta Turnpike,9765962506,12262025033000719,Success,
1667,Office,7619 Roman Way,5843829215,12262025033000719,Success,
14007,Office,19803 Cruickshank Hill,1357507558,12262025033000719,Success,
1667,Office,6003 Post Road,1986427348,12262025033000719,Success,
14007,Office,1677 Larch Close,1737562565,12262025033000719,Success,
1667,Office,724 Dianna Place,6850044028,12262025033000719,Success,
14007,Office,692 The Limes,9419410277,12262025033000719,Success,
1667,Office,38427 Isobel Hill,3953394453,12262025033000719,Success,
14007,Office,2452 Reynolds Crossing,6292111927,12262025033000719,Success,
1667,Office,9584 Kemmer Extensions,2883291598,12262025033000719,Success,
14007,Office,14480 Angelina Junctions,7252826584,12262025033000719,Success,
1667,Office,51012 S 6th Street,3214788660,12262025033000719,Success,
14007,Office,628 Muller Knolls,5614425572,12262025033000719,Success,
1667,Office,68791 Armand Track,6452533601,12262025033000719,Success,
14007,Office,7533 Harvey Trail,9671645573,12262025033000719,Success,
1667,Office,28625 Ana Crossroad,1804709007,12262025033000719,Success,
14007,Office,326 Bergnaum Village,3666881631,12262025033000719,Success,
1667,Office,160 Armstrong Landing,7435311706,12262025033000719,Success,
14007,Office,5263 Upton Parks,7445707456,12262025033000719,Success,
1667,Office,97421 Skyline Drive,9477887241,12262025033000719,Success,
14007,Office,2944 Lizeth Place,6381566537,12262025033000719,Success,
1667,Office,89811 Cronin Shoals,9613636445,12262025033000719,Success,
14007,Office,598 Nichole Circles,4912925208,12262025033000719,Success,
1667,Office,565 Christian Hill,5382595494,12262025033000719,Success,
14007,Office,42745 Elissa Row,7961922550,12262025033000719,Success,
1667,Office,346 1st Avenue,5349313648,12262025033000719,Success,
14007,Office,59563 Ernser Pine,2235500478,12262025033000719,Success,
1667,Office,53806 Monahan Terrace,5904048035,12262025033000719,Success,
14007,Office,4314 Rachel Stream,6143904400,12262025033000719,Success,
1667,Office,632 Ronny Falls,7771846914,12262025033000719,Success,
14007,Office,448 Elenora View,8482807688,12262025033000719,Success,
1667,Office,120 Leonor Spurs,4014205263,12262025033000719,Success,
14007,Office,680 Baylee Skyway,5464818682,12262025033000719,Success,
1667,Office,95164 E Front Street,4755607337,12262025033000719,Success,
14007,Office,581 Franklin Road,3552930680,12262025033000719,Success,
1667,Office,37812 Kautzer Bypass,8936488050,12262025033000719,Success,
14007,Office,81954 Kovacek Motorway,1385774476,12262025033000719,Success,
1667,Office,30474 Loyal Lodge,1194031149,12262025033000719,Success,
14007,Office,8779 Abbigail Overpass,3718710993,12262025033000719,Success,
1667,Office,28039 N High Street,1687072677,12262025033000719,Success,
14007,Office,788 Mac Station,1479132288,12262025033000719,Success,
1667,Office,836 Gutmann Turnpike,9025307253,12262025033000719,Success,
14007,Office,37191 Veterans Memorial Highway,8158655919,12262025033000719,Success,
1667,Office,505 S 8th Street,3260095995,12262025033000719,Success,
14007,Office,31046 Luettgen Point,2181159348,12262025033000719,Success,
1667,Office,94408 Sandringham Road,8980684481,12262025033000719,Success,
14007,Office,289 Lilliana Parkway,6967326414,12262025033000719,Success,
1667,Office,142 Itzel Forges,4596348629,12262025033000719,Success,
14007,Office,9569 Emmerich Haven,8099993160,12262025033000719,Success,
1667,Office,23037 Pfannerstill Course,6036709805,12262025033000719,Success,
14007,Office,88101 Birch Avenue,5568890609,12262025033000719,Success,
1667,Office,430 Maple Close,4324809450,12262025033000719,Success,
14007,Office,9669 N Railroad Street,3862086340,12262025033000719,Success,
1667,Office,632 Woodside Road,1309336236,12262025033000719,Success,
14007,Office,54293 Jackeline Canyon,4098680568,12262025033000719,Success,
1667,Office,19893 Beahan Walks,3326341531,12262025033000719,Success,
14007,Office,77137 Raynor Station,2171279625,12262025033000719,Success,
1667,Office,59940 Lafayette Street,3883264271,12262025033000719,Success,
14007,Office,417 Blick Well,4871389165,12262025033000719,Success,
1667,Office,247 Lincoln Road,8220269177,12262025033000719,Success,
14007,Office,72128 Meagan Ramp,9095531512,12262025033000719,Success,
1667,Office,321 Balmoral Road,5330234776,12262025033000719,Success,
14007,Office,4515 Frederik Hollow,2867670041,12262025033000719,Success,
1667,Office,27824 Deckow Gateway,7511762682,12262025033000719,Success,
14007,Office,1607 Park Lane,9751957089,12262025033000719,Success,
1667,Office,9192 Main Street,6532803510,12262025033000719,Success,
14007,Office,42742 Hills Corner,7792875544,12262025033000719,Success,
1667,Office,583 Nicole Bypass,9503871654,12262025033000719,Success,
14007,Office,744 Zetta Spurs,6362230406,12262025033000719,Success,
1667,Office,939 Weimann Locks,3739591853,12262025033000719,Success,
14007,Office,7908 Jessika Groves,3269273272,12262025033000719,Success,
1667,Office,80101 Well Lane,3075932929,12262025033000719,Success,
14007,Office,93885 Rudy Way,9248890372,12262025033000719,Success,
1667,Office,5510 Nitzsche Forge,7799427431,12262025033000719,Success,
14007,Office,382 St Mary's Close,9578027417,12262025033000719,Success,
1667,Office,972 Bettie Inlet,4073328758,12262025033000719,Success,
14007,Office,9005 River Street,8365976032,12262025033000719,Success,
1667,Office,64153 Jerod Stream,9329046615,12262025033000719,Success,
14007,Office,968 Greenholt Spurs,9266251824,12262025033000719,Success,
1667,Office,2953 S State Street,6782335429,12262025033000719,Success,
14007,Office,3457 Yew Tree Close,6880494018,12262025033000719,Success,
1667,Office,805 Fore Street,3370100996,12262025033000719,Success,
14007,Office,436 Prospect Place,9254218528,12262025033000719,Success,
1667,Office,2621 Thiel Springs,9397870337,12262025033000719,Success,
14007,Office,18710 1st Avenue,7251912223,12262025033000719,Success,
1667,Office,28295 Ashtyn Extension,3711133642,12262025033000719,Success,
14007,Office,265 Jackie Springs,1206858330,12262025033000719,Success,
1667,Office,9747 Lesch Station,8643963520,12262025033000719,Success,
14007,Office,919 S Union Street,4171862138,12262025033000719,Success,
1667,Office,71186 Dark Lane,7943186727,12262025033000719,Success,
14007,Office,5350 E North Street,1504053913,12262025033000719,Success,
1667,Office,39809 3rd Street,1095279247,12262025033000719,Success,
14007,Office,555 Patsy Mews,5356169347,12262025033000719,Success,
1667,Office,347 Frami Estate,1793438353,12262025033000719,Success,
14007,Office,83899 Bay Street,3769576755,12262025033000719,Success,
1667,Office,76817 Vallie Trace,4685438213,12262025033000719,Success,
14007,Office,6212 Prospect Avenue,1299875547,12262025033000719,Success,
1667,Office,690 Warren Close,2273446916,12262025033000719,Success,
14007,Office,9488 Field Close,4186224886,12262025033000719,Success,
1667,Office,842 Goyette Hill,8066785402,12262025033000719,Success,
14007,Office,76865 Kutch Burgs,1057734209,12262025033000719,Success,
1667,Office,2476 Amber Haven,3529855886,12262025033000719,Success,
14007,Office,1942 The Paddock,7646531194,12262025033000719,Success,
1667,Office,698 Bartholome Street,8611450359,12262025033000719,Success,
14007,Office,6746 Bailey Lock,1083847627,12262025033000719,Success,
1667,Office,248 Highfield Close,3589985587,12262025033000719,Success,
14007,Office,699 Bath Road,2282221653,12262025033000719,Success,
1667,Office,38834 Adell Rapids,4944280317,12262025033000719,Success,
14007,Office,85330 Highland Avenue,1943829430,12262025033000719,Success,
1667,Office,669 Farrell Forges,2104318764,12262025033000719,Success,
14007,Office,3960 Rigoberto Summit,2861804936,12262025033000719,Success,
1667,Office,38338 Chloe Row,7285524618,12262025033000719,Success,
14007,Office,997 Pine Street,1517346060,12262025033000719,Success,
1667,Office,63591 Dustin Heights,7539944553,12262025033000719,Success,
14007,Office,27928 Ezekiel Brook,6471050863,12262025033000719,Success,
1667,Office,21613 Easter Fort,8284990414,12262025033000719,Success,
14007,Office,86258 Durgan Mission,7467922249,12262025033000719,Success,
1667,Office,8390 Schuster Light,5044400311,12262025033000719,Success,
14007,Office,817 Genevieve Roads,5421502046,12262025033000719,Success,
1667,Office,34085 Ruben Knolls,2108996253,12262025033000719,Success,
14007,Office,19710 Sandringham Road,6046185865,12262025033000719,Success,
1667,Office,756 Frederic Port,2115691763,12262025033000719,Success,
14007,Office,90643 Heller Mill,6911629891,12262025033000719,Success,
1667,Office,2785 Geovanny Cliff,4780712164,12262025033000719,Success,
14007,Office,7019 West Street,8270146698,12262025033000719,Success,
1667,Office,1449 Mount Pleasant,8770788281,12262025033000719,Success,
14007,Office,24907 Hawthorn Avenue,6524965919,12262025033000719,Success,
1667,Office,60611 Monty Shoals,3874175300,12262025033000719,Success,
14007,Office,19707 Kuhn Canyon,8652188660,12262025033000719,Success,
1667,Office,1013 Martin Luther King Drive,5549479680,12262025033000719,Success,
14007,Office,4569 Nia Throughway,5288154343,12262025033000719,Success,
1667,Office,11755 Craig Trafficway,7902738730,12262025033000719,Success,
14007,Office,145 N Elm Street,4507654277,12262025033000719,Success,
1667,Office,60940 Rice Stravenue,4417563357,12262025033000719,Success,
14007,Office,748 Roman Way,4874635811,12262025033000719,Success,
1667,Office,61871 S Park Street,3848739273,12262025033000719,Success,
14007,Office,90904 Antone Meadows,9541596841,12262025033000719,Success,
1667,Office,9781 Hazel Grove,7349652904,12262025033000719,Success,
14007,Office,6709 Bogisich Course,6021278936,12262025033000719,Success,
1667,Office,155 Walsh Mill,7564837954,12262025033000719,Success,
14007,Office,473 Gislason Route,4080111338,12262025033000719,Success,
1667,Office,2027 Turner Course,7686916482,12262025033000719,Success,
14007,Office,51228 Clarendon Road,7914187119,12262025033000719,Success,
1667,Office,66322 Aspen Close,3374412384,12262025033000719,Success,
14007,Office,88521 Tabitha Harbor,5353172643,12262025033000719,Success,
1667,Office,97821 S Elm Street,3700070765,12262025033000719,Success,
14007,Office,327 Harber Inlet,3454843445,12262025033000719,Success,
1667,Office,358 Prohaska Neck,7397851535,12262025033000719,Success,
14007,Office,3924 Miller Terrace,7661682487,12262025033000719,Success,
1667,Office,167 S Center Street,1139407635,12262025033000719,Success,
14007,Office,9535 Reichel Knoll,5400381023,12262025033000719,Success,
1667,Office,1563 Cummings Mount,8829457457,12262025033000719,Success,
14007,Office,48458 Kavon Well,8960953772,12262025033000719,Success,
1667,Office,2954 Hauck Via,4166894452,12262025033000719,Success,
14007,Office,6607 Devonshire Road,4467494060,12262025033000719,Success,
1667,Office,8524 O'Reilly Unions,6881694797,12262025033000719,Success,
14007,Office,8780 Damien Canyon,9735250940,12262025033000719,Success,
1667,Office,26019 Manor Drive,9147276057,12262025033000719,Success,
14007,Office,58313 Back Lane,4080581464,12262025033000719,Success,
1667,Office,4599 Station Road,1319202418,12262025033000719,Success,
14007,Office,857 Adams Street,4197300042,12262025033000719,Success,
1667,Office,82456 Beer Terrace,1922792321,12262025033000719,Success,
14007,Office,95987 N 8th Street,1049569089,12262025033000719,Success,
1667,Office,641 Maddison Land,2194617573,12262025033000719,Success,
14007,Office,94878 Schuster Fall,1477700080,12262025033000719,Success,
1667,Office,3179 Chapel Street,6540642023,12262025033000719,Success,
14007,Office,4138 N College Street,2145710705,12262025033000719,Success,
1667,Office,76168 Maple Drive,3057411638,12262025033000719,Success,
14007,Office,65522 N Main Avenue,5727881296,12262025033000719,Success,
1667,Office,908 Beer Pass,6989141664,12262025033000719,Success,
14007,Office,2240 E 10th Street,6893844020,12262025033000719,Success,
1667,Office,47824 Ash Close,5249127513,12262025033000719,Success,
14007,Office,8932 Archibald Cliffs,1978568522,12262025033000719,Success,
1667,Office,7976 Padberg Ferry,3714246720,12262025033000719,Success,
14007,Office,8855 Denesik Club,9907323109,12262025033000719,Success,
1667,Office,55874 Christiansen Mountains,5211416401,12262025033000719,Success,
14007,Office,7107 Fisher Common,7180274581,12262025033000719,Success,
1667,Office,93573 S Main Street,9513518841,12262025033000719,Success,
14007,Office,6503 W Franklin Street,9475295665,12262025033000719,Success,
1667,Office,56993 Heathcote Fords,7198128350,12262025033000719,Success,
14007,Office,7551 Morar Mountain,6039714040,12262025033000719,Success,
1667,Office,255 Corwin Orchard,2933164825,12262025033000719,Success,
14007,Office,6691 Torey Shores,1337949421,12262025033000719,Success,
1667,Office,194 Filomena Views,9767951183,12262025033000719,Success,
14007,Office,19574 Kale Views,1383559402,12262025033000719,Success,
1667,Office,93811 King Rapids,2283300039,12262025033000719,Success,
14007,Office,150 Abernathy Bridge,2613985360,12262025033000719,Success,
1667,Office,553 Golden Drives,7505979160,12262025033000719,Success,
14007,Office,67491 Woodrow Fall,7010395229,12262025033000719,Success,
1667,Office,698 Tromp Fort,2899943205,12262025033000719,Success,
14007,Office,916 Alvis Burgs,1852156287,12262025033000719,Success,
1667,Office,449 Johnson Roads,4537456584,12262025033000719,Success,
14007,Office,6742 W North Street,1028316510,12262025033000719,Success,
1667,Office,5656 Walker Mount,6516144779,12262025033000719,Success,
14007,Office,2721 Kendra Island,9049983909,12262025033000719,Success,
1667,Office,14978 E 10th Street,1856300511,12262025033000719,Success,
14007,Office,15261 Waterloo Road,9043046273,12262025033000719,Success,
1667,Office,9942 Chestnut Close,6137571300,12262025033000719,Success,
14007,Office,43038 Terry Mission,1026981785,12262025033000719,Success,
1667,Office,883 Estell Trafficway,1567491157,12262025033000719,Success,
14007,Office,5448 Heller Land,2509818191,12262025033000719,Success,
1667,Office,9916 Schimmel Path,2648515549,12262025033000719,Success,
14007,Office,15356 Water Street,3303633289,12262025033000719,Success,
1667,Office,175 Riverside Avenue,1367236459,12262025033000719,Success,
14007,Office,6020 Feeney Fords,7494160132,12262025033000719,Success,
1667,Office,3850 Brielle Mount,7922386734,12262025033000719,Success,
14007,Office,2352 Idell Streets,5209064436,12262025033000719,Success,
1667,Office,736 Pauline Views,6078892500,12262025033000719,Success,
14007,Office,2673 Buckingham Road,7290721895,12262025033000719,Success,
1667,Office,861 Davis Springs,1308940853,12262025033000719,Success,
14007,Office,240 Marvin Center,9566685167,12262025033000719,Success,
1667,Office,35647 Dicki Common,5495326278,12262025033000719,Success,
14007,Office,3163 Nathen Hills,2934695087,12262025033000719,Success,
1667,Office,19607 Kessler Lodge,9865107335,12262025033000719,Success,
14007,Office,914 Rippin Alley,3167160119,12262025033000719,Success,
1667,Office,653 Kris Corners,6461024095,12262025033000719,Success,
14007,Office,9133 Elm Street,3256942061,12262025033000719,Success,
1667,Office,76758 Parkside,4392140319,12262025033000719,Success,
14007,Office,207 W Division Street,4074781116,12262025033000719,Success,
1667,Office,516 Alda Parks,4042086038,12262025033000719,Success,
14007,Office,66317 Trevor Trace,4136614526,12262025033000719,Success,
1667,Office,5632 Lind Rue,4878739693,12262025033000719,Success,
14007,Office,70893 S Water Street,2187391696,12262025033000719,Success,
1667,Office,756 N 3rd Street,1558001381,12262025033000719,Success,
14007,Office,6211 Rempel Harbors,4229141546,12262025033000719,Success,
1667,Office,80451 Corine Key,3615085130,12262025033000719,Success,
14007,Office,59321 Blick Rest,1970418920,12262025033000719,Success,
1667,Office,92665 Herta Expressway,4660764294,12262025033000719,Success,
14007,Office,3105 Emerald View,5839522101,12262025033000719,Success,
1667,Office,802 Tudor Close,6354097785,12262025033000719,Success,
14007,Office,28403 Sanford Mission,4445338987,12262025033000719,Success,
1667,Office,80184 Walter Glen,3724663513,12262025033000719,Success,
14007,Office,14712 Enos Shoals,8687873299,12262025033000719,Success,
1667,Office,145 Tania Green,9818884194,12262025033000719,Success,
14007,Office,6734 Della Harbors,7390358939,12262025033000719,Success,
1667,Office,4279 Eldridge Ford,9066687580,12262025033000719,Success,
14007,Office,148 Broad Street,7082741990,12262025033000719,Success,
1667,Office,355 Ankunding Lodge,9938108487,12262025033000719,Success,
14007,Office,90194 Barrows Neck,6367704818,12262025033000719,Success,
1667,Office,13814 Astrid Glens,5258324042,12262025033000719,Success,
14007,Office,195 Stella Mountains,4650513612,12262025033000719,Success,
1667,Office,752 Will Spurs,1922568800,12262025033000719,Success,
14007,Office,8074 Waters Parks,2502234612,12262025033000719,Success,
1667,Office,9784 S Church Street,3845659164,12262025033000719,Success,
14007,Office,930 Priory Road,4488045435,12262025033000719,Success,
1667,Office,30226 Arvel Lake,6757693845,12262025033000719,Success,
14007,Office,5984 W 14th Street,8191468406,12262025033000719,Success,
1667,Office,2305 Hintz Ridge,3550449894,12262025033000719,Success,
14007,Office,8567 Russel Loop,5497936334,12262025033000719,Success,
1667,Office,49676 Leanna Harbor,3868889632,12262025033000719,Success,
14007,Office,997 Eleazar Island,1590592077,12262025033000719,Success,
1667,Office,310 Robel Landing,7955894986,12262025033000719,Success,
14007,Office,6648 Annalise Station,7868085790,12262025033000719,Success,
1667,Office,3310 Leannon Courts,4471491689,12262025033000719,Success,
14007,Office,8906 Hessel Pines,8999808289,12262025033000719,Success,
1667,Office,992 Poplar Close,6487920132,12262025033000719,Success,
14007,Office,77757 Kessler Run,7354940380,12262025033000719,Success,
1667,Office,186 Johns Alley,8118909691,12262025033000719,Success,
14007,Office,165 Park Avenue,3809430198,12262025033000719,Success,
1667,Office,164 Cedar Close,2086581997,12262025033000719,Success,
14007,Office,311 Eugenia Crest,2189891481,12262025033000719,Success,
1667,Office,8957 Hilll Center,3365565803,12262025033000719,Success,
14007,Office,261 Weimann Hollow,1481915968,12262025033000719,Success,
1667,Office,54982 State Line Road,1091077534,12262025033000719,Success,
14007,Office,892 Terry Overpass,5959778629,12262025033000719,Success,
1667,Office,19042 Durward Meadows,2566703426,12262025033000719,Success,
14007,Office,72219 Billie Pike,9895386483,12262025033000719,Success,
1667,Office,9917 Broad Lane,6030610600,12262025033000719,Success,
14007,Office,43809 Stella Ways,6508177481,12262025033000719,Success,
1667,Office,20224 Jamil Turnpike,4327700529,12262025033000719,Success,
14007,Office,60479 Zemlak Turnpike,6996027228,12262025033000719,Success,
1667,Office,719 Birch Avenue,4478017999,12262025033000719,Success,
14007,Office,6935 Nannie Crossroad,7973132009,12262025033000719,Success,
1667,Office,999 Jedediah Trail,4900754861,12262025033000719,Success,
14007,Office,16523 Kozey Summit,1774808119,12262025033000719,Success,
1667,Office,4447 The Coppice,4990678171,12262025033000719,Success,
14007,Office,28392 Monte Mountains,6051148490,12262025033000719,Success,
1667,Office,60804 Stevie Orchard,7152899369,12262025033000719,Success,
14007,Office,1434 Graciela Courts,4943455385,12262025033000719,Success,
1667,Office,41075 Cole Alley,2990567250,12262025033000719,Success,
14007,Office,953 Bryana Roads,2781147293,12262025033000719,Success,
1667,Office,36623 Elm Close,8926927955,12262025033000719,Success,
14007,Office,2766 Mraz Pass,3984914905,12262025033000719,Success,
1667,Office,8055 Samir Trail,1422647029,12262025033000719,Success,
14007,Office,44953 Trinity Creek,2677372839,12262025033000719,Success,
1667,Office,627 Prosacco Hills,7154188458,12262025033000719,Success,
14007,Office,31157 Roman Road,5534962327,12262025033000719,Success,
1667,Office,123 Chaim Mount,5380908830,12262025033000719,Success,
14007,Office,96145 Wolff Junction,2916247055,12262025033000719,Success,
1667,Office,8523 Jordan Shoal,3207673312,12262025033000719,Success,
14007,Office,5720 Farm Close,3544783945,12262025033000719,Success,
1667,Office,664 Amaya Ramp,4722861921,12262025033000719,Success,
14007,Office,34277 Kassulke Junctions,3766763254,12262025033000719,Success,
1667,Office,46907 Broadway Street,1102293860,12262025033000719,Success,
14007,Office,54511 Parker Corner,2174926907,12262025033000719,Success,
1667,Office,69852 Barn Close,2702617084,12262025033000719,Success,
14007,Office,1865 Arvid Grove,5036682530,12262025033000719,Success,
1667,Office,583 Champlin Villages,4103082033,12262025033000719,Success,
14007,Office,6215 Hoeger Lakes,3758774214,12262025033000719,Success,
1667,Office,1049 Highfield Close,6846911818,12262025033000719,Success,
14007,Office,197 Birch Road,1280385279,12262025033000719,Success,
1667,Office,7236 Franklin Street,5791190791,12262025033000719,Success,
14007,Office,537 W Broad Street,2930250574,12262025033000719,Success,
1667,Office,287 Clarendon Road,3724382889,12262025033000719,Success,
14007,Office,1173 Krajcik Parks,1410362309,12262025033000719,Success,
1667,Office,14765 Balmoral Road,6287753724,12262025033000719,Success,
14007,Office,701 Champlin Fall,6183980100,12262025033000719,Success,
1667,Office,8853 Northfield Road,5076410651,12262025033000719,Success,
14007,Office,47673 Josianne Divide,7204538135,12262025033000719,Success,
1667,Office,718 W Church Street,8106778003,12262025033000719,Success,
14007,Office,11064 Kihn Unions,2707293280,12262025033000719,Success,
1667,Office,88754 Joan Run,7229274226,12262025033000719,Success,
14007,Office,2022 MacGyver Mill,2899808415,12262025033000719,Success,
1667,Office,3587 Ratke Walk,4852405176,12262025033000719,Success,
14007,Office,28279 Jacobs Groves,1932612225,12262025033000719,Success,
1667,Office,904 Wilkinson Fields,7497422078,12262025033000719,Success,
14007,Office,81052 Simonis View,3027682363,12262025033000719,Success,
1667,Office,9462 Corbin Rapid,9333965803,12262025033000719,Success,
14007,Office,7350 Dare Stream,2427653181,12262025033000719,Success,
1667,Office,3165 Emmanuel Stravenue,3777028547,12262025033000719,Success,
14007,Office,12196 Main Street E,8064527574,12262025033000719,Success,
1667,Office,98879 W Union Street,5699053189,12262025033000719,Success,
14007,Office,465 Keeling Fork,7541027015,12262025033000719,Success,
1667,Office,8938 Grant Branch,2111198305,12262025033000719,Success,
14007,Office,2920 Toy Shoal,7174501972,12262025033000719,Success,
1667,Office,890 Nakia Square,9656825694,12262025033000719,Success,
14007,Office,8001 Charles Street,9240632504,12262025033000719,Success,
1667,Office,636 Alexzander Prairie,1171224791,12262025033000719,Success,
14007,Office,35650 4th Street,1198101769,12262025033000719,Success,
1667,Office,12609 W Broadway Avenue,5771382451,12262025033000719,Success,
14007,Office,48247 E Elm Street,5807856740,12262025033000719,Success,
1667,Office,963 Breanna Pines,7385639998,12262025033000719,Success,
14007,Office,434 Kiarra Wall,4968247371,12262025033000719,Success,
1667,Office,4964 Pamela Ferry,8629340947,12262025033000719,Success,
14007,Office,326 West Street,1084280719,12262025033000719,Success,
1667,Office,9077 Field Lane,8928525570,12262025033000719,Success,
14007,Office,570 Riverside,1701153571,12262025033000719,Success,
1667,Office,44906 Wendy Mount,6162682875,12262025033000719,Success,
14007,Office,98896 Diego Crest,2208342506,12262025033000719,Success,
1667,Office,104 S 2nd Street,3133377719,12262025033000719,Success,
14007,Office,727 E Washington Street,5051663337,12262025033000719,Success,
1667,Office,7146 Terry Cape,1426526646,12262025033000719,Success,
14007,Office,589 Court Street,9699750588,12262025033000719,Success,
1667,Office,6797 Union Street,6063441261,12262025033000719,Success,
14007,Office,476 Kulas Center,2623436413,12262025033000719,Success,
1667,Office,508 Krajcik Tunnel,9635326869,12262025033000719,Success,
14007,Office,3513 Manor Close,4765463027,12262025033000719,Success,
1667,Office,3987 Payton Club,7295642320,12262025033000719,Success,
14007,Office,7571 S Maple Street,5696659939,12262025033000719,Success,
1667,Office,2528 Miller Overpass,5395539403,12262025033000719,Success,
14007,Office,555 King Street,1069091408,12262025033000719,Success,
1667,Office,8801 Lawrence Street,2622955420,12262025033000719,Success,
14007,Office,1763 N Broadway,9903175032,12262025033000719,Success,
1667,Office,992 Legros Club,4646821322,12262025033000719,Success,
14007,Office,196 Anahi Roads,6959675586,12262025033000719,Success,
1667,Office,402 Alexandro Vista,9777008997,12262025033000719,Success,
14007,Office,170 Franecki Crescent,1506605170,12262025033000719,Success,
1667,Office,1070 Cierra Brooks,3913786920,12262025033000719,Success,
14007,Office,5126 Nella Valleys,1023379699,12262025033000719,Success,
1667,Office,37089 16th Street,4081762154,12262025033000719,Success,
14007,Office,53020 Edward Street,5972736763,12262025033000719,Success,
1667,Office,76630 Mireya Ways,4524414211,12262025033000719,Success,
14007,Office,718 Woodlands Road,1400335411,12262025033000719,Success,
1667,Office,30716 Everett Streets,7902664154,12262025033000719,Success,
14007,Office,6885 Church Close,9024233156,12262025033000719,Success,
1667,Office,9010 Bradtke Forge,4029177993,12262025033000719,Success,
14007,Office,5432 Boehm Cove,2333674447,12262025033000719,Success,
1667,Office,34520 Wisoky Mountains,9905683341,12262025033000719,Success,
14007,Office,5641 Fore Street,2808456677,12262025033000719,Success,
1667,Office,602 Brenden Junctions,8696987519,12262025033000719,Success,
14007,Office,937 Ivory Harbors,4461442114,12262025033000719,Success,
1667,Office,356 Manor Gardens,3681568549,12262025033000719,Success,
14007,Office,18473 Zieme Ramp,8431318081,12262025033000719,Success,
1667,Office,17832 Julia Court,5596828658,12262025033000719,Success,
14007,Office,485 Terry Cape,3705228540,12262025033000719,Success,
1667,Office,802 O'Keefe Shoal,4831094235,12262025033000719,Success,
14007,Office,140 Baker Street,3878021043,12262025033000719,Success,
1667,Office,4253 Yvonne Lane,9295934400,12262025033000719,Success,
14007,Office,6144 Dortha Freeway,8606205617,12262025033000719,Success,
1667,Office,30396 Rod Hill,1908477208,12262025033000719,Success,
14007,Office,41800 Church Avenue,1343649424,12262025033000719,Success,
1667,Office,93358 W Bridge Street,5110268420,12262025033000719,Success,
14007,Office,375 Market Place,7888282464,12262025033000719,Success,
1667,Office,31087 Audrey Corners,1227643395,12262025033000719,Success,
14007,Office,271 Davis Street,3229322497,12262025033000719,Success,
1667,Office,38678 Zita Trail,9394032897,12262025033000719,Success,
14007,Office,74830 Von Vista,2302890597,12262025033000719,Success,
1667,Office,59978 Destiney Courts,7341980358,12262025033000719,Success,
14007,Office,84655 Lueilwitz Turnpike,9779199933,12262025033000719,Success,
1667,Office,5168 Division Street,8294726841,12262025033000719,Success,
14007,Office,153 Jerde Hill,5773482671,12262025033000719,Success,
1667,Office,37880 Hillside Close,5888591354,12262025033000719,Success,
14007,Office,72244 King Glen,1159706687,12262025033000719,Success,
1667,Office,303 Rae Point,5780739587,12262025033000719,Success,
14007,Office,94729 Green Lake,8255098007,12262025033000719,Success,
1667,Office,505 Dickens Keys,5164584347,12262025033000719,Success,
14007,Office,64010 Will Coves,3515455769,12262025033000719,Success,
1667,Office,156 Gordon Road,7537000089,12262025033000719,Success,
14007,Office,65485 Madonna Parkway,2952256374,12262025033000719,Success,
1667,Office,79240 Blick Way,2326709171,12262025033000719,Success,
14007,Office,4457 Bednar Path,8325989877,12262025033000719,Success,
1667,Office,9977 Maegan Green,5664120410,12262025033000719,Success,
14007,Office,773 Wehner Views,8206993835,12262025033000719,Success,
1667,Office,76382 6th Street,2244394434,12262025033000719,Success,
14007,Office,91278 Elissa Parks,3600390029,12262025033000719,Success,
1667,Office,5029 Randi Dale,4853316708,12262025033000719,Success,
14007,Office,23363 Rogahn Islands,6682404120,12262025033000719,Success,
1667,Office,3401 Pollich Mountains,6976437158,12262025033000719,Success,
14007,Office,5174 State Line Road,4245743207,12262025033000719,Success,
1667,Office,3656 Weimann Gateway,7494679203,12262025033000719,Success,
14007,Office,46227 Heller Turnpike,3918871834,12262025033000719,Success,
1667,Office,997 Victoria Street,5061880410,12262025033000719,Success,
14007,Office,577 Marcia Cliff,7760076091,12262025033000719,Success,
1667,Office,6209 Ferry Ranch,9929784507,12262025033000719,Success,
14007,Office,54382 N 2nd Street,9522315176,12262025033000719,Success,
1667,Office,86115 Klein Ramp,5627031246,12262025033000719,Success,
14007,Office,485 W Monroe Street,1860548949,12262025033000719,Success,
1667,Office,291 Vladimir Overpass,3308544286,12262025033000719,Success,
14007,Office,99301 Gerda Hill,1023656585,12262025033000719,Success,
1667,Office,733 Schmidt Well,7473997377,12262025033000719,Success,
14007,Office,9799 Alan Mountain,5175213918,12262025033000719,Success,
1667,Office,959 Gilda Summit,9740026580,12262025033000719,Success,
14007,Office,19192 Krajcik Canyon,8801932002,12262025033000719,Success,
1667,Office,83284 Lonnie Throughway,4903513778,12262025033000719,Success,
14007,Office,73116 Mann Lodge,6948093684,12262025033000719,Success,
1667,Office,75051 E 7th Street,8117369735,12262025033000719,Success,
14007,Office,64977 Grace Stravenue,7775507140,12262025033000719,Success,
1667,Office,2763 9th Street,8378881283,12262025033000719,Success,
14007,Office,70609 Collier Terrace,1595560091,12262025033000719,Success,
1667,Office,88985 Center Street,3599170169,12262025033000719,Success,
14007,Office,4544 Harvey Walks,6649634935,12262025033000719,Success,
1667,Office,680 Helena Rapid,1688393715,12262025033000719,Success,
14007,Office,221 Pennsylvania Avenue,3790734031,12262025033000719,Success,
1667,Office,937 Melyna Park,7693502795,12262025033000719,Success,
14007,Office,7976 Kuphal Lakes,4199990446,12262025033000719,Success,
1667,Office,27010 Johns Curve,7372929326,12262025033000719,Success,
14007,Office,87031 Owen Manor,7856200794,12262025033000719,Success,
1667,Office,731 Shany View,2606206226,12262025033000719,Success,
14007,Office,54920 Long Lane,4760607518,12262025033000719,Success,
1667,Office,8834 Harmony Brooks,1449210776,12262025033000719,Success,
14007,Office,1391 Pfeffer Skyway,5359894761,12262025033000719,Success,
1667,Office,44150 Leffler Points,7009763069,12262025033000719,Success,
14007,Office,7150 Felix Walks,9737187293,12262025033000719,Success,
1667,Office,37272 1st Avenue,2136856273,12262025033000719,Success,
14007,Office,496 Nienow Rapid,5710719356,12262025033000719,Success,
1667,Office,76010 Marisol Pass,9189927649,12262025033000719,Success,
14007,Office,9142 Braun Divide,5140390352,12262025033000719,Success,
1667,Office,90560 Kunze Meadows,5365340274,12262025033000719,Success,
14007,Office,27695 Gerlach Bridge,7762693317,12262025033000719,Success,
1667,Office,13981 Ellsworth Fort,7924752234,12262025033000719,Success,
14007,Office,8312 Rohan Heights,9325669540,12262025033000719,Success,
1667,Office,75733 The Avenue,7410640999,12262025033000719,Success,
14007,Office,352 Schaden Curve,2448079880,12262025033000719,Success,
1667,Office,64240 E Main Street,3974029701,12262025033000719,Success,
14007,Office,8886 Warren Close,7316283849,12262025033000719,Success,
1667,Office,1815 N 9th Street,5611636715,12262025033000719,Success,
14007,Office,824 Murray Ville,5831447314,12262025033000719,Success,
1667,Office,5459 Sandra Wall,7176196230,12262025033000719,Success,
14007,Office,68657 S Oak Street,2356049238,12262025033000719,Success,
1667,Office,7335 Lelia Road,5790615104,12262025033000719,Success,
14007,Office,18670 Emelie Cliff,9538665922,12262025033000719,Success,
1667,Office,756 Mount Street,9585602095,12262025033000719,Success,
14007,Office,818 S Church Street,1450508897,12262025033000719,Success,
1667,Office,34682 Stewart Curve,7043135862,12262025033000719,Success,
14007,Office,21085 Stehr Vista,3293365809,12262025033000719,Success,
1667,Office,3393 Trinity Road,6810925728,12262025033000719,Success,
14007,Office,706 The Laurels,9774363415,12262025033000719,Success,
1667,Office,21190 Walsh Coves,7587874718,12262025033000719,Success,
14007,Office,9201 Trantow Route,7739403323,12262025033000719,Success,
1667,Office,6638 Bahringer Crescent,3505282234,12262025033000719,Success,
14007,Office,90595 Deven Knolls,5068014106,12262025033000719,Success,
1667,Office,3808 Ritchie Shoal,9879604312,12262025033000719,Success,
14007,Office,7821 Chapel Close,3423825310,12262025033000719,Success,
1667,Office,31460 Carter Station,3132312515,12262025033000719,Success,
14007,Office,985 Naomie View,5561028442,12262025033000719,Success,
1667,Office,7461 Toy Hill,7767711394,12262025033000719,Success,
14007,Office,5336 Mandy Coves,6555948912,12262025033000719,Success,
1667,Office,2502 Mikayla Ford,1058178352,12262025033000719,Success,
14007,Office,577 McKenzie Walk,2006263576,12262025033000719,Success,
1667,Office,817 S 9th Street,8753878255,12262025033000719,Success,
14007,Office,636 2nd Street,7959466240,12262025033000719,Success,
1667,Office,1270 Morissette Garden,3094136404,12262025033000719,Success,
14007,Office,299 Pagac Roads,1727368887,12262025033000719,Success,
1667,Office,12654 Murray Road,1272669621,12262025033000719,Success,
14007,Office,31143 Pagac Unions,1241003803,12262025033000719,Success,
1667,Office,792 S 8th Street,9748790235,12262025033000719,Success,
14007,Office,64632 Carli Pines,8437229768,12262025033000719,Success,
1667,Office,40031 Nova Villages,5941109871,12262025033000719,Success,
14007,Office,7830 Sonny Manors,2468989008,12262025033000719,Success,
1667,Office,497 Derby Road,3128953925,12262025033000719,Success,
14007,Office,99847 Willow Drive,5761749620,12262025033000719,Success,
1667,Office,276 York Street,4616767641,12262025033000719,Success,
14007,Office,97637 Green Lane,8811019060,12262025033000719,Success,
1667,Office,4971 South Avenue,9597169380,12262025033000719,Success,
14007,Office,202 Melody Isle,8688717486,12262025033000719,Success,
1667,Office,264 Green Tunnel,7153535966,12262025033000719,Success,
14007,Office,64714 Rhianna Pines,8035028095,12262025033000719,Success,
1667,Office,9493 Odell Drive,7720176931,12262025033000719,Success,
14007,Office,974 Windsor Drive,7518195446,12262025033000719,Success,
1667,Office,69994 Everett Drive,4327009612,12262025033000719,Success,
14007,Office,8608 Tromp Camp,2557640695,12262025033000719,Success,
1667,Office,3398 McGlynn Walks,7625542701,12262025033000719,Success,
14007,Office,243 Littel Landing,4450775735,12262025033000719,Success,
1667,Office,43826 Elta Fords,1794938327,12262025033000719,Success,
14007,Office,656 Hayes Mountains,7766402946,12262025033000719,Success,
1667,Office,778 Woodland Road,3795458339,12262025033000719,Success,
14007,Office,65474 Windermere Road,2961052218,12262025033000719,Success,
1667,Office,294 Price Circles,8333167154,12262025033000719,Success,
14007,Office,3991 Stanton Point,1651840978,12262025033000719,Success,
1667,Office,539 Clifton Road,5780395634,12262025033000719,Success,
14007,Office,56981 Stoltenberg Fall,8680404116,12262025033000719,Success,
1667,Office,82287 Barton Summit,6730100745,12262025033000719,Success,
14007,Office,83077 Kane Islands,7891810221,12262025033000719,Success,
1667,Office,287 Connelly Knoll,6520208268,12262025033000719,Success,
14007,Office,298 Towne Estates,5880277235,12262025033000719,Success,
1667,Office,70172 Madison Avenue,1462135696,12262025033000719,Success,
14007,Office,4076 Vivienne Bypass,3136279735,12262025033000719,Success,
1667,Office,55483 Claude Villages,9155986180,12262025033000719,Success,
14007,Office,314 Forest Avenue,5283699875,12262025033000719,Success,
1667,Office,168 Lincoln Street,7932017384,12262025033000719,Success,
14007,Office,19912 Elm Grove,2167677591,12262025033000719,Success,
1667,Office,5701 S 4th Street,5423831748,12262025033000719,Success,
14007,Office,30662 Wilbert Glen,8656876945,12262025033000719,Success,
1667,Office,3143 Bramley Close,8672170130,12262025033000719,Success,
14007,Office,5424 State Road,6217542445,12262025033000719,Success,
1667,Office,7490 Kozey Bypass,3052684838,12262025033000719,Success,
14007,Office,318 Beier Spring,3288918187,12262025033000719,Success,
1667,Office,36413 Dedrick Harbor,2809206455,12262025033000719,Success,
14007,Office,9872 Jay Mills,9960208689,12262025033000719,Success,
1667,Office,475 Dicki Tunnel,9957463609,12262025033000719,Success,
14007,Office,85323 Kacey Key,3332896516,12262025033000719,Success,
1667,Office,20382 Chance Glen,9303719796,12262025033000719,Success,
14007,Office,6131 Dach Parkway,7755706174,12262025033000719,Success,
1667,Office,59761 Funk Forges,5276480473,12262025033000719,Success,
14007,Office,262 N Cedar Street,5411370861,12262025033000719,Success,
1667,Office,55450 Rosenbaum Drive,4498782227,12262025033000719,Success,
14007,Office,118 S 1st Street,5622411648,12262025033000719,Success,
1667,Office,7393 Highland Avenue,9221337553,12262025033000719,Success,
14007,Office,456 Lois Dale,8217095795,12262025033000719,Success,
1667,Office,317 N Pine Street,6828331945,12262025033000719,Success,
14007,Office,4867 Walnut Street,6622352200,12262025033000719,Success,
1667,Office,181 The Chase,8701618591,12262025033000719,Success,
14007,Office,32155 Wallace Path,4785901115,12262025033000719,Success,
1667,Office,7885 Russel Unions,8337541080,12262025033000719,Success,
14007,Office,2682 Washington Boulevard,2988265378,12262025033000719,Success,
1667,Office,300 N 1st Street,2479931578,12262025033000719,Success,
14007,Office,457 Ezequiel Parkway,5112283155,12262025033000719,Success,
1667,Office,3411 Konopelski Ridges,9010789709,12262025033000719,Success,
14007,Office,50890 Lonnie Highway,8133078195,12262025033000719,Success,
1667,Office,3477 5th Street,3615292706,12262025033000719,Success,
14007,Office,8459 The Coppice,9895601388,12262025033000719,Success,
1667,Office,1560 W Franklin Street,5980870095,12262025033000719,Success,
14007,Office,57016 Walnut Close,1106416527,12262025033000719,Success,
1667,Office,803 Welch Via,8402596460,12262025033000719,Success,
14007,Office,7229 Fritsch Key,8089616975,12262025033000719,Success,
1667,Office,5363 Sycamore Close,7726779893,12262025033000719,Success,
14007,Office,111 S High Street,9099403565,12262025033000719,Success,
1667,Office,182 Laurianne Radial,6462983037,12262025033000719,Success,
14007,Office,4669 Millie River,6131058590,12262025033000719,Success,
1667,Office,3625 Keara Lights,1852567988,12262025033000719,Success,
14007,Office,9793 Thomas Union,3506317588,12262025033000719,Success,
1667,Office,9777 N Walnut Street,5243845062,12262025033000719,Success,
14007,Office,774 Constance Gateway,4916591719,12262025033000719,Success,
1667,Office,57397 Valley Road,4677512907,12262025033000719,Success,
14007,Office,52213 Bartoletti Parkways,3959745082,12262025033000719,Success,
1667,Office,66046 Mohammed Burgs,5043336926,12262025033000719,Success,
14007,Office,119 Emanuel Gardens,4789097224,12262025033000719,Success,
1667,Office,8490 Herman Crescent,7011878922,12262025033000719,Success,
14007,Office,55737 Westfield Road,4418894744,12262025033000719,Success,
1667,Office,374 Poplar Street,1410893971,12262025033000719,Success,
14007,Office,428 Cronin Crossing,8330779999,12262025033000719,Success,
1667,Office,75824 Rath Forge,7061161641,12262025033000719,Success,
14007,Office,26051 Runte Route,3568480686,12262025033000719,Success,
1667,Office,333 Lucas Estate,7810327007,12262025033000719,Success,
14007,Office,373 Spencer Passage,9239686218,12262025033000719,Success,
1667,Office,97218 Moore Pass,3185778266,12262025033000719,Success,
14007,Office,61725 Highfield Close,4470735021,12262025033000719,Success,
1667,Office,7878 Low Road,1424639064,12262025033000719,Success,
14007,Office,9523 Kuvalis Forge,9472358265,12262025033000719,Success,
1667,Office,58578 Gleason Walks,4656263499,12262025033000719,Success,
14007,Office,15192 Seamus Manors,6373969945,12262025033000719,Success,
1667,Office,8968 Martin Luther King Boulevard,2183549843,12262025033000719,Success,
14007,Office,89639 Reba Turnpike,1877924247,12262025033000719,Success,
1667,Office,560 New Lane,1177484750,12262025033000719,Success,
14007,Office,552 Smith Street,6615802452,12262025033000719,Success,
1667,Office,452 Ozella Spur,2858312530,12262025033000719,Success,
14007,Office,44773 Bradly Isle,4576342414,12262025033000719,Success,
1667,Office,46188 S Washington Street,8691264967,12262025033000719,Success,
14007,Office,7364 Bednar Prairie,7915269285,12262025033000719,Success,
1667,Office,41155 Steuber Ports,8568446983,12262025033000719,Success,
14007,Office,2728 Karina Avenue,1203498221,12262025033000719,Success,
1667,Office,9009 Chaim Shore,4192358776,12262025033000719,Success,
14007,Office,893 Grange Avenue,4792345984,12262025033000719,Success,
1667,Office,19899 Streich Mall,5007444162,12262025033000719,Success,
14007,Office,338 Ursula Extensions,1985249040,12262025033000719,Success,
1667,Office,85811 S Division Street,9026186908,12262025033000719,Success,
14007,Office,171 Blanda Lane,8705072336,12262025033000719,Success,
1667,Office,31179 N Broadway Street,5750855738,12262025033000719,Success,
14007,Office,38408 W Jackson Street,8843080740,12262025033000719,Success,
1667,Office,28713 Dark Lane,9172356317,12262025033000719,Success,
14007,Office,619 West Ridge,2184697661,12262025033000719,Success,
1667,Office,412 Vincent Burgs,3309207597,12262025033000719,Success,
14007,Office,7474 Stracke Ports,3657418963,12262025033000719,Success,
1667,Office,3430 Gutmann Garden,3323571380,12262025033000719,Success,
14007,Office,655 Windsor Drive,4078910755,12262025033000719,Success,
1667,Office,703 Ebert Manors,6450075396,12262025033000719,Success,
14007,Office,19713 Alfred Street,6742623035,12262025033000719,Success,
1667,Office,543 Fairfield Road,9994032543,12262025033000719,Success,
14007,Office,22629 Amparo Wall,8526307314,12262025033000719,Success,
1667,Office,755 Fore Street,4599086598,12262025033000719,Success,
14007,Office,183 Angela Courts,8889748288,12262025033000719,Success,
1667,Office,945 S Pine Street,2645029831,12262025033000719,Success,
14007,Office,4597 Gladstone Road,1285815423,12262025033000719,Success,
1667,Office,822 Hagenes Way,6667330364,12262025033000719,Success,
14007,Office,6318 Hoppe Hill,7959312634,12262025033000719,Success,
1667,Office,4640 Maggio Extension,8118186658,12262025033000719,Success,
14007,Office,28655 Hassan View,6577368517,12262025033000719,Success,
1667,Office,77444 Hope Port,3605848933,12262025033000719,Success,
14007,Office,8387 Ryan Village,8648825727,12262025033000719,Success,
1667,Office,441 Charles Street,9002439870,12262025033000719,Success,
14007,Office,37149 Bernier Burgs,7371528549,12262025033000719,Success,
1667,Office,38891 Jaqueline River,7379897035,12262025033000719,Success,
14007,Office,45281 Mraz Inlet,3528651527,12262025033000719,Success,
1667,Office,7708 Stiedemann Estate,4152772916,12262025033000719,Success,
14007,Office,919 N 1st Street,1979006407,12262025033000719,Success,
1667,Office,2520 S Front Street,8367985499,12262025033000719,Success,
14007,Office,28168 Ziemann Well,7940919660,12262025033000719,Success,
1667,Office,3284 College Avenue,8811321871,12262025033000719,Success,
14007,Office,35698 Bergnaum Gateway,2988384745,12262025033000719,Success,
1667,Office,83171 Dooley Mountains,3348482363,12262025033000719,Success,
14007,Office,460 Konopelski Shoal,3906926029,12262025033000719,Success,
1667,Office,8327 N Church Street,8218947678,12262025033000719,Success,
14007,Office,53315 Terrance Rest,1257073709,12262025033000719,Success,
1667,Office,7249 Stehr Skyway,8795495768,12262025033000719,Success,
14007,Office,317 Nitzsche Fields,4502360394,12262025033000719,Success,
1667,Office,14777 Woodlands Road,8860620044,12262025033000719,Success,
14007,Office,3003 The Glebe,9395299397,12262025033000719,Success,
1667,Office,51372 N 7th Street,7997429883,12262025033000719,Success,
14007,Office,424 Block Parkway,5800643560,12262025033000719,Success,
1667,Office,1172 Park View,5097194922,12262025033000719,Success,
14007,Office,943 Douglas Cliffs,4904192303,12262025033000719,Success,
1667,Office,7700 Jakubowski Unions,7474663435,12262025033000719,Success,
14007,Office,634 N Park Street,3881340184,12262025033000719,Success,
1667,Office,184 Elmer Roads,4963624192,12262025033000719,Success,
14007,Office,93989 S 3rd Street,2464969282,12262025033000719,Success,
1667,Office,1322 Rowe Highway,6215929979,12262025033000719,Success,
14007,Office,1091 Mueller Shore,7834212660,12262025033000719,Success,
1667,Office,353 S Center Street,3092925302,12262025033000719,Success,
14007,Office,723 Brook Street,1396406174,12262025033000719,Success,
1667,Office,11252 W Union Street,4702476316,12262025033000719,Success,
14007,Office,2345 Carmine Stream,5651406362,12262025033000719,Success,
1667,Office,999 Crown Street,3609304087,12262025033000719,Success,
14007,Office,75321 Ledner Ridges,2140271685,12262025033000719,Success,
1667,Office,391 W Oak Street,7372148005,12262025033000719,Success,
14007,Office,5222 Moses Haven,6521479371,12262025033000719,Success,
1667,Office,5611 Zoila Mills,4359880339,12262025033000719,Success,
14007,Office,34740 Kulas Green,3030794331,12262025033000719,Success,
1667,Office,49845 Elna Fork,8309350523,12262025033000719,Success,
14007,Office,20252 Vicarage Close,1256423833,12262025033000719,Success,
1667,Office,117 Bode Pine,7174312313,12262025033000719,Success,
14007,Office,123 Rasheed Creek,3566960351,12262025033000719,Success,
1667,Office,48763 Mia Fields,8133547524,12262025033000719,Success,
14007,Office,8350 Elfrieda Corner,2611450489,12262025033000719,Success,
1667,Office,75510 Kennedi Flats,6659337848,12262025033000719,Success,
14007,Office,5490 Coralie Branch,4864706426,12262025033000719,Success,
1667,Office,6739 Kolby Park,9572254654,12262025033000719,Success,
14007,Office,5929 Wilderman Summit,5751800611,12262025033000719,Success,
1667,Office,79186 Yesenia Gateway,5838210838,12262025033000719,Success,
14007,Office,7603 Marlee Keys,8801839262,12262025033000719,Success,
1667,Office,15598 Church Walk,5069924053,12262025033000719,Success,
14007,Office,13880 Lebsack Green,8050859019,12262025033000719,Success,
1667,Office,5993 Angelo Path,2832908680,12262025033000719,Success,
14007,Office,2777 Hintz Brook,8100022883,12262025033000719,Success,
1667,Office,3068 Cliff Road,9379860168,12262025033000719,Success,
14007,Office,8312 Crown Street,5261505418,12262025033000719,Success,
1667,Office,11504 Leta Ville,4048306023,12262025033000719,Success,
14007,Office,93639 Arvid Rapids,6255108463,12262025033000719,Success,
1667,Office,7979 1st Street,9527788750,12262025033000719,Success,
14007,Office,325 Cow Lane,7176221237,12262025033000719,Success,
1667,Office,42312 Graham Expressway,1613099407,12262025033000719,Success,
14007,Office,472 Heaney Cliffs,6755323339,12262025033000719,Success,
1667,Office,938 Virginia Knoll,8317156486,12262025033000719,Success,
14007,Office,34860 Greenfelder Pine,9679759486,12262025033000719,Success,
1667,Office,389 Wisozk Freeway,8947404131,12262025033000719,Success,
14007,Office,3200 Water Street,2247455301,12262025033000719,Success,
1667,Office,7874 Kaitlyn Trail,6302693132,12262025033000719,Success,
14007,Office,311 E 4th Street,9124638845,12262025033000719,Success,
1667,Office,4612 Waters Walk,9504705449,12262025033000719,Success,
14007,Office,3368 Gottlieb Gardens,9494167459,12262025033000719,Success,
1667,Office,4636 Lynch Harbors,9604185582,12262025033000719,Success,
14007,Office,87587 Shanny Rue,7839840357,12262025033000719,Success,
1667,Office,78392 Fred Stravenue,1601140053,12262025033000719,Success,
14007,Office,25418 Brian Radial,9941253513,12262025033000719,Success,
1667,Office,723 Jo Track,1567677520,12262025033000719,Success,
14007,Office,9261 E 6th Street,8695060301,12262025033000719,Success,
1667,Office,4241 Hiram Curve,6929187760,12262025033000719,Success,
14007,Office,5605 Haley Shore,7479602388,12262025033000719,Success,
1667,Office,9627 Blick Stream,5890291624,12262025033000719,Success,
14007,Office,327 Myrtice Pike,7254315643,12262025033000719,Success,
1667,Office,31698 Rosalinda Viaduct,6254152226,12262025033000719,Success,
14007,Office,62196 Brook Road,1906770090,12262025033000719,Success,
1667,Office,31183 Douglas Islands,4775200832,12262025033000719,Success,
14007,Office,37929 Belmont Road,9055629427,12262025033000719,Success,
1667,Office,57180 Hellen Light,1432082356,12262025033000719,Success,
14007,Office,4142 Marvin Green,5268594572,12262025033000719,Success,
1667,Office,95012 Pfannerstill Forge,7962068314,12262025033000719,Success,
14007,Office,537 Chapel Road,7864102960,12262025033000719,Success,
1667,Office,71179 Raleigh Heights,4171024271,12262025033000719,Success,
14007,Office,1168 Evans Freeway,3956060672,12262025033000719,Success,
1667,Office,6976 Duke Street,7918781742,12262025033000719,Success,
14007,Office,37598 Smitham Wells,6545546590,12262025033000719,Success,
1667,Office,870 Church View,3757922822,12262025033000719,Success,
14007,Office,2722 E 4th Street,1848808723,12262025033000719,Success,
1667,Office,55613 Amanda Light,2954822808,12262025033000719,Success,
14007,Office,7930 Yasmin Glen,5137394676,12262025033000719,Success,
1667,Office,33933 Hortense Crest,9159318386,12262025033000719,Success,
14007,Office,45819 Waters Meadow,7070740197,12262025033000719,Success,
1667,Office,3309 Hauck Flats,6575857517,12262025033000719,Success,
14007,Office,338 Beahan Track,5664120508,12262025033000719,Success,
1667,Office,6152 Nicole Mountain,8782254608,12262025033000719,Success,
14007,Office,32391 Johnson Road,6873410169,12262025033000719,Success,
1667,Office,3514 Shad Trafficway,4702898413,12262025033000719,Success,
14007,Office,509 The Sidings,4070565706,12262025033000719,Success,
1667,Office,98214 Riley Groves,3748803061,12262025033000719,Success,
14007,Office,9376 Davis Street,4484239648,12262025033000719,Success,
1667,Office,54155 Riverside Drive,8794407320,12262025033000719,Success,
14007,Office,3325 Kassulke Creek,1398029281,12262025033000719,Success,
1667,Office,40546 Braun Harbors,1087393457,12262025033000719,Success,
14007,Office,84394 Geraldine Valleys,7450258669,12262025033000719,Success,
1667,Office,6833 Durgan Center,6795186704,12262025033000719,Success,
14007,Office,7650 State Road,9689932383,12262025033000719,Success,
1667,Office,528 Luna Meadow,8181276699,12262025033000719,Success,
14007,Office,852 Clint Forges,8585056982,12262025033000719,Success,
1667,Office,263 Magnus Mission,6908672710,12262025033000719,Success,
14007,Office,844 Antoinette Radial,6022892733,12262025033000719,Success,
1667,Office,5692 Ankunding Manor,3434641382,12262025033000719,Success,
14007,Office,9721 Church Avenue,5150258174,12262025033000719,Success,
1667,Office,1665 Runte Shore,4451324862,12262025033000719,Success,
14007,Office,35915 Frami Streets,1261519882,12262025033000719,Success,
1667,Office,348 Brookside,3148246592,12262025033000719,Success,
14007,Office,6305 Walter Wall,6115484428,12262025033000719,Success,
1667,Office,367 Bertha Valleys,1096111219,12262025033000719,Success,
14007,Office,25088 Lowe Station,4476641868,12262025033000719,Success,
1667,Office,50737 Mona Valleys,5816279513,12262025033000719,Success,
14007,Office,9322 Rogahn Port,2263704427,12262025033000719,Success,
1667,Office,24845 Wolff Lights,6356841027,12262025033000719,Success,
14007,Office,7453 S Union Street,9267647016,12262025033000719,Success,
1667,Office,93539 Hegmann Bridge,6866964591,12262025033000719,Success,
14007,Office,13555 N Front Street,7137314377,12262025033000719,Success,
1667,Office,329 Altenwerth Forges,8960298826,12262025033000719,Success,
14007,Office,161 Madisen Knolls,3059218733,12262025033000719,Success,
1667,Office,942 Kilback Drive,6190094035,12262025033000719,Success,
14007,Office,13126 Brad Canyon,3544787062,12262025033000719,Success,
1667,Office,95940 Nathen Rapids,9339656150,12262025033000719,Success,
14007,Office,836 Howard Road,4776526407,12262025033000719,Success,
1667,Office,200 Old Lane,1301225307,12262025033000719,Success,
14007,Office,940 Cherry Street,2086827755,12262025033000719,Success,
1667,Office,553 S 1st Avenue,8771649634,12262025033000719,Success,
14007,Office,712 Gladstone Road,2892542262,12262025033000719,Success,
1667,Office,94567 Braun Lodge,2145179714,12262025033000719,Success,
14007,Office,6753 Alexander Fort,6547598474,12262025033000719,Success,
1667,Office,69372 Schmitt Gateway,5792595405,12262025033000719,Success,
14007,Office,33746 Columbia Avenue,5565595343,12262025033000719,Success,
1667,Office,6287 Harvey Circles,4134147223,12262025033000719,Success,
14007,Office,5234 S Center Street,8163406943,12262025033000719,Success,
1667,Office,828 Kris Circles,3591995852,12262025033000719,Success,
14007,Office,44091 N Pearl Street,9120520042,12262025033000719,Success,
1667,Office,5171 Zieme Prairie,9774948799,12262025033000719,Success,
14007,Office,63033 School Close,2011844719,12262025033000719,Success,
1667,Office,120 Grady Flats,1621163198,12262025033000719,Success,
14007,Office,754 Wood Street,6980141681,12262025033000719,Success,
1667,Office,83629 Berta Shoals,6552214783,12262025033000719,Success,
14007,Office,14166 Carroll Summit,9742163645,12262025033000719,Success,
1667,Office,8210 Auer Alley,8016966213,12262025033000719,Success,
14007,Office,5687 Gutkowski Junction,7269325697,12262025033000719,Success,
1667,Office,79275 Nikolaus Fall,8192228497,12262025033000719,Success,
14007,Office,678 Prospect Place,7552052409,12262025033000719,Success,
1667,Office,29515 Murphy Canyon,5172530317,12262025033000719,Success,
14007,Office,66661 Flatley Dale,6422611302,12262025033000719,Success,
1667,Office,116 Howell Fields,1101151159,12262025033000719,Success,
14007,Office,7734 Strosin Pines,9303118182,12262025033000719,Success,
1667,Office,2482 Broad Lane,6551618250,12262025033000719,Success,
14007,Office,729 Spinka Brook,6948502571,12262025033000719,Success,
1667,Office,780 Moor Lane,2527448279,12262025033000719,Success,
14007,Office,353 Bernhard Freeway,2585422228,12262025033000719,Success,
1667,Office,1256 Feest Creek,9023469302,12262025033000719,Success,
14007,Office,7320 Water Lane,2906160302,12262025033000719,Success,
1667,Office,4311 Keeling Junction,5602105753,12262025033000719,Success,
14007,Office,62987 Pine Close,3951560818,12262025033000719,Success,
1667,Office,88490 Witting Rest,2579129439,12262025033000719,Success,
14007,Office,4600 Charles Centers,8541219667,12262025033000719,Success,
1667,Office,648 Pouros Lodge,3544320525,12262025033000719,Success,
14007,Office,994 Morissette Views,4232535084,12262025033000719,Success,
1667,Office,8736 Rosa Shore,2285262140,12262025033000719,Success,
14007,Office,74429 Roberts Burgs,2861090387,12262025033000719,Success,
1667,Office,37502 Old State Road,5897890196,12262025033000719,Success,
14007,Office,997 Gardner Junction,2921717092,12262025033000719,Success,
1667,Office,3543 Hailey Hollow,7972867195,12262025033000719,Success,
14007,Office,88479 Schamberger Green,8080880125,12262025033000719,Success,
1667,Office,58177 Delpha Port,3009578124,12262025033000719,Success,
14007,Office,57704 Kimberly Bridge,9448671094,12262025033000719,Success,
1667,Office,91408 Commercial Street,1413777556,12262025033000719,Success,
14007,Office,58055 Bramble Close,1171931912,12262025033000719,Success,
1667,Office,97901 Jeremie Walk,5602212389,12262025033000719,Success,
14007,Office,23824 White Knoll,7221485799,12262025033000719,Success,
1667,Office,4678 W Jackson Street,4904660927,12262025033000719,Success,
14007,Office,46661 Ritchie Mountain,4394499961,12262025033000719,Success,
1667,Office,977 Hillside,7833816509,12262025033000719,Success,
14007,Office,210 Manor Gardens,3694827692,12262025033000719,Success,
1667,Office,62745 Koelpin Curve,4343501531,12262025033000719,Success,
14007,Office,7198 Wunsch Avenue,5526546042,12262025033000719,Success,
1667,Office,52959 Vicente Port,8198714302,12262025033000719,Success,
14007,Office,9388 Curt Shoals,6377990150,12262025033000719,Success,
1667,Office,5580 The Glebe,8857723888,12262025033000719,Success,
14007,Office,26577 Balistreri Flat,8790357104,12262025033000719,Success,
1667,Office,620 Pagac Heights,6090933540,12262025033000719,Success,
14007,Office,4411 Purdy Row,7039375103,12262025033000719,Success,
1667,Office,690 Dillan Landing,9751636839,12262025033000719,Success,
14007,Office,9593 Martin Luther King Drive,9783309611,12262025033000719,Success,
1667,Office,779 Stephany Canyon,8657729110,12262025033000719,Success,
14007,Office,30403 Castle Street,8699224235,12262025033000719,Success,
1667,Office,550 Durgan Plaza,8373357516,12262025033000719,Success,
14007,Office,1844 W Jefferson Street,3475579744,12262025033000719,Success,
1667,Office,36029 Orion Curve,4176946476,12262025033000719,Success,
14007,Office,950 Harry Stream,4935032558,12262025033000719,Success,
1667,Office,841 Moor Lane,5299879769,12262025033000719,Success,
14007,Office,68850 Tennyson Road,9837788288,12262025033000719,Success,
1667,Office,107 Marlborough Road,6466167963,12262025033000719,Success,
14007,Office,290 Kautzer Dale,2661704007,12262025033000719,Success,
1667,Office,645 Mae Creek,4680676330,12262025033000719,Success,
14007,Office,760 Malinda Court,5584289974,12262025033000719,Success,
1667,Office,741 Darlene Spring,5677027048,12262025033000719,Success,
14007,Office,237 Princess Street,3225984277,12262025033000719,Success,
1667,Office,85492 Crona Pine,2688773552,12262025033000719,Success,
14007,Office,196 Gwen Light,4163212106,12262025033000719,Success,
1667,Office,41742 Reichel Parks,3886164907,12262025033000719,Success,
14007,Office,92803 Milton Road,6066704160,12262025033000719,Success,
1667,Office,7473 Victoria Street,6747239959,12262025033000719,Success,
14007,Office,19066 Doyle Manors,6350317901,12262025033000719,Success,
1667,Office,6632 Veum Springs,9078016225,12262025033000719,Success,
14007,Office,7914 Wellington Road,8790414609,12262025033000719,Success,
1667,Office,8510 Katelyn Heights,5228962391,12262025033000719,Success,
14007,Office,2618 Lyla Underpass,1060595494,12262025033000719,Success,
1667,Office,2494 Kuvalis Villages,6133925773,12262025033000719,Success,
14007,Office,306 Toy Circles,1074838951,12262025033000719,Success,
1667,Office,233 Modesto Row,2399363994,12262025033000719,Success,
14007,Office,18288 E Park Avenue,6279580299,12262025033000719,Success,
1667,Office,283 N High Street,2519203410,12262025033000719,Success,
14007,Office,3191 Judson Divide,7683239160,12262025033000719,Success,
1667,Office,387 Floyd Freeway,8938871672,12262025033000719,Success,
14007,Office,850 Vicarage Close,3099177684,12262025033000719,Success,
1667,Office,973 Russel Vista,1753533605,12262025033000719,Success,
14007,Office,25366 D'Amore Freeway,7456260519,12262025033000719,Success,
1667,Office,65658 Victoria Place,9232594374,12262025033000719,Success,
14007,Office,582 8th Avenue,9689270665,12262025033000719,Success,
1667,Office,838 Satterfield Run,7859732512,12262025033000719,Success,
14007,Office,6671 Clarendon Road,9535298718,12262025033000719,Success,
1667,Office,418 The Limes,4830029645,12262025033000719,Success,
14007,Office,14650 The Square,4724037290,12262025033000719,Success,
1667,Office,8566 Sycamore Street,9813546309,12262025033000719,Success,
14007,Office,96163 E 14th Street,7464495966,12262025033000719,Success,
1667,Office,185 W 9th Street,1367428843,12262025033000719,Success,
14007,Office,12956 S 3rd Street,3893292607,12262025033000719,Success,
1667,Office,798 Vladimir Ramp,3707085102,12262025033000719,Success,
14007,Office,5960 Sylvia Summit,5555185702,12262025033000719,Success,
1667,Office,9005 Keebler Junctions,7693487058,12262025033000719,Success,
14007,Office,6980 Coronation Road,7338986558,12262025033000719,Success,
1667,Office,4264 Maple Close,3718431242,12262025033000719,Success,
14007,Office,9042 Kasey Lane,7637248788,12262025033000719,Success,
1667,Office,315 Jarrell Heights,8950659360,12262025033000719,Success,
14007,Office,49961 Garrett Lodge,4100208248,12262025033000719,Success,
1667,Office,2493 S 14th Street,9712645963,12262025033000719,Success,
14007,Office,85306 Edyth Road,1593394145,12262025033000719,Success,
1667,Office,83733 Janet Way,9670102798,12262025033000719,Success,
14007,Office,920 Hirthe Meadow,9198707701,12262025033000719,Success,
1667,Office,12706 Martin Luther King Boulevard,8377125505,12262025033000719,Success,
14007,Office,645 King Lakes,4766268852,12262025033000719,Success,
1667,Office,17967 Vidal Course,6621020156,12262025033000719,Success,
14007,Office,692 The Maltings,1864496923,12262025033000719,Success,
1667,Office,26831 Giovanny Highway,6641416401,12262025033000719,Success,
14007,Office,4686 Von Divide,3690386328,12262025033000719,Success,
1667,Office,793 Jamison Trail,2016755280,12262025033000719,Success,
14007,Office,563 Elm Grove,9294991921,12262025033000719,Success,
1667,Office,76341 Roberts Streets,3798823083,12262025033000719,Success,
14007,Office,383 Runte Track,6931030497,12262025033000719,Success,
1667,Office,7205 Simonis Cove,1336296026,12262025033000719,Success,
14007,Office,742 Woodland Road,3303354957,12262025033000719,Success,
1667,Office,2536 Bechtelar Green,7258984628,12262025033000719,Success,
14007,Office,8763 Margret Radial,8344831103,12262025033000719,Success,
1667,Office,354 Zula Fords,8312594578,12262025033000719,Success,
14007,Office,6935 Wilderman Loop,2370710153,12262025033000719,Success,
1667,Office,120 Virginia Knoll,1637282300,12262025033000719,Success,
14007,Office,772 Hackett Orchard,1004543430,12262025033000719,Success,
1667,Office,933 Ricky Corner,9111079504,12262025033000719,Success,
14007,Office,363 Antonio Expressway,1889275413,12262025033000719,Success,
1667,Office,321 Cemetery Road,6708536594,12262025033000719,Success,
14007,Office,54325 Jacobs Forges,4361610746,12262025033000719,Success,
1667,Office,1586 Grant Drives,7526448784,12262025033000719,Success,
14007,Office,14839 Vicente Path,3710627252,12262025033000719,Success,
1667,Office,803 Doyle Spur,1353872014,12262025033000719,Success,
14007,Office,1781 Watery Lane,1592696962,12262025033000719,Success,
1667,Office,1473 Wilhelm Shores,4158026752,12262025033000719,Success,
14007,Office,841 Manor Way,8119979530,12262025033000719,Success,
1667,Office,38941 Meadow Close,1911884441,12262025033000719,Success,
14007,Office,6040 Sanford Divide,7303081473,12262025033000719,Success,
1667,Office,7776 Olen Corner,9438817342,12262025033000719,Success,
14007,Office,17814 Gracie Bypass,9993823254,12262025033000719,Success,
1667,Office,10675 Thompson Gateway,8924509324,12262025033000719,Success,
14007,Office,4230 E 2nd Street,9956184966,12262025033000719,Success,
1667,Office,2384 Jannie Spring,4652358959,12262025033000719,Success,
14007,Office,730 Jamil Pass,2419265488,12262025033000719,Success,
1667,Office,597 Bosco Fall,7043752980,12262025033000719,Success,
14007,Office,65768 Mckayla Rest,4246627240,12262025033000719,Success,
1667,Office,6007 Mill Lane,1237361518,12262025033000719,Success,
14007,Office,1374 Wyman Extension,8049416561,12262025033000719,Success,
1667,Office,9111 Lue Ways,7556546556,12262025033000719,Success,
14007,Office,40891 Anne Union,6654145761,12262025033000719,Success,
1667,Office,6006 Cross Lane,5650931286,12262025033000719,Success,
14007,Office,9605 Macey Drives,6997460672,12262025033000719,Success,
1667,Office,4356 N Locust Street,5076970615,12262025033000719,Success,
14007,Office,11764 Belmont Road,4853693858,12262025033000719,Success,
1667,Office,30258 Roob Walks,4861703172,12262025033000719,Success,
14007,Office,2962 Padberg Forges,5397594399,12262025033000719,Success,
1667,Office,66120 Nightingale Close,1399282043,12262025033000719,Success,
14007,Office,725 Cherry Close,1098492882,12262025033000719,Success,
1667,Office,826 Jamel Grove,9139785131,12262025033000719,Success,
14007,Office,19326 Main Avenue,4670988748,12262025033000719,Success,
1667,Office,189 W Chestnut Street,8454061863,12262025033000719,Success,
14007,Office,250 O'Kon Place,7261959029,12262025033000719,Success,
1667,Office,722 Green Coves,6245161630,12262025033000719,Success,
14007,Office,6330 Broderick Hills,9274286742,12262025033000719,Success,
1667,Office,391 The Grange,8777592505,12262025033000719,Success,
14007,Office,3401 Koelpin Trace,6790242400,12262025033000719,Success,
1667,Office,9063 Royce Meadows,4947450837,12262025033000719,Success,
14007,Office,6618 Armstrong Dam,5700146399,12262025033000719,Success,
1667,Office,2038 Deangelo Wall,9104211667,12262025033000719,Success,
14007,Office,476 Murphy Spurs,9707667409,12262025033000719,Success,
1667,Office,394 Elouise Manors,4140310218,12262025033000719,Success,
14007,Office,9968 Ash Road,4690300398,12262025033000719,Success,
1667,Office,393 Manor Close,9805485519,12262025033000719,Success,
14007,Office,90437 Eunice Landing,1975933990,12262025033000719,Success,
1667,Office,2595 Kreiger Forest,6622646424,12262025033000719,Success,
14007,Office,26526 Kings Highway,5688633792,12262025033000719,Success,
1667,Office,875 East Street,4820138986,12262025033000719,Success,
14007,Office,74642 Bergstrom Junction,4344328668,12262025033000719,Success,
1667,Office,563 Satterfield Trail,4728361490,12262025033000719,Success,
14007,Office,695 Bogisich Rest,2596979143,12262025033000719,Success,
1667,Office,297 Gulgowski Branch,7345635012,12262025033000719,Success,
14007,Office,393 Freida Garden,5452334789,12262025033000719,Success,
1667,Office,926 Mosciski Rest,7408156619,12262025033000719,Success,
14007,Office,230 Adams Pike,4466069760,12262025033000719,Success,
1667,Office,3906 Highfield Road,8561668419,12262025033000719,Success,
14007,Office,652 Broad Lane,1418986670,12262025033000719,Success,
1667,Office,555 Cormier Harbors,5319100444,12262025033000719,Success,
14007,Office,12736 Halvorson Station,4009749611,12262025033000719,Success,
1667,Office,81793 S Railroad Street,4525456696,12262025033000719,Success,
14007,Office,506 4th Street,8771453480,12262025033000719,Success,
1667,Office,253 Woodlands Road,3206980769,12262025033000719,Success,
14007,Office,185 Effertz Lodge,5534250970,12262025033000719,Success,
1667,Office,76054 Old Road,2291187870,12262025033000719,Success,
14007,Office,44181 N Poplar Street,6808638090,12262025033000719,Success,
1667,Office,81346 Eliane Cliffs,1298480166,12262025033000719,Success,
14007,Office,41693 Konopelski Green,2534853882,12262025033000719,Success,
1667,Office,9793 Koelpin Cove,9296154931,12262025033000719,Success,
14007,Office,10772 Jaunita Bypass,7692579917,12262025033000719,Success,
1667,Office,485 Trevor Creek,7099476958,12262025033000719,Success,
14007,Office,2557 Brook Road,9242646689,12262025033000719,Success,
1667,Office,4236 Mount Pleasant,2694226427,12262025033000719,Success,
14007,Office,228 W 2nd Street,7147743381,12262025033000719,Success,
1667,Office,639 Gregory Loaf,6916579353,12262025033000719,Success,
14007,Office,2942 Gabe Islands,6611933282,12262025033000719,Success,
1667,Office,6420 Walnut Close,4211122174,12262025033000719,Success,
14007,Office,140 Parker Court,3003877617,12262025033000719,Success,
1667,Office,2868 Frances View,6894833267,12262025033000719,Success,
14007,Office,935 Runolfsdottir Unions,3456473365,12262025033000719,Success,
1667,Office,55316 Chad Ridge,8588807334,12262025033000719,Success,
14007,Office,712 Alma Street,8950730920,12262025033000719,Success,
1667,Office,8499 Brown Hollow,5743136218,12262025033000719,Success,
14007,Office,6452 Rolfson Dale,8784185858,12262025033000719,Success,
1667,Office,499 Roberto Neck,1641919602,12262025033000719,Success,
14007,Office,217 Weber Trafficway,2892720362,12262025033000719,Success,
1667,Office,745 Donnelly Path,2658905501,12262025033000719,Success,
14007,Office,86231 Lesch Dale,9362003538,12262025033000719,Success,
1667,Office,60100 Prohaska Forest,3544926249,12262025033000719,Success,
14007,Office,924 Nightingale Close,5252497196,12262025033000719,Success,
1667,Office,1073 N High Street,7320264881,12262025033000719,Success,
14007,Office,74060 Gerard Landing,2154272253,12262025033000719,Success,
1667,Office,521 Alverta Fields,7734225620,12262025033000719,Success,
14007,Office,9835 Willow Close,3585932714,12262025033000719,Success,
1667,Office,11708 Marvin Villages,7250401221,12262025033000719,Success,
14007,Office,97148 Belmont Road,9819102486,12262025033000719,Success,
1667,Office,6106 Mitchell Trace,4367101597,12262025033000719,Success,
14007,Office,717 Norwood Junctions,7500945146,12262025033000719,Success,
1667,Office,29585 Blake Underpass,4653330663,12262025033000719,Success,
14007,Office,38132 Ruecker Centers,9616618184,12262025033000719,Success,
1667,Office,945 Bradford Unions,5985787892,12262025033000719,Success,
14007,Office,1491 Volkman Ways,4774304504,12262025033000719,Success,
1667,Office,44604 Giovanni Lane,4392468564,12262025033000719,Success,
14007,Office,7338 South Avenue,8876554561,12262025033000719,Success,
1667,Office,773 School Close,2690545715,12262025033000719,Success,
14007,Office,7464 Schuster Trafficway,7542990658,12262025033000719,Success,
1667,Office,401 Lee Street,5464002793,12262025033000719,Success,
14007,Office,455 S High Street,3801711392,12262025033000719,Success,
1667,Office,4434 Lysanne Lodge,2894871166,12262025033000719,Success,
14007,Office,30499 6th Street,1373810483,12262025033000719,Success,
1667,Office,567 Ron Courts,6444181497,12262025033000719,Success,
14007,Office,5426 Adrain Ramp,5498111062,12262025033000719,Success,
1667,Office,478 Lewis Viaduct,1757735562,12262025033000719,Success,
14007,Office,4673 S 2nd Street,6584685199,12262025033000719,Success,
1667,Office,67619 Kulas Corners,8176376390,12262025033000719,Success,
14007,Office,305 S Lincoln Street,9070024221,12262025033000719,Success,
1667,Office,873 Tremblay Viaduct,9386699684,12262025033000719,Success,
14007,Office,1155 Marjorie Highway,6690091065,12262025033000719,Success,
1667,Office,6540 Avenue Road,3858229770,12262025033000719,Success,
14007,Office,29756 Gladstone Road,4115923169,12262025033000719,Success,
1667,Office,5350 Orchard Street,8540548322,12262025033000719,Success,
14007,Office,29574 Tevin Shoal,3550449438,12262025033000719,Success,
1667,Office,923 E Jackson Street,2076603965,12262025033000719,Success,
14007,Office,696 Kiehn Street,6867112960,12262025033000719,Success,
1667,Office,195 Bay Street,7536181099,12262025033000719,Success,
14007,Office,116 Russel Parkways,5310125014,12262025033000719,Success,
1667,Office,845 Sonya Tunnel,8917949791,12262025033000719,Success,
14007,Office,47670 Perry Fords,4392077117,12262025033000719,Success,
1667,Office,5277 Adelia Crescent,7936920073,12262025033000719,Success,
14007,Office,797 Kavon Expressway,1576242999,12262025033000719,Success,
1667,Office,284 Douglas Road,9075298212,12262025033000719,Success,
14007,Office,3425 Cromwell Road,9467082732,12262025033000719,Success,
1667,Office,4292 Weimann Square,9267948983,12262025033000719,Success,
14007,Office,5725 Bartell Lodge,4751103690,12262025033000719,Success,
1667,Office,444 MacGyver Harbor,5784423255,12262025033000719,Success,
14007,Office,242 Davion Forges,2376443449,12262025033000719,Success,
1667,Office,782 Eloise Grove,8084073174,12262025033000719,Success,
14007,Office,831 Cyril Lodge,6141271426,12262025033000719,Success,
1667,Office,3441 Herman Union,8559200089,12262025033000719,Success,
14007,Office,18352 Hammes Overpass,5978946487,12262025033000719,Success,
1667,Office,579 Greenwood Road,6276720485,12262025033000719,Success,
14007,Office,3868 Becker Parkway,2350178006,12262025033000719,Success,
1667,Office,61706 Collins Cliff,5838423614,12262025033000719,Success,
14007,Office,39936 Mertz Overpass,9309626774,12262025033000719,Success,
1667,Office,294 N Court Street,7802701008,12262025033000719,Success,
14007,Office,6540 Lehner Tunnel,2502906919,12262025033000719,Success,
1667,Office,8892 Thaddeus Dale,6501099505,12262025033000719,Success,
14007,Office,9629 Kennith Views,7409111000,12262025033000719,Success,
1667,Office,277 The Causeway,3955045078,12262025033000719,Success,
14007,Office,916 Lillian Cliffs,9878984917,12262025033000719,Success,
1667,Office,4186 Devonte Glens,8312501953,12262025033000719,Success,
14007,Office,5090 Kestrel Close,4881088623,12262025033000719,Success,
1667,Office,432 Lafayette Street,2687460877,12262025033000719,Success,
14007,Office,967 Anastasia Crest,3512808140,12262025033000719,Success,
1667,Office,652 Nightingale Close,7716664846,12262025033000719,Success,
14007,Office,732 Sanford Lodge,8363896865,12262025033000719,Success,
1667,Office,18178 Mitchel Turnpike,8275461806,12262025033000719,Success,
14007,Office,918 Durgan Creek,2259396821,12262025033000719,Success,
1667,Office,214 Koss Crossroad,9452602330,12262025033000719,Success,
14007,Office,8670 Sanford Rue,8010051377,12262025033000719,Success,
1667,Office,28209 Wilkinson Causeway,4642978199,12262025033000719,Success,
14007,Office,6396 Conn Pines,4937164788,12262025033000719,Success,
1667,Office,233 Third Avenue,2424197287,12262025033000719,Success,
14007,Office,477 Marquardt Shores,6101286208,12262025033000719,Success,
1667,Office,9706 MacGyver Island,2966541974,12262025033000719,Success,
14007,Office,519 Stamm Mills,7573130406,12262025033000719,Success,
1667,Office,967 Oaklands,2878901644,12262025033000719,Success,
14007,Office,2565 Koelpin Alley,9506622440,12262025033000719,Success,
1667,Office,2573 Hahn Shore,4938390007,12262025033000719,Success,
14007,Office,2341 Lake Street,5583563730,12262025033000719,Success,
1667,Office,4458 Lang Shoal,5743806483,12262025033000719,Success,
14007,Office,3036 Ash Grove,9057321721,12262025033000719,Success,
1667,Office,69003 Sedrick Grove,3377367331,12262025033000719,Success,
14007,Office,55068 Arvilla Parkways,5015073901,12262025033000719,Success,
1667,Office,8290 Lehner Points,6460534567,12262025033000719,Success,
14007,Office,1349 E 11th Street,9018024779,12262025033000719,Success,
1667,Office,69847 Emilie Shore,1047840485,12262025033000719,Success,
14007,Office,40243 Greenholt Shoal,4896426407,12262025033000719,Success,
1667,Office,20751 S 4th Street,1170481119,12262025033000719,Success,
14007,Office,86058 Wyman Court,8813772756,12262025033000719,Success,
1667,Office,14883 Cody River,2165902715,12262025033000719,Success,
14007,Office,473 Greenholt Mill,2533977200,12262025033000719,Success,
1667,Office,568 Third Avenue,6898385349,12262025033000719,Success,
14007,Office,8250 Pound Lane,5581297551,12262025033000719,Success,
1667,Office,505 Boris Ways,8646722806,12262025033000719,Success,
14007,Office,3759 Taurean Point,2661124159,12262025033000719,Success,
1667,Office,61411 Zulauf Course,3290826430,12262025033000719,Success,
14007,Office,1558 Lucious Glens,4392425558,12262025033000719,Success,
1667,Office,4965 Franklin Street,4221043614,12262025033000719,Success,
14007,Office,74641 Washington Avenue,7172118058,12262025033000719,Success,
1667,Office,6364 St Andrews Close,2984939601,12262025033000719,Success,
14007,Office,5811 Mona Mountain,9752339542,12262025033000719,Success,
1667,Office,700 Ward Common,2441171942,12262025033000719,Success,
14007,Office,6478 Ankunding Rapid,5579127881,12262025033000719,Success,
1667,Office,845 Tromp Rue,6393564653,12262025033000719,Success,
14007,Office,98424 Chapel Road,6716019093,12262025033000719,Success,
1667,Office,683 Market Street,5636714175,12262025033000719,Success,
14007,Office,77796 Darrell Stream,7563297588,12262025033000719,Success,
1667,Office,227 Reymundo Union,2690042767,12262025033000719,Success,
14007,Office,28927 Bert Path,6821626043,12262025033000719,Success,
1667,Office,653 Kling Walk,3479005190,12262025033000719,Success,
14007,Office,50046 Washington Road,3731166758,12262025033000719,Success,
1667,Office,88300 E 14th Street,2171573024,12262025033000719,Success,
14007,Office,6544 Gibson Knoll,8463265923,12262025033000719,Success,
1667,Office,47059 N Chestnut Street,1650541429,12262025033000719,Success,
14007,Office,1170 Pine Close,9656780139,12262025033000719,Success,
1667,Office,34160 Koch Mews,9577664029,12262025033000719,Success,
14007,Office,8608 First Street,6254446032,12262025033000719,Success,
1667,Office,97394 Carlie Trail,6736842358,12262025033000719,Success,
14007,Office,90136 Hagenes Shores,6204506865,12262025033000719,Success,
1667,Office,7840 Cathy Falls,2754751523,12262025033000719,Success,
14007,Office,2368 Walker Plains,3670237250,12262025033000719,Success,
1667,Office,9955 Douglas Key,1615668681,12262025033000719,Success,
14007,Office,1490 Rogahn Wells,1476758374,12262025033000719,Success,
1667,Office,6131 Konopelski Heights,4519756601,12262025033000719,Success,
14007,Office,916 Pagac Shore,6599491241,12262025033000719,Success,
1667,Office,636 E Cedar Street,3972177637,12262025033000719,Success,
14007,Office,339 Zander Place,9274721179,12262025033000719,Success,
1667,Office,90935 Cassin Spring,7208623459,12262025033000719,Success,
14007,Office,972 Bernhard Trace,7095581412,12262025033000719,Success,
1667,Office,4034 Demond Divide,7381863331,12262025033000719,Success,
14007,Office,572 Fahey Isle,9685357892,12262025033000719,Success,
1667,Office,8194 Naomie Ways,4319162034,12262025033000719,Success,
14007,Office,762 Desiree Rest,2715172416,12262025033000719,Success,
1667,Office,94508 Darlene Underpass,4392877860,12262025033000719,Success,
14007,Office,36252 N Center Street,7690074937,12262025033000719,Success,
1667,Office,386 Earlene Overpass,6419569362,12262025033000719,Success,
14007,Office,6641 Samantha Landing,6160790746,12262025033000719,Success,
1667,Office,664 Kuhn Haven,5413198045,12262025033000719,Success,
14007,Office,10864 Ledner Corner,6877204525,12262025033000719,Success,
1667,Office,24146 Beahan Knolls,6963884708,12262025033000719,Success,
14007,Office,8778 Shields Courts,8889944092,12262025033000719,Success,
1667,Office,8109 4th Street,8863072164,12262025033000719,Success,
14007,Office,25381 Schaefer Gateway,5128743056,12262025033000719,Success,
1667,Office,7644 Josie Land,1396225477,12262025033000719,Success,
14007,Office,9824 Alene Courts,5673485142,12262025033000719,Success,
1667,Office,9085 New Street,9519052467,12262025033000719,Success,
14007,Office,910 Vandervort Parkways,3761928862,12262025033000719,Success,
1667,Office,63897 Marcelle Rapid,6221334106,12262025033000719,Success,
14007,Office,305 Triston Ports,7853677505,12262025033000719,Success,
1667,Office,653 Block Valleys,4053151260,12262025033000719,Success,
14007,Office,3578 Center Street,9084012624,12262025033000719,Success,
1667,Office,8321 Sylvester Summit,8493725762,12262025033000719,Success,
14007,Office,466 Reichert Springs,1113266371,12262025033000719,Success,
1667,Office,19291 Otho Villages,6530748652,12262025033000719,Success,
14007,Office,89561 E 10th Street,2797861617,12262025033000719,Success,
1667,Office,9773 McLaughlin Road,4690605988,12262025033000719,Success,
14007,Office,7424 Rex Mount,7784802010,12262025033000719,Success,
1667,Office,79327 Madison Avenue,2271472476,12262025033000719,Success,
14007,Office,64119 Cristal Circle,4477093251,12262025033000719,Success,
1667,Office,9757 Kohler Glens,4579908957,12262025033000719,Success,
14007,Office,49194 Windsor Drive,4292617608,12262025033000719,Success,
1667,Office,5368 W Broadway,2127607586,12262025033000719,Success,
14007,Office,491 Misty Rapid,3163866441,12262025033000719,Success,
1667,Office,2009 Schroeder Garden,9308480911,12262025033000719,Success,
14007,Office,16410 The Limes,7611719023,12262025033000719,Success,
1667,Office,374 Jessika Rapids,8838666073,12262025033000719,Success,
14007,Office,575 Crooks Glens,2887566991,12262025033000719,Success,
1667,Office,3724 Witting Avenue,8792830600,12262025033000719,Success,
14007,Office,36264 Clay Lane,2581824170,12262025033000719,Success,
1667,Office,866 Terrell Groves,5650743695,12262025033000719,Success,
14007,Office,2651 The Limes,7184620189,12262025033000719,Success,
1667,Office,270 Von Shores,2190188071,12262025033000719,Success,
14007,Office,25167 Mohr Hollow,7169344141,12262025033000719,Success,
1667,Office,60454 Cathy Run,1049504538,12262025033000719,Success,
14007,Office,162 Odessa Knoll,1756463046,12262025033000719,Success,
1667,Office,64440 Alex Valley,1457791510,12262025033000719,Success,
14007,Office,15903 W Main Street,6646765985,12262025033000719,Success,
1667,Office,57592 Nelson Road,7440620572,12262025033000719,Success,
14007,Office,2911 Ward Locks,2949118106,12262025033000719,Success,
1667,Office,5839 Auer Spurs,2402631385,12262025033000719,Success,
14007,Office,256 W Jefferson Street,9226231114,12262025033000719,Success,
1667,Office,5387 Gleichner Turnpike,8036961059,12262025033000719,Success,
14007,Office,945 Nayeli Mews,6166775566,12262025033000719,Success,
1667,Office,8001 Godfrey Way,4251587687,12262025033000719,Success,
14007,Office,78374 School Street,4115931723,12262025033000719,Success,
1667,Office,1899 N Division Street,2424018794,12262025033000719,Success,
14007,Office,935 E 4th Street,6606774460,12262025033000719,Success,
1667,Office,4621 Gia Square,4057217300,12262025033000719,Success,
14007,Office,8262 Melvina Forks,8580165363,12262025033000719,Success,
1667,Office,4857 MacGyver Land,9288897441,12262025033000719,Success,
14007,Office,25855 Cruickshank Throughway,9288446838,12262025033000719,Success,
1667,Office,28616 Anastacio Lane,7319509019,12262025033000719,Success,
14007,Office,1826 Bergstrom Run,2264367596,12262025033000719,Success,
1667,Office,4652 Dooley Rest,9867793201,12262025033000719,Success,
14007,Office,2169 Lincoln Squares,9185817317,12262025033000719,Success,
1667,Office,708 Devonshire Road,4868453726,12262025033000719,Success,
14007,Office,5977 Friesen Fork,4494909450,12262025033000719,Success,
1667,Office,6336 Hillside Road,8604806191,12262025033000719,Success,
14007,Office,384 W Jackson Street,5817898163,12262025033000719,Success,
1667,Office,667 Mitchell Lock,1376235024,12262025033000719,Success,
14007,Office,901 5th Avenue,4759272731,12262025033000719,Success,
1667,Office,4281 Rosalia Mission,7606617590,12262025033000719,Success,
14007,Office,114 Tressa Club,6077632388,12262025033000719,Success,
1667,Office,747 Kunde Coves,9525029052,12262025033000719,Success,
14007,Office,104 Bednar Glen,9642197933,12262025033000719,Success,
1667,Office,66903 Marcos Wall,4769488568,12262025033000719,Success,
14007,Office,108 Dorothy Causeway,1813774266,12262025033000719,Success,
1667,Office,92232 N Center Street,7276306724,12262025033000719,Success,
14007,Office,9972 Santiago Throughway,1294929748,12262025033000719,Success,
1667,Office,67454 Iva Key,9449582572,12262025033000719,Success,
14007,Office,36411 Dalton Spur,8140530918,12262025033000719,Success,
1667,Office,88500 Weber Spurs,2358509189,12262025033000719,Success,
14007,Office,2238 Gerhold Gardens,1962842168,12262025033000719,Success,
1667,Office,1974 Patricia Flat,3911142345,12262025033000719,Success,
14007,Office,6309 Johnson Mall,4354190655,12262025033000719,Success,
1667,Office,3786 Fabian Shores,5727974522,12262025033000719,Success,
14007,Office,13258 The Limes,6848674500,12262025033000719,Success,
1667,Office,90866 Narciso Fords,1720942932,12262025033000719,Success,
14007,Office,963 N Washington Avenue,3654712531,12262025033000719,Success,
1667,Office,668 Wilkinson Track,9232746899,12262025033000719,Success,
14007,Office,7433 Frankie Fall,4082006408,12262025033000719,Success,
1667,Office,1026 S Bridge Street,6351879673,12262025033000719,Success,
14007,Office,4660 Birch Grove,9106569356,12262025033000719,Success,
1667,Office,26157 Mustafa Fall,5560024357,12262025033000719,Success,
14007,Office,1793 Maxime Drives,5543603869,12262025033000719,Success,
1667,Office,62929 Sycamore Street,8401291096,12262025033000719,Success,
14007,Office,99852 Willow Grove,7351613052,12262025033000719,Success,
1667,Office,5807 Princess Street,1054405794,12262025033000719,Success,
14007,Office,40909 E Walnut Street,4139562006,12262025033000719,Success,
1667,Office,970 Gerhold Centers,5408843375,12262025033000719,Success,
14007,Office,92957 Hazel Close,6581419231,12262025033000719,Success,
1667,Office,8254 Wayne Valley,8646643514,12262025033000719,Success,
14007,Office,54041 The Ridgeway,8653478497,12262025033000719,Success,
1667,Office,52705 Murazik Harbors,8164862137,12262025033000719,Success,
14007,Office,25126 Alexanne Plains,4725994549,12262025033000719,Success,
1667,Office,6510 Park Crescent,2335712922,12262025033000719,Success,
14007,Office,85855 Spinka River,4584034414,12262025033000719,Success,
1667,Office,916 Kihn Grove,3728525755,12262025033000719,Success,
14007,Office,32854 W 12th Street,4270890004,12262025033000719,Success,
1667,Office,33206 Caroline Lane,3784989511,12262025033000719,Success,
14007,Office,15001 Kertzmann Mews,1157298819,12262025033000719,Success,
1667,Office,158 Pinfold Lane,4854951682,12262025033000719,Success,
14007,Office,18734 Gerlach Run,9897447859,12262025033000719,Success,
1667,Office,856 Abernathy Roads,3948517185,12262025033000719,Success,
14007,Office,34901 Mount Street,5277019912,12262025033000719,Success,
1667,Office,772 The Beeches,7609187393,12262025033000719,Success,
14007,Office,5312 Woodside,6871595053,12262025033000719,Success,
1667,Office,322 Willow Drive,4181276147,12262025033000719,Success,
14007,Office,81740 Mitchell Path,9420450117,12262025033000719,Success,
1667,Office,6715 Hagenes Plain,1046862279,12262025033000719,Success,
14007,Office,35990 N Market Street,9773828334,12262025033000719,Success,
1667,Office,24379 Rippin Avenue,9998819876,12262025033000719,Success,
14007,Office,1883 Ron Roads,7892766616,12262025033000719,Success,
1667,Office,8504 E Pine Street,9818409144,12262025033000719,Success,
14007,Office,6951 Milton Road,3155477924,12262025033000719,Success,
1667,Office,830 Bennie Field,1564149425,12262025033000719,Success,
14007,Office,833 Albert Road,2979162753,12262025033000719,Success,
1667,Office,10096 S Division Street,2584409932,12262025033000719,Success,
14007,Office,71595 Grant Shoals,8007542115,12262025033000719,Success,
1667,Office,427 Virginie Island,9883872037,12262025033000719,Success,
14007,Office,5522 Kiehn Mission,7531349479,12262025033000719,Success,
1667,Office,4505 Jacobson Turnpike,5819189675,12262025033000719,Success,
14007,Office,52312 Dashawn Valleys,7470107086,12262025033000719,Success,
1667,Office,56826 Keebler Square,7293853278,12262025033000719,Success,
14007,Office,7093 Warren Road,4209166357,12262025033000719,Success,
1667,Office,8721 Rosamond Crest,7396275843,12262025033000719,Success,
14007,Office,774 Jody Mall,7003474861,12262025033000719,Success,
1667,Office,4032 Rolfson Pines,7307008138,12262025033000719,Success,
14007,Office,8063 Erica Ford,6613093894,12262025033000719,Success,
1667,Office,5080 Rodriguez Fall,2663354935,12262025033000719,Success,
14007,Office,2499 Johnny Points,5828747102,12262025033000719,Success,
1667,Office,16640 W Broad Street,3804263253,12262025033000719,Success,
14007,Office,5018 Bogisich Burg,5058118624,12262025033000719,Success,
1667,Office,500 Ortiz Canyon,5352088104,12262025033000719,Success,
14007,Office,2983 Hettie Spurs,8383279088,12262025033000719,Success,
1667,Office,31851 Cedar Grove,9529719593,12262025033000719,Success,
14007,Office,736 Klocko Bypass,6615791099,12262025033000719,Success,
1667,Office,468 Keagan River,9340688250,12262025033000719,Success,
14007,Office,384 Rosalinda Keys,8717050654,12262025033000719,Success,
1667,Office,3866 Daphnee Corner,6531782517,12262025033000719,Success,
14007,Office,41185 Earlene Hill,6047959802,12262025033000719,Success,
1667,Office,14496 McClure Groves,8761262320,12262025033000719,Success,
14007,Office,20244 W 5th Street,6897248363,12262025033000719,Success,
1667,Office,192 Terry Court,3493826433,12262025033000719,Success,
14007,Office,3720 Emily Roads,5701286881,12262025033000719,Success,
1667,Office,1362 Bashirian Mountains,9475342858,12262025033000719,Success,
14007,Office,8372 Tomas Fall,4248434695,12262025033000719,Success,
1667,Office,333 Tierra Lock,3561510569,12262025033000719,Success,
14007,Office,14746 Lorenza Station,4366954093,12262025033000719,Success,
1667,Office,271 Jefferey Trafficway,6457302598,12262025033000719,Success,
14007,Office,1446 The Glebe,7821423578,12262025033000719,Success,
1667,Office,67268 Meadow View,7487782387,12262025033000719,Success,
14007,Office,140 Koelpin Vista,5797773576,12262025033000719,Success,
1667,Office,452 School Lane,9269117917,12262025033000719,Success,
14007,Office,65915 Sherwood Neck,6068393796,12262025033000719,Success,
1667,Office,61272 Beier Flats,8728357665,12262025033000719,Success,
14007,Office,80996 Arthur Inlet,1783134083,12262025033000719,Success,
1667,Office,19565 Crooks Crest,8478900636,12262025033000719,Success,
14007,Office,21933 Streich Glen,5668134463,12262025033000719,Success,
1667,Office,809 McKenzie Light,7773577433,12262025033000719,Success,
14007,Office,6984 The Meadows,1752161956,12262025033000719,Success,
1667,Office,6450 O'Kon River,7486063361,12262025033000719,Success,
14007,Office,14956 Klocko Knolls,7708489029,12262025033000719,Success,
1667,Office,278 South View,6417132493,12262025033000719,Success,
14007,Office,7504 Mackenzie Crest,7486911479,12262025033000719,Success,
1667,Office,214 Russel Radial,7699842505,12262025033000719,Success,
14007,Office,968 Schuster Stravenue,5613979617,12262025033000719,Success,
1667,Office,297 Quarry Lane,4199503545,12262025033000719,Success,
14007,Office,24335 Bauch Terrace,1293582953,12262025033000719,Success,
1667,Office,896 Dino Course,5477728816,12262025033000719,Success,
14007,Office,8994 Main,7556395786,12262025033000719,Success,
1667,Office,1858 Predovic Point,3609560162,12262025033000719,Success,
14007,Office,67448 Altenwerth Wells,1234059769,12262025033000719,Success,
1667,Office,53582 Yvonne Creek,6022528227,12262025033000719,Success,
14007,Office,11247 W Jackson Street,1849159268,12262025033000719,Success,
1667,Office,515 Toy Ridge,2759754171,12262025033000719,Success,
14007,Office,165 W Grand Avenue,7319478638,12262025033000719,Success,
1667,Office,7958 Tania Pass,7130082857,12262025033000719,Success,
14007,Office,7407 O'Reilly Fall,4779392380,12262025033000719,Success,
1667,Office,3177 Kolby Rapids,2267072948,12262025033000719,Success,
14007,Office,54035 Arjun Grove,4622677765,12262025033000719,Success,
1667,Office,497 Predovic Brook,4538743702,12262025033000719,Success,
14007,Office,982 Willow Street,9710324591,12262025033000719,Success,
1667,Office,7125 Stanton Meadow,3267758527,12262025033000719,Success,
14007,Office,2571 Jesse Villages,9122008440,12262025033000719,Success,
1667,Office,8001 5th Avenue,8071221162,12262025033000719,Success,
14007,Office,13788 Bailey Dale,7347949963,12262025033000719,Success,
1667,Office,19508 Yost Lights,7504494832,12262025033000719,Success,
14007,Office,748 Bartell Shores,5933904642,12262025033000719,Success,
1667,Office,40927 Arvid Coves,9262260400,12262025033000719,Success,
14007,Office,512 Aglae Views,1191420625,12262025033000719,Success,
1667,Office,1161 Coy Trafficway,8441456699,12262025033000719,Success,
14007,Office,35638 Kavon Haven,6378575833,12262025033000719,Success,
1667,Office,86844 Marquardt Island,6563475142,12262025033000719,Success,
14007,Office,899 White Mountains,5848896932,12262025033000719,Success,
1667,Office,79120 Aileen Route,5310420512,12262025033000719,Success,
14007,Office,188 W Broad Street,7407860012,12262025033000719,Success,
1667,Office,6381 Rowe Road,9775378277,12262025033000719,Success,
14007,Office,181 Hassan Spring,7000454335,12262025033000719,Success,
1667,Office,86782 Brakus Mission,3642561329,12262025033000719,Success,
14007,Office,545 Torp Fields,3982210016,12262025033000719,Success,
1667,Office,40149 Dietrich Trace,5220548613,12262025033000719,Success,
14007,Office,36586 Rodger Lock,6457327116,12262025033000719,Success,
1667,Office,16724 Schroeder Park,6771723112,12262025033000719,Success,
14007,Office,848 Beatty Roads,4922362681,12262025033000719,Success,
1667,Office,9415 Stanton Ville,5102154090,12262025033000719,Success,
14007,Office,9089 Euclid Avenue,4151986375,12262025033000719,Success,
1667,Office,358 Franklin Avenue,5580726760,12262025033000719,Success,
14007,Office,926 Macejkovic Islands,1065927356,12262025033000719,Success,
1667,Office,457 Bennett Row,4215038082,12262025033000719,Success,
14007,Office,55769 Cherry Close,9792709617,12262025033000719,Success,
1667,Office,5406 N Pine Street,8468985821,12262025033000719,Success,
14007,Office,441 River Street,4559420936,12262025033000719,Success,
1667,Office,20401 Willow Grove,6247814842,12262025033000719,Success,
14007,Office,7405 13th Street,7667652864,12262025033000719,Success,
1667,Office,4893 Jude Alley,8766956066,12262025033000719,Success,
14007,Office,4730 Odessa Radial,8813345291,12262025033000719,Success,
1667,Office,15624 Anderson Viaduct,2971459440,12262025033000719,Success,
14007,Office,658 Zackery Flat,7243553499,12262025033000719,Success,
1667,Office,81567 Ollie Ways,5699597233,12262025033000719,Success,
14007,Office,22650 Dorcas Ville,4012817149,12262025033000719,Success,
1667,Office,7012 Agnes Pike,1472929433,12262025033000719,Success,
14007,Office,9050 Stehr Skyway,9822806705,12262025033000719,Success,
1667,Office,382 Jefferson Street,6346787183,12262025033000719,Success,
14007,Office,22015 Main Avenue,1285444107,12262025033000719,Success,
1667,Office,37591 Marquardt River,3673136074,12262025033000719,Success,
14007,Office,6610 Kellen Parks,6492729585,12262025033000719,Success,
1667,Office,645 Romaguera Radial,6686559235,12262025033000719,Success,
14007,Office,89129 Andreane Coves,5205604415,12262025033000719,Success,
1667,Office,887 N Monroe Street,4812157458,12262025033000719,Success,
14007,Office,339 Grayce Roads,5254422935,12262025033000719,Success,
1667,Office,6408 Michelle Course,5034864672,12262025033000719,Success,
14007,Office,434 Lou Fort,6081802295,12262025033000719,Success,
1667,Office,210 Jayden Trafficway,4415104908,12262025033000719,Success,
14007,Office,116 Koelpin Underpass,6968427913,12262025033000719,Success,
1667,Office,17583 Richmond Close,6113672300,12262025033000719,Success,
14007,Office,41035 Highfield Avenue,5689423360,12262025033000719,Success,
1667,Office,2329 The Avenue,2165401831,12262025033000719,Success,
14007,Office,89762 Mireille Valleys,7204475145,12262025033000719,Success,
1667,Office,41330 The Avenue,4129642401,12262025033000719,Success,
14007,Office,1442 N Front Street,4720028820,12262025033000719,Success,
1667,Office,504 Shemar Ramp,4995904894,12262025033000719,Success,
14007,Office,250 Bode Views,1111079799,12262025033000719,Success,
1667,Office,876 E 8th Street,9741074189,12262025033000719,Success,
14007,Office,2039 Kozey Shoals,9389581822,12262025033000719,Success,
1667,Office,6835 Johns Square,9605001954,12262025033000719,Success,
14007,Office,926 Veum Ramp,1258208695,12262025033000719,Success,
1667,Office,33716 Elta Highway,2176114539,12262025033000719,Success,
14007,Office,339 Salma Extensions,7519967523,12262025033000719,Success,
1667,Office,9675 Jacky Hollow,8950040007,12262025033000719,Success,
14007,Office,712 Federico Alley,5407182122,12262025033000719,Success,
1667,Office,40464 Jacky Valley,2272224009,12262025033000719,Success,
14007,Office,6275 Willa Corner,7495240712,12262025033000719,Success,
1667,Office,1461 Glenda Knoll,9936573309,12262025033000719,Success,
14007,Office,338 East Street,8100414211,12262025033000719,Success,
1667,Office,1986 Steuber Spring,6054733202,12262025033000719,Success,
14007,Office,729 Lemke Common,8729138500,12262025033000719,Success,
1667,Office,4668 Theo Crossing,2746508025,12262025033000719,Success,
14007,Office,74605 Wolff Freeway,8865112449,12262025033000719,Success,
1667,Office,31764 Murazik Ranch,3780582749,12262025033000719,Success,
14007,Office,5048 Heath Road,2370626269,12262025033000719,Success,
1667,Office,86448 Metz Mission,7067696471,12262025033000719,Success,
14007,Office,167 Cavendish Road,7992418027,12262025033000719,Success,
1667,Office,170 Bridge Street,6962632231,12262025033000719,Success,
14007,Office,774 Stanley Dam,9722128373,12262025033000719,Success,
1667,Office,1311 The Ridgeway,2744528776,12262025033000719,Success,
14007,Office,820 Lincoln Highway,7242431351,12262025033000719,Success,
1667,Office,791 Memorial Drive,5052359938,12262025033000719,Success,
14007,Office,853 Auer Curve,8690840848,12262025033000719,Success,
1667,Office,164 First Street,8704316106,12262025033000719,Success,
14007,Office,6877 Cathy Skyway,1507614113,12262025033000719,Success,
1667,Office,583 King Lock,3919639524,12262025033000719,Success,
14007,Office,723 Cherry Tree Close,7193162502,12262025033000719,Success,
1667,Office,5053 E Central Avenue,6321419024,12262025033000719,Success,
14007,Office,61171 Rosa Dam,6019184373,12262025033000719,Success,
1667,Office,787 Glebe Close,4540295364,12262025033000719,Success,
14007,Office,78857 Nola Viaduct,5332983638,12262025033000719,Success,
1667,Office,9828 Alma Street,4567334007,12262025033000719,Success,
14007,Office,249 White Way,2405485342,12262025033000719,Success,
1667,Office,6646 N Main,3249533488,12262025033000719,Success,
14007,Office,978 W Walnut Street,5363892286,12262025033000719,Success,
1667,Office,8543 Edd Haven,3290210425,12262025033000719,Success,
14007,Office,542 Walter Shore,2959581581,12262025033000719,Success,
1667,Office,11782 Elisha Village,6976191844,12262025033000719,Success,
14007,Office,3733 Park Place,6026511714,12262025033000719,Success,
1667,Office,89420 Carley Via,8163187496,12262025033000719,Success,
14007,Office,9114 Boyer Valleys,6373577060,12262025033000719,Success,
1667,Office,936 Norfolk Road,9149300547,12262025033000719,Success,
14007,Office,7124 Evan Springs,6374188169,12262025033000719,Success,
1667,Office,29680 Hoeger Mews,4687210213,12262025033000719,Success,
14007,Office,4978 Schultz View,8852804728,12262025033000719,Success,
1667,Office,529 Elyssa Lock,8885767164,12262025033000719,Success,
14007,Office,7412 Zulauf Fall,1250407374,12262025033000719,Success,
1667,Office,507 Ferne Ways,3884431782,12262025033000719,Success,
14007,Office,132 Cromwell Road,8922014056,12262025033000719,Success,
1667,Office,747 S Mill Street,8990936734,12262025033000719,Success,
14007,Office,11221 Elody Estate,5473486260,12262025033000719,Success,
1667,Office,7658 N Court Street,4704771954,12262025033000719,Success,
14007,Office,660 Sterling Rapid,2317731861,12262025033000719,Success,
1667,Office,862 Walker Estates,8413553847,12262025033000719,Success,
14007,Office,96497 Oswald Manor,4212821716,12262025033000719,Success,
1667,Office,8773 Vicarage Close,3999664024,12262025033000719,Success,
14007,Office,947 Juliana Cape,4335623277,12262025033000719,Success,
1667,Office,35756 Murphy Road,7281429827,12262025033000719,Success,
14007,Office,553 VonRueden Manors,7617583911,12262025033000719,Success,
1667,Office,7003 Market Street,1181866907,12262025033000719,Success,
14007,Office,8307 N Washington Street,9016906260,12262025033000719,Success,
1667,Office,46484 Meredith Vista,4304465624,12262025033000719,Success,
14007,Office,3875 Dare Stream,7182931133,12262025033000719,Success,
1667,Office,6878 Meadow Lane,2364493894,12262025033000719,Success,
14007,Office,82911 Hulda Circles,7284271855,12262025033000719,Success,
1667,Office,21612 The Limes,8712838953,12262025033000719,Success,
14007,Office,41668 Kaylah Points,9874948158,12262025033000719,Success,
1667,Office,5766 Bartoletti Highway,1823005386,12262025033000719,Success,
14007,Office,5102 Jefferey Stream,8568383895,12262025033000719,Success,
1667,Office,94245 W Walnut Street,6109957637,12262025033000719,Success,
14007,Office,2352 Virginie Highway,6975519211,12262025033000719,Success,
1667,Office,396 Sterling Coves,1907094447,12262025033000719,Success,
14007,Office,7839 S 8th Street,1667787549,12262025033000719,Success,
1667,Office,39513 Abdullah Keys,1392627055,12262025033000719,Success,
14007,Office,154 Kaylee Viaduct,9068639121,12262025033000719,Success,
1667,Office,918 Tillman Rapids,1896117025,12262025033000719,Success,
14007,Office,7244 Ridge Road,6659941391,12262025033000719,Success,
1667,Office,334 Haleigh Flats,2932013150,12262025033000719,Success,
14007,Office,7483 Abshire Divide,8994011414,12262025033000719,Success,
1667,Office,7151 E River Road,4938973000,12262025033000719,Success,
14007,Office,2379 Haskell Shore,9903933193,12262025033000719,Success,
1667,Office,1708 Bergstrom Track,5856088966,12262025033000719,Success,
14007,Office,32414 Birdie Fields,9103994816,12262025033000719,Success,
1667,Office,67822 Bradford Fork,8912731769,12262025033000719,Success,
14007,Office,4652 Chestnut Street,9905384878,12262025033000719,Success,
1667,Office,9991 Karson Expressway,3462654425,12262025033000719,Success,
14007,Office,7333 Bins River,7013287567,12262025033000719,Success,
1667,Office,8985 Mosciski Dale,2811384304,12262025033000719,Success,
14007,Office,22582 Maritza Route,8130685644,12262025033000719,Success,
1667,Office,358 Barrows Fork,9962631775,12262025033000719,Success,
14007,Office,16916 Zieme Hill,3885493650,12262025033000719,Success,
1667,Office,59810 Rosalinda Burg,9777052404,12262025033000719,Success,
14007,Office,566 Jast Island,6979011579,12262025033000719,Success,
1667,Office,6373 Roman Road,8661652502,12262025033000719,Success,
14007,Office,827 E Main,4829339368,12262025033000719,Success,
1667,Office,41433 Everett Wells,7295189969,12262025033000719,Success,
14007,Office,22568 Main Street N,7763965607,12262025033000719,Success,
1667,Office,5725 Gunnar Extension,8558676778,12262025033000719,Success,
14007,Office,7017 Botsford Walks,6525606736,12262025033000719,Success,
1667,Office,6702 Rex Turnpike,8951978058,12262025033000719,Success,
14007,Office,96647 Predovic Skyway,7085257576,12262025033000719,Success,
1667,Office,67126 Washington Street,9617148600,12262025033000719,Success,
14007,Office,664 Casper Glens,4794480353,12262025033000719,Success,
1667,Office,486 Douglas Drives,2183189426,12262025033000719,Success,
14007,Office,5167 Dagmar Prairie,8110097801,12262025033000719,Success,
1667,Office,989 Highfield Close,1086561051,12262025033000719,Success,
14007,Office,651 Church Lane,3311645488,12262025033000719,Success,
1667,Office,222 Rippin Meadow,1743059796,12262025033000719,Success,
14007,Office,607 August Grove,9246575309,12262025033000719,Success,
1667,Office,334 W Division Street,4560639503,12262025033000719,Success,
14007,Office,663 Douglas Road,2119015584,12262025033000719,Success,
1667,Office,137 Tyson Plain,3333906324,12262025033000719,Success,
14007,Office,209 Beier Dale,7540211931,12262025033000719,Success,
1667,Office,29840 Hillside,6288946776,12262025033000719,Success,
14007,Office,52733 Dickinson Junction,5401249576,12262025033000719,Success,
1667,Office,2716 Cliff Road,3951806040,12262025033000719,Success,
14007,Office,7044 Smitham Village,2771140425,12262025033000719,Success,
1667,Office,124 Rowe Prairie,5481674936,12262025033000719,Success,
14007,Office,5883 Windsor Drive,5606710521,12262025033000719,Success,
1667,Office,910 Walsh Falls,3593365924,12262025033000719,Success,
14007,Office,2720 Hoyt Lights,2809852775,12262025033000719,Success,
1667,Office,752 School Road,2652941357,12262025033000719,Success,
14007,Office,95584 Susie Glen,9363904761,12262025033000719,Success,
1667,Office,683 S High Street,1154737134,12262025033000719,Success,
14007,Office,49661 S 2nd Street,8475219600,12262025033000719,Success,
1667,Office,2621 Waverley Road,8102355324,12262025033000719,Success,
14007,Office,9784 Kassulke Mountain,3484390819,12262025033000719,Success,
1667,Office,81240 Maddison Forks,3259574705,12262025033000719,Success,
14007,Office,471 Ferry Pike,4252242301,12262025033000719,Success,
1667,Office,57270 Fadel Plain,8259530626,12262025033000719,Success,
14007,Office,564 Claudia Dam,9732776640,12262025033000719,Success,
1667,Office,656 Laburnum Grove,7732956115,12262025033000719,Success,
14007,Office,39411 Sabina Circle,7396109565,12262025033000719,Success,
1667,Office,933 South Drive,9417408541,12262025033000719,Success,
14007,Office,96715 Blanca Avenue,3121246596,12262025033000719,Success,
1667,Office,44343 Cortez Wells,9699536733,12262025033000719,Success,
14007,Office,35934 S Franklin Street,6284089205,12262025033000719,Success,
1667,Office,7090 Albin Unions,4863880662,12262025033000719,Success,
14007,Office,90923 Dino Overpass,1628099281,12262025033000719,Success,
1667,Office,68635 Lilian Knolls,5371849022,12262025033000719,Success,
14007,Office,4081 Jadon Shoal,4403717793,12262025033000719,Success,
1667,Office,70386 S 10th Street,3013490736,12262025033000719,Success,
14007,Office,309 MacGyver Route,9185748822,12262025033000719,Success,
1667,Office,6607 Veum Drive,2424733776,12262025033000719,Success,
14007,Office,7220 The Drive,8755361158,12262025033000719,Success,
1667,Office,89161 Kuvalis Summit,9568429317,12262025033000719,Success,
14007,Office,13079 Harber Hills,2606560723,12262025033000719,Success,
1667,Office,290 Germaine Ranch,8384859991,12262025033000719,Success,
14007,Office,1248 Jeremy Crescent,8948162426,12262025033000719,Success,
1667,Office,79612 Ricky Expressway,6948893027,12262025033000719,Success,
14007,Office,6707 Wood Lane,4640926398,12262025033000719,Success,
1667,Office,96596 Ned Curve,7275214874,12262025033000719,Success,
14007,Office,2160 Dooley Streets,7848541809,12262025033000719,Success,
1667,Office,854 Geoffrey Extension,2433264790,12262025033000719,Success,
14007,Office,89339 N Market Street,7496289517,12262025033000719,Success,
1667,Office,23895 Champlin Knolls,6123837109,12262025033000719,Success,
14007,Office,2612 Howell Ranch,5396591863,12262025033000719,Success,
1667,Office,5395 Hammes Groves,6660570276,12262025033000719,Success,
14007,Office,993 Center Road,4778301899,12262025033000719,Success,
1667,Office,5726 Orin Summit,3739661651,12262025033000719,Success,
14007,Office,4657 Park Crescent,7574275829,12262025033000719,Success,
1667,Office,60091 Cesar Ville,8542705637,12262025033000719,Success,
14007,Office,5910 College Avenue,2251256602,12262025033000719,Success,
1667,Office,432 Kreiger Mountain,7348116205,12262025033000719,Success,
14007,Office,952 N Walnut Street,2312003617,12262025033000719,Success,
1667,Office,64812 Shanahan Fields,4688970610,12262025033000719,Success,
14007,Office,7307 Tianna Key,9535636290,12262025033000719,Success,
1667,Office,62692 Warren Close,7902694181,12262025033000719,Success,
14007,Office,74202 Darron Extensions,6277309677,12262025033000719,Success,
1667,Office,4671 Haskell Fall,1560728994,12262025033000719,Success,
14007,Office,656 Witting Greens,2721534420,12262025033000719,Success,
1667,Office,6241 Makenna Expressway,8732661240,12262025033000719,Success,
14007,Office,80381 Felicia Lock,8607601143,12262025033000719,Success,
1667,Office,695 Skiles Manor,9751384750,12262025033000719,Success,
14007,Office,47797 Boyer Forge,8787378059,12262025033000719,Success,
1667,Office,88234 Wilderman Spring,8803894797,12262025033000719,Success,
14007,Office,812 Wanda Brooks,1102830456,12262025033000719,Success,
1667,Office,615 N Maple Street,4830747847,12262025033000719,Success,
14007,Office,568 Center Street,3314656412,12262025033000719,Success,
1667,Office,822 Tara Fords,4991104570,12262025033000719,Success,
14007,Office,5341 Johanna Rapids,5398535199,12262025033000719,Success,
1667,Office,51912 Aliya Tunnel,2790367717,12262025033000719,Success,
14007,Office,8433 The Rise,5593144937,12262025033000719,Success,
1667,Office,27222 Kassulke Keys,3542550471,12262025033000719,Success,
14007,Office,67803 Savion Turnpike,3568967756,12262025033000719,Success,
1667,Office,5348 Daniel Rapids,2662992246,12262025033000719,Success,
14007,Office,7590 Waterloo Road,3781886460,12262025033000719,Success,
1667,Office,280 Hodkiewicz Viaduct,9165149268,12262025033000719,Success,
14007,Office,2499 Sycamore Avenue,3533741404,12262025033000719,Success,
1667,Office,62416 Kunze Crossroad,3461429274,12262025033000719,Success,
14007,Office,32559 Spinka Unions,3250469975,12262025033000719,Success,
1667,Office,967 Bluebell Close,2402905505,12262025033000719,Success,
14007,Office,141 Watson Parkways,4067445435,12262025033000719,Success,
1667,Office,238 County Line Road,4560430420,12262025033000719,Success,
14007,Office,88076 Paucek Roads,1347870068,12262025033000719,Success,
1667,Office,168 Waterloo Road,8511341848,12262025033000719,Success,
14007,Office,46359 Cow Lane,3996264527,12262025033000719,Success,
1667,Office,4974 Newton Road,7520632139,12262025033000719,Success,
14007,Office,36784 Jed Pine,2798070507,12262025033000719,Success,
1667,Office,22844 Orland Rapids,6205966153,12262025033000719,Success,
14007,Office,4099 Mills Fords,8614754181,12262025033000719,Success,
1667,Office,62118 Bode Trail,7149949913,12262025033000719,Success,
14007,Office,6118 Morris Place,7909934542,12262025033000719,Success,
1667,Office,588 Lavina Loaf,1839374275,12262025033000719,Success,
14007,Office,2428 Verona Glens,5079230631,12262025033000719,Success,
1667,Office,54652 Rodrigo Divide,4380064180,12262025033000719,Success,
14007,Office,8711 S Lincoln Street,5872267171,12262025033000719,Success,
1667,Office,288 Richmond Road,1219918203,12262025033000719,Success,
14007,Office,83789 Blick Forge,8123400570,12262025033000719,Success,
1667,Office,7292 E Bridge Street,6548809184,12262025033000719,Success,
14007,Office,707 Weissnat River,4364558395,12262025033000719,Success,
1667,Office,470 High Street,4526520983,12262025033000719,Success,
14007,Office,215 S 8th Street,2592957815,12262025033000719,Success,
1667,Office,68638 Hickle Mill,8745358701,12262025033000719,Success,
14007,Office,355 Alexanne Passage,3147116446,12262025033000719,Success,
1667,Office,855 Stanton Park,6522981996,12262025033000719,Success,
14007,Office,9088 Octavia Camp,3370956370,12262025033000719,Success,
1667,Office,41977 Lorena Common,8456715289,12262025033000719,Success,
14007,Office,4143 Mueller Wall,5855811615,12262025033000719,Success,
1667,Office,64666 Charles Landing,4387914043,12262025033000719,Success,
14007,Office,33041 Hane Square,3412768597,12262025033000719,Success,
1667,Office,868 Leonor Tunnel,3954005847,12262025033000719,Success,
14007,Office,385 Stanton Glens,3268558109,12262025033000719,Success,
1667,Office,706 Feest Flat,6782150343,12262025033000719,Success,
14007,Office,26080 Chestnut Grove,1413761966,12262025033000719,Success,
1667,Office,4298 Corbin Lake,6758892167,12262025033000719,Success,
14007,Office,67281 Maritza Crest,4778364311,12262025033000719,Success,
1667,Office,329 Chandler Falls,8896734726,12262025033000719,Success,
14007,Office,472 Abbey Road,1948662813,12262025033000719,Success,
1667,Office,56282 Sherman Ramp,3487331762,12262025033000719,Success,
14007,Office,801 Keeling Dale,3213862967,12262025033000719,Success,
1667,Office,272 Gerard Cove,9291604163,12262025033000719,Success,
14007,Office,6281 6th Avenue,1870300798,12262025033000719,Success,
1667,Office,7896 Corkery Ridge,2813482994,12262025033000719,Success,
14007,Office,324 Melvin Underpass,1030638289,12262025033000719,Success,
1667,Office,26866 Manor Close,5495448838,12262025033000719,Success,
14007,Office,2939 Marquardt Bridge,7734798181,12262025033000719,Success,
1667,Office,1310 Rath Cliff,4924154185,12262025033000719,Success,
14007,Office,615 Alyson Spur,5266159636,12262025033000719,Success,
1667,Office,907 Genesis Junctions,8664545874,12262025033000719,Success,
14007,Office,401 Waylon Canyon,2542822882,12262025033000719,Success,
1667,Office,953 Stuart Springs,5300959468,12262025033000719,Success,
14007,Office,222 Alexandra Road,3183657245,12262025033000719,Success,
1667,Office,734 Doyle Estates,5739529916,12262025033000719,Success,
14007,Office,4342 Bednar Center,1441986644,12262025033000719,Success,
1667,Office,78014 11th Street,9103874284,12262025033000719,Success,
14007,Office,49204 St John's Road,2444603352,12262025033000719,Success,
1667,Office,2005 Hamill Rest,4184675295,12262025033000719,Success,
14007,Office,4397 East Road,5041059303,12262025033000719,Success,
1667,Office,40624 Brook Road,8927076791,12262025033000719,Success,
14007,Office,4791 Willow Grove,1469889756,12262025033000719,Success,
1667,Office,92396 Upton Greens,3015408115,12262025033000719,Success,
14007,Office,707 Park Avenue,4882315617,12262025033000719,Success,
1667,Office,807 Grady Land,2630987159,12262025033000719,Success,
14007,Office,93263 New Lane,8487624336,12262025033000719,Success,
1667,Office,8200 West Valleys,9190400875,12262025033000719,Success,
14007,Office,668 S Washington Avenue,2696772812,12262025033000719,Success,
1667,Office,6281 Wolff Row,2052990632,12262025033000719,Success,
14007,Office,932 The Ridgeway,1779142798,12262025033000719,Success,
1667,Office,2135 New Lane,2613490259,12262025033000719,Success,
14007,Office,943 Kian Village,7248274357,12262025033000719,Success,
1667,Office,42771 Feest Club,7360599000,12262025033000719,Success,
14007,Office,503 Harrison Motorway,9875190817,12262025033000719,Success,
1667,Office,26583 Kilback Oval,8664193233,12262025033000719,Success,
14007,Office,9816 Abigayle Shoal,3469508359,12262025033000719,Success,
1667,Office,3214 Jerel Lakes,5588571888,12262025033000719,Success,
14007,Office,514 Crist Park,7103878761,12262025033000719,Success,
1667,Office,68465 The Avenue,3841484279,12262025033000719,Success,
14007,Office,29289 Konopelski Way,2772456508,12262025033000719,Success,
1667,Office,93123 Lionel Viaduct,1286547611,12262025033000719,Success,
14007,Office,671 Emmet Glens,5478199291,12262025033000719,Success,
1667,Office,548 Orchard Drive,9887341829,12262025033000719,Success,
14007,Office,975 The Limes,1302836340,12262025033000719,Success,
1667,Office,3192 Hermann Place,3410637365,12262025033000719,Success,
14007,Office,686 Park Street,4355765613,12262025033000719,Success,
1667,Office,1971 Yew Tree Close,2800583435,12262025033000719,Success,
14007,Office,684 Avenue Road,1800704349,12262025033000719,Success,
1667,Office,24040 Field Lane,6889103284,12262025033000719,Success,
14007,Office,145 Schowalter Grove,5215663291,12262025033000719,Success,
1667,Office,3852 Maple Drive,3994801466,12262025033000719,Success,
14007,Office,585 W 2nd Street,8734151366,12262025033000719,Success,
1667,Office,1134 Koelpin Coves,4619503248,12262025033000719,Success,
14007,Office,6164 Mill Lane,1900155419,12262025033000719,Success,
1667,Office,45864 N Maple Street,9592602963,12262025033000719,Success,
14007,Office,5404 Senger Mountain,8970410808,12262025033000719,Success,
1667,Office,3207 Halvorson Divide,4567134503,12262025033000719,Success,
14007,Office,845 Rashad Pike,8434648667,12262025033000719,Success,
1667,Office,47992 Ray Camp,4039973349,12262025033000719,Success,
14007,Office,577 Marielle Well,4722582968,12262025033000719,Success,
1667,Office,683 Ahmed Key,9082083912,12262025033000719,Success,
14007,Office,9704 Fisher Drives,3613966835,12262025033000719,Success,
1667,Office,5881 Marley Motorway,1517837506,12262025033000719,Success,
14007,Office,27398 Luettgen Parks,1089517248,12262025033000719,Success,
1667,Office,46873 Brent Villages,4795650398,12262025033000719,Success,
14007,Office,4169 Springfield Road,9741860059,12262025033000719,Success,
1667,Office,990 Wellington Street,5872729096,12262025033000719,Success,
14007,Office,7670 Emmerich Mill,5634672510,12262025033000719,Success,
1667,Office,7314 Shanna Flat,3694888928,12262025033000719,Success,
14007,Office,699 Gerard Overpass,5741110001,12262025033000719,Success,
1667,Office,986 Schuppe Motorway,7893791453,12262025033000719,Success,
14007,Office,2564 Tracey Well,9014092779,12262025033000719,Success,
1667,Office,1475 Tillman Meadow,9537388903,12262025033000719,Success,
14007,Office,220 Sean Shoal,9991995115,12262025033000719,Success,
1667,Office,9135 Morissette Coves,2937043058,12262025033000719,Success,
14007,Office,287 Cruickshank Glen,5090086698,12262025033000719,Success,
1667,Office,1382 Hagenes Expressway,4644791855,12262025033000719,Success,
14007,Office,879 W Maple Street,9177627031,12262025033000719,Success,
1667,Office,385 Esmeralda Alley,6015835743,12262025033000719,Success,
14007,Office,39691 Ullrich Meadows,6151299051,12262025033000719,Success,
1667,Office,81457 Humberto Walks,7659685118,12262025033000719,Success,
14007,Office,8189 Jefferson Avenue,7777303749,12262025033000719,Success,
1667,Office,8263 Cristobal Stravenue,3835238925,12262025033000719,Success,
14007,Office,62679 Furman Rest,2025303457,12262025033000719,Success,
1667,Office,488 Hintz Divide,2310455395,12262025033000719,Success,
14007,Office,46806 Euclid Avenue,7197053187,12262025033000719,Success,
1667,Office,799 Estrella Rue,3180860650,12262025033000719,Success,
14007,Office,75250 Kelsi Inlet,7166051358,12262025033000719,Success,
1667,Office,9867 Runolfsdottir Divide,6307029339,12262025033000719,Success,
14007,Office,674 Welch Ville,4296553103,12262025033000719,Success,
1667,Office,5553 S Washington Street,9695610082,12262025033000719,Success,
14007,Office,296 Blanda Loop,6441398983,12262025033000719,Success,
1667,Office,5724 Vine Street,8069655947,12262025033000719,Success,
14007,Office,4192 Ezequiel Place,1121833779,12262025033000719,Success,
1667,Office,3027 Crystel Ville,9115763234,12262025033000719,Success,
14007,Office,40985 Beahan Glens,7029752099,12262025033000719,Success,
1667,Office,97954 N High Street,8513864615,12262025033000719,Success,
14007,Office,184 Grant Ranch,1959763900,12262025033000719,Success,
1667,Office,890 Hickle Parkways,8389125927,12262025033000719,Success,
14007,Office,56335 Carroll Rapids,3843716636,12262025033000719,Success,
1667,Office,72423 The Ridings,3226680534,12262025033000719,Success,
14007,Office,92719 Water Lane,6108752934,12262025033000719,Success,
1667,Office,6416 Birch Close,7881701386,12262025033000719,Success,
14007,Office,66734 Kohler Stravenue,6491825228,12262025033000719,Success,
1667,Office,926 Jacobi Rapid,8780151733,12262025033000719,Success,
14007,Office,1820 Moore Throughway,6513964962,12262025033000719,Success,
1667,Office,220 N Broadway Street,9326564863,12262025033000719,Success,
14007,Office,7142 Kristopher Spur,5284724062,12262025033000719,Success,
1667,Office,1217 DuBuque Lake,4258325733,12262025033000719,Success,
14007,Office,385 Robel Unions,5664110466,12262025033000719,Success,
1667,Office,64547 Jerrold Wells,1130140676,12262025033000719,Success,
14007,Office,9281 Blind Lane,9191218146,12262025033000719,Success,
1667,Office,95449 Zboncak Overpass,3326444536,12262025033000719,Success,
14007,Office,73823 S College Street,5650028807,12262025033000719,Success,
1667,Office,345 Lavonne Dam,2434084578,12262025033000719,Success,
14007,Office,891 S 4th Street,7025325447,12262025033000719,Success,
1667,Office,7023 Emely Underpass,5566472872,12262025033000719,Success,
14007,Office,5339 Curt Coves,1217659063,12262025033000719,Success,
1667,Office,23218 S Division Street,5043129068,12262025033000719,Success,
14007,Office,5646 Ritchie Well,9547576912,12262025033000719,Success,
1667,Office,1253 North Avenue,4043080056,12262025033000719,Success,
14007,Office,285 Bell Lane,5335754752,12262025033000719,Success,
1667,Office,428 Wintheiser Pike,8555303418,12262025033000719,Success,
14007,Office,5321 Windsor Drive,5739118163,12262025033000719,Success,
1667,Office,8642 Hirthe Burg,4487658077,12262025033000719,Success,
14007,Office,36958 Treutel Ridge,1289516732,12262025033000719,Success,
1667,Office,7991 Central Avenue,8059934919,12262025033000719,Success,
14007,Office,8692 VonRueden Bypass,1765866017,12262025033000719,Success,
1667,Office,100 Ashtyn Drive,6169275709,12262025033000719,Success,
14007,Office,1675 Viviane Walk,3970976058,12262025033000719,Success,
1667,Office,58924 Manor Drive,3536088230,12262025033000719,Success,
14007,Office,48134 Amelia Spurs,5349142431,12262025033000719,Success,
1667,Office,8728 The Mount,5553783574,12262025033000719,Success,
14007,Office,1594 Cierra Junction,9932107412,12262025033000719,Success,
1667,Office,1972 The Woodlands,8463029795,12262025033000719,Success,
14007,Office,89364 Earnestine Wall,7131352387,12262025033000719,Success,
1667,Office,187 Herman Summit,4191220447,12262025033000719,Success,
14007,Office,320 Schroeder Green,9965668828,12262025033000719,Success,
1667,Office,202 Melissa Branch,6251311327,12262025033000719,Success,
14007,Office,5879 Rene Ranch,9208887405,12262025033000719,Success,
1667,Office,3270 Mia Port,8962079867,12262025033000719,Success,
14007,Office,35565 Low Road,8965312867,12262025033000719,Success,
1667,Office,6514 Bradtke Fords,6249717485,12262025033000719,Success,
14007,Office,678 The Beeches,3766122246,12262025033000719,Success,
1667,Office,56548 Raynor Mews,1377716840,12262025033000719,Success,
14007,Office,14815 O'Kon Knolls,6827555814,12262025033000719,Success,
1667,Office,2929 Lazaro Ridges,5972301715,12262025033000719,Success,
14007,Office,48683 Monahan Vista,8882979056,12262025033000719,Success,
1667,Office,9627 Tremblay Rapids,5441675569,12262025033000719,Success,
14007,Office,574 Champlin Via,4290956498,12262025033000719,Success,
1667,Office,1675 Zachery Mount,3298111487,12262025033000719,Success,
14007,Office,4425 Streich Keys,6718854950,12262025033000719,Success,
1667,Office,2366 Anne Expressway,1051338730,12262025033000719,Success,
14007,Office,2598 Jordane Hollow,4193187317,12262025033000719,Success,
1667,Office,66246 Fairfield Road,9656122564,12262025033000719,Success,
14007,Office,66190 Bode Hill,5754518977,12262025033000719,Success,
1667,Office,805 Gayle Neck,4015282033,12262025033000719,Success,
14007,Office,525 Cedar Grove,4719735051,12262025033000719,Success,
1667,Office,67943 Schinner Pass,1363107096,12262025033000719,Success,
14007,Office,2166 Murray Union,4792500467,12262025033000719,Success,
1667,Office,627 Stark Curve,3311981444,12262025033000719,Success,
14007,Office,36464 University Avenue,2803563527,12262025033000719,Success,
1667,Office,3459 Lowell Branch,5819535903,12262025033000719,Success,
14007,Office,83400 Windler Mountains,1656495307,12262025033000719,Success,
1667,Office,4917 Evert Tunnel,6327824245,12262025033000719,Success,
14007,Office,1758 Stanley Road,5085181800,12262025033000719,Success,
1667,Office,3489 Alvera Light,4522971914,12262025033000719,Success,
14007,Office,3925 Farm Close,3423674956,12262025033000719,Success,
1667,Office,877 Addie Tunnel,3468974197,12262025033000719,Success,
14007,Office,75742 Tyrell Row,1614728583,12262025033000719,Success,
1667,Office,305 Bahringer Center,6763932395,12262025033000719,Success,
14007,Office,47268 Larch Close,8816925920,12262025033000719,Success,
1667,Office,3427 Ricky Glens,4712476020,12262025033000719,Success,
14007,Office,773 Gutmann Mall,3244681995,12262025033000719,Success,
1667,Office,86939 N Elm Street,9900441488,12262025033000719,Success,
14007,Office,38383 Elmer Vista,7483209069,12262025033000719,Success,
1667,Office,515 George Street,3031224530,12262025033000719,Success,
14007,Office,74780 Berniece Trail,3296188528,12262025033000719,Success,
1667,Office,6745 Daniel Passage,1262061849,12262025033000719,Success,
14007,Office,7079 Verdie Lake,6718718278,12262025033000719,Success,
1667,Office,94309 Makenna Junctions,2431514527,12262025033000719,Success,
14007,Office,3536 Barrows Pass,9237342317,12262025033000719,Success,
1667,Office,301 Vince Court,1397674582,12262025033000719,Success,
14007,Office,948 The Copse,2622362152,12262025033000719,Success,
1667,Office,65436 Marks Prairie,7220841621,12262025033000719,Success,
14007,Office,26784 Central Street,3074491977,12262025033000719,Success,
1667,Office,199 Wyman Circle,4555163291,12262025033000719,Success,
14007,Office,109 Grant Street,6000740968,12262025033000719,Success,
1667,Office,482 High Road,7036360724,12262025033000719,Success,
14007,Office,457 Jamel Ville,5381402574,12262025033000719,Success,
1667,Office,98877 Jesus Springs,1049889932,12262025033000719,Success,
14007,Office,394 Zola Tunnel,1563641911,12262025033000719,Success,
1667,Office,3641 Green Lane,1429757638,12262025033000719,Success,
14007,Office,13081 Janice Tunnel,3708291715,12262025033000719,Success,
1667,Office,74821 The Fairway,7316541248,12262025033000719,Success,
14007,Office,437 Ericka Corner,5919905924,12262025033000719,Success,
1667,Office,480 Donnelly Crossing,6841561189,12262025033000719,Success,
14007,Office,1456 Trinity Road,5146523979,12262025033000719,Success,
1667,Office,8245 Maple Close,7846344191,12262025033000719,Success,
14007,Office,665 Buck Squares,4450384842,12262025033000719,Success,
1667,Office,9452 Gordon Shoal,4442256372,12262025033000719,Success,
14007,Office,803 Yew Tree Close,8772232589,12262025033000719,Success,
1667,Office,685 Larkin Bypass,8373969989,12262025033000719,Success,
14007,Office,2208 Frida Walk,4100278485,12262025033000719,Success,
1667,Office,2837 Ona Vista,3488477666,12262025033000719,Success,
14007,Office,1263 Skiles Mall,5376333181,12262025033000719,Success,
1667,Office,751 Stehr Branch,7937213801,12262025033000719,Success,
14007,Office,73712 Aufderhar Mount,9135599218,12262025033000719,Success,
1667,Office,183 Field Lane,2511821701,12262025033000719,Success,
14007,Office,79762 Torphy Prairie,9447717650,12262025033000719,Success,
1667,Office,788 Edyth Underpass,7473647399,12262025033000719,Success,
14007,Office,6290 Mariela Fields,1725685030,12262025033000719,Success,
1667,Office,3196 W 14th Street,1204990808,12262025033000719,Success,
14007,Office,36281 Gulgowski Light,9711548273,12262025033000719,Success,
1667,Office,320 Schneider Orchard,3496463127,12262025033000719,Success,
14007,Office,68246 Martin Luther King Jr Boulevard,5897245842,12262025033000719,Success,
1667,Office,2751 Leuschke Estate,1532484498,12262025033000719,Success,
14007,Office,3904 Noel Mills,1041737647,12262025033000719,Success,
1667,Office,6815 Clarendon Road,7982484677,12262025033000719,Success,
14007,Office,7320 Shields Skyway,4182931226,12262025033000719,Success,
1667,Office,41794 Gregoria Crest,7048925541,12262025033000719,Success,
14007,Office,4409 E Main,4507141570,12262025033000719,Success,
1667,Office,1984 Gerhold Parks,5545771233,12262025033000719,Success,
14007,Office,6590 S Broadway,5129156464,12262025033000719,Success,
1667,Office,840 Gerhold Station,3917519768,12262025033000719,Success,
14007,Office,9552 Estel Fort,3403949135,12262025033000719,Success,
1667,Office,441 W Elm Street,4276836303,12262025033000719,Success,
14007,Office,5209 Pearl Street,2237815379,12262025033000719,Success,
1667,Office,303 Nicolette Stream,3825244874,12262025033000719,Success,
14007,Office,40940 Josiane Circles,4446003549,12262025033000719,Success,
1667,Office,72613 Carmela Crescent,2315513851,12262025033000719,Success,
14007,Office,65843 Greenway,5048683278,12262025033000719,Success,
1667,Office,3605 Ledner Inlet,7200233974,12262025033000719,Success,
14007,Office,43078 Zieme Neck,3968508213,12262025033000719,Success,
1667,Office,76405 Willow Drive,2185362559,12262025033000719,Success,
14007,Office,9658 West Lane,4938318221,12262025033000719,Success,
1667,Office,62326 Ridge Road,7985736000,12262025033000719,Success,
14007,Office,422 Estefania Route,3673438315,12262025033000719,Success,
1667,Office,544 Sid Route,8557719736,12262025033000719,Success,
14007,Office,97404 Israel Villages,1696598253,12262025033000719,Success,
1667,Office,9744 S Pine Street,6691763387,12262025033000719,Success,
14007,Office,4929 Moen Turnpike,1768296774,12262025033000719,Success,
1667,Office,174 Abbey Road,6559307723,12262025033000719,Success,
14007,Office,42335 Boyer Alley,9165773991,12262025033000719,Success,
1667,Office,311 Beatty Center,5249147645,12262025033000719,Success,
14007,Office,99484 Verner Coves,5199910932,12262025033000719,Success,
1667,Office,268 Brown Pine,8011957619,12262025033000719,Success,
14007,Office,174 Cummerata Parks,5212855805,12262025033000719,Success,
1667,Office,9141 Walnut Close,5911578193,12262025033000719,Success,
14007,Office,135 Goodwin Trafficway,2914189906,12262025033000719,Success,
1667,Office,3741 Nikolaus Keys,9522720201,12262025033000719,Success,
14007,Office,94907 Doyle Vista,4492015348,12262025033000719,Success,
1667,Office,777 Howard Street,4517877666,12262025033000719,Success,
14007,Office,126 Erin Loop,6981343149,12262025033000719,Success,
1667,Office,797 Fisher Junction,3058635845,12262025033000719,Success,
14007,Office,3448 Kozey Key,4574107260,12262025033000719,Success,
1667,Office,930 Von Center,2277132001,12262025033000719,Success,
14007,Office,7890 Kunde Ridges,9811959327,12262025033000719,Success,
1667,Office,523 W Maple Street,3593857194,12262025033000719,Success,
14007,Office,7269 Zemlak Mountain,4711487128,12262025033000719,Success,
1667,Office,55151 E Front Street,5875062131,12262025033000719,Success,
14007,Office,6678 Doris Mall,1544510632,12262025033000719,Success,
1667,Office,677 Osvaldo Centers,3019796240,12262025033000719,Success,
14007,Office,704 Flatley Isle,8301820550,12262025033000719,Success,
1667,Office,14918 Delphine Brook,4684371650,12262025033000719,Success,
14007,Office,555 Washington Avenue,9985072531,12262025033000719,Success,
1667,Office,60965 Dandre Tunnel,6715862013,12262025033000719,Success,
14007,Office,72438 2nd Street,1887113808,12262025033000719,Success,
1667,Office,7510 Griffin Spring,1535906300,12262025033000719,Success,
14007,Office,9451 Auer Crossing,4140709845,12262025033000719,Success,
1667,Office,8599 Schimmel Spring,5126688283,12262025033000719,Success,
14007,Office,937 West Street,6633294405,12262025033000719,Success,
1667,Office,6074 Hayes Corner,4323237187,12262025033000719,Success,
14007,Office,896 Hegmann Rapid,8786632331,12262025033000719,Success,
1667,Office,958 Clay Lakes,2090229233,12262025033000719,Success,
14007,Office,2556 Kunde Junction,7544598498,12262025033000719,Success,
1667,Office,858 Beau Pine,9632307075,12262025033000719,Success,
14007,Office,386 Sydnie Villages,7676385025,12262025033000719,Success,
1667,Office,284 Pablo Spring,2813185226,12262025033000719,Success,
14007,Office,228 Blanda Gardens,9403419324,12262025033000719,Success,
1667,Office,268 Paucek Avenue,5010231192,12262025033000719,Success,
14007,Office,79491 S Jefferson Street,4376745087,12262025033000719,Success,
1667,Office,1356 Westgate,3910305995,12262025033000719,Success,
14007,Office,682 Howard Street,1208794062,12262025033000719,Success,
1667,Office,122 E 8th Street,6410814304,12262025033000719,Success,
14007,Office,7412 Wintheiser Keys,8563463670,12262025033000719,Success,
1667,Office,664 Reilly Roads,3499543698,12262025033000719,Success,
14007,Office,547 Princes Street,9512516886,12262025033000719,Success,
1667,Office,78649 Johnpaul Union,6386552271,12262025033000719,Success,
14007,Office,6588 E South Street,5892457158,12262025033000719,Success,
1667,Office,265 Predovic Trafficway,5856465820,12262025033000719,Success,
14007,Office,587 N Division Street,5114422145,12262025033000719,Success,
1667,Office,815 Cameron Glen,3344402121,12262025033000719,Success,
14007,Office,8880 Altenwerth Divide,1334415293,12262025033000719,Success,
1667,Office,59489 Pasquale Haven,7321800317,12262025033000719,Success,
14007,Office,1168 Buddy Islands,4159276193,12262025033000719,Success,
1667,Office,41402 Will Mission,9304046456,12262025033000719,Success,
14007,Office,3359 Albert Bridge,1697709200,12262025033000719,Success,
1667,Office,39616 Abernathy Drives,2387281346,12262025033000719,Success,
14007,Office,9924 Hirthe Fork,4655986523,12262025033000719,Success,
1667,Office,205 Evangeline Oval,4007794237,12262025033000719,Success,
14007,Office,6566 Henderson Creek,3959599938,12262025033000719,Success,
1667,Office,29771 Koch Canyon,5358283771,12262025033000719,Success,
14007,Office,743 Wyatt Center,5176723271,12262025033000719,Success,
1667,Office,2128 Waelchi Track,6220466368,12262025033000719,Success,
14007,Office,36927 Charles Causeway,9449473648,12262025033000719,Success,
1667,Office,512 Wuckert Shoal,1159562492,12262025033000719,Success,
14007,Office,3452 Royce Island,1627695724,12262025033000719,Success,
1667,Office,359 Zita Glen,2270400782,12262025033000719,Success,
14007,Office,5063 Victoria Street,7726817782,12262025033000719,Success,
1667,Office,1746 E Pine Street,3976495117,12262025033000719,Success,
14007,Office,223 Bergstrom Vista,9728555690,12262025033000719,Success,
1667,Office,752 Raynor Bridge,9996516054,12262025033000719,Success,
14007,Office,2173 Madie Bypass,8199422934,12262025033000719,Success,
1667,Office,991 Skye Run,8944374351,12262025033000719,Success,
14007,Office,619 Alexandre Street,1689764955,12262025033000719,Success,
1667,Office,88301 Larch Close,8486053086,12262025033000719,Success,
14007,Office,966 Hermann Prairie,7639623965,12262025033000719,Success,
1667,Office,7596 Deonte Haven,3894476595,12262025033000719,Success,
14007,Office,5549 Predovic Loaf,3321008429,12262025033000719,Success,
1667,Office,87876 Davis Loop,3313075863,12262025033000719,Success,
14007,Office,559 O'Kon Mill,9617667103,12262025033000719,Success,
1667,Office,4343 Skiles Cove,3738135180,12262025033000719,Success,
14007,Office,241 Highfield Road,3185662711,12262025033000719,Success,
1667,Office,73445 Winfield Estate,4174413504,12262025033000719,Success,
14007,Office,2941 Stanley Road,6147935837,12262025033000719,Success,
1667,Office,635 Goodwin View,1878186836,12262025033000719,Success,
14007,Office,153 Roberts Corner,4800367912,12262025033000719,Success,
1667,Office,4459 Laburnum Grove,7265245172,12262025033000719,Success,
14007,Office,5370 Thad Way,8288887161,12262025033000719,Success,
1667,Office,533 Wisoky Oval,8086037776,12262025033000719,Success,
14007,Office,8167 Pollich Viaduct,4609974389,12262025033000719,Success,
1667,Office,150 Gutmann Stream,2432757131,12262025033000719,Success,
14007,Office,58319 Hayes Knolls,7867497121,12262025033000719,Success,
1667,Office,542 Walker Point,1431552061,12262025033000719,Success,
14007,Office,824 Beech Road,8903110694,12262025033000719,Success,
1667,Office,2236 Luettgen Rue,2097284054,12262025033000719,Success,
14007,Office,8789 Euclid Avenue,9202894498,12262025033000719,Success,
1667,Office,6909 Mallie Skyway,3926383355,12262025033000719,Success,
14007,Office,9502 Yost Parks,7464359326,12262025033000719,Success,
1667,Office,75110 Maxime Lights,7403450723,12262025033000719,Success,
14007,Office,3960 Kassulke Point,7129467595,12262025033000719,Success,
1667,Office,65472 Gloucester Road,5325710196,12262025033000719,Success,
14007,Office,80274 Sauer Garden,7237440394,12262025033000719,Success,
1667,Office,2376 Nathanial Canyon,4651977751,12262025033000719,Success,
14007,Office,3976 Carson Branch,5687516330,12262025033000719,Success,
1667,Office,323 Helga Land,4163671599,12262025033000719,Success,
14007,Office,5456 Toy Mill,6269407025,12262025033000719,Success,
1667,Office,30779 E 11th Street,5997654555,12262025033000719,Success,
14007,Office,996 Lang Garden,1415285016,12262025033000719,Success,
1667,Office,329 Garden Close,1760529953,12262025033000719,Success,
14007,Office,1272 Josiane Spurs,9871247083,12262025033000719,Success,
1667,Office,7851 Maryse Lakes,6596885520,12262025033000719,Success,
14007,Office,8844 Reynold Club,3711057929,12262025033000719,Success,
1667,Office,789 Pine Street,3510652288,12262025033000719,Success,
14007,Office,7712 Huels Radial,4973434500,12262025033000719,Success,
1667,Office,4210 Maybell Lane,6954190857,12262025033000719,Success,
14007,Office,81199 The Chase,2561425933,12262025033000719,Success,
1667,Office,7128 Wilderman Haven,2163631909,12262025033000719,Success,
14007,Office,6292 Jaquelin Lake,6940839786,12262025033000719,Success,
1667,Office,76400 1st Avenue,6786927230,12262025033000719,Success,
14007,Office,27253 Damian View,2681796615,12262025033000719,Success,
1667,Office,43054 Broadway,2272804673,12262025033000719,Success,
14007,Office,257 Kenyon Plaza,5255876011,12262025033000719,Success,
1667,Office,2318 County Road,5994254564,12262025033000719,Success,
14007,Office,3240 N 4th Street,1832593809,12262025033000719,Success,
1667,Office,51105 Vicarage Lane,3552911779,12262025033000719,Success,
14007,Office,4005 Daniel Gardens,6605241519,12262025033000719,Success,
1667,Office,9040 Crooks Burgs,8969010643,12262025033000719,Success,
14007,Office,909 Amya Glens,9004629984,12262025033000719,Success,
1667,Office,741 Jewell Crescent,2087222388,12262025033000719,Success,
14007,Office,4215 Jamie Ports,8236103712,12262025033000719,Success,
1667,Office,6295 Flavie Mountain,9920842226,12262025033000719,Success,
14007,Office,687 Bethany Burgs,5680985346,12262025033000719,Success,
1667,Office,42460 Dibbert Course,2186023605,12262025033000719,Success,
14007,Office,8667 Windmill Close,6366366143,12262025033000719,Success,
1667,Office,370 Price Ramp,8925889936,12262025033000719,Success,
14007,Office,88576 Treutel Spur,8103725060,12262025033000719,Success,
1667,Office,71605 Stamm Spring,4270778313,12262025033000719,Success,
14007,Office,104 E 14th Street,4714653363,12262025033000719,Success,
1667,Office,63951 Price Causeway,1079152673,12262025033000719,Success,
14007,Office,4046 Nightingale Close,7678053958,12262025033000719,Success,
1667,Office,54960 S Pine Street,1330243795,12262025033000719,Success,
14007,Office,27659 Hoeger Divide,7891965732,12262025033000719,Success,
1667,Office,3284 Nelson Road,9444729926,12262025033000719,Success,
14007,Office,679 Cornell Highway,8773645472,12262025033000719,Success,
1667,Office,6111 Reece Pass,8201658896,12262025033000719,Success,
14007,Office,8484 Alexandrea Flats,5211602869,12262025033000719,Success,
1667,Office,45486 Deondre Coves,6499099887,12262025033000719,Success,
14007,Office,379 Electa Park,4273684549,12262025033000719,Success,
1667,Office,305 Letitia Pines,4847598029,12262025033000719,Success,
14007,Office,6741 Leola Via,8480423491,12262025033000719,Success,
1667,Office,4115 Gleason Row,7229699268,12262025033000719,Success,
14007,Office,3224 Leannon Overpass,8982272517,12262025033000719,Success,
1667,Office,17836 Garden Close,2863812692,12262025033000719,Success,
14007,Office,5043 Gladys Stravenue,5996362564,12262025033000719,Success,
1667,Office,881 Tromp Drive,7236507533,12262025033000719,Success,
14007,Office,84776 Ash Close,9458724789,12262025033000719,Success,
1667,Office,8128 Khalil Keys,5500952573,12262025033000719,Success,
14007,Office,781 Kimberly Extension,6943161501,12262025033000719,Success,
1667,Office,89803 Boyle Unions,2412385492,12262025033000719,Success,
14007,Office,75537 New Street,5784245269,12262025033000719,Success,
1667,Office,1482 Willms Falls,1916447983,12262025033000719,Success,
14007,Office,3092 Rylan Knoll,8690626757,12262025033000719,Success,
1667,Office,1139 Trinity Road,2414073292,12262025033000719,Success,
14007,Office,47800 Kent Road,3952333029,12262025033000719,Success,
1667,Office,3465 Pinfold Lane,4138580285,12262025033000719,Success,
14007,Office,46460 Donnie Lane,9603597118,12262025033000719,Success,
1667,Office,6026 Anissa Views,2595383758,12262025033000719,Success,
14007,Office,7595 S 3rd Street,8817843068,12262025033000719,Success,
1667,Office,464 Smith Street,4212525394,12262025033000719,Success,
14007,Office,75741 Roberts Pines,3025583667,12262025033000719,Success,
1667,Office,1729 Marlin Circle,9827890743,12262025033000719,Success,
14007,Office,8069 Leola Road,3733363853,12262025033000719,Success,
1667,Office,7343 Wolf Junction,3906198877,12262025033000719,Success,
14007,Office,291 E Market Street,7816888013,12262025033000719,Success,
1667,Office,5878 Windmill Close,1221949148,12262025033000719,Success,
14007,Office,27338 The Laurels,9170660418,12262025033000719,Success,
1667,Office,5783 Ivah Summit,3737802869,12262025033000719,Success,
14007,Office,9249 McGlynn Spring,3258758764,12262025033000719,Success,
1667,Office,340 Zemlak Loop,3447393868,12262025033000719,Success,
14007,Office,1473 E South Street,9225371865,12262025033000719,Success,
1667,Office,8515 Church Close,4733838048,12262025033000719,Success,
14007,Office,5859 Anahi Points,1865924777,12262025033000719,Success,
1667,Office,72631 The Beeches,1932997405,12262025033000719,Success,
14007,Office,895 The Croft,5071803730,12262025033000719,Success,
1667,Office,3726 N Broadway,5931187005,12262025033000719,Success,
14007,Office,5460 Dangelo Ranch,4809961625,12262025033000719,Success,
1667,Office,58264 Hilll Place,5043869728,12262025033000719,Success,
14007,Office,494 Zulauf Loaf,6950940547,12262025033000719,Success,
1667,Office,427 Dibbert Dam,7457267674,12262025033000719,Success,
14007,Office,693 Nolan Course,5084874468,12262025033000719,Success,
1667,Office,270 Stoney Lane,4729378040,12262025033000719,Success,
14007,Office,22470 Roman Road,3106420664,12262025033000719,Success,
1667,Office,661 Hall Lane,3669775850,12262025033000719,Success,
14007,Office,9142 Renner Brook,6596821605,12262025033000719,Success,
1667,Office,6038 Heller Pass,2501675325,12262025033000719,Success,
14007,Office,35526 Harvey Meadow,9892413254,12262025033000719,Success,
1667,Office,57408 Bartell Walk,3734491304,12262025033000719,Success,
14007,Office,331 Reichel Turnpike,9551057772,12262025033000719,Success,
1667,Office,6716 N 5th Street,1700870610,12262025033000719,Success,
14007,Office,412 Vicarage Lane,1900617208,12262025033000719,Success,
1667,Office,2454 Rowland Squares,3659968525,12262025033000719,Success,
14007,Office,280 Martin Luther King Drive,5457804682,12262025033000719,Success,
1667,Office,67463 Howard Road,9343084223,12262025033000719,Success,
14007,Office,96381 Wiza Overpass,4262736239,12262025033000719,Success,
1667,Office,7399 Powlowski Village,4825875957,12262025033000719,Success,
14007,Office,6829 Larkin Mountain,1702157980,12262025033000719,Success,
1667,Office,55800 Meghan Row,8434365190,12262025033000719,Success,
14007,Office,518 1st Avenue,2756305966,12262025033000719,Success,
1667,Office,699 Naomi Extension,8425790174,12262025033000719,Success,
14007,Office,82316 N State Street,2438081628,12262025033000719,Success,
1667,Office,9780 Hassan Streets,1698804208,12262025033000719,Success,
14007,Office,3888 Russel Rue,7060827428,12262025033000719,Success,
1667,Office,73104 Jenkins Row,6497951609,12262025033000719,Success,
14007,Office,97588 Jacobson Track,8069730772,12262025033000719,Success,
1667,Office,27137 Schuppe Cape,5808111336,12262025033000719,Success,
14007,Office,948 Bianka Pass,2554615428,12262025033000719,Success,
1667,Office,865 Marks Row,4567882393,12262025033000719,Success,
14007,Office,52204 Abernathy Ridge,2480172464,12262025033000719,Success,
1667,Office,60893 Frontage Road,5771178773,12262025033000719,Success,
14007,Office,35966 Odell Light,8720940389,12262025033000719,Success,
1667,Office,24558 Collier Extension,6512643458,12262025033000719,Success,
14007,Office,6718 Steve Valley,3380032916,12262025033000719,Success,
1667,Office,5152 Elouise Lodge,3369627348,12262025033000719,Success,
14007,Office,941 E 3rd Street,6608923985,12262025033000719,Success,
1667,Office,788 Wallace Canyon,7510932280,12262025033000719,Success,
14007,Office,45036 Maple Close,2864741158,12262025033000719,Success,
1667,Office,382 Albin Extensions,7934567168,12262025033000719,Success,
14007,Office,93571 Wisozk Park,5331925803,12262025033000719,Success,
1667,Office,2664 Kris Brook,5477330878,12262025033000719,Success,
14007,Office,658 Grant Street,8997580837,12262025033000719,Success,
1667,Office,296 S Broad Street,3350610980,12262025033000719,Success,
14007,Office,5424 Kub Alley,2450703501,12262025033000719,Success,
1667,Office,4937 Velma Harbors,2470556777,12262025033000719,Success,
14007,Office,69649 Susana Park,4001139143,12262025033000719,Success,
1667,Office,2384 E Franklin Street,8568207600,12262025033000719,Success,
14007,Office,54555 Clementina Flats,7065322732,12262025033000719,Success,
1667,Office,79957 Corkery Alley,4820504177,12262025033000719,Success,
14007,Office,172 Lelia Rapids,2542638416,12262025033000719,Success,
1667,Office,272 N Pearl Street,6672378883,12262025033000719,Success,
14007,Office,930 Considine Pine,7621818093,12262025033000719,Success,
1667,Office,59819 Stehr Passage,7992446541,12262025033000719,Success,
14007,Office,35554 Edythe Spur,8704392778,12262025033000719,Success,
1667,Office,826 Kaya Groves,7607683063,12262025033000719,Success,
14007,Office,7803 Ashleigh Passage,5850362634,12262025033000719,Success,
1667,Office,1342 Pagac Forge,4444865508,12262025033000719,Success,
14007,Office,99295 Beach Road,6501581272,12262025033000719,Success,
1667,Office,81429 6th Street,9275226284,12262025033000719,Success,
14007,Office,9684 S Broad Street,6618836979,12262025033000719,Success,
1667,Office,2680 Robin Ville,3441429313,12262025033000719,Success,
14007,Office,41830 Milford Course,5583640191,12262025033000719,Success,
1667,Office,731 Heathcote Turnpike,8684686925,12262025033000719,Success,
14007,Office,4815 Mckayla Port,7086760187,12262025033000719,Success,
1667,Office,49226 N Monroe Street,9249524343,12262025033000719,Success,
14007,Office,79023 Dietrich Orchard,3305193782,12262025033000719,Success,
1667,Office,22564 Arch Viaduct,4356195703,12262025033000719,Success,
14007,Office,351 W River Road,8242963032,12262025033000719,Success,
1667,Office,94931 Beier Parkways,7969918927,12262025033000719,Success,
14007,Office,1539 Santos Run,9418515760,12262025033000719,Success,
1667,Office,14637 Valerie Fields,9500351798,12262025033000719,Success,
14007,Office,8461 Kyra Throughway,1300345325,12262025033000719,Success,
1667,Office,7450 Carmella Valley,1415949423,12262025033000719,Success,
14007,Office,5411 Aditya Path,3980261337,12262025033000719,Success,
1667,Office,18386 Manor Close,1208393430,12262025033000719,Success,
14007,Office,9054 Ash Grove,6969851638,12262025033000719,Success,
1667,Office,90790 Jackson Avenue,6806119436,12262025033000719,Success,
14007,Office,5912 Prospect Avenue,6330909372,12262025033000719,Success,
1667,Office,595 Maia Parks,1249378776,12262025033000719,Success,
14007,Office,79154 Ash Street,1938994336,12262025033000719,Success,
1667,Office,793 Jast Row,3913520124,12262025033000719,Success,
14007,Office,8242 Elwyn Estates,6075772331,12262025033000719,Success,
1667,Office,20932 Veum Cove,3837196444,12262025033000719,Success,
14007,Office,9945 Coronation Avenue,6576984693,12262025033000719,Success,
1667,Office,307 Division Street,5717762508,12262025033000719,Success,
14007,Office,292 Axel Extension,5273457956,12262025033000719,Success,
1667,Office,553 Pacocha Hollow,2138791512,12262025033000719,Success,
14007,Office,5895 Sycamore Close,3708667700,12262025033000719,Success,
1667,Office,20823 Kyleigh Motorway,6745730180,12262025033000719,Success,
14007,Office,7573 Woodside,5703717711,12262025033000719,Success,
1667,Office,7844 Shawn Meadows,4007899892,12262025033000719,Success,
14007,Office,4382 Maggio Road,2785230130,12262025033000719,Success,
1667,Office,8698 Ben Pine,2709610194,12262025033000719,Success,
14007,Office,9582 Greenville Road,7981688912,12262025033000719,Success,
1667,Office,78204 Madyson Rapids,2220143359,12262025033000719,Success,
14007,Office,315 Uriah Plain,5161591416,12262025033000719,Success,
1667,Office,6478 Collins Brook,6992895501,12262025033000719,Success,
14007,Office,4268 Toy Street,5010441268,12262025033000719,Success,
1667,Office,30692 Padberg Fields,2064469303,12262025033000719,Success,
14007,Office,187 Taylor Mews,1642648748,12262025033000719,Success,
1667,Office,4369 S Church Street,8460269368,12262025033000719,Success,
14007,Office,404 Nikolas Divide,6397913231,12262025033000719,Success,
1667,Office,98584 Tennyson Road,9059829771,12262025033000719,Success,
14007,Office,639 Torphy Rapids,2723160330,12262025033000719,Success,
1667,Office,635 Chestnut Grove,5587622785,12262025033000719,Success,
14007,Office,52251 Madelynn Lakes,4026190475,12262025033000719,Success,
1667,Office,30547 Murray Wall,3485539961,12262025033000719,Success,
14007,Office,326 2nd Avenue,3781069798,12262025033000719,Success,
1667,Office,6800 Meadow Close,8129819542,12262025033000719,Success,
14007,Office,79781 Kirstin Alley,4177955595,12262025033000719,Success,
1667,Office,577 Bins Neck,6401386273,12262025033000719,Success,
14007,Office,525 Daugherty Fields,6051800031,12262025033000719,Success,
1667,Office,103 Harris Pike,7494797460,12262025033000719,Success,
14007,Office,6427 Conner Estates,9201252121,12262025033000719,Success,
1667,Office,1317 Scotty Springs,3874205974,12262025033000719,Success,
14007,Office,695 Cecile Plaza,8522523844,12262025033000719,Success,
1667,Office,72571 Woodlands,6356946607,12262025033000719,Success,
14007,Office,6602 E Jackson Street,3779596983,12262025033000719,Success,
1667,Office,1687 Mraz Lane,7014210694,12262025033000719,Success,
14007,Office,9434 N Main Street,3715536805,12262025033000719,Success,
1667,Office,84540 N 8th Street,3604763033,12262025033000719,Success,
14007,Office,2019 Bosco Course,7750511696,12262025033000719,Success,
1667,Office,55762 Satterfield Points,6897528738,12262025033000719,Success,
14007,Office,8621 Anthony Shores,8149948735,12262025033000719,Success,
1667,Office,6437 Manchester Road,8270829035,12262025033000719,Success,
14007,Office,270 Krajcik Garden,7844564331,12262025033000719,Success,
1667,Office,4210 Bins Mountain,4792002801,12262025033000719,Success,
14007,Office,70545 Veum Mission,2824820064,12262025033000719,Success,
1667,Office,3120 Demond Well,9469356328,12262025033000719,Success,
14007,Office,492 Ettie Crescent,4273758183,12262025033000719,Success,
1667,Office,179 Toy Wells,1457609809,12262025033000719,Success,
14007,Office,128 Water Lane,4210355217,12262025033000719,Success,
1667,Office,55999 Trevion Field,3028022409,12262025033000719,Success,
14007,Office,813 Sauer Ramp,8271979446,12262025033000719,Success,
1667,Office,6369 Carter Glen,9139571556,12262025033000719,Success,
14007,Office,922 E Main,6431680489,12262025033000719,Success,
1667,Office,7828 Prohaska Street,6195067721,12262025033000719,Success,
14007,Office,537 Al Brook,8927909304,12262025033000719,Success,
1667,Office,76106 Lesch Knolls,5048070515,12262025033000719,Success,
14007,Office,8553 E Park Avenue,2600774704,12262025033000719,Success,
1667,Office,437 Ambrose Mews,4887976079,12262025033000719,Success,
14007,Office,8746 Marisol Cliff,5163645471,12262025033000719,Success,
1667,Office,860 Yundt Haven,3622539199,12262025033000719,Success,
14007,Office,3361 Marvin Forks,1125615349,12262025033000719,Success,
1667,Office,12966 Savanah Club,1161256546,12262025033000719,Success,
14007,Office,157 Samir Parks,5443725448,12262025033000719,Success,
1667,Office,4471 Little Ports,8448780840,12262025033000719,Success,
14007,Office,3782 Rogahn Pines,8581936184,12262025033000719,Success,
1667,Office,827 Stanton Mountain,4445755538,12262025033000719,Success,
14007,Office,314 Xzavier Club,9381784918,12262025033000719,Success,
1667,Office,785 Hagenes Crossroad,5482201376,12262025033000719,Success,
14007,Office,364 Huels Gateway,2860540034,12262025033000719,Success,
1667,Office,13903 Tremblay Lock,4192765141,12262025033000719,Success,
14007,Office,969 Saul Port,4727612965,12262025033000719,Success,
1667,Office,238 Johnpaul Shoal,9042975317,12262025033000719,Success,
14007,Office,559 Cherry Street,3415780915,12262025033000719,Success,
1667,Office,202 Kody Bypass,8676178413,12262025033000719,Success,
14007,Office,1092 Christiansen Field,8486415320,12262025033000719,Success,
1667,Office,385 Pagac Via,4512965019,12262025033000719,Success,
14007,Office,7767 Laurine Ville,1857089074,12262025033000719,Success,
1667,Office,14804 Veterans Memorial Drive,3026425623,12262025033000719,Success,
14007,Office,50005 Mable Mall,8419100983,12262025033000719,Success,
1667,Office,2130 Walter Street,2885164610,12262025033000719,Success,
14007,Office,71909 Feest Hills,5472161339,12262025033000719,Success,
1667,Office,226 Hackett Circles,2546488962,12262025033000719,Success,
14007,Office,920 Murphy Valleys,2112676947,12262025033000719,Success,
1667,Office,91529 Yundt Ferry,1977104075,12262025033000719,Success,
14007,Office,4718 11th Street,3545394592,12262025033000719,Success,
1667,Office,78087 W 1st Street,6359654771,12262025033000719,Success,
14007,Office,2965 Lincoln Avenue,7637315409,12262025033000719,Success,
1667,Office,6766 Reuben Corner,5131073628,12262025033000719,Success,
14007,Office,82981 S Broadway Street,3546704327,12262025033000719,Success,
1667,Office,71922 Canal Street,4700035261,12262025033000719,Success,
14007,Office,3240 Mohammed Turnpike,1735412799,12262025033000719,Success,
1667,Office,70504 Johns Estate,4711146806,12262025033000719,Success,
14007,Office,49197 Feeney Mount,7088097743,12262025033000719,Success,
1667,Office,54086 The Lane,4268837089,12262025033000719,Success,
14007,Office,449 Central Street,7023232356,12262025033000719,Success,
1667,Office,2564 Kaitlyn Street,2428369416,12262025033000719,Success,
14007,Office,68029 Thompson Valley,2283513498,12262025033000719,Success,
1667,Office,7501 Claremont Road,2065719415,12262025033000719,Success,
14007,Office,2690 Rempel Knolls,2590255792,12262025033000719,Success,
1667,Office,53809 E State Street,3536171216,12262025033000719,Success,
14007,Office,916 S High Street,7929560398,12262025033000719,Success,
1667,Office,9169 Stamm Cove,5853895897,12262025033000719,Success,
14007,Office,13280 Ankunding Dam,7565110226,12262025033000719,Success,
1667,Office,39439 S 6th Street,8972241889,12262025033000719,Success,
14007,Office,172 Harber Mission,6235942284,12262025033000719,Success,
1667,Office,8518 Raynor Valley,6368506522,12262025033000719,Success,
14007,Office,31115 Cedar Close,5254852505,12262025033000719,Success,
1667,Office,48675 S Walnut Street,9044106632,12262025033000719,Success,
14007,Office,5441 George Street,2248451028,12262025033000719,Success,
1667,Office,59383 Brayan Estates,7004403362,12262025033000719,Success,
14007,Office,9895 Christine Island,1747917761,12262025033000719,Success,
1667,Office,14660 Roberts Crescent,7534032026,12262025033000719,Success,
14007,Office,150 Henderson Branch,6398092141,12262025033000719,Success,
1667,Office,65399 Cheyanne Harbors,6790230341,12262025033000719,Success,
14007,Office,85111 Vito Heights,1854366261,12262025033000719,Success,
1667,Office,6974 Keeling Bridge,7175560012,12262025033000719,Success,
14007,Office,281 Leilani Plains,8687016591,12262025033000719,Success,
1667,Office,2870 Olson Run,8532917546,12262025033000719,Success,
14007,Office,2777 Christop Meadows,6961020287,12262025033000719,Success,
1667,Office,965 N Broadway,8448191041,12262025033000719,Success,
14007,Office,8496 Adele Points,4188025418,12262025033000719,Success,
1667,Office,1947 Adella Viaduct,1703286828,12262025033000719,Success,
14007,Office,1077 Teresa Court,7103337427,12262025033000719,Success,
1667,Office,757 Deckow Centers,6601096998,12262025033000719,Success,
14007,Office,231 Emilio Plains,7616444382,12262025033000719,Success,
1667,Office,486 Park Street,3369836116,12262025033000719,Success,
14007,Office,3980 Rolfson Glens,6496886078,12262025033000719,Success,
1667,Office,89761 Schuster Meadow,4833429917,12262025033000719,Success,
14007,Office,555 Wood Street,6042083310,12262025033000719,Success,
1667,Office,8794 Bailey Mill,2561732016,12262025033000719,Success,
14007,Office,1078 Bette Fall,3586823907,12262025033000719,Success,
1667,Office,76910 Spencer Via,7568292925,12262025033000719,Success,
14007,Office,1963 Bechtelar Camp,6068649871,12262025033000719,Success,
1667,Office,3387 Bridge Road,2333082288,12262025033000719,Success,
14007,Office,53045 Oak Road,8173585104,12262025033000719,Success,
1667,Office,32071 S Main,5069685685,12262025033000719,Success,
14007,Office,51369 Leannon Camp,1834692680,12262025033000719,Success,
1667,Office,5122 South Avenue,9502977735,12262025033000719,Success,
14007,Office,6324 Declan Locks,5603061391,12262025033000719,Success,
1667,Office,89446 Cummerata Loop,1427490868,12262025033000719,Success,
14007,Office,6717 Ricky Cove,6266278684,12262025033000719,Success,
1667,Office,8788 Prospect Avenue,7314965452,12262025033000719,Success,
14007,Office,41057 Cedar Grove,1543758958,12262025033000719,Success,
1667,Office,8995 Ratke Lodge,6160140062,12262025033000719,Success,
14007,Office,17872 Wellington Lock,7088588103,12262025033000719,Success,
1667,Office,4187 Preston Fort,5256861969,12262025033000719,Success,
14007,Office,8134 Warren Road,7688197806,12262025033000719,Success,
1667,Office,2216 Richmond Road,3986964727,12262025033000719,Success,
14007,Office,891 Swaniawski Common,8842825686,12262025033000719,Success,
1667,Office,64729 Adams Lake,3475863131,12262025033000719,Success,
14007,Office,584 Glover Circle,9855883751,12262025033000719,Success,
1667,Office,55849 Mante Forks,6625396755,12262025033000719,Success,
14007,Office,5329 E 12th Street,1584872668,12262025033000719,Success,
1667,Office,77979 S Jackson Street,8697952260,12262025033000719,Success,
14007,Office,21167 Pascale Via,7519329010,12262025033000719,Success,
1667,Office,9744 Jared Plains,8502623022,12262025033000719,Success,
14007,Office,7580 Cormier Heights,9322995412,12262025033000719,Success,
1667,Office,6471 Gorczany Cape,2607529090,12262025033000719,Success,
14007,Office,270 Donnelly Forges,2757364215,12262025033000719,Success,
1667,Office,445 Andy Mountain,5039436872,12262025033000719,Success,
14007,Office,8488 Hirthe Point,1086339539,12262025033000719,Success,
1667,Office,381 Vallie Points,6683753712,12262025033000719,Success,
14007,Office,573 Springfield Close,4437736990,12262025033000719,Success,
1667,Office,97356 Coby Estates,2207398755,12262025033000719,Success,
14007,Office,823 Corwin Circle,7965657828,12262025033000719,Success,
1667,Office,33676 Waelchi Trail,9757762311,12262025033000719,Success,
14007,Office,363 Heath Highway,7056509940,12262025033000719,Success,
1667,Office,69753 S 4th Street,2418915963,12262025033000719,Success,
14007,Office,2955 Trent Overpass,4055553249,12262025033000719,Success,
1667,Office,86516 Callie Terrace,3201581595,12262025033000719,Success,
14007,Office,9125 Mosciski Junctions,9226246910,12262025033000719,Success,
1667,Office,15202 Pfannerstill Pass,9837851777,12262025033000719,Success,
14007,Office,5304 Runolfsdottir Parkway,3721362482,12262025033000719,Success,
1667,Office,92431 Labadie Ridges,1680939731,12262025033000719,Success,
14007,Office,13947 Cleveland Street,9677499225,12262025033000719,Success,
1667,Office,87952 Lakin Estate,4343712112,12262025033000719,Success,
14007,Office,4924 Erick Garden,9195411682,12262025033000719,Success,
1667,Office,7423 Cherry Close,1203077098,12262025033000719,Success,
14007,Office,693 Bergnaum Track,4802984651,12262025033000719,Success,
1667,Office,7642 Colten Lock,3749244623,12262025033000719,Success,
14007,Office,8084 12th Street,1559320646,12262025033000719,Success,
1667,Office,19209 Mitchell Wall,6545318302,12262025033000719,Success,
14007,Office,219 East Street,5834059842,12262025033000719,Success,
1667,Office,6824 Oaklands,6175026312,12262025033000719,Success,
14007,Office,3133 Bria Branch,5296805364,12262025033000719,Success,
1667,Office,314 Bruen Turnpike,6998366263,12262025033000719,Success,
14007,Office,810 Aditya Terrace,5909164150,12262025033000719,Success,
1667,Office,882 Mulberry Street,4624528193,12262025033000719,Success,
14007,Office,6092 6th Avenue,5858995538,12262025033000719,Success,
1667,Office,1886 Cummerata Brook,9775141167,12262025033000719,Success,
14007,Office,600 Devan Wall,1682511531,12262025033000719,Success,
1667,Office,58965 Funk Street,5692774336,12262025033000719,Success,
14007,Office,8427 Pine Grove,6563056235,12262025033000719,Success,
1667,Office,60694 Oaklands,2284291989,12262025033000719,Success,
14007,Office,530 Romaguera Point,2273537839,12262025033000719,Success,
1667,Office,382 Mayert Dale,7881180145,12262025033000719,Success,
14007,Office,58570 York Street,2621193745,12262025033000719,Success,
1667,Office,12432 Shanahan Glen,7601093212,12262025033000719,Success,
14007,Office,2367 Mante Park,6830294755,12262025033000719,Success,
1667,Office,1202 Old State Road,9904170100,12262025033000719,Success,
14007,Office,3949 Madeline Brook,5656136383,12262025033000719,Success,
1667,Office,651 Hall Street,1063107192,12262025033000719,Success,
14007,Office,63480 Tristian Cliffs,2622689317,12262025033000719,Success,
1667,Office,812 Mario Street,2348424862,12262025033000719,Success,
14007,Office,691 Central Avenue,9193370050,12262025033000719,Success,
1667,Office,43464 Wisoky Ferry,1599438119,12262025033000719,Success,
14007,Office,864 Carter Hollow,9969714508,12262025033000719,Success,
1667,Office,907 Gavin Spurs,8581297525,12262025033000719,Success,
14007,Office,5958 Haag Plains,3131815009,12262025033000719,Success,
1667,Office,3431 Wintheiser Causeway,9206290820,12262025033000719,Success,
14007,Office,5740 Schumm Plaza,1921880455,12262025033000719,Success,
1667,Office,64299 Devan Forge,4001610106,12262025033000719,Success,
14007,Office,55693 Nikolaus Squares,7464754646,12262025033000719,Success,
1667,Office,320 O'Conner Vista,3059186164,12262025033000719,Success,
14007,Office,411 Joel Isle,1235359075,12262025033000719,Success,
1667,Office,135 Gutmann Lodge,4562205811,12262025033000719,Success,
14007,Office,5052 1st Street,2726266477,12262025033000719,Success,
1667,Office,9740 Emard Passage,8402627560,12262025033000719,Success,
14007,Office,5657 Daniel Corner,5986647969,12262025033000719,Success,
1667,Office,141 Oberbrunner Turnpike,8700151023,12262025033000719,Success,
14007,Office,890 Mill Close,7592118918,12262025033000719,Success,
1667,Office,812 Krajcik Isle,9096348920,12262025033000719,Success,
14007,Office,385 Schaefer Crossing,4003307625,12262025033000719,Success,
1667,Office,21404 Zulauf Valleys,8099437396,12262025033000719,Success,
14007,Office,983 Glover Spring,2214969371,12262025033000719,Success,
1667,Office,80413 Cesar Valley,8141578321,12262025033000719,Success,
14007,Office,453 E 11th Street,3153099661,12262025033000719,Success,
1667,Office,1471 Will Neck,9688158097,12262025033000719,Success,
14007,Office,2975 Sporer Points,8010906908,12262025033000719,Success,
1667,Office,44674 Kihn Unions,6641464945,12262025033000719,Success,
14007,Office,569 S 9th Street,5215926846,12262025033000719,Success,
1667,Office,3436 Marilie Pine,8854584722,12262025033000719,Success,
14007,Office,740 Lincoln Highway,5261878267,12262025033000719,Success,
1667,Office,687 Brakus Cliffs,2550792414,12262025033000719,Success,
14007,Office,811 Block Freeway,5932979162,12262025033000719,Success,
1667,Office,9045 Crona Walk,4834270617,12262025033000719,Success,
14007,Office,35253 Peggie Field,2063999754,12262025033000719,Success,
1667,Office,9296 Victoria Street,3498103708,12262025033000719,Success,
14007,Office,54150 Aliza Gateway,8702094016,12262025033000719,Success,
1667,Office,20468 Jamel Ridge,6956723449,12262025033000719,Success,
14007,Office,647 Lindgren Street,8716469256,12262025033000719,Success,
1667,Office,707 McClure Rue,2021727689,12262025033000719,Success,
14007,Office,4177 Renner Coves,1612259572,12262025033000719,Success,
1667,Office,221 Newton Road,8348496056,12262025033000719,Success,
14007,Office,852 Magdalena Club,4519409594,12262025033000719,Success,
1667,Office,1142 Aufderhar Lane,8307436230,12262025033000719,Success,
14007,Office,794 Heidenreich Forges,4303192064,12262025033000719,Success,
1667,Office,772 Schowalter Harbors,6929373743,12262025033000719,Success,
14007,Office,120 Frieda Run,2385845174,12262025033000719,Success,
1667,Office,166 Church Lane,7351137335,12262025033000719,Success,
14007,Office,41330 Nitzsche Well,9047083200,12262025033000719,Success,
1667,Office,4896 Oak Street,2379629060,12262025033000719,Success,
14007,Office,917 Bechtelar Plains,9130780063,12262025033000719,Success,
1667,Office,3552 Brady Mews,3213096060,12262025033000719,Success,
14007,Office,7206 Cherry Tree Close,4328907818,12262025033000719,Success,
1667,Office,595 Meadow View,7724789107,12262025033000719,Success,
14007,Office,23935 Garden Close,8605748405,12262025033000719,Success,
1667,Office,54037 Castle Lane,8308002996,12262025033000719,Success,
14007,Office,7421 Ernest Field,6106240371,12262025033000719,Success,
1667,Office,965 Hillside Road,9744852828,12262025033000719,Success,
14007,Office,19498 N Water Street,7460035495,12262025033000719,Success,
1667,Office,77539 Heller Causeway,7827816785,12262025033000719,Success,
14007,Office,91376 Reichel Brooks,2077835704,12262025033000719,Success,
1667,Office,894 Oberbrunner Ramp,2196068750,12262025033000719,Success,
14007,Office,3911 Bernhard Alley,2848939748,12262025033000719,Success,
1667,Office,5976 Woodside,7294123918,12262025033000719,Success,
14007,Office,430 Elva Highway,5271440835,12262025033000719,Success,
1667,Office,7760 Wren Close,3714908676,12262025033000719,Success,
14007,Office,609 Jacobi Plaza,8353293298,12262025033000719,Success,
1667,Office,5419 Heller Ramp,6998047417,12262025033000719,Success,
14007,Office,5736 Barrows Ville,2525126863,12262025033000719,Success,
1667,Office,15008 Broadway,2158613831,12262025033000719,Success,
14007,Office,2822 Hilll Points,3352949487,12262025033000719,Success,
1667,Office,2541 Marks Gateway,2583548601,12262025033000719,Success,
14007,Office,347 Hermiston Orchard,2841341512,12262025033000719,Success,
1667,Office,95027 Kyler Wells,3675163823,12262025033000719,Success,
14007,Office,243 Beahan Island,1000517349,12262025033000719,Success,
1667,Office,50070 Dillan Cliff,9157254444,12262025033000719,Success,
14007,Office,7398 Jefferson Avenue,7794256188,12262025033000719,Success,
1667,Office,6019 Parker Loaf,7881489333,12262025033000719,Success,
14007,Office,325 New Street,2172444938,12262025033000719,Success,
1667,Office,7814 Hodkiewicz Rapid,8892593613,12262025033000719,Success,
14007,Office,1579 McGlynn Extensions,4441885468,12262025033000719,Success,
1667,Office,71365 Reynolds Ville,2450737970,12262025033000719,Success,
14007,Office,1280 Lora Roads,2704222078,12262025033000719,Success,
1667,Office,320 Oberbrunner Rue,2123797700,12262025033000719,Success,
14007,Office,740 Xzavier Mill,5796768703,12262025033000719,Success,
1667,Office,968 Hoppe Knoll,8345156898,12262025033000719,Success,
14007,Office,68133 Edward Street,3158905491,12262025033000719,Success,
1667,Office,172 Lubowitz Drive,4694464734,12262025033000719,Success,
14007,Office,954 Cross Street,6232974010,12262025033000719,Success,
1667,Office,1388 Denesik Pass,6470231534,12262025033000719,Success,
14007,Office,454 Cormier Drives,5111258136,12262025033000719,Success,
1667,Office,4944 Beier Cape,3121155113,12262025033000719,Success,
14007,Office,71249 Laron Spur,7779978318,12262025033000719,Success,
1667,Office,4721 Richard Causeway,2736535113,12262025033000719,Success,
14007,Office,163 Lake Avenue,3848245388,12262025033000719,Success,
1667,Office,8780 Auer Underpass,2206577197,12262025033000719,Success,
14007,Office,4247 Mayert Shores,7738065233,12262025033000719,Success,
1667,Office,46325 6th Avenue,2481636584,12262025033000719,Success,
14007,Office,842 Cole Junctions,5018338403,12262025033000719,Success,
1667,Office,2696 Gage Ways,5853619801,12262025033000719,Success,
14007,Office,2144 Oak Drive,7300677482,12262025033000719,Success,
1667,Office,41587 Rodriguez Meadow,6479661373,12262025033000719,Success,
14007,Office,11888 Ernestina Park,7523809828,12262025033000719,Success,
1667,Office,129 Jamal Coves,9922550007,12262025033000719,Success,
14007,Office,789 Moises Well,7849882438,12262025033000719,Success,
1667,Office,890 Wisoky Dam,3187095792,12262025033000719,Success,
14007,Office,45586 Green Lane,5292271316,12262025033000719,Success,
1667,Office,415 Thiel Harbors,8046746244,12262025033000719,Success,
14007,Office,42167 Kim Dale,4060259808,12262025033000719,Success,
1667,Office,7826 Grange Close,6007369768,12262025033000719,Success,
14007,Office,448 Kaci Lakes,5688978965,12262025033000719,Success,
1667,Office,332 Earnest Wall,8327395808,12262025033000719,Success,
14007,Office,488 Ankunding Loaf,4411157322,12262025033000719,Success,
1667,Office,405 N Broad Street,3357681910,12262025033000719,Success,
14007,Office,528 N Jefferson Street,2773739262,12262025033000719,Success,
1667,Office,6966 Addie Centers,8241591242,12262025033000719,Success,
14007,Office,5739 Braun Cliffs,4935771530,12262025033000719,Success,
1667,Office,592 Hawthorn Avenue,5981063433,12262025033000719,Success,
14007,Office,890 Waterside,3906751423,12262025033000719,Success,
1667,Office,44973 Wilkinson Bypass,9119587652,12262025033000719,Success,
14007,Office,796 Wallace Dale,2634090804,12262025033000719,Success,
1667,Office,697 Main Street E,3217538084,12262025033000719,Success,
14007,Office,5796 Macejkovic Crossroad,8123362484,12262025033000719,Success,
1667,Office,5377 Gerlach Knoll,6206972190,12262025033000719,Success,
14007,Office,961 E Bridge Street,3179378275,12262025033000719,Success,
1667,Office,74335 Dare Ridges,4468429018,12262025033000719,Success,
14007,Office,742 Nitzsche Drives,4100985215,12262025033000719,Success,
1667,Office,810 Beer Knoll,1741825428,12262025033000719,Success,
14007,Office,393 Mulberry Street,8397666401,12262025033000719,Success,
1667,Office,717 Carter Pike,3177162155,12262025033000719,Success,
14007,Office,57552 Hyatt Manors,1093651222,12262025033000719,Success,
1667,Office,905 Mellie Flats,9672522068,12262025033000719,Success,
14007,Office,6339 N Bridge Street,9824135035,12262025033000719,Success,
1667,Office,6058 Wiegand Courts,4549057982,12262025033000719,Success,
14007,Office,936 Bergstrom Extensions,9408860441,12262025033000719,Success,
1667,Office,578 Cleveland Street,1575433624,12262025033000719,Success,
14007,Office,237 John Road,5556338600,12262025033000719,Success,
1667,Office,571 Ash Close,6216934313,12262025033000719,Success,
14007,Office,999 McLaughlin Rapids,9839780874,12262025033000719,Success,
1667,Office,221 Macejkovic Ferry,1936489325,12262025033000719,Success,
14007,Office,3971 Mill Lane,4949167415,12262025033000719,Success,
1667,Office,50373 Marlborough Road,8708784136,12262025033000719,Success,
14007,Office,85835 Hal Views,6386335967,12262025033000719,Success,
1667,Office,4431 Schulist Ramp,7080566170,12262025033000719,Success,
14007,Office,43052 Mill Street,2474153302,12262025033000719,Success,
1667,Office,4971 E North Street,9164716181,12262025033000719,Success,
14007,Office,998 Romaguera Ports,7511657919,12262025033000719,Success,
1667,Office,709 Hauck Road,1791369030,12262025033000719,Success,
14007,Office,246 Kuphal Wells,2220598039,12262025033000719,Success,
1667,Office,88457 Murray Alley,9417821231,12262025033000719,Success,
14007,Office,19630 Angelita Trafficway,7671078347,12262025033000719,Success,
1667,Office,368 Rectory Close,8978625095,12262025033000719,Success,
14007,Office,570 Macejkovic Forges,8970153259,12262025033000719,Success,
1667,Office,2661 George Street,2982683243,12262025033000719,Success,
14007,Office,71657 Adelia Spur,9146284755,12262025033000719,Success,
1667,Office,48999 Orchard Drive,9840628541,12262025033000719,Success,
14007,Office,499 Nelson Road,7766527294,12262025033000719,Success,
1667,Office,701 Paucek Passage,9950198675,12262025033000719,Success,
14007,Office,99565 Violette Shore,5261547729,12262025033000719,Success,
1667,Office,93887 Lockman Row,2228512416,12262025033000719,Success,
14007,Office,548 Jettie Springs,5576021882,12262025033000719,Success,
1667,Office,744 Tremblay Cape,9447182037,12262025033000719,Success,
14007,Office,4290 Rosenbaum Throughway,6177008667,12262025033000719,Success,
1667,Office,357 Rutherford Passage,6525432375,12262025033000719,Success,
14007,Office,745 Zechariah Estates,9757649582,12262025033000719,Success,
1667,Office,12101 Trace Valley,4104332109,12262025033000719,Success,
14007,Office,96520 Allison Parkway,2431801106,12262025033000719,Success,
1667,Office,69864 Hermann Dale,1274937026,12262025033000719,Success,
14007,Office,51296 Josephine Expressway,6159788812,12262025033000719,Success,
1667,Office,59218 The Laurels,3605497837,12262025033000719,Success,
14007,Office,6950 Lodge Lane,2511220868,12262025033000719,Success,
1667,Office,38014 Alberta Circle,1799996990,12262025033000719,Success,
14007,Office,7992 Jettie Forks,7180295378,12262025033000719,Success,
1667,Office,32880 Grange Close,6760455904,12262025033000719,Success,
14007,Office,989 W Market Street,3430537296,12262025033000719,Success,
1667,Office,2244 Onie Crossing,9569234967,12262025033000719,Success,
14007,Office,409 Clarendon Road,3253803417,12262025033000719,Success,
1667,Office,353 Shayne Club,1259578578,12262025033000719,Success,
14007,Office,7830 The Oval,8392866712,12262025033000719,Success,
1667,Office,948 Maye Extensions,6295597378,12262025033000719,Success,
14007,Office,803 Carol Bypass,7608383124,12262025033000719,Success,
1667,Office,559 Manor Way,5344609176,12262025033000719,Success,
14007,Office,4545 Amelia Mills,4916158284,12262025033000719,Success,
1667,Office,12656 Breitenberg Falls,3118257817,12262025033000719,Success,
14007,Office,217 Davis Street,8686013559,12262025033000719,Success,
1667,Office,8372 Andrew Fords,5760069182,12262025033000719,Success,
14007,Office,462 Bria Landing,4105830980,12262025033000719,Success,
1667,Office,8991 Aubree Course,3860880906,12262025033000719,Success,
14007,Office,571 Baron Tunnel,7280817438,12262025033000719,Success,
1667,Office,417 The Mews,9555499020,12262025033000719,Success,
14007,Office,1394 Salisbury Road,5212532926,12262025033000719,Success,
1667,Office,945 Michale Prairie,3663762303,12262025033000719,Success,
14007,Office,847 Bogisich Fields,4299797014,12262025033000719,Success,
1667,Office,5815 Schaefer Trail,9323434251,12262025033000719,Success,
14007,Office,2523 Everardo Burg,5011352044,12262025033000719,Success,
1667,Office,5508 Berenice Union,6746076461,12262025033000719,Success,
14007,Office,472 River Row,6672107984,12262025033000719,Success,
1667,Office,55940 Russel Junctions,7306430232,12262025033000719,Success,
14007,Office,8233 Cassandra Alley,7042288780,12262025033000719,Success,
1667,Office,7041 Devyn Mission,8208643672,12262025033000719,Success,
14007,Office,4022 College Avenue,2543971673,12262025033000719,Success,
1667,Office,15144 Streich Center,7782683088,12262025033000719,Success,
14007,Office,4034 Easter Crest,9963870592,12262025033000719,Success,
1667,Office,758 Beahan Courts,3400053250,12262025033000719,Success,
14007,Office,386 Kingfisher Close,2463484450,12262025033000719,Success,
1667,Office,6845 E 4th Street,2339748212,12262025033000719,Success,
14007,Office,48350 Kimberly Valleys,2342581058,12262025033000719,Success,
1667,Office,43729 Davonte Meadows,7622969973,12262025033000719,Success,
14007,Office,803 Jaleel Keys,3385824002,12262025033000719,Success,
1667,Office,6098 Brooke Forge,5080079109,12262025033000719,Success,
14007,Office,7076 Hirthe Fields,8573219244,12262025033000719,Success,
1667,Office,271 Wintheiser Bridge,3591163618,12262025033000719,Success,
14007,Office,70891 S Broadway,2619272205,12262025033000719,Success,
1667,Office,3419 Shields Groves,6660163454,12262025033000719,Success,
14007,Office,50403 Sporer Ways,8847364551,12262025033000719,Success,
1667,Office,72827 Schaefer Expressway,3657352198,12262025033000719,Success,
14007,Office,319 Ziemann Plaza,8315703162,12262025033000719,Success,
1667,Office,388 Gorczany Port,5488070963,12262025033000719,Success,
14007,Office,539 Ullrich Cliff,8675184614,12262025033000719,Success,
1667,Office,5836 Schneider Streets,6005508084,12262025033000719,Success,
14007,Office,907 Idell Center,1867455322,12262025033000719,Success,
1667,Office,426 Gleichner Orchard,5084240640,12262025033000719,Success,
14007,Office,38209 Riverside,8416114327,12262025033000719,Success,
1667,Office,1195 Bosco Key,4552624705,12262025033000719,Success,
14007,Office,11708 Lynch Vista,2056606803,12262025033000719,Success,
1667,Office,35943 Bartoletti Walk,1618929194,12262025033000719,Success,
14007,Office,3046 Kovacek Stream,6015037876,12262025033000719,Success,
1667,Office,46644 Viva Haven,8583337698,12262025033000719,Success,
14007,Office,40007 Aufderhar Summit,7345505604,12262025033000719,Success,
1667,Office,77385 Spencer Greens,2005996229,12262025033000719,Success,
14007,Office,308 Natalie Corner,3024932224,12262025033000719,Success,
1667,Office,88988 Kulas Passage,3209466835,12262025033000719,Success,
14007,Office,42161 Collins Loaf,5927672139,12262025033000719,Success,
1667,Office,187 Alysa Fields,2275631886,12262025033000719,Success,
14007,Office,964 Anne Wells,2388866694,12262025033000719,Success,
1667,Office,84821 McKenzie Path,6903641428,12262025033000719,Success,
14007,Office,1945 Hammes Stravenue,1021613113,12262025033000719,Success,
1667,Office,9579 Price Mountain,2371666204,12262025033000719,Success,
14007,Office,95072 Jules Branch,1194450479,12262025033000719,Success,
1667,Office,592 6th Avenue,3275011980,12262025033000719,Success,
14007,Office,8522 N 1st Street,2522973999,12262025033000719,Success,
1667,Office,3168 Wanda Creek,2424019131,12262025033000719,Success,
14007,Office,40415 Pierce Passage,4190221227,12262025033000719,Success,
1667,Office,9540 Johnson Street,1772840790,12262025033000719,Success,
14007,Office,2999 Denesik River,4357635638,12262025033000719,Success,
1667,Office,57889 Jean Ridge,1300232621,12262025033000719,Success,
14007,Office,9247 W Walnut Street,2050026545,12262025033000719,Success,
1667,Office,7822 Greenholt Spring,8856360490,12262025033000719,Success,
14007,Office,1217 3rd Avenue,9690531986,12262025033000719,Success,
1667,Office,7320 Wintheiser Island,9438012234,12262025033000719,Success,
14007,Office,7615 Bogan Shoal,6458250090,12262025033000719,Success,
1667,Office,453 Candice Streets,6127697720,12262025033000719,Success,
14007,Office,1821 Scottie Land,3838284162,12262025033000719,Success,
1667,Office,3614 Torphy Union,1995696654,12262025033000719,Success,
14007,Office,13957 Hirthe River,2218641958,12262025033000719,Success,
1667,Office,898 Beech Drive,5195991218,12262025033000719,Success,
14007,Office,76892 Margaret Turnpike,7821553180,12262025033000719,Success,
1667,Office,74600 Hayes Pine,7020293552,12262025033000719,Success,
14007,Office,70805 Annamae Mission,2417093385,12262025033000719,Success,
1667,Office,757 Farm Close,5658122678,12262025033000719,Success,
14007,Office,84644 Kessler Ways,7646195223,12262025033000719,Success,
1667,Office,98465 Zemlak Parkway,4989127222,12262025033000719,Success,
14007,Office,83544 Ali Throughway,4533574733,12262025033000719,Success,
1667,Office,3721 Stephon Skyway,4119332322,12262025033000719,Success,
14007,Office,697 Anderson Port,9252863398,12262025033000719,Success,
1667,Office,772 Medhurst Locks,2870789237,12262025033000719,Success,
14007,Office,27365 Claud Court,1113719530,12262025033000719,Success,
1667,Office,12310 Freda Gardens,3528943583,12262025033000719,Success,
14007,Office,86819 6th Avenue,8403543018,12262025033000719,Success,
1667,Office,38585 Felix Crossroad,2768996493,12262025033000719,Success,
14007,Office,4179 Eriberto Common,7745444222,12262025033000719,Success,
1667,Office,10713 Bertram Throughway,4393680602,12262025033000719,Success,
14007,Office,6683 Yvonne Extension,1236248221,12262025033000719,Success,
1667,Office,38930 E River Road,1341393705,12262025033000719,Success,
14007,Office,50687 Cedar Close,5791390284,12262025033000719,Success,
1667,Office,16833 Salma Trace,7502130102,12262025033000719,Success,
14007,Office,72527 Jeffery Knoll,1235513284,12262025033000719,Success,
1667,Office,9324 Declan Light,1292277402,12262025033000719,Success,
14007,Office,35932 Pagac Ridges,4579859041,12262025033000719,Success,
1667,Office,4944 Collins Rest,2873446568,12262025033000719,Success,
14007,Office,930 Feest Plain,8766585332,12262025033000719,Success,
1667,Office,2217 Woodside,5607576785,12262025033000719,Success,
14007,Office,136 Frederique Bypass,4627625289,12262025033000719,Success,
1667,Office,26990 Mireille Light,1163315218,12262025033000719,Success,
14007,Office,34047 Gulgowski Burgs,9154267002,12262025033000719,Success,
1667,Office,38251 Jefferson Avenue,9579405437,12262025033000719,Success,
14007,Office,6804 Meadow Drive,2736270527,12262025033000719,Success,
1667,Office,6573 Leatha Fort,4102082061,12262025033000719,Success,
14007,Office,147 Autumn Track,2082870422,12262025033000719,Success,
1667,Office,70016 Estella Center,1750000373,12262025033000719,Success,
14007,Office,577 Reba Station,2128011093,12262025033000719,Success,
1667,Office,450 University Avenue,4882085598,12262025033000719,Success,
14007,Office,4819 Kelvin Manor,3184459467,12262025033000719,Success,
1667,Office,56852 Kenton Park,1685025347,12262025033000719,Success,
14007,Office,5470 Emilia Turnpike,5083482731,12262025033000719,Success,
1667,Office,120 High Road,5325792411,12262025033000719,Success,
14007,Office,67713 Devan Skyway,1565143623,12262025033000719,Success,
1667,Office,167 Meadow Drive,4599845249,12262025033000719,Success,
14007,Office,3543 Rowan Close,9058352634,12262025033000719,Success,
1667,Office,59917 W 2nd Street,6765898929,12262025033000719,Success,
14007,Office,3133 Gorczany Village,4816083308,12262025033000719,Success,
1667,Office,4044 Elwin Center,3939288273,12262025033000719,Success,
14007,Office,9149 Station Street,1009180960,12262025033000719,Success,
1667,Office,7930 Emmanuelle Flats,1837225301,12262025033000719,Success,
14007,Office,180 Muller Route,9138956112,12262025033000719,Success,
1667,Office,394 Hazel Close,6352053265,12262025033000719,Success,
14007,Office,461 Warren Close,2969021381,12262025033000719,Success,
1667,Office,44342 Khalid Roads,9156879459,12262025033000719,Success,
14007,Office,3793 Anthony Parkways,7233450359,12262025033000719,Success,
1667,Office,577 Hill Road,3676147161,12262025033000719,Success,
14007,Office,93618 Main Street S,7970829210,12262025033000719,Success,
1667,Office,901 Orn Coves,7794830896,12262025033000719,Success,
14007,Office,392 Windmill Lane,8736874533,12262025033000719,Success,
1667,Office,8456 1st Street,5707815432,12262025033000719,Success,
14007,Office,780 Mackenzie Falls,3590888762,12262025033000719,Success,
1667,Office,8666 Nina Streets,5414454608,12262025033000719,Success,
14007,Office,1048 Brown Heights,7135137890,12262025033000719,Success,
1667,Office,1269 Elijah Lakes,7416892828,12262025033000719,Success,
14007,Office,72132 Well Lane,9937172060,12262025033000719,Success,
1667,Office,95021 Kaelyn Club,1905246453,12262025033000719,Success,
14007,Office,9191 Blind Lane,2410429134,12262025033000719,Success,
1667,Office,718 E Bridge Street,7858681739,12262025033000719,Success,
14007,Office,9908 Edward Street,9732674131,12262025033000719,Success,
1667,Office,6453 South Avenue,2013902561,12262025033000719,Success,
14007,Office,566 Soledad Vista,6704448026,12262025033000719,Success,
1667,Office,5706 Welch Brooks,5211341245,12262025033000719,Success,
14007,Office,337 Adolfo Vista,6118830639,12262025033000719,Success,
1667,Office,2129 Gladstone Road,1001392994,12262025033000719,Success,
14007,Office,8607 Hazel Close,6903272083,12262025033000719,Success,
1667,Office,149 Lilliana Trafficway,4386941494,12262025033000719,Success,
14007,Office,922 Schaden Pike,6272570028,12262025033000719,Success,
1667,Office,2105 Kuhic Cliffs,7570447316,12262025033000719,Success,
14007,Office,737 Reva Parks,3848704215,12262025033000719,Success,
1667,Office,58080 Christian Dam,7280214159,12262025033000719,Success,
14007,Office,29162 Hirthe Crossing,4436097252,12262025033000719,Success,
1667,Office,399 Morar Estate,8865626373,12262025033000719,Success,
14007,Office,562 Chelsey Bridge,7466851072,12262025033000719,Success,
1667,Office,64016 Koepp Light,9507089271,12262025033000719,Success,
14007,Office,91325 Western Avenue,2652402222,12262025033000719,Success,
1667,Office,9983 Krystal Pass,7511572584,12262025033000719,Success,
14007,Office,7513 Park Road,8310564609,12262025033000719,Success,
1667,Office,589 Ash Grove,2517237018,12262025033000719,Success,
14007,Office,167 Park Street,7831732668,12262025033000719,Success,
1667,Office,8296 Dibbert Crossroad,5729645986,12262025033000719,Success,
14007,Office,770 Cassin Crossing,1577014102,12262025033000719,Success,
1667,Office,133 Sydney Crest,2926662093,12262025033000719,Success,
14007,Office,78020 Toy Highway,9425392157,12262025033000719,Success,
1667,Office,1830 South Drive,9791615509,12262025033000719,Success,
14007,Office,8494 Josiane Bridge,6214919680,12262025033000719,Success,
1667,Office,276 Warren Road,6187965354,12262025033000719,Success,
14007,Office,3009 Cedrick Wall,2124503554,12262025033000719,Success,
1667,Office,74233 Ward Field,2144799477,12262025033000719,Success,
14007,Office,79423 The Grange,1753028281,12262025033000719,Success,
1667,Office,61496 Caleigh Keys,6785037813,12262025033000719,Success,
14007,Office,861 Alejandra Ways,5349535649,12262025033000719,Success,
1667,Office,42937 W High Street,5056635727,12262025033000719,Success,
14007,Office,205 Marlborough Road,6400386776,12262025033000719,Success,
1667,Office,46334 Marielle Orchard,6953968505,12262025033000719,Success,
14007,Office,317 Maple Street,8250075695,12262025033000719,Success,
1667,Office,99848 Court Street,4735190979,12262025033000719,Success,
14007,Office,1856 Tate Street,6691700188,12262025033000719,Success,
1667,Office,95231 Smitham Glen,2677731592,12262025033000719,Success,
14007,Office,255 N Market Street,8302800824,12262025033000719,Success,
1667,Office,392 Spinka Rapid,4180909880,12262025033000719,Success,
14007,Office,234 Poplar Road,1651595041,12262025033000719,Success,
1667,Office,968 Broadway Street,6563756765,12262025033000719,Success,
14007,Office,9509 Parisian Radial,7643301902,12262025033000719,Success,
1667,Office,129 Willms Alley,4828673879,12262025033000719,Success,
14007,Office,75714 Toby Spur,9350932342,12262025033000719,Success,
1667,Office,17623 Hillside Close,3886982966,12262025033000719,Success,
14007,Office,52431 Osinski Isle,1496433255,12262025033000719,Success,
1667,Office,331 Gloria Greens,3635278945,12262025033000719,Success,
14007,Office,301 Zulauf Center,5254693494,12262025033000719,Success,
1667,Office,2326 King Branch,2090973034,12262025033000719,Success,
14007,Office,95560 Nola Fork,3574078788,12262025033000719,Success,
1667,Office,47300 Laurianne Causeway,6236384562,12262025033000719,Success,
14007,Office,86214 Amiya Groves,5723110773,12262025033000719,Success,
1667,Office,9225 3rd Street,9502908908,12262025033000719,Success,
14007,Office,84255 Pearl Street,4407425248,12262025033000719,Success,
1667,Office,267 E 7th Street,2967543279,12262025033000719,Success,
14007,Office,13499 Madisyn Points,8241945991,12262025033000719,Success,
1667,Office,1761 Valentina Pine,5994511430,12262025033000719,Success,
14007,Office,8347 Favian Via,1755042306,12262025033000719,Success,
1667,Office,6111 Marisol Corners,5647964896,12262025033000719,Success,
14007,Office,527 Woodland Road,6784718969,12262025033000719,Success,
1667,Office,574 Connelly Locks,3740139425,12262025033000719,Success,
14007,Office,471 S State Street,9642997381,12262025033000719,Success,
1667,Office,674 Anya Passage,9647296637,12262025033000719,Success,
14007,Office,11619 Johnston Mission,4087892488,12262025033000719,Success,
1667,Office,14994 Alexandro Ferry,2967307346,12262025033000719,Success,
14007,Office,833 Beatty Port,6363962752,12262025033000719,Success,
1667,Office,505 Jacobi Fords,2892616824,12262025033000719,Success,
14007,Office,72779 Demarcus Street,3650331282,12262025033000719,Success,
1667,Office,17208 Meadow Drive,2615402894,12262025033000719,Success,
14007,Office,69786 Reichert Mount,8777785796,12262025033000719,Success,
1667,Office,62948 Mary Coves,3752210114,12262025033000719,Success,
14007,Office,25523 Loyce Cliffs,8752286205,12262025033000719,Success,
1667,Office,4763 S Broadway Street,4512085995,12262025033000719,Success,
14007,Office,69420 Norfolk Road,9822320485,12262025033000719,Success,
1667,Office,3967 Dusty Court,9039718851,12262025033000719,Success,
14007,Office,887 Cromwell Road,5947979482,12262025033000719,Success,
1667,Office,11020 Rosalinda Skyway,9744752294,12262025033000719,Success,
14007,Office,8191 1st Avenue,4860673714,12262025033000719,Success,
1667,Office,18830 Crona Creek,3780680030,12262025033000719,Success,
14007,Office,51722 Schaden Turnpike,7256494653,12262025033000719,Success,
1667,Office,57888 Senger Common,9724122569,12262025033000719,Success,
14007,Office,6550 Weldon Mills,3446401812,12262025033000719,Success,
1667,Office,82802 Smith River,7730537320,12262025033000719,Success,
14007,Office,7093 S Oak Street,4609924573,12262025033000719,Success,
1667,Office,5200 Holly Close,1690033168,12262025033000719,Success,
14007,Office,91063 Mike Land,1770359256,12262025033000719,Success,
1667,Office,15148 State Line Road,4747838188,12262025033000719,Success,
14007,Office,37760 Roxane Lakes,6064657842,12262025033000719,Success,
1667,Office,81154 Isabel Park,7822250839,12262025033000719,Success,
14007,Office,726 Schaefer Cove,5599578335,12262025033000719,Success,
1667,Office,1147 Reynolds Villages,7807705365,12262025033000719,Success,
14007,Office,7571 Johnston Wells,4869877296,12262025033000719,Success,
1667,Office,203 Emerson Creek,9733480056,12262025033000719,Success,
14007,Office,2700 The Grange,4763721465,12262025033000719,Success,
1667,Office,51245 Stephen Key,2941910698,12262025033000719,Success,
14007,Office,8105 Windsor Drive,3369452747,12262025033000719,Success,
1667,Office,38726 Park View,8226760485,12262025033000719,Success,
14007,Office,37086 Lebsack Crossroad,2890844284,12262025033000719,Success,
1667,Office,32125 Helena Cape,5162462404,12262025033000719,Success,
14007,Office,9916 Mueller Cape,2969530480,12262025033000719,Success,
1667,Office,2599 Mathilde Falls,7855932260,12262025033000719,Success,
14007,Office,95193 Raheem Isle,8199787340,12262025033000719,Success,
1667,Office,849 Waterside,9557267333,12262025033000719,Success,
14007,Office,414 Shanel Mission,5120325270,12262025033000719,Success,
1667,Office,57438 Murray Green,7809908689,12262025033000719,Success,
14007,Office,45049 Cedar Road,9073239074,12262025033000719,Success,
1667,Office,6218 S Bridge Street,5587138880,12262025033000719,Success,
14007,Office,379 Stoney Lane,3738830694,12262025033000719,Success,
1667,Office,424 Bath Street,9296259777,12262025033000719,Success,
14007,Office,48433 Schimmel Forks,1036682976,12262025033000719,Success,
1667,Office,7058 Jess Course,9647837622,12262025033000719,Success,
14007,Office,4674 Cruickshank Mall,4594525850,12262025033000719,Success,
1667,Office,9556 Jasper Inlet,6246007613,12262025033000719,Success,
14007,Office,25818 Glebe Close,9129267390,12262025033000719,Success,
1667,Office,385 State Road,1047680452,12262025033000719,Success,
14007,Office,65304 Evalyn Extensions,8364097650,12262025033000719,Success,
1667,Office,82316 Kuhlman Greens,3293876651,12262025033000719,Success,
14007,Office,2811 Ottis Meadows,3539940558,12262025033000719,Success,
1667,Office,122 Birch Close,8367490871,12262025033000719,Success,
14007,Office,88713 Lemke Square,4557837334,12262025033000719,Success,
1667,Office,32223 E Walnut Street,3706630246,12262025033000719,Success,
14007,Office,34725 Mohr Freeway,1856800650,12262025033000719,Success,
1667,Office,454 Friesen Union,8379361977,12262025033000719,Success,
14007,Office,872 Weimann Summit,2086578604,12262025033000719,Success,
1667,Office,1081 Doyle Springs,5717150378,12262025033000719,Success,
14007,Office,891 Derby Road,2241887544,12262025033000719,Success,
1667,Office,77502 Ernser Streets,5967826619,12262025033000719,Success,
14007,Office,626 Josephine Forest,9366533134,12262025033000719,Success,
1667,Office,6951 Carlee Village,3961855600,12262025033000719,Success,
14007,Office,13464 Hermiston Branch,5991194755,12262025033000719,Success,
1667,Office,3439 Weimann Key,6234071660,12262025033000719,Success,
14007,Office,86118 Hessel Plaza,6844302769,12262025033000719,Success,
1667,Office,942 Nicole Court,1314456525,12262025033000719,Success,
14007,Office,2965 Yundt Ferry,1295878028,12262025033000719,Success,
1667,Office,60381 Waverley Road,9434676964,12262025033000719,Success,
14007,Office,28685 Sauer Street,2297001708,12262025033000719,Success,
1667,Office,39425 Farrell Estate,3543321862,12262025033000719,Success,
14007,Office,75920 Henry Street,4648787417,12262025033000719,Success,
1667,Office,53657 Faye Square,2532110342,12262025033000719,Success,
14007,Office,9960 Wilderman Forges,9084044325,12262025033000719,Success,
1667,Office,63690 Elwyn Ridge,5703441304,12262025033000719,Success,
14007,Office,32823 Kuphal Point,9527273469,12262025033000719,Success,
1667,Office,40987 Aubree Wells,5558622961,12262025033000719,Success,
14007,Office,27504 Bergnaum Squares,9239826798,12262025033000719,Success,
1667,Office,132 Park Street,9366123965,12262025033000719,Success,
14007,Office,4372 Sporer Path,3732801698,12262025033000719,Success,
1667,Office,210 Riverside Drive,2130256756,12262025033000719,Success,
14007,Office,985 Betsy Estates,6815162276,12262025033000719,Success,
1667,Office,6170 Beech Road,2802111348,12262025033000719,Success,
14007,Office,5185 Blick Groves,5530655334,12262025033000719,Success,
1667,Office,7794 Reinger Loaf,6782268541,12262025033000719,Success,
14007,Office,3685 Sabryna Rapids,5722293525,12262025033000719,Success,
1667,Office,680 Willard Stravenue,5803691247,12262025033000719,Success,
14007,Office,540 Grove Road,2743329979,12262025033000719,Success,
1667,Office,4174 Jamir Route,4840914874,12262025033000719,Success,
14007,Office,361 Oaklands,5790058290,12262025033000719,Success,
1667,Office,50008 The Sidings,4025993119,12262025033000719,Success,
14007,Office,102 Judson Flats,5251228983,12262025033000719,Success,
1667,Office,39050 Aleen Pine,8228627946,12262025033000719,Success,
14007,Office,5155 The Coppice,3623344770,12262025033000719,Success,
1667,Office,63130 E 6th Street,8933186510,12262025033000719,Success,
14007,Office,725 Hessel Meadow,3546380741,12262025033000719,Success,
1667,Office,5959 Lindgren Flats,3665196584,12262025033000719,Success,
14007,Office,394 Gus Keys,4658503541,12262025033000719,Success,
1667,Office,869 Parker Mill,9730405818,12262025033000719,Success,
14007,Office,64335 Prospect Place,1059186690,12262025033000719,Success,
1667,Office,317 Halvorson Estates,7954730138,12262025033000719,Success,
14007,Office,456 Georgianna Spurs,6441908872,12262025033000719,Success,
1667,Office,3404 Pouros Villages,2185189147,12262025033000719,Success,
14007,Office,25190 Rosario Skyway,6028589651,12262025033000719,Success,
1667,Office,88956 Legros Summit,2784176177,12262025033000719,Success,
14007,Office,109 Ebert Burg,7577153838,12262025033000719,Success,
1667,Office,95768 Pine Street,2380600733,12262025033000719,Success,
14007,Office,7536 South Street,3100925016,12262025033000719,Success,
1667,Office,6642 Botsford Keys,9341431818,12262025033000719,Success,
14007,Office,284 Kris Vista,9955310080,12262025033000719,Success,
1667,Office,2464 Windsor Drive,7437224875,12262025033000719,Success,
14007,Office,51961 Pleasant Street,4232206064,12262025033000719,Success,
1667,Office,99840 Schaefer Glen,1003370663,12262025033000719,Success,
14007,Office,7587 Stanton Flat,3469324350,12262025033000719,Success,
1667,Office,8896 Carmelo Loaf,7954491485,12262025033000719,Success,
14007,Office,83708 Elm Grove,7925132663,12262025033000719,Success,
1667,Office,1377 Ottis Fork,8800622147,12262025033000719,Success,
14007,Office,8110 Maci Ford,7611919520,12262025033000719,Success,
1667,Office,844 Frontage Road,4599667288,12262025033000719,Success,
14007,Office,2893 N Park Street,2296656316,12262025033000719,Success,
1667,Office,2646 Birch Road,9016950979,12262025033000719,Success,
14007,Office,1443 Purdy Lake,3618473460,12262025033000719,Success,
1667,Office,72329 Lehner Rapids,6115038280,12262025033000719,Success,
14007,Office,613 Loma Branch,4091274875,12262025033000719,Success,
1667,Office,480 Jordyn Burg,2756531349,12262025033000719,Success,
14007,Office,4102 Julio Park,9123911656,12262025033000719,Success,
1667,Office,3170 New Lane,4059106673,12262025033000719,Success,
14007,Office,678 The Paddocks,7320271899,12262025033000719,Success,
1667,Office,254 Brigitte Station,4458445056,12262025033000719,Success,
14007,Office,5965 Waverley Road,2778548323,12262025033000719,Success,
1667,Office,59247 Mose Bypass,5326728077,12262025033000719,Success,
14007,Office,708 Roberts Throughway,4747524659,12262025033000719,Success,
1667,Office,5468 Dibbert Shoal,9327371628,12262025033000719,Success,
14007,Office,44974 MacGyver Groves,1553894318,12262025033000719,Success,
1667,Office,6852 The Ridings,6151716503,12262025033000719,Success,
14007,Office,2638 Tania Extensions,5659956845,12262025033000719,Success,
1667,Office,931 Vicarage Close,7228396449,12262025033000719,Success,
14007,Office,5216 Schiller Valleys,2218575476,12262025033000719,Success,
1667,Office,4894 Brayan Manors,7315953287,12262025033000719,Success,
14007,Office,34005 Aubrey Drive,9111851236,12262025033000719,Success,
1667,Office,7150 Bergnaum Throughway,6657731403,12262025033000719,Success,
14007,Office,5362 Senger Port,1577297636,12262025033000719,Success,
1667,Office,989 Krajcik Streets,3393211703,12262025033000719,Success,
14007,Office,10488 Brakus Islands,1981332417,12262025033000719,Success,
1667,Office,606 Woodside Road,8452284150,12262025033000719,Success,
14007,Office,81848 E 5th Street,9337744663,12262025033000719,Success,
1667,Office,93715 Jaskolski Garden,2915101041,12262025033000719,Success,
14007,Office,500 Sasha Parkways,2985657149,12262025033000719,Success,
1667,Office,290 Grove Street,7191280025,12262025033000719,Success,
14007,Office,772 Kreiger Greens,9509880380,12262025033000719,Success,
1667,Office,6149 Micaela Garden,9962242815,12262025033000719,Success,
14007,Office,7641 Rod Brook,1219905103,12262025033000719,Success,
1667,Office,79137 Damien Ways,6797388864,12262025033000719,Success,
14007,Office,3872 Sterling Shore,9129759985,12262025033000719,Success,
1667,Office,3689 Coronation Avenue,7210398523,12262025033000719,Success,
14007,Office,216 Marsh Lane,6175134430,12262025033000719,Success,
1667,Office,91192 N Broadway Street,9212761062,12262025033000719,Success,
14007,Office,5021 Chapel Road,1578616149,12262025033000719,Success,
1667,Office,427 Purdy Motorway,7831915461,12262025033000719,Success,
14007,Office,89633 N Park Street,2188038711,12262025033000719,Success,
1667,Office,196 Hilll Junction,4876405027,12262025033000719,Success,
14007,Office,605 Sauer Ville,6475098728,12262025033000719,Success,
1667,Office,5279 Mante Spur,7880924364,12262025033000719,Success,
14007,Office,5220 Martin Luther King Jr Boulevard,8394860698,12262025033000719,Success,
1667,Office,617 Pearline Street,6132096356,12262025033000719,Success,
14007,Office,80413 Gleason Avenue,3405448090,12262025033000719,Success,
1667,Office,1202 Marks Port,2489105417,12262025033000719,Success,
14007,Office,173 Stefan Ports,4809177338,12262025033000719,Success,
1667,Office,843 Walnut Street,1132297454,12262025033000719,Success,
14007,Office,506 Cruickshank Hill,4076638728,12262025033000719,Success,
1667,Office,616 Karolann Loaf,5539518480,12262025033000719,Success,
14007,Office,94671 S 5th Street,9248648081,12262025033000719,Success,
1667,Office,1296 River Road,1119538607,12262025033000719,Success,
14007,Office,523 Nelson Street,3516315015,12262025033000719,Success,
1667,Office,9334 Camilla Crossing,2366812728,12262025033000719,Success,
14007,Office,524 Alma Street,7887177638,12262025033000719,Success,
1667,Office,87490 The Sidings,5557505161,12262025033000719,Success,
14007,Office,2725 State Avenue,3599806734,12262025033000719,Success,
1667,Office,6225 Nora Lock,1059875082,12262025033000719,Success,
14007,Office,21375 Beech Road,7126151678,12262025033000719,Success,
1667,Office,2332 Denesik Trail,9160890809,12262025033000719,Success,
14007,Office,552 Lubowitz Key,4568257725,12262025033000719,Success,
1667,Office,38650 Kaylin Roads,4913987768,12262025033000719,Success,
14007,Office,456 Billy Wall,8067582438,12262025033000719,Success,
1667,Office,5626 East Avenue,8169834729,12262025033000719,Success,
14007,Office,88499 Hegmann Locks,1414997208,12262025033000719,Success,
1667,Office,6568 E 14th Street,3980830351,12262025033000719,Success,
14007,Office,320 Nicolas Viaduct,1736220109,12262025033000719,Success,
1667,Office,419 Edyth Underpass,3896283113,12262025033000719,Success,
14007,Office,154 Myrtie Radial,5064651489,12262025033000719,Success,
1667,Office,806 Lucious Rapid,9248228458,12262025033000719,Success,
14007,Office,912 E 6th Avenue,1371271190,12262025033000719,Success,
1667,Office,292 Macejkovic Court,9226244172,12262025033000719,Success,
14007,Office,13704 Bode Mills,8217094552,12262025033000719,Success,
1667,Office,563 Batz Village,5977602980,12262025033000719,Success,
14007,Office,55498 Uriel Bridge,2222377877,12262025033000719,Success,
1667,Office,72265 Zetta Rapids,9525803201,12262025033000719,Success,
14007,Office,142 Stoney Lane,2713868471,12262025033000719,Success,
1667,Office,57755 Konopelski Streets,1947092755,12262025033000719,Success,
14007,Office,528 Cherry Close,5391889496,12262025033000719,Success,
1667,Office,44277 Ethan Square,3655794859,12262025033000719,Success,
14007,Office,594 Kallie Rapids,4707917296,12262025033000719,Success,
1667,Office,552 Hill Street,2669138241,12262025033000719,Success,
14007,Office,6711 Chapel Hill,5197921476,12262025033000719,Success,
1667,Office,8781 Ebony Mission,9259304613,12262025033000719,Success,
14007,Office,2099 Hermiston Mills,1146998247,12262025033000719,Success,
1667,Office,68234 Jacobson Overpass,7689312399,12262025033000719,Success,
14007,Office,9858 Stoltenberg Port,5791974477,12262025033000719,Success,
1667,Office,240 Roman Road,9649497875,12262025033000719,Success,
14007,Office,492 S Broadway Street,4647239142,12262025033000719,Success,
1667,Office,708 Strosin Ridges,3513228904,12262025033000719,Success,
14007,Office,278 Malinda Valleys,3534462373,12262025033000719,Success,
1667,Office,13186 Thiel Turnpike,5064346905,12262025033000719,Success,
14007,Office,552 Frontage Road,2191999973,12262025033000719,Success,
1667,Office,214 Jayme Landing,9775973587,12262025033000719,Success,
14007,Office,2621 Danika Mountains,6554874948,12262025033000719,Success,
1667,Office,194 Birch Grove,2042303658,12262025033000719,Success,
14007,Office,9381 Cedar Street,3128819643,12262025033000719,Success,
1667,Office,647 Columbia Avenue,7088744120,12262025033000719,Success,
14007,Office,1354 Ransom Courts,4875478650,12262025033000719,Success,
1667,Office,76746 Hillside Road,9417612968,12262025033000719,Success,
14007,Office,2960 Mayra Turnpike,5539936076,12262025033000719,Success,
1667,Office,60978 O'Reilly Knolls,9326509680,12262025033000719,Success,
14007,Office,666 Oak Drive,6132161288,12262025033000719,Success,
1667,Office,6045 David Dam,2946021465,12262025033000719,Success,
14007,Office,78296 Rosamond Curve,1455822757,12262025033000719,Success,
1667,Office,855 Marvin Grove,3354535085,12262025033000719,Success,
14007,Office,1990 Darrell Rue,9203671994,12262025033000719,Success,
1667,Office,11048 Stefanie Ridge,8226183529,12262025033000719,Success,
14007,Office,499 Cydney Mission,1258775380,12262025033000719,Success,
1667,Office,4040 Antonetta Ridges,3202474583,12262025033000719,Success,
14007,Office,43663 Leila Junctions,9604671086,12262025033000719,Success,
1667,Office,87356 Brock Forge,4150346851,12262025033000719,Success,
14007,Office,540 Considine Wells,1929259925,12262025033000719,Success,
1667,Office,1456 S Washington Street,7637136566,12262025033000719,Success,
14007,Office,78978 The Fairway,6108735898,12262025033000719,Success,
1667,Office,86592 D'Amore Springs,7417340901,12262025033000719,Success,
14007,Office,43762 Arlo Park,2265633324,12262025033000719,Success,
1667,Office,169 Walter Stream,8790979375,12262025033000719,Success,
14007,Office,747 Medhurst Walk,2141236973,12262025033000719,Success,
1667,Office,946 Bruen Turnpike,2601841336,12262025033000719,Success,
14007,Office,806 Broad Lane,2681750733,12262025033000719,Success,
1667,Office,29555 Veum Hills,3363550773,12262025033000719,Success,
14007,Office,59685 Willow Road,3851892665,12262025033000719,Success,
1667,Office,12580 Amaya Crest,1000114199,12262025033000719,Success,
14007,Office,847 Dewitt Spur,6227731008,12262025033000719,Success,
1667,Office,6081 Manor Close,6726748911,12262025033000719,Success,
14007,Office,53431 Margot Plaza,9257123973,12262025033000719,Success,
1667,Office,482 Abbey Road,7432747152,12262025033000719,Success,
14007,Office,3466 Elmo Rest,3176714942,12262025033000719,Success,
1667,Office,6427 Mathias Isle,4325709043,12262025033000719,Success,
14007,Office,159 Cedar Avenue,7565421947,12262025033000719,Success,
1667,Office,55970 Efrain Forge,7079836403,12262025033000719,Success,
14007,Office,4786 Sydni Path,4574969637,12262025033000719,Success,
1667,Office,441 Broadway Avenue,8332673438,12262025033000719,Success,
14007,Office,790 Lenora Dam,3895664544,12262025033000719,Success,
1667,Office,921 Jubilee Close,4600047638,12262025033000719,Success,
14007,Office,17224 Gregory Turnpike,3168535265,12262025033000719,Success,
1667,Office,536 Hauck Place,8082676418,12262025033000719,Success,
14007,Office,57628 Edmund Street,6989874010,12262025033000719,Success,
1667,Office,210 Fahey Plain,9189137856,12262025033000719,Success,
14007,Office,40695 Kingsway,1436676638,12262025033000719,Success,
1667,Office,88501 Church Avenue,8286562216,12262025033000719,Success,
14007,Office,185 South Road,7744942088,12262025033000719,Success,
1667,Office,50552 S State Street,4324929835,12262025033000719,Success,
14007,Office,49532 Marian Glens,4097468150,12262025033000719,Success,
1667,Office,655 Koch Walk,1247416039,12262025033000719,Success,
14007,Office,645 Durgan Flat,9973902787,12262025033000719,Success,
1667,Office,91367 Welch Turnpike,4244074738,12262025033000719,Success,
14007,Office,772 S Monroe Street,7393422227,12262025033000719,Success,
1667,Office,5200 College Street,7466874041,12262025033000719,Success,
14007,Office,2586 Ricardo Meadow,1690933289,12262025033000719,Success,
1667,Office,267 Stoltenberg Center,7251836745,12262025033000719,Success,
14007,Office,345 Pollich Ports,1029206448,12262025033000719,Success,
1667,Office,951 Frami Creek,5938408489,12262025033000719,Success,
14007,Office,26755 Hans Ranch,3255140197,12262025033000719,Success,
1667,Office,234 Jaquan Forest,5629399520,12262025033000719,Success,
14007,Office,291 S Lincoln Street,2779677132,12262025033000719,Success,
1667,Office,53581 Quincy Lights,3375125455,12262025033000719,Success,
14007,Office,7416 Bedford Road,4895602991,12262025033000719,Success,
1667,Office,688 Dino Lodge,7182422011,12262025033000719,Success,
14007,Office,375 Littel Walk,9237941126,12262025033000719,Success,
1667,Office,69866 Hills Throughway,2375614910,12262025033000719,Success,
14007,Office,262 W 7th Street,2263588180,12262025033000719,Success,
1667,Office,284 Bluebell Close,8114715107,12262025033000719,Success,
14007,Office,127 Hamill Rapids,4353713860,12262025033000719,Success,
1667,Office,229 Huels Mill,6261200500,12262025033000719,Success,
14007,Office,715 Parisian Underpass,6146875668,12262025033000719,Success,
1667,Office,775 Buddy Spurs,1475140755,12262025033000719,Success,
14007,Office,995 Botsford Orchard,4605769126,12262025033000719,Success,
1667,Office,49934 Nelda Rapid,4938975457,12262025033000719,Success,
14007,Office,296 Wunsch Highway,6285971824,12262025033000719,Success,
1667,Office,42297 Loma Spurs,1200607598,12262025033000719,Success,
14007,Office,817 Teagan Islands,7302175993,12262025033000719,Success,
1667,Office,91517 Kuhlman Parks,6436826819,12262025033000719,Success,
14007,Office,6830 Leon Overpass,3832219407,12262025033000719,Success,
1667,Office,19804 Theodore Inlet,2092486803,12262025033000719,Success,
14007,Office,401 Rebecca Track,6106492006,12262025033000719,Success,
1667,Office,560 Bluebell Close,7674714421,12262025033000719,Success,
14007,Office,7392 Middle Street,1658388593,12262025033000719,Success,
1667,Office,607 S Mill Street,4319229804,12262025033000719,Success,
14007,Office,866 Grady Drives,7617044785,12262025033000719,Success,
1667,Office,69209 Bernie Falls,4752284907,12262025033000719,Success,
14007,Office,6157 W Church Street,6508905833,12262025033000719,Success,
1667,Office,7958 Lansdowne Road,2498841038,12262025033000719,Success,
14007,Office,416 Huels Lodge,7799738611,12262025033000719,Success,
1667,Office,29833 Kozey Plaza,3710827916,12262025033000719,Success,
14007,Office,7281 Kyler Key,1803699682,12262025033000719,Success,
1667,Office,86731 Farrell Ports,6177941706,12262025033000719,Success,
14007,Office,31360 Ortiz Union,1058326812,12262025033000719,Success,
1667,Office,47782 Lafayette Street,1612973325,12262025033000719,Success,
14007,Office,5585 Heller Curve,9025477168,12262025033000719,Success,
1667,Office,73217 Quentin Expressway,9500326531,12262025033000719,Success,
14007,Office,70322 Zack Mews,8358010041,12262025033000719,Success,
1667,Office,442 Fritz View,3058950374,12262025033000719,Success,
14007,Office,168 Modesta Groves,7279745105,12262025033000719,Success,
1667,Office,99060 Schaden Place,5104382937,12262025033000719,Success,
14007,Office,7403 Dickens Radial,7234405705,12262025033000719,Success,
1667,Office,46181 Otho Views,4134335414,12262025033000719,Success,
14007,Office,734 Oxford Road,4938022819,12262025033000719,Success,
1667,Office,613 Lincoln Avenue,6724114363,12262025033000719,Success,
14007,Office,115 Moen Cape,5200138485,12262025033000719,Success,
1667,Office,86015 Lolita Hollow,3671230895,12262025033000719,Success,
14007,Office,5554 Fairfield Road,9582920105,12262025033000719,Success,
1667,Office,988 Janick Shoals,5480136128,12262025033000719,Success,
14007,Office,2895 Thad Track,4743602009,12262025033000719,Success,
1667,Office,92228 Manor Way,9206453670,12262025033000719,Success,
14007,Office,59751 Locust Street,9541131204,12262025033000719,Success,
1667,Office,19050 Hazel Grove,9757531865,12262025033000719,Success,
14007,Office,3863 Karina Valley,3598044756,12262025033000719,Success,
1667,Office,54499 Elias Divide,6861606541,12262025033000719,Success,
14007,Office,906 W Front Street,9093180916,12262025033000719,Success,
1667,Office,55189 N Market Street,9781022060,12262025033000719,Success,
14007,Office,905 Sedrick Camp,5308983876,12262025033000719,Success,
1667,Office,4436 W Division Street,1545603013,12262025033000719,Success,
14007,Office,78869 Arnaldo Mills,3178357466,12262025033000719,Success,
1667,Office,104 Enola Knolls,7585062057,12262025033000719,Success,
14007,Office,9470 Johnson Street,2219122857,12262025033000719,Success,
1667,Office,6832 Allen Mount,3503833035,12262025033000719,Success,
14007,Office,613 Emie Knoll,7151314657,12262025033000719,Success,
1667,Office,403 E Broad Street,6504741746,12262025033000719,Success,
14007,Office,57093 N Lincoln Street,1160295870,12262025033000719,Success,
1667,Office,9691 King Street,1326179787,12262025033000719,Success,
14007,Office,3989 Waters Extensions,6820795049,12262025033000719,Success,
1667,Office,6768 Richie Pass,8600027841,12262025033000719,Success,
14007,Office,5525 Vinnie Harbor,5755404590,12262025033000719,Success,
1667,Office,17487 Mariela Lock,8268574709,12262025033000719,Success,
14007,Office,572 Windler Isle,5029864063,12262025033000719,Success,
1667,Office,42179 Okey Route,8115182314,12262025033000719,Success,
14007,Office,481 Alfred Street,6683488725,12262025033000719,Success,
1667,Office,8644 Ernser Brook,2504869076,12262025033000719,Success,
14007,Office,7359 Pascale Wall,8824510759,12262025033000719,Success,
1667,Office,507 Brennan Corner,1805042499,12262025033000719,Success,
14007,Office,34595 Bins Extensions,4829268846,12262025033000719,Success,
1667,Office,85333 Willow Close,2944626311,12262025033000719,Success,
14007,Office,16688 Lincoln Highway,8793925250,12262025033000719,Success,
1667,Office,67937 Lavon Bridge,9433561824,12262025033000719,Success,
14007,Office,7482 6th Avenue,4823708428,12262025033000719,Success,
1667,Office,90192 Antonina Rest,9966632152,12262025033000719,Success,
14007,Office,258 Harris Lock,7482718525,12262025033000719,Success,
1667,Office,526 Pink Keys,6391993705,12262025033000719,Success,
14007,Office,742 Woodlands Road,9118506985,12262025033000719,Success,
1667,Office,494 Cartwright Haven,2953311505,12262025033000719,Success,
14007,Office,6208 Nicolette Meadows,6313793584,12262025033000719,Success,
1667,Office,145 Predovic Forest,1696270922,12262025033000719,Success,
14007,Office,700 Holden Dam,5567108751,12262025033000719,Success,
1667,Office,492 Park View,1298554803,12262025033000719,Success,
14007,Office,5800 The Dell,7164118543,12262025033000719,Success,
1667,Office,11134 Wunsch Trace,4136219920,12262025033000719,Success,
14007,Office,360 Von Ways,3492542219,12262025033000719,Success,
1667,Office,62734 Hazel Close,9510316359,12262025033000719,Success,
14007,Office,1807 W 8th Street,5526628175,12262025033000719,Success,
1667,Office,9176 Micaela Mountain,5868819372,12262025033000719,Success,
14007,Office,57860 Conn Village,2056892295,12262025033000719,Success,
1667,Office,1802 Maple Drive,6634628004,12262025033000719,Success,
14007,Office,762 The Green,6159221446,12262025033000719,Success,
1667,Office,10040 7th Street,1788674062,12262025033000719,Success,
14007,Office,6284 Veum Port,9559401903,12262025033000719,Success,
1667,Office,25770 Main Road,5613547708,12262025033000719,Success,
14007,Office,6643 N Park Street,1091925531,12262025033000719,Success,
1667,Office,5317 Deckow Crescent,2422377875,12262025033000719,Success,
14007,Office,33456 Prospect Road,5999231671,12262025033000719,Success,
1667,Office,2729 Ila Roads,3919435153,12262025033000719,Success,
14007,Office,405 Honeysuckle Close,1439781520,12262025033000719,Success,
1667,Office,397 Erdman Walk,4136560945,12262025033000719,Success,
14007,Office,652 Commercial Road,1856911475,12262025033000719,Success,
1667,Office,3431 Champlin Expressway,2117236921,12262025033000719,Success,
14007,Office,342 Ted Hill,2783751848,12262025033000719,Success,
1667,Office,295 Langworth Mountains,8267964606,12262025033000719,Success,
14007,Office,265 W 4th Avenue,9015329860,12262025033000719,Success,
1667,Office,2492 Pine Grove,4614487032,12262025033000719,Success,
14007,Office,18421 Daphnee Springs,2571223154,12262025033000719,Success,
1667,Office,2780 Broadway,8491200402,12262025033000719,Success,
14007,Office,7014 Birch Close,5007448565,12262025033000719,Success,
1667,Office,4898 Brenden Cliff,1993974795,12262025033000719,Success,
14007,Office,3231 Lindgren Lakes,1721537208,12262025033000719,Success,
1667,Office,845 Lynch Forges,2987093860,12262025033000719,Success,
14007,Office,275 Dicki Light,2761863828,12262025033000719,Success,
1667,Office,5587 Long Lane,6395897384,12262025033000719,Success,
14007,Office,4693 Michael Parks,6902517777,12262025033000719,Success,
1667,Office,33589 S Grand Avenue,9584707574,12262025033000719,Success,
14007,Office,94102 Leannon Path,4605055794,12262025033000719,Success,
1667,Office,97065 S Union Street,6408891899,12262025033000719,Success,
14007,Office,8161 Eryn Court,8249077960,12262025033000719,Success,
1667,Office,78585 Bath Street,1473882633,12262025033000719,Success,
14007,Office,867 Thiel Flats,9183149601,12262025033000719,Success,
1667,Office,4026 Meadow Drive,8240561074,12262025033000719,Success,
14007,Office,117 Prospect Road,9389470636,12262025033000719,Success,
1667,Office,6148 Lyla Plain,4373934883,12262025033000719,Success,
14007,Office,929 Jessyca Streets,7233429937,12262025033000719,Success,
1667,Office,51054 Schuppe Courts,5074153873,12262025033000719,Success,
14007,Office,641 Schoen Skyway,6259143579,12262025033000719,Success,
1667,Office,571 Batz Turnpike,8948922475,12262025033000719,Success,
14007,Office,469 Norene Mount,9352871452,12262025033000719,Success,
1667,Office,20286 Stephan Brook,7811551801,12262025033000719,Success,
14007,Office,83767 E Broadway Street,8859990713,12262025033000719,Success,
1667,Office,614 Narciso Lights,9385374589,12262025033000719,Success,
14007,Office,2815 W North Street,6862381775,12262025033000719,Success,
1667,Office,9943 5th Street,5391708668,12262025033000719,Success,
14007,Office,27856 County Line Road,3678244309,12262025033000719,Success,
1667,Office,5951 Medhurst Point,4990123361,12262025033000719,Success,
14007,Office,23403 Florencio Tunnel,1683199180,12262025033000719,Success,
1667,Office,6797 Murphy Junction,8044587266,12262025033000719,Success,
14007,Office,40200 Nienow Spurs,1915949389,12262025033000719,Success,
1667,Office,46087 Sanford Square,6212681468,12262025033000719,Success,
14007,Office,88283 W 14th Street,3614153109,12262025033000719,Success,
1667,Office,74793 Jessica Greens,8855254324,12262025033000719,Success,
14007,Office,467 Joey Brook,6146245313,12262025033000719,Success,
1667,Office,1040 Ondricka Dale,6855051792,12262025033000719,Success,
14007,Office,664 Kylee Knoll,1915300095,12262025033000719,Success,
1667,Office,65559 West Road,6130629550,12262025033000719,Success,
14007,Office,3251 Leonel Parkway,4987462803,12262025033000719,Success,
1667,Office,230 Joanne Glens,1816027146,12262025033000719,Success,
14007,Office,53981 Toy Trail,4760654658,12262025033000719,Success,
1667,Office,5125 Okuneva Points,3735648566,12262025033000719,Success,
14007,Office,28656 Roob Ranch,2787131917,12262025033000719,Success,
1667,Office,82585 Zachary Loop,3523038728,12262025033000719,Success,
14007,Office,876 Witting Dale,8219093780,12262025033000719,Success,
1667,Office,617 King's Road,3205731275,12262025033000719,Success,
14007,Office,1907 Jackson Avenue,2611823244,12262025033000719,Success,
1667,Office,710 Strosin Forks,3959343856,12262025033000719,Success,
14007,Office,83618 Meadow Way,9106730786,12262025033000719,Success,
1667,Office,886 Kreiger Glen,5150721689,12262025033000719,Success,
14007,Office,470 Kulas Path,3170674341,12262025033000719,Success,
1667,Office,7965 Luna Canyon,1532462908,12262025033000719,Success,
14007,Office,7863 Becker Greens,7871941578,12262025033000719,Success,
1667,Office,8375 Trantow Loop,6230683246,12262025033000719,Success,
14007,Office,87238 White Green,1851710865,12262025033000719,Success,
1667,Office,84738 Maeve Branch,3471298643,12262025033000719,Success,
14007,Office,48500 Fritsch Cliff,8163578985,12262025033000719,Success,
1667,Office,5407 Madison Avenue,2384494083,12262025033000719,Success,
14007,Office,23493 Buck Wall,6533034550,12262025033000719,Success,
1667,Office,912 Alanna Court,3218116217,12262025033000719,Success,
14007,Office,6117 Herminio Flats,6698130197,12262025033000719,Success,
1667,Office,5440 Woodlands Close,9961209914,12262025033000719,Success,
14007,Office,55117 Welch Unions,5733815394,12262025033000719,Success,
1667,Office,73207 Auer Canyon,7093918135,12262025033000719,Success,
14007,Office,8419 Mac Dale,8681714694,12262025033000719,Success,
1667,Office,787 Heber Glen,3014112568,12262025033000719,Success,
14007,Office,304 Kunde Villages,6327915774,12262025033000719,Success,
1667,Office,165 Considine Ranch,6319569286,12262025033000719,Success,
14007,Office,18472 Devonshire Road,2872647310,12262025033000719,Success,
1667,Office,816 Torphy Heights,1297617979,12262025033000719,Success,
14007,Office,99326 Dexter Harbor,4179849789,12262025033000719,Success,
1667,Office,522 The Orchard,8793908860,12262025033000719,Success,
14007,Office,831 Gillian Island,8225837426,12262025033000719,Success,
1667,Office,79472 Grady Flat,5034601943,12262025033000719,Success,
14007,Office,5419 Reichert Mall,3046868982,12262025033000719,Success,
1667,Office,4842 Oak Lane,6470497907,12262025033000719,Success,
14007,Office,8636 Libby Cove,8342341229,12262025033000719,Success,
1667,Office,397 McLaughlin Mill,2822733194,12262025033000719,Success,
14007,Office,3254 New Road,6154522125,12262025033000719,Success,
1667,Office,65423 7th Avenue,2688517360,12262025033000719,Success,
14007,Office,4203 Boris Flat,1813372564,12262025033000719,Success,
1667,Office,9900 Heath Road,3993633566,12262025033000719,Success,
14007,Office,899 S 1st Avenue,3216153317,12262025033000719,Success,
1667,Office,567 Von Ford,3729583690,12262025033000719,Success,
14007,Office,1668 Doyle Club,4413959593,12262025033000719,Success,
1667,Office,299 Rosanna Courts,6668828077,12262025033000719,Success,
14007,Office,10308 Wehner Bridge,2464746778,12262025033000719,Success,
1667,Office,111 Jefferson Avenue,7713085211,12262025033000719,Success,
14007,Office,562 Kertzmann Camp,8517839060,12262025033000719,Success,
1667,Office,80141 Klocko Stravenue,9364616956,12262025033000719,Success,
14007,Office,90770 Pansy Pine,1887184704,12262025033000719,Success,
1667,Office,84421 Johnson Parkway,5349164753,12262025033000719,Success,
14007,Office,534 Mayert Rest,2324316685,12262025033000719,Success,
1667,Office,9447 Alex Green,7038889324,12262025033000719,Success,
14007,Office,61451 Hintz Falls,2846633638,12262025033000719,Success,
1667,Office,38713 12th Street,2611013577,12262025033000719,Success,
14007,Office,2825 The Avenue,5111065052,12262025033000719,Success,
1667,Office,8320 Crona Cliff,8444170922,12262025033000719,Success,
14007,Office,81421 Woodland Road,1444285512,12262025033000719,Success,
1667,Office,43140 Georgianna Bypass,4173864258,12262025033000719,Success,
14007,Office,64108 Sauer Circles,8256638101,12262025033000719,Success,
1667,Office,5098 Jaiden Gardens,9743508605,12262025033000719,Success,
14007,Office,66089 Dicki Dale,4628671913,12262025033000719,Success,
1667,Office,506 S Elm Street,2900126398,12262025033000719,Success,
14007,Office,35854 N 1st Street,3127259002,12262025033000719,Success,
1667,Office,523 Stiedemann Views,5749920352,12262025033000719,Success,
14007,Office,289 Weimann Lock,6646505588,12262025033000719,Success,
1667,Office,120 Orchard Road,3160881914,12262025033000719,Success,
14007,Office,438 Walnut Close,7247137616,12262025033000719,Success,
1667,Office,186 Marcelino Knoll,8487791363,12262025033000719,Success,
14007,Office,6980 Kory Place,7561037144,12262025033000719,Success,
1667,Office,6619 Myrtis Parkway,6325383582,12262025033000719,Success,
14007,Office,352 Valley Road,3314121486,12262025033000719,Success,
1667,Office,2010 Rhoda Skyway,8939577973,12262025033000719,Success,
14007,Office,71733 Hank Ridge,2660434254,12262025033000719,Success,
1667,Office,28104 Chestnut Drive,7579587338,12262025033000719,Success,
14007,Office,963 Willow Drive,3935824424,12262025033000719,Success,
1667,Office,8080 Mill Street,3931658470,12262025033000719,Success,
14007,Office,579 W 8th Street,5213157753,12262025033000719,Success,
1667,Office,75523 Gordon Road,5677563220,12262025033000719,Success,
14007,Office,2794 Millie View,9244471141,12262025033000719,Success,
1667,Office,24044 E Oak Street,6334241533,12262025033000719,Success,
14007,Office,87407 Lynch Forest,8973309733,12262025033000719,Success,
1667,Office,8945 W 2nd Street,1063806605,12262025033000719,Success,
14007,Office,2682 Runolfsson Burgs,6158150317,12262025033000719,Success,
1667,Office,4840 Corine Fort,8995213743,12262025033000719,Success,
14007,Office,23220 Kadin Valleys,7434595704,12262025033000719,Success,
1667,Office,1472 The Beeches,1171678361,12262025033000719,Success,
14007,Office,8235 Yvette Canyon,9056031440,12262025033000719,Success,
1667,Office,24617 Welch Court,6983986968,12262025033000719,Success,
14007,Office,835 Martine Garden,1699531979,12262025033000719,Success,
1667,Office,1239 The Oval,3761710054,12262025033000719,Success,
14007,Office,6131 Vernon Manor,1246878931,12262025033000719,Success,
1667,Office,9846 Smith Street,9719397511,12262025033000719,Success,
14007,Office,74164 Raynor Loop,8730243524,12262025033000719,Success,
1667,Office,167 Orin Camp,5605689594,12262025033000719,Success,
14007,Office,38645 Highfield Avenue,9270588078,12262025033000719,Success,
1667,Office,824 Hettinger Dale,6768016122,12262025033000719,Success,
14007,Office,95151 Jovani Cliff,4571730219,12262025033000719,Success,
1667,Office,14573 N Cedar Street,7148571155,12262025033000719,Success,
14007,Office,769 Heidenreich Route,1391701654,12262025033000719,Success,
1667,Office,792 Tad Forge,5125947020,12262025033000719,Success,
14007,Office,909 W Center Street,5524332161,12262025033000719,Success,
1667,Office,835 Gulgowski Hill,5316228501,12262025033000719,Success,
14007,Office,564 Grove Street,6686984425,12262025033000719,Success,
1667,Office,82831 Christiansen Isle,1698923108,12262025033000719,Success,
14007,Office,6355 The Paddocks,4046668086,12262025033000719,Success,
1667,Office,77143 S 4th Street,3439590515,12262025033000719,Success,
14007,Office,5217 Oak Avenue,7790915716,12262025033000719,Success,
1667,Office,1882 Barton Squares,3923097232,12262025033000719,Success,
14007,Office,9683 Edward Street,2052769712,12262025033000719,Success,
1667,Office,761 S 7th Street,9152902550,12262025033000719,Success,
14007,Office,1277 Jordi Camp,6561317373,12262025033000719,Success,
1667,Office,859 W Main Street,5095276320,12262025033000719,Success,
14007,Office,642 Donnelly Hills,1175318913,12262025033000719,Success,
1667,Office,1789 Madison Avenue,5420106595,12262025033000719,Success,
14007,Office,7916 Elyse Unions,8997014360,12262025033000719,Success,
1667,Office,3608 Domenica Harbor,8627927130,12262025033000719,Success,
14007,Office,88114 Amie Burgs,9801088415,12262025033000719,Success,
1667,Office,54969 Paucek Mission,3698940089,12262025033000719,Success,
14007,Office,902 Reichert Heights,7938920931,12262025033000719,Success,
1667,Office,500 Amaya Mews,6839071013,12262025033000719,Success,
14007,Office,7971 Flatley Oval,8493732057,12262025033000719,Success,
1667,Office,6918 Batz Drive,9329652268,12262025033000719,Success,
14007,Office,71783 Spencer Wall,5453181665,12262025033000719,Success,
1667,Office,456 N Franklin Street,5199827254,12262025033000719,Success,
14007,Office,575 Highfield Avenue,9134556657,12262025033000719,Success,
1667,Office,7501 Armani Drive,1240757760,12262025033000719,Success,
14007,Office,36348 Gloucester Road,3377721401,12262025033000719,Success,
1667,Office,950 The Orchard,5856641885,12262025033000719,Success,
14007,Office,661 Heaney Ridge,7793878725,12262025033000719,Success,
1667,Office,40112 Alma Street,1411638105,12262025033000719,Success,
14007,Office,231 Zulauf Underpass,5163004010,12262025033000719,Success,
1667,Office,4372 Rod Club,6515995155,12262025033000719,Success,
14007,Office,10819 Fay Lake,1836451224,12262025033000719,Success,
1667,Office,1734 Hall Lane,3753182625,12262025033000719,Success,
14007,Office,6099 Dorris Viaduct,6582178888,12262025033000719,Success,
1667,Office,590 Hettie Estates,1140884236,12262025033000719,Success,
14007,Office,6170 Romaguera Bridge,8343257041,12262025033000719,Success,
1667,Office,9975 Waelchi Junctions,1646793058,12262025033000719,Success,
14007,Office,31418 Finn Hill,8247654909,12262025033000719,Success,
1667,Office,539 Railway Street,1712552867,12262025033000719,Success,
14007,Office,6092 Alphonso Rest,3061097513,12262025033000719,Success,
1667,Office,106 Woodlands,2371092891,12262025033000719,Success,
14007,Office,863 Gibson Brooks,4172965877,12262025033000719,Success,
1667,Office,180 Watson Gardens,2379770480,12262025033000719,Success,
14007,Office,58479 Fisher Manor,1566716738,12262025033000719,Success,
1667,Office,73648 Paucek Common,8759590095,12262025033000719,Success,
14007,Office,31962 Dedric Green,7378694825,12262025033000719,Success,
1667,Office,68897 Old State Road,9831479371,12262025033000719,Success,
14007,Office,7266 Field Lane,1664179705,12262025033000719,Success,
1667,Office,273 Runolfsson Pike,6493859962,12262025033000719,Success,
14007,Office,478 Runolfsdottir Court,7620483417,12262025033000719,Success,
1667,Office,23014 Ratke Points,2657105899,12262025033000719,Success,
14007,Office,857 E Washington Avenue,1424840050,12262025033000719,Success,
1667,Office,72296 Medhurst Pike,9750250821,12262025033000719,Success,
14007,Office,9923 Coy Parkway,2062090071,12262025033000719,Success,
1667,Office,1980 Melissa Corners,6454514427,12262025033000719,Success,
14007,Office,18243 Broad Street,8705721682,12262025033000719,Success,
1667,Office,105 Sporer Vista,4797317504,12262025033000719,Success,
14007,Office,3193 Albion Street,5872672083,12262025033000719,Success,
1667,Office,72528 Lake Road,3271716020,12262025033000719,Success,
14007,Office,50893 Oxford Road,8537236500,12262025033000719,Success,
1667,Office,44415 Weissnat Villages,2840379753,12262025033000719,Success,
14007,Office,7829 Quigley Keys,3518542953,12262025033000719,Success,
1667,Office,28079 Burnice Common,2648630852,12262025033000719,Success,
14007,Office,5833 Ray Lane,3055775723,12262025033000719,Success,
1667,Office,4356 10th Street,1176491563,12262025033000719,Success,
14007,Office,14243 Darian Trail,9815827882,12262025033000719,Success,
1667,Office,19958 Shaniya Square,7353994624,12262025033000719,Success,
14007,Office,97524 Farm Close,6762361411,12262025033000719,Success,
1667,Office,676 Sandringham Road,3217057839,12262025033000719,Success,
14007,Office,665 Kylee Estates,6891985472,12262025033000719,Success,
1667,Office,7967 Precious Circle,7352605205,12262025033000719,Success,
14007,Office,50225 Castle Lane,8643154585,12262025033000719,Success,
1667,Office,77933 Rice Hollow,2295429646,12262025033000719,Success,
14007,Office,142 Riverside,8916245324,12262025033000719,Success,
1667,Office,2295 W Center Street,8874798653,12262025033000719,Success,
14007,Office,127 Green Field,2425918516,12262025033000719,Success,
1667,Office,914 Kuvalis Crescent,3240768149,12262025033000719,Success,
14007,Office,23770 Williamson Trafficway,6378283133,12262025033000719,Success,
1667,Office,485 Bogisich Harbor,3153768572,12262025033000719,Success,
14007,Office,66686 Oak Drive,5690501252,12262025033000719,Success,
1667,Office,8957 Windler Glen,8090493834,12262025033000719,Success,
14007,Office,3690 Emma Valleys,4937159162,12262025033000719,Success,
1667,Office,581 Baker Street,5186729212,12262025033000719,Success,
14007,Office,8463 Howard Road,9574553754,12262025033000719,Success,
1667,Office,80556 Chestnut Grove,3066742224,12262025033000719,Success,
14007,Office,3647 Chandler Ville,8547905115,12262025033000719,Success,
1667,Office,562 Hintz Islands,2647656510,12262025033000719,Success,
14007,Office,9173 Berenice Creek,9532481126,12262025033000719,Success,
1667,Office,9284 Hollie Dale,2862988242,12262025033000719,Success,
14007,Office,4072 Colton Lodge,5812030507,12262025033000719,Success,
1667,Office,792 Devonshire Road,9623271877,12262025033000719,Success,
14007,Office,89389 Zboncak Roads,1838899162,12262025033000719,Success,
1667,Office,2316 Trantow Fork,5515133005,12262025033000719,Success,
14007,Office,239 Bryon Branch,5158795708,12262025033000719,Success,
1667,Office,61649 S Pine Street,1939221508,12262025033000719,Success,
14007,Office,5441 Santiago Spurs,7308296773,12262025033000719,Success,
1667,Office,83344 Kianna Village,5017137443,12262025033000719,Success,
14007,Office,823 Eudora Rest,7678372980,12262025033000719,Success,
1667,Office,7251 Weber Skyway,6665669979,12262025033000719,Success,
14007,Office,10491 Selena Light,9093539625,12262025033000719,Success,
1667,Office,342 W 8th Street,5882524605,12262025033000719,Success,
14007,Office,8959 Corkery Glen,8610580376,12262025033000719,Success,
1667,Office,48870 River Road,6533268896,12262025033000719,Success,
14007,Office,41373 Jakubowski Shores,2575314392,12262025033000719,Success,
1667,Office,27042 Beach Road,2013120273,12262025033000719,Success,
14007,Office,905 Grimes Ridges,3643436399,12262025033000719,Success,
1667,Office,51790 Verlie Groves,5337345105,12262025033000719,Success,
14007,Office,3168 Nitzsche Ramp,4395228417,12262025033000719,Success,
1667,Office,145 Cedar Grove,8924347467,12262025033000719,Success,
14007,Office,11950 North Road,5099417039,12262025033000719,Success,
1667,Office,96896 Durgan Grove,2926325884,12262025033000719,Success,
14007,Office,41896 Jacobs Mall,3817106531,12262025033000719,Success,
1667,Office,63650 Paris Wall,9351131274,12262025033000719,Success,
14007,Office,625 Kemmer Alley,4576258683,12262025033000719,Success,
1667,Office,633 Francisca Park,6945138941,12262025033000719,Success,
14007,Office,9637 Hammes Ranch,4888593119,12262025033000719,Success,
1667,Office,9729 E Jackson Street,8155734996,12262025033000719,Success,
14007,Office,246 Fay Mews,1625559004,12262025033000719,Success,
1667,Office,12632 Dereck Valleys,6514605738,12262025033000719,Success,
14007,Office,864 Ethel Hill,6591038334,12262025033000719,Success,
1667,Office,6078 Kathleen Falls,9522346722,12262025033000719,Success,
14007,Office,6561 Demarcus Crest,4128021606,12262025033000719,Success,
1667,Office,7252 Cummings Valleys,6850758187,12262025033000719,Success,
14007,Office,107 Lancaster Road,2179997160,12262025033000719,Success,
1667,Office,21415 Church Avenue,7463142672,12262025033000719,Success,
14007,Office,4374 Locust Street,5862194295,12262025033000719,Success,
1667,Office,33423 Church Path,1194686406,12262025033000719,Success,
14007,Office,9625 Ryan Garden,6870593502,12262025033000719,Success,
1667,Office,26246 South Drive,4757537330,12262025033000719,Success,
14007,Office,660 Cedar Street,4816288922,12262025033000719,Success,
1667,Office,94288 Micheal Club,2332889249,12262025033000719,Success,
14007,Office,993 The Paddocks,6761459073,12262025033000719,Success,
1667,Office,28396 Lincoln Avenue,2078691229,12262025033000719,Success,
14007,Office,614 Koelpin Coves,1414066586,12262025033000719,Success,
1667,Office,7254 Ruthe Court,1873229769,12262025033000719,Success,
14007,Office,29079 Old State Road,9859111358,12262025033000719,Success,
1667,Office,9419 Clinton Views,2213270197,12262025033000719,Success,
14007,Office,598 Beier Cape,3574083091,12262025033000719,Success,
1667,Office,8868 Fahey Plain,6343080802,12262025033000719,Success,
14007,Office,81525 Beech Close,7034440011,12262025033000719,Success,
1667,Office,1357 Feest Ridge,9157599482,12262025033000719,Success,
14007,Office,128 Ellsworth Islands,7637068863,12262025033000719,Success,
1667,Office,793 Pamela Corner,2064552057,12262025033000719,Success,
14007,Office,5112 Bode Pike,4972509829,12262025033000719,Success,
1667,Office,70132 London Vista,3606194823,12262025033000719,Success,
14007,Office,6514 New Street,4499279107,12262025033000719,Success,
1667,Office,84345 Spinka Glen,5127890795,12262025033000719,Success,
14007,Office,842 Schneider Views,8404819818,12262025033000719,Success,
1667,Office,940 Hickle Point,4182661743,12262025033000719,Success,
14007,Office,274 Gerhold Dale,4513608125,12262025033000719,Success,
1667,Office,683 Brakus Cove,3957171084,12262025033000719,Success,
14007,Office,700 Helena Underpass,4967605554,12262025033000719,Success,
1667,Office,71592 Blick Fort,4364790886,12262025033000719,Success,
14007,Office,5449 Aurore Streets,8202569606,12262025033000719,Success,
1667,Office,3085 Kemmer Village,9736782459,12262025033000719,Success,
14007,Office,846 Cumberland Street,4470593352,12262025033000719,Success,
1667,Office,37047 Schaden Spur,6801850369,12262025033000719,Success,
14007,Office,9392 Camylle Bridge,4750590368,12262025033000719,Success,
1667,Office,27620 Walker Lake,7866088006,12262025033000719,Success,
14007,Office,968 Pollich Valleys,7042765674,12262025033000719,Success,
1667,Office,76491 Reichel Turnpike,1100161876,12262025033000719,Success,
14007,Office,4510 Oxford Road,7551420379,12262025033000719,Success,
1667,Office,6182 Edward Ford,5396608886,12262025033000719,Success,
14007,Office,86811 The Mews,8491340484,12262025033000719,Success,
1667,Office,999 Alysson Views,7475238610,12262025033000719,Success,
14007,Office,7686 Kraig Expressway,7529043475,12262025033000719,Success,
1667,Office,2048 Hauck Points,1321879414,12262025033000719,Success,
14007,Office,98242 Satterfield Bypass,6977964815,12262025033000719,Success,
1667,Office,1599 Bath Street,5467861464,12262025033000719,Success,
14007,Office,14977 Blind Lane,5312830059,12262025033000719,Success,
1667,Office,72701 Harmony Place,5852064728,12262025033000719,Success,
14007,Office,51082 W 12th Street,9851305687,12262025033000719,Success,
1667,Office,7841 Talbot Road,7536714209,12262025033000719,Success,
14007,Office,54183 Kovacek Manor,3758824096,12262025033000719,Success,
1667,Office,349 Lia Wells,9398552237,12262025033000719,Success,
14007,Office,16242 Fredy Course,4274158304,12262025033000719,Success,
1667,Office,17034 Turcotte Crossing,9237921224,12262025033000719,Success,
14007,Office,680 Saige Hill,3531290519,12262025033000719,Success,
1667,Office,39019 Princes Street,2317648743,12262025033000719,Success,
14007,Office,75131 Cedar Avenue,1734755152,12262025033000719,Success,
1667,Office,71122 Ritchie Brook,9537189709,12262025033000719,Success,
14007,Office,2229 Park Crescent,4363977283,12262025033000719,Success,
1667,Office,826 Greenfelder Brooks,3027661854,12262025033000719,Success,
14007,Office,15695 Oxford Road,7570343171,12262025033000719,Success,
1667,Office,5085 Lynn Glens,2513095394,12262025033000719,Success,
14007,Office,88447 Hawthorn Avenue,2197514305,12262025033000719,Success,
1667,Office,2616 Rafael Hollow,5189603717,12262025033000719,Success,
14007,Office,6223 Bay Street,7866912201,12262025033000719,Success,
1667,Office,1110 Nikolaus Field,1196574558,12262025033000719,Success,
14007,Office,814 Birch Avenue,5506221565,12262025033000719,Success,
1667,Office,717 Torp Shores,5211896220,12262025033000719,Success,
14007,Office,30866 W Franklin Street,4566056758,12262025033000719,Success,
1667,Office,261 Adolph Burgs,6446268428,12262025033000719,Success,
14007,Office,254 Hall Lane,9028969306,12262025033000719,Success,
1667,Office,64969 York Street,7529769016,12262025033000719,Success,
14007,Office,877 Jermaine Harbor,8269592534,12262025033000719,Success,
1667,Office,53198 Kirk Coves,6261375032,12262025033000719,Success,
14007,Office,75294 E South Street,3491802514,12262025033000719,Success,
1667,Office,706 Bayer Mount,4094464747,12262025033000719,Success,
14007,Office,6006 Armstrong Circles,9755619041,12262025033000719,Success,
1667,Office,1701 Benjamin Pass,7019654176,12262025033000719,Success,
14007,Office,73699 Kailyn Harbor,9979749001,12262025033000719,Success,
1667,Office,85338 April Cove,3200187564,12262025033000719,Success,
14007,Office,67344 Wellington Street,9875810786,12262025033000719,Success,
1667,Office,333 Otha Groves,7221526789,12262025033000719,Success,
14007,Office,9116 Skiles Summit,1743054119,12262025033000719,Success,
1667,Office,79136 Moore Trail,6140856976,12262025033000719,Success,
14007,Office,8864 Willow Grove,8845514866,12262025033000719,Success,
1667,Office,9439 Abigayle Valleys,4387635276,12262025033000719,Success,
14007,Office,236 Marcel Manor,6578254335,12262025033000719,Success,
1667,Office,71436 Kareem Glens,9087867056,12262025033000719,Success,
14007,Office,299 Brooke Loop,9944985115,12262025033000719,Success,
1667,Office,23699 Hill Road,5712956334,12262025033000719,Success,
