AgreementId,AddressType,Address,MobileNumber,WorkRequestId,UploadStatus,ErrorMessage
14007,Office,229 Amina Course,4798752994,12302025100012594,Success,
1667,Office,6940 Mayert View,8482617707,12302025100012594,Success,
14007,Office,297 Corkery Lakes,4087167322,12302025100012594,Success,
1667,Office,398 S 4th Street,1912186220,12302025100012594,Success,
14007,Office,3750 Derby Road,1508107415,12302025100012594,Success,
1667,Office,528 Hall Street,2263486512,12302025100012594,Success,
14007,Office,92321 Alba Cliff,4070471368,12302025100012594,Success,
1667,Office,522 Howard Walk,8663409424,12302025100012594,Success,
14007,Office,831 Elmo Summit,5383018338,12302025100012594,Success,
1667,Office,129 George Street,9846324591,12302025100012594,Success,
14007,Office,68284 White Terrace,4861539825,12302025100012594,Success,
1667,Office,9301 Birch Grove,6995385315,12302025100012594,Success,
14007,Office,91668 Willow Street,3749089536,12302025100012594,Success,
1667,Office,56156 Castle Close,4380068871,12302025100012594,Success,
14007,Office,6375 Bradly Spring,4628766645,12302025100012594,Success,
1667,Office,3956 Blake Fields,3277353341,12302025100012594,Success,
14007,Office,3872 Leila Club,2913859426,12302025100012594,Success,
1667,Office,3197 Murray Groves,5831296196,12302025100012594,Success,
14007,Office,964 Delia Terrace,6493346110,12302025100012594,Success,
1667,Office,2877 S Water Street,5518761166,12302025100012594,Success,
14007,Office,839 Darius Harbor,9757572721,12302025100012594,Success,
1667,Office,1106 Estelle Ramp,9481539511,12302025100012594,Success,
14007,Office,5094 McGlynn Knolls,9101112664,12302025100012594,Success,
1667,Office,991 Church Walk,1000783777,12302025100012594,Success,
14007,Office,5060 W 10th Street,4548864629,12302025100012594,Success,
1667,Office,79665 Jose Cliffs,6477197400,12302025100012594,Success,
14007,Office,546 Loren Throughway,8092624252,12302025100012594,Success,
1667,Office,3791 Church Walk,4374635748,12302025100012594,Success,
14007,Office,308 Cartwright Shoals,2600868596,12302025100012594,Success,
1667,Office,420 Wilkinson Forge,3364418077,12302025100012594,Success,
14007,Office,6994 Cummerata Forges,1402782430,12302025100012594,Success,
1667,Office,332 Nathanael Prairie,1116727198,12302025100012594,Success,
14007,Office,96861 Tate Trafficway,1551150998,12302025100012594,Success,
1667,Office,8436 Nicholaus Center,3148497935,12302025100012594,Success,
14007,Office,31419 Sporer Springs,1799413621,12302025100012594,Success,
1667,Office,3703 Park Road,7694756631,12302025100012594,Success,
14007,Office,6947 Larson Freeway,4874947364,12302025100012594,Success,
1667,Office,49293 Durward Mission,7254320685,12302025100012594,Success,
14007,Office,144 Manor Gardens,7992879240,12302025100012594,Success,
1667,Office,35062 Sigrid Heights,3309284416,12302025100012594,Success,
14007,Office,2588 5th Avenue,7143700404,12302025100012594,Success,
1667,Office,893 Kingsway,1969201489,12302025100012594,Success,
14007,Office,88614 S Center Street,6810878352,12302025100012594,Success,
1667,Office,2971 Bridge Street,5353344895,12302025100012594,Success,
14007,Office,857 S Market Street,7511619892,12302025100012594,Success,
1667,Office,51410 Clifton Road,2277754293,12302025100012594,Success,
14007,Office,79548 Crown Street,9742765057,12302025100012594,Success,
1667,Office,607 Eloise Manors,8184022651,12302025100012594,Success,
14007,Office,3885 Westgate,3235180535,12302025100012594,Success,
1667,Office,2132 Jenkins Junctions,6145815482,12302025100012594,Success,
14007,Office,8397 Becker Parkway,5297926542,12302025100012594,Success,
1667,Office,379 Luciano Ridge,9708002162,12302025100012594,Success,
14007,Office,554 Stamm Loop,1491783538,12302025100012594,Success,
1667,Office,3296 Leuschke Curve,8657972915,12302025100012594,Success,
14007,Office,566 Bailey Corner,9694516355,12302025100012594,Success,
1667,Office,22928 E North Street,3830838691,12302025100012594,Success,
14007,Office,69987 Bergnaum Locks,4557494356,12302025100012594,Success,
1667,Office,9214 Karelle Radial,6934487446,12302025100012594,Success,
14007,Office,727 Wunsch Manors,9769202722,12302025100012594,Success,
1667,Office,7844 Champlin Court,1690168203,12302025100012594,Success,
14007,Office,89488 Chandler Loop,2575228823,12302025100012594,Success,
1667,Office,6880 Violet Passage,6688560383,12302025100012594,Success,
14007,Office,82721 Littel Ridge,9973085772,12302025100012594,Success,
1667,Office,289 Desmond Point,9489723733,12302025100012594,Success,
14007,Office,922 Lupe Loaf,5925362883,12302025100012594,Success,
1667,Office,829 Robel Parks,8638020074,12302025100012594,Success,
14007,Office,852 Vicarage Lane,8824895784,12302025100012594,Success,
1667,Office,7304 Fabiola Estates,5933336540,12302025100012594,Success,
14007,Office,38597 E Water Street,1205420335,12302025100012594,Success,
1667,Office,679 Elinor Manors,5482302358,12302025100012594,Success,
14007,Office,474 Miller Extensions,9334526029,12302025100012594,Success,
1667,Office,3251 Delbert Forges,4682970727,12302025100012594,Success,
14007,Office,11447 Reilly Meadows,2315318303,12302025100012594,Success,
1667,Office,492 E 4th Avenue,6511037386,12302025100012594,Success,
14007,Office,6831 Waters Fields,4488306990,12302025100012594,Success,
1667,Office,732 A Street,6309655315,12302025100012594,Success,
14007,Office,22023 Stark Views,6119105332,12302025100012594,Success,
1667,Office,28819 O'Hara Rest,6820591973,12302025100012594,Success,
14007,Office,13760 Commercial Road,2723807369,12302025100012594,Success,
1667,Office,140 Brook Lane,6979386614,12302025100012594,Success,
14007,Office,264 Sandy Lane,7720539157,12302025100012594,Success,
1667,Office,12547 Lorenza Junction,3749478329,12302025100012594,Success,
14007,Office,99253 Murphy Bypass,4377701750,12302025100012594,Success,
1667,Office,6564 Considine Lodge,3979128868,12302025100012594,Success,
14007,Office,858 Swift Mills,2420786888,12302025100012594,Success,
1667,Office,99996 Upton Dam,8065561744,12302025100012594,Success,
14007,Office,76674 Willow Drive,1548542701,12302025100012594,Success,
1667,Office,744 Verna Ridges,4215868971,12302025100012594,Success,
14007,Office,25746 Lamont Port,9155101185,12302025100012594,Success,
1667,Office,7023 Abbott Curve,7217546160,12302025100012594,Success,
14007,Office,229 Devan Lake,8942798473,12302025100012594,Success,
1667,Office,4565 Jeramie Street,8871248022,12302025100012594,Success,
14007,Office,548 Hill Road,3835488319,12302025100012594,Success,
1667,Office,8926 Becker Stravenue,8626961542,12302025100012594,Success,
14007,Office,53622 Harber Fork,2482614242,12302025100012594,Success,
1667,Office,5427 Karlie Circle,9857648269,12302025100012594,Success,
14007,Office,1230 Hillside Road,8159765022,12302025100012594,Success,
1667,Office,10482 Leta Spring,6010425861,12302025100012594,Success,
14007,Office,490 Brianne Mills,8840597727,12302025100012594,Success,
1667,Office,66466 Litzy Place,2316829382,12302025100012594,Success,
14007,Office,57143 York Road,6152503291,12302025100012594,Success,
1667,Office,42284 Lue Wells,5083507962,12302025100012594,Success,
14007,Office,55666 Ziemann Grove,6993607509,12302025100012594,Success,
1667,Office,8993 Adams Avenue,3293341496,12302025100012594,Success,
14007,Office,382 Selina Mount,4661801643,12302025100012594,Success,
1667,Office,7111 Mann Circle,7629835114,12302025100012594,Success,
14007,Office,83313 S Lincoln Street,7988531548,12302025100012594,Success,
1667,Office,6212 Darron Shoals,3107526159,12302025100012594,Success,
14007,Office,2248 Darrick Run,4448407938,12302025100012594,Success,
1667,Office,3867 Oak Road,8017877809,12302025100012594,Success,
14007,Office,42878 Elenora Mountains,9686609905,12302025100012594,Success,
1667,Office,4676 Emmy Glen,1575836583,12302025100012594,Success,
14007,Office,86337 Pablo Tunnel,5142395277,12302025100012594,Success,
1667,Office,4732 Balistreri Unions,9506356073,12302025100012594,Success,
14007,Office,202 Durgan Fields,5974683227,12302025100012594,Success,
1667,Office,8932 Hazel Close,4982101148,12302025100012594,Success,
14007,Office,696 Church Lane,5607193829,12302025100012594,Success,
1667,Office,592 Katlynn Trail,9386312329,12302025100012594,Success,
14007,Office,7690 Camille Turnpike,5198351493,12302025100012594,Success,
1667,Office,424 Celine Courts,4209908353,12302025100012594,Success,
14007,Office,6742 Lizeth Port,1070179289,12302025100012594,Success,
1667,Office,7652 Cassin Fords,3215791804,12302025100012594,Success,
14007,Office,22791 Pound Lane,5476685782,12302025100012594,Success,
1667,Office,77949 Hintz Rapid,7563102589,12302025100012594,Success,
14007,Office,468 Hillside Avenue,5028259883,12302025100012594,Success,
1667,Office,876 Presley Neck,4872899855,12302025100012594,Success,
14007,Office,187 S Broadway,6309266471,12302025100012594,Success,
1667,Office,36578 Hall Lane,7190025406,12302025100012594,Success,
14007,Office,29743 Scarlett Ridges,4908567320,12302025100012594,Success,
1667,Office,22553 Kelsi Fields,7075480671,12302025100012594,Success,
14007,Office,8781 Queenie Spring,1802575492,12302025100012594,Success,
1667,Office,612 Cormier Fields,5259843969,12302025100012594,Success,
14007,Office,445 Wellington Oval,7876221433,12302025100012594,Success,
1667,Office,538 Herminio Neck,9898604576,12302025100012594,Success,
14007,Office,35659 Railway Street,1433302921,12302025100012594,Success,
1667,Office,2967 Dale Unions,3845354562,12302025100012594,Success,
14007,Office,7804 Murazik Ports,8644788745,12302025100012594,Success,
1667,Office,13881 Senger Islands,1132371061,12302025100012594,Success,
14007,Office,74619 E Church Street,8064389628,12302025100012594,Success,
1667,Office,339 Dariana Falls,4394785659,12302025100012594,Success,
14007,Office,1200 S Main,9485012719,12302025100012594,Success,
1667,Office,4309 North Street,3912662292,12302025100012594,Success,
14007,Office,453 Champlin Plain,2645280284,12302025100012594,Success,
1667,Office,8289 Bayer Parkways,9683407499,12302025100012594,Success,
14007,Office,29251 Claud Shoals,2392758933,12302025100012594,Success,
1667,Office,4650 Chester Road,7179306272,12302025100012594,Success,
14007,Office,1502 Lancaster Road,3703102908,12302025100012594,Success,
1667,Office,7811 Ritchie Trace,6999399266,12302025100012594,Success,
14007,Office,182 Hackett Ways,6066255448,12302025100012594,Success,
1667,Office,82219 Prosacco Avenue,7183341641,12302025100012594,Success,
14007,Office,54637 Denesik Parkway,1702528122,12302025100012594,Success,
1667,Office,2419 Jaskolski Plains,7024276690,12302025100012594,Success,
14007,Office,9727 Stanley Road,6423812810,12302025100012594,Success,
1667,Office,365 Myrtie Point,1302076150,12302025100012594,Success,
14007,Office,844 E Washington Avenue,3323817621,12302025100012594,Success,
1667,Office,434 Maple Drive,3079753704,12302025100012594,Success,
14007,Office,88339 N Walnut Street,1242125116,12302025100012594,Success,
1667,Office,19692 Audreanne Extensions,8689917341,12302025100012594,Success,
14007,Office,7448 Howard Road,6647393960,12302025100012594,Success,
1667,Office,638 Sporer Mountain,4717426723,12302025100012594,Success,
14007,Office,826 Maple Avenue,3924159425,12302025100012594,Success,
1667,Office,6361 Abernathy Court,1264000084,12302025100012594,Success,
14007,Office,2675 Joanie Mill,4232210486,12302025100012594,Success,
1667,Office,2573 Feil Tunnel,7605178484,12302025100012594,Success,
14007,Office,1838 Bahringer Court,1060418319,12302025100012594,Success,
1667,Office,1894 Hickory Street,3777839739,12302025100012594,Success,
14007,Office,48580 Beverly Extensions,9209612396,12302025100012594,Success,
1667,Office,10694 N 4th Street,3722852173,12302025100012594,Success,
14007,Office,91422 N 5th Street,2031986435,12302025100012594,Success,
1667,Office,57420 Wiegand Expressway,6413339257,12302025100012594,Success,
14007,Office,2909 Gibson Dam,8627364078,12302025100012594,Success,
1667,Office,8093 Madelyn Park,9898848802,12302025100012594,Success,
14007,Office,90974 Huel Drives,1848617173,12302025100012594,Success,
1667,Office,8484 Bramble Close,4139723449,12302025100012594,Success,
14007,Office,52454 Hegmann Garden,1993217019,12302025100012594,Success,
1667,Office,8320 N High Street,4471970109,12302025100012594,Success,
14007,Office,393 Herminio Mountains,6240112699,12302025100012594,Success,
1667,Office,503 Melody Loaf,9472311181,12302025100012594,Success,
14007,Office,38689 Spencer Forest,4803032384,12302025100012594,Success,
1667,Office,77062 Pagac Club,9546492887,12302025100012594,Success,
14007,Office,169 Christopher Manors,2682551744,12302025100012594,Success,
1667,Office,31871 Pollich Trafficway,5574378504,12302025100012594,Success,
14007,Office,552 Pouros Grove,8029063139,12302025100012594,Success,
1667,Office,83875 Crooks Meadows,1875072236,12302025100012594,Success,
14007,Office,90372 Considine Estates,5599080655,12302025100012594,Success,
1667,Office,5467 E Central Avenue,8015746776,12302025100012594,Success,
14007,Office,9886 Silver Street,1564314414,12302025100012594,Success,
1667,Office,935 Cordia Meadow,8568762472,12302025100012594,Success,
14007,Office,29536 Elisa Throughway,5975785219,12302025100012594,Success,
1667,Office,13388 Maribel Points,8173064834,12302025100012594,Success,
14007,Office,7267 Hodkiewicz Shore,6062117982,12302025100012594,Success,
1667,Office,4297 Oberbrunner Cliffs,6999771972,12302025100012594,Success,
14007,Office,18902 Buckridge Rue,6259115430,12302025100012594,Success,
1667,Office,721 The Grove,8814145252,12302025100012594,Success,
14007,Office,8947 Aurore Wall,6948920839,12302025100012594,Success,
1667,Office,6812 Kuhn Drive,1144182123,12302025100012594,Success,
14007,Office,95183 Jensen Gateway,5240191037,12302025100012594,Success,
1667,Office,23441 Hartmann Flats,6278475819,12302025100012594,Success,
14007,Office,933 Wayne Throughway,3257856881,12302025100012594,Success,
1667,Office,988 Sophia Underpass,6833413131,12302025100012594,Success,
14007,Office,80301 Brook Lane,4227317338,12302025100012594,Success,
1667,Office,5038 Reynolds Crossing,7253823690,12302025100012594,Success,
14007,Office,8312 Martin Luther King Jr Boulevard,3287018070,12302025100012594,Success,
1667,Office,571 Lansdowne Road,4559353508,12302025100012594,Success,
14007,Office,227 Howell Corner,8561750300,12302025100012594,Success,
1667,Office,85069 Gladstone Road,5038354563,12302025100012594,Success,
14007,Office,760 Cremin Radial,8721798696,12302025100012594,Success,
1667,Office,82478 Odell Rapid,7059574713,12302025100012594,Success,
14007,Office,53700 Leora Lodge,2065464072,12302025100012594,Success,
1667,Office,75480 Schamberger Land,3316471504,12302025100012594,Success,
14007,Office,4200 Runolfsson Isle,8235104805,12302025100012594,Success,
1667,Office,1213 Hadley Ranch,7212757859,12302025100012594,Success,
14007,Office,3551 Emard Inlet,5120433522,12302025100012594,Success,
1667,Office,409 Adah Park,1740231354,12302025100012594,Success,
14007,Office,62943 Schmidt Vista,6739198473,12302025100012594,Success,
1667,Office,65580 Garnet Dale,3150990182,12302025100012594,Success,
14007,Office,62724 Torp Canyon,4868731898,12302025100012594,Success,
1667,Office,35499 Anderson Crescent,6626172946,12302025100012594,Success,
14007,Office,567 The Grove,8220206002,12302025100012594,Success,
1667,Office,12030 Sauer Crescent,4897160615,12302025100012594,Success,
14007,Office,3021 Park Street,5579849166,12302025100012594,Success,
1667,Office,64210 Johnson Creek,8229534848,12302025100012594,Success,
14007,Office,162 Daugherty Passage,6274876594,12302025100012594,Success,
1667,Office,9783 Cummings Inlet,3903580895,12302025100012594,Success,
14007,Office,455 S Jefferson Street,6492114899,12302025100012594,Success,
1667,Office,60033 Albion Street,4441019852,12302025100012594,Success,
14007,Office,5948 The Drive,7188737514,12302025100012594,Success,
1667,Office,35200 Gutmann Rapid,2540958385,12302025100012594,Success,
14007,Office,76988 Moor Lane,2102659679,12302025100012594,Success,
1667,Office,23842 Mante Mall,9971867121,12302025100012594,Success,
14007,Office,7797 15th Street,9562936409,12302025100012594,Success,
1667,Office,85211 Clifton Road,9177753926,12302025100012594,Success,
14007,Office,3581 Hilario Cove,5151636046,12302025100012594,Success,
1667,Office,6848 Frederick Turnpike,4914893405,12302025100012594,Success,
14007,Office,183 Alexandria Meadows,9480233391,12302025100012594,Success,
1667,Office,83172 Nader Hollow,9488090936,12302025100012594,Success,
14007,Office,2919 Jolie Heights,3124524568,12302025100012594,Success,
1667,Office,755 Grange Close,8531995303,12302025100012594,Success,
14007,Office,901 Fiona Fort,7212421080,12302025100012594,Success,
1667,Office,46632 Stracke Common,1251543052,12302025100012594,Success,
14007,Office,641 Zemlak River,7097535746,12302025100012594,Success,
1667,Office,222 Lavern Motorway,8144103490,12302025100012594,Success,
14007,Office,9260 First Street,6961102706,12302025100012594,Success,
1667,Office,6708 Swaniawski Overpass,7787923251,12302025100012594,Success,
14007,Office,3089 Franecki Streets,4068825943,12302025100012594,Success,
1667,Office,5678 Leone Ford,9115771119,12302025100012594,Success,
14007,Office,812 Gia Station,6211203841,12302025100012594,Success,
1667,Office,51607 Hill Street,1599598329,12302025100012594,Success,
14007,Office,1027 Paucek Tunnel,7951146414,12302025100012594,Success,
1667,Office,7829 Gerhold Expressway,9937460446,12302025100012594,Success,
14007,Office,4610 Schoen Pine,2127951879,12302025100012594,Success,
1667,Office,220 N Lincoln Street,4450828465,12302025100012594,Success,
14007,Office,53837 Lee Haven,8228838456,12302025100012594,Success,
1667,Office,3545 Dakota Ferry,8260224545,12302025100012594,Success,
14007,Office,4143 Hillside Avenue,3313077891,12302025100012594,Success,
1667,Office,6130 Victoria Road,5736472293,12302025100012594,Success,
14007,Office,4246 N Railroad Street,2395594675,12302025100012594,Success,
1667,Office,909 Adams Circles,2671183453,12302025100012594,Success,
14007,Office,802 Raoul Plaza,5697411345,12302025100012594,Success,
1667,Office,14212 Orion Ways,6932915731,12302025100012594,Success,
14007,Office,681 S Jefferson Street,7292573768,12302025100012594,Success,
1667,Office,54601 Franey Inlet,6047382511,12302025100012594,Success,
14007,Office,5794 Nolan Valleys,3484112752,12302025100012594,Success,
1667,Office,305 Willis Trace,5195292539,12302025100012594,Success,
14007,Office,236 S Walnut Street,7027858089,12302025100012594,Success,
1667,Office,1539 Aiden Creek,3801445504,12302025100012594,Success,
14007,Office,8839 Broadway Avenue,4520399228,12302025100012594,Success,
1667,Office,3963 Block Corner,3241288851,12302025100012594,Success,
14007,Office,69918 S Center Street,3014232242,12302025100012594,Success,
1667,Office,259 Windler Cove,9808814195,12302025100012594,Success,
14007,Office,938 McLaughlin Greens,9628519937,12302025100012594,Success,
1667,Office,303 Kacie View,2715639971,12302025100012594,Success,
14007,Office,856 Woodlands Road,9800002283,12302025100012594,Success,
1667,Office,5149 Madison Street,8925895643,12302025100012594,Success,
14007,Office,5649 Pagac Crossroad,4132824490,12302025100012594,Success,
1667,Office,833 Cormier Extensions,3723446239,12302025100012594,Success,
14007,Office,689 Forest Avenue,2359170510,12302025100012594,Success,
1667,Office,404 Fadel Heights,3095873172,12302025100012594,Success,
14007,Office,754 Ashly Forest,2007636593,12302025100012594,Success,
1667,Office,523 W Lake Street,3745992204,12302025100012594,Success,
14007,Office,56552 Coy Meadow,4293537599,12302025100012594,Success,
1667,Office,766 S Oak Street,5643336383,12302025100012594,Success,
14007,Office,9729 Lauren Row,1682522414,12302025100012594,Success,
1667,Office,567 Candido Forks,3934032892,12302025100012594,Success,
14007,Office,437 Walter Canyon,6953364291,12302025100012594,Success,
1667,Office,8968 Von Highway,4228621274,12302025100012594,Success,
14007,Office,35526 The Limes,4178055398,12302025100012594,Success,
1667,Office,276 Quigley Plaza,7753751569,12302025100012594,Success,
14007,Office,6830 Alvina Crossing,2924372502,12302025100012594,Success,
1667,Office,6592 Roob Valleys,5622904986,12302025100012594,Success,
14007,Office,5127 Gladstone Road,7999475884,12302025100012594,Success,
1667,Office,449 Schoen Rest,8604798027,12302025100012594,Success,
14007,Office,70300 Cliff Road,9672139977,12302025100012594,Success,
1667,Office,952 Jefferson Avenue,4585344836,12302025100012594,Success,
14007,Office,776 York Road,1952042593,12302025100012594,Success,
1667,Office,4767 Second Avenue,5186544437,12302025100012594,Success,
14007,Office,44778 Delores Alley,7759725413,12302025100012594,Success,
1667,Office,556 Will Station,4477744147,12302025100012594,Success,
14007,Office,2069 June Shoals,1518276933,12302025100012594,Success,
1667,Office,428 Mante Plain,3829885706,12302025100012594,Success,
14007,Office,4177 Hyatt Forest,1718763729,12302025100012594,Success,
1667,Office,792 Satterfield Isle,2494863052,12302025100012594,Success,
14007,Office,1139 Watsica Ramp,2669274579,12302025100012594,Success,
1667,Office,7080 Linwood Garden,4327838822,12302025100012594,Success,
14007,Office,671 Jackson Avenue,2667808661,12302025100012594,Success,
1667,Office,56870 Lexi Radial,9937910514,12302025100012594,Success,
14007,Office,77417 Juvenal Mall,7810508286,12302025100012594,Success,
1667,Office,9644 Kayla Ford,8142185784,12302025100012594,Success,
14007,Office,43357 The Copse,2673179906,12302025100012594,Success,
1667,Office,679 Vito Trace,3041871816,12302025100012594,Success,
14007,Office,9157 Carmine Extensions,9559040141,12302025100012594,Success,
1667,Office,325 Darrin Prairie,1311958916,12302025100012594,Success,
14007,Office,97573 Justus Flats,7855917738,12302025100012594,Success,
1667,Office,76012 Washington Road,6523752326,12302025100012594,Success,
14007,Office,88430 Chapel Street,4257104992,12302025100012594,Success,
1667,Office,711 Kessler Estates,3851425357,12302025100012594,Success,
14007,Office,8879 Franey Crescent,4602700595,12302025100012594,Success,
1667,Office,2913 North Avenue,9969984295,12302025100012594,Success,
14007,Office,390 Silver Street,8165804662,12302025100012594,Success,
1667,Office,161 Carroll Creek,8154958521,12302025100012594,Success,
14007,Office,7682 Mekhi Mission,1640668587,12302025100012594,Success,
1667,Office,5251 Cordelia Lake,8674442989,12302025100012594,Success,
14007,Office,96433 Mertz Meadow,3027017800,12302025100012594,Success,
1667,Office,365 Ignacio Plaza,7904508099,12302025100012594,Success,
14007,Office,659 Valley Road,6103388882,12302025100012594,Success,
1667,Office,8003 London Road,1373306260,12302025100012594,Success,
14007,Office,4620 East Street,4000790935,12302025100012594,Success,
1667,Office,1187 Kaci Overpass,8608452766,12302025100012594,Success,
14007,Office,78159 Brendon Points,1613401395,12302025100012594,Success,
1667,Office,603 Church Road,8104916031,12302025100012594,Success,
14007,Office,3301 Old Military Road,9271468521,12302025100012594,Success,
1667,Office,521 Hassan Greens,9087186900,12302025100012594,Success,
14007,Office,335 Oleta Radial,5581238430,12302025100012594,Success,
1667,Office,5731 Schimmel Union,8565114048,12302025100012594,Success,
14007,Office,40554 Hyatt Turnpike,1335756171,12302025100012594,Success,
1667,Office,395 Kunze Orchard,1329967552,12302025100012594,Success,
14007,Office,320 Broderick Shores,6818386037,12302025100012594,Success,
1667,Office,7512 Bashirian Ferry,6447880304,12302025100012594,Success,
14007,Office,1758 York Road,8704052884,12302025100012594,Success,
1667,Office,2069 Schamberger Curve,5389087550,12302025100012594,Success,
14007,Office,3848 Kunde Plaza,6205370968,12302025100012594,Success,
1667,Office,234 Reinger Branch,1867859579,12302025100012594,Success,
14007,Office,4510 Daphney Ways,9143551738,12302025100012594,Success,
1667,Office,50917 N High Street,1680744634,12302025100012594,Success,
14007,Office,2697 Myriam Lane,7607003180,12302025100012594,Success,
1667,Office,89677 Paris Lights,5574992700,12302025100012594,Success,
14007,Office,65822 Prospect Road,2382157332,12302025100012594,Success,
1667,Office,7177 Frederique Loaf,4759653597,12302025100012594,Success,
14007,Office,2861 Henry Street,1472874666,12302025100012594,Success,
1667,Office,436 Stiedemann Knolls,5937134214,12302025100012594,Success,
14007,Office,6654 Miracle Lane,8345892716,12302025100012594,Success,
1667,Office,848 Davis Parkway,7995916812,12302025100012594,Success,
14007,Office,832 Windermere Road,7407595479,12302025100012594,Success,
1667,Office,897 Rowan Course,5320632175,12302025100012594,Success,
14007,Office,1032 Turner Manor,9467542342,12302025100012594,Success,
1667,Office,18639 Oak Street,6158445479,12302025100012594,Success,
14007,Office,5212 Robbie Stream,3441229728,12302025100012594,Success,
1667,Office,8364 Leora Garden,6561937778,12302025100012594,Success,
14007,Office,560 Bailey Hollow,1111337143,12302025100012594,Success,
1667,Office,20733 Edward Street,9099454329,12302025100012594,Success,
14007,Office,860 South View,7237929312,12302025100012594,Success,
1667,Office,115 Anita Parks,5599642593,12302025100012594,Success,
14007,Office,9978 Will Forks,7395499484,12302025100012594,Success,
1667,Office,545 King Station,2889785435,12302025100012594,Success,
14007,Office,221 Yew Tree Close,7422183175,12302025100012594,Success,
1667,Office,229 Greta Forest,9513177345,12302025100012594,Success,
14007,Office,820 Gladstone Road,7160181560,12302025100012594,Success,
1667,Office,1290 Turner Land,9009566080,12302025100012594,Success,
14007,Office,21105 Schmeler Roads,1563431249,12302025100012594,Success,
1667,Office,82559 Frederique Valleys,4813961867,12302025100012594,Success,
14007,Office,9188 Riverside Drive,3506559982,12302025100012594,Success,
1667,Office,714 E Broadway Street,4351726966,12302025100012594,Success,
14007,Office,59399 Boyle Forge,1044523002,12302025100012594,Success,
1667,Office,965 York Street,6288090582,12302025100012594,Success,
14007,Office,628 2nd Street,9085941605,12302025100012594,Success,
1667,Office,654 W 4th Avenue,8534776499,12302025100012594,Success,
14007,Office,91202 Ashlynn Manor,1014239226,12302025100012594,Success,
1667,Office,44129 Alex Key,3787061075,12302025100012594,Success,
14007,Office,1046 Eladio Court,9849436211,12302025100012594,Success,
1667,Office,490 O'Keefe Branch,6773348736,12302025100012594,Success,
14007,Office,901 O'Connell Gateway,2787047565,12302025100012594,Success,
1667,Office,9311 Thiel Ranch,6365469988,12302025100012594,Success,
14007,Office,755 Jude Hills,8858239658,12302025100012594,Success,
1667,Office,85001 Corkery Meadows,9348662307,12302025100012594,Success,
14007,Office,4641 University Drive,5292264735,12302025100012594,Success,
1667,Office,64487 Collins Camp,6866515784,12302025100012594,Success,
14007,Office,469 Lindgren Inlet,5952578837,12302025100012594,Success,
1667,Office,188 Arianna Roads,9400092735,12302025100012594,Success,
14007,Office,64172 Alden Junction,6041018150,12302025100012594,Success,
1667,Office,681 Sanford Burgs,7117501725,12302025100012594,Success,
14007,Office,371 Jakubowski Curve,4389795546,12302025100012594,Success,
1667,Office,742 Marks Pass,3632305624,12302025100012594,Success,
14007,Office,98023 E Maple Street,7284821313,12302025100012594,Success,
1667,Office,97224 Jerome Light,7877842982,12302025100012594,Success,
14007,Office,59876 W Division Street,5882878215,12302025100012594,Success,
1667,Office,285 Cleveland Street,1849696269,12302025100012594,Success,
14007,Office,85797 Birch Close,1225644369,12302025100012594,Success,
1667,Office,5142 Stark Terrace,8768671695,12302025100012594,Success,
14007,Office,141 Ernser Camp,8206451830,12302025100012594,Success,
1667,Office,37186 Katrina Loop,2888794904,12302025100012594,Success,
14007,Office,82804 Hildegard Trail,2124646821,12302025100012594,Success,
1667,Office,583 Candice Lakes,2036826927,12302025100012594,Success,
14007,Office,4381 Quarry Lane,3652310489,12302025100012594,Success,
1667,Office,3351 13th Street,1110744642,12302025100012594,Success,
14007,Office,6748 The Paddocks,2707121309,12302025100012594,Success,
1667,Office,240 Bergnaum Fall,7394203637,12302025100012594,Success,
14007,Office,325 Erich Points,6969010803,12302025100012594,Success,
1667,Office,519 Russell Street,5098415893,12302025100012594,Success,
14007,Office,12575 Walter Fords,7628097207,12302025100012594,Success,
1667,Office,677 Castle Road,1941890951,12302025100012594,Success,
14007,Office,438 Feeney Radial,5299263844,12302025100012594,Success,
1667,Office,72000 Considine Path,4325349113,12302025100012594,Success,
14007,Office,49796 Gibson Square,4364959973,12302025100012594,Success,
1667,Office,7672 Reichert Meadows,3852552411,12302025100012594,Success,
14007,Office,9274 Koby Camp,9519479085,12302025100012594,Success,
1667,Office,381 O'Conner Brook,1290424717,12302025100012594,Success,
14007,Office,8674 Elm Close,6361817411,12302025100012594,Success,
1667,Office,917 Runolfsson Flats,1721780635,12302025100012594,Success,
14007,Office,725 Maple Road,7862875941,12302025100012594,Success,
1667,Office,92060 Ankunding Pines,5751636955,12302025100012594,Success,
14007,Office,9998 Charles Street,2133704832,12302025100012594,Success,
1667,Office,4475 Carolanne Pines,8648804218,12302025100012594,Success,
14007,Office,247 King Street,5261370776,12302025100012594,Success,
1667,Office,679 S Railroad Street,8898590142,12302025100012594,Success,
14007,Office,15665 Raynor Hollow,4322601266,12302025100012594,Success,
1667,Office,77981 State Avenue,2368039014,12302025100012594,Success,
14007,Office,472 O'Reilly Land,1275883746,12302025100012594,Success,
1667,Office,52464 Friesen Valley,7096026537,12302025100012594,Success,
14007,Office,57391 Adams Knoll,8765741072,12302025100012594,Success,
1667,Office,7573 St George's Road,2577441502,12302025100012594,Success,
14007,Office,356 Marcellus Shoals,9704710629,12302025100012594,Success,
1667,Office,352 Toy Landing,6170288431,12302025100012594,Success,
14007,Office,9249 N Central Avenue,3545154054,12302025100012594,Success,
1667,Office,28848 Railroad Avenue,2018629453,12302025100012594,Success,
14007,Office,28376 Dare Way,2866162466,12302025100012594,Success,
1667,Office,644 N 3rd Street,3721666926,12302025100012594,Success,
14007,Office,391 Bartell Gardens,3956504714,12302025100012594,Success,
1667,Office,24337 Crist Neck,9673539654,12302025100012594,Success,
14007,Office,389 W Oak Street,7572537348,12302025100012594,Success,
1667,Office,87401 Valentine Pines,7298885352,12302025100012594,Success,
14007,Office,143 Brookside,1490394075,12302025100012594,Success,
1667,Office,119 Merle Neck,4845643001,12302025100012594,Success,
14007,Office,447 Marcellus Island,5093234200,12302025100012594,Success,
1667,Office,714 O'Connell Light,6904448453,12302025100012594,Success,
14007,Office,5013 The Oaks,2466412763,12302025100012594,Success,
1667,Office,129 W Walnut Street,5721115926,12302025100012594,Success,
14007,Office,5458 Gulgowski Inlet,4863678774,12302025100012594,Success,
1667,Office,168 Wisoky Skyway,1775229290,12302025100012594,Success,
14007,Office,407 Ziemann Rue,2518113918,12302025100012594,Success,
1667,Office,289 Hammes Ville,3487753237,12302025100012594,Success,
14007,Office,8440 Hintz Canyon,6308615152,12302025100012594,Success,
1667,Office,528 Abshire Islands,5631555194,12302025100012594,Success,
14007,Office,70110 Warren Close,6205867531,12302025100012594,Success,
1667,Office,258 Gleichner Cape,5158774112,12302025100012594,Success,
14007,Office,30340 Marc Dale,2300457626,12302025100012594,Success,
1667,Office,5325 Lake Road,3106312373,12302025100012594,Success,
14007,Office,291 Zackary Forest,8520328459,12302025100012594,Success,
1667,Office,699 Windsor Drive,6206657460,12302025100012594,Success,
14007,Office,9406 Court Street,8711067863,12302025100012594,Success,
1667,Office,17323 Jacobson Motorway,6123090559,12302025100012594,Success,
14007,Office,77313 Middle Street,4070309919,12302025100012594,Success,
1667,Office,5637 Northfield Road,8190677205,12302025100012594,Success,
14007,Office,35472 Bayer Parks,2636253897,12302025100012594,Success,
1667,Office,3314 N Market Street,3283082544,12302025100012594,Success,
14007,Office,3104 Stiedemann Course,6865619250,12302025100012594,Success,
1667,Office,4414 Kathleen Crossroad,3057132425,12302025100012594,Success,
14007,Office,128 Rafaela Club,3911682139,12302025100012594,Success,
1667,Office,7489 Alicia Hill,7055186627,12302025100012594,Success,
14007,Office,519 Dimitri Knoll,3733109106,12302025100012594,Success,
1667,Office,99813 1st Avenue,2915625727,12302025100012594,Success,
14007,Office,493 Corene Forest,9096390094,12302025100012594,Success,
1667,Office,8562 W 7th Street,7137859630,12302025100012594,Success,
14007,Office,14988 Donnelly Light,2841432022,12302025100012594,Success,
1667,Office,58410 Powlowski Skyway,6340785282,12302025100012594,Success,
14007,Office,3484 Court Street,5530937203,12302025100012594,Success,
1667,Office,723 Holly Close,1082493918,12302025100012594,Success,
14007,Office,6920 Johns Villages,3721663002,12302025100012594,Success,
1667,Office,84762 Zackery Run,6342535749,12302025100012594,Success,
14007,Office,4777 Remington Harbor,2074266895,12302025100012594,Success,
1667,Office,2515 Alberta Corners,8279261354,12302025100012594,Success,
14007,Office,7785 Park Crescent,9438228911,12302025100012594,Success,
1667,Office,1973 Gulgowski Fall,3716654478,12302025100012594,Success,
14007,Office,69794 Thaddeus Dale,1474864247,12302025100012594,Success,
1667,Office,511 N Bridge Street,3273392174,12302025100012594,Success,
14007,Office,875 Baumbach Valleys,6845867501,12302025100012594,Success,
1667,Office,5324 Hollis Hills,4525512459,12302025100012594,Success,
14007,Office,136 Kyler Mount,9244120819,12302025100012594,Success,
1667,Office,15939 Iliana Forest,1965871800,12302025100012594,Success,
14007,Office,5734 Margaret Spur,2781304256,12302025100012594,Success,
1667,Office,7253 S Grand Avenue,9174160672,12302025100012594,Success,
14007,Office,5380 Fairfield Road,4598932489,12302025100012594,Success,
1667,Office,6933 Juwan Ferry,1468224591,12302025100012594,Success,
14007,Office,8994 Bahringer Union,6579209605,12302025100012594,Success,
1667,Office,7924 Maxime Hills,4993482089,12302025100012594,Success,
14007,Office,765 N 1st Street,8029308028,12302025100012594,Success,
1667,Office,485 Jaeden Ports,7709012509,12302025100012594,Success,
14007,Office,944 Orlo Drive,7988785211,12302025100012594,Success,
1667,Office,8400 9th Street,5037069462,12302025100012594,Success,
14007,Office,582 Orn Meadows,7452924749,12302025100012594,Success,
1667,Office,7600 The Beeches,3147258066,12302025100012594,Success,
14007,Office,277 Prosacco Walk,2098989590,12302025100012594,Success,
1667,Office,2918 Janae Brook,4108204193,12302025100012594,Success,
14007,Office,58226 Bogisich Forge,3266327822,12302025100012594,Success,
1667,Office,78323 Fern Trafficway,2430001487,12302025100012594,Success,
14007,Office,486 Schoen Rapids,3785060141,12302025100012594,Success,
1667,Office,53783 Huel Tunnel,4365443161,12302025100012594,Success,
14007,Office,25252 Kattie Spurs,6183816932,12302025100012594,Success,
1667,Office,490 Third Avenue,3686721980,12302025100012594,Success,
14007,Office,94509 Elena Parks,8321179609,12302025100012594,Success,
1667,Office,98282 Morissette Ford,5870276508,12302025100012594,Success,
14007,Office,950 S 7th Street,9831774227,12302025100012594,Success,
1667,Office,8936 Kyler Pike,4414102095,12302025100012594,Success,
14007,Office,5413 Prospect Road,2692189726,12302025100012594,Success,
1667,Office,6408 Front Street,6758112865,12302025100012594,Success,
14007,Office,91311 Mante Brooks,8736081444,12302025100012594,Success,
1667,Office,20841 Ankunding Harbor,9738171243,12302025100012594,Success,
14007,Office,44519 N Jackson Street,4362813613,12302025100012594,Success,
1667,Office,387 Deven Mountain,3689132093,12302025100012594,Success,
14007,Office,50144 The Causeway,6914882182,12302025100012594,Success,
1667,Office,5000 Halvorson Union,4410867393,12302025100012594,Success,
14007,Office,441 Savanah Shoal,5439251228,12302025100012594,Success,
1667,Office,152 Cow Lane,7227262685,12302025100012594,Success,
14007,Office,25001 Nikolaus Wall,5553137767,12302025100012594,Success,
1667,Office,502 Hyatt Trace,6695225089,12302025100012594,Success,
14007,Office,83450 Waylon Shore,2125259776,12302025100012594,Success,
1667,Office,95329 Jordan Ways,5667475434,12302025100012594,Success,
14007,Office,5925 Canal Street,4584298361,12302025100012594,Success,
1667,Office,53177 Willow Road,2572721347,12302025100012594,Success,
14007,Office,250 Davon Highway,6353805766,12302025100012594,Success,
1667,Office,7365 Aufderhar Stream,2219845712,12302025100012594,Success,
14007,Office,42472 Claudie Radial,4604360485,12302025100012594,Success,
1667,Office,790 Hackett Freeway,8697399831,12302025100012594,Success,
14007,Office,41422 W Oak Street,8344350228,12302025100012594,Success,
1667,Office,678 Hamill Rapids,6707243793,12302025100012594,Success,
14007,Office,621 The Spinney,8704897123,12302025100012594,Success,
1667,Office,256 Mount Pleasant,5758201228,12302025100012594,Success,
14007,Office,34216 3rd Avenue,8912899078,12302025100012594,Success,
1667,Office,433 Hermiston Haven,7567094037,12302025100012594,Success,
14007,Office,842 Satterfield Parkways,9236687624,12302025100012594,Success,
1667,Office,283 S College Street,6294165023,12302025100012594,Success,
14007,Office,4041 Park Street,3255427695,12302025100012594,Success,
1667,Office,83845 Spring Street,1546064638,12302025100012594,Success,
14007,Office,25837 Jacobs Skyway,6770821127,12302025100012594,Success,
1667,Office,44766 Frankie Radial,1796646194,12302025100012594,Success,
14007,Office,560 Cesar Rue,3007552425,12302025100012594,Success,
1667,Office,1894 Madison Avenue,5669057924,12302025100012594,Success,
14007,Office,7158 Satterfield Ferry,4454995878,12302025100012594,Success,
1667,Office,70304 Bogisich Road,3568475283,12302025100012594,Success,
14007,Office,94590 Andrew Route,1418729503,12302025100012594,Success,
1667,Office,40105 Antonette Drive,2117452941,12302025100012594,Success,
14007,Office,86274 Joaquin Garden,1477407078,12302025100012594,Success,
1667,Office,52048 Mayert Stream,9195402833,12302025100012594,Success,
14007,Office,868 N East Street,4717350889,12302025100012594,Success,
1667,Office,4150 Jesus Station,6021940752,12302025100012594,Success,
14007,Office,496 Thad Mall,9152402954,12302025100012594,Success,
1667,Office,866 Kunde Mill,9257968550,12302025100012594,Success,
14007,Office,201 Brian Neck,3340749509,12302025100012594,Success,
1667,Office,624 Church Avenue,8116420652,12302025100012594,Success,
14007,Office,933 Pollich Unions,4003904472,12302025100012594,Success,
1667,Office,77438 Americo Ridges,1476817720,12302025100012594,Success,
14007,Office,3861 Nelda Crossroad,8633625562,12302025100012594,Success,
1667,Office,724 Henry Street,7718116749,12302025100012594,Success,
14007,Office,7599 South Drive,4764678508,12302025100012594,Success,
1667,Office,865 Barton Union,5958272167,12302025100012594,Success,
14007,Office,2427 N 2nd Street,3325482498,12302025100012594,Success,
1667,Office,72098 O'Hara Causeway,8667367010,12302025100012594,Success,
14007,Office,210 West Lane,9847173447,12302025100012594,Success,
1667,Office,604 Hegmann Canyon,2016461203,12302025100012594,Success,
14007,Office,804 Dennis Inlet,8116654039,12302025100012594,Success,
1667,Office,58105 Kozey Junction,2668858916,12302025100012594,Success,
14007,Office,7964 Legros Stream,8941965875,12302025100012594,Success,
1667,Office,810 Koelpin Light,9316721689,12302025100012594,Success,
14007,Office,690 Earnestine Grove,9997696096,12302025100012594,Success,
1667,Office,175 Langosh Fords,4150734050,12302025100012594,Success,
14007,Office,9112 Beechwood Avenue,3827576099,12302025100012594,Success,
1667,Office,1538 Beier Creek,1453337320,12302025100012594,Success,
14007,Office,136 University Avenue,1037214004,12302025100012594,Success,
1667,Office,49514 Marsh Lane,4186557031,12302025100012594,Success,
14007,Office,83788 Greenwood Road,2091806334,12302025100012594,Success,
1667,Office,13156 Schroeder Parks,1510506644,12302025100012594,Success,
14007,Office,12564 Myrna Springs,8597538655,12302025100012594,Success,
1667,Office,4563 Jackie View,4064966506,12302025100012594,Success,
14007,Office,360 Boyer Well,6664876091,12302025100012594,Success,
1667,Office,1513 Bria Highway,2008641001,12302025100012594,Success,
14007,Office,8872 Bernier Stravenue,9717315319,12302025100012594,Success,
1667,Office,485 Milton Road,8600185907,12302025100012594,Success,
14007,Office,1786 Eli Corners,2938438481,12302025100012594,Success,
1667,Office,536 E Walnut Street,6794012761,12302025100012594,Success,
14007,Office,624 E Park Avenue,6479501233,12302025100012594,Success,
1667,Office,683 N 8th Street,2341103502,12302025100012594,Success,
14007,Office,126 Hagenes Walks,5324570530,12302025100012594,Success,
1667,Office,65069 W Front Street,1103008326,12302025100012594,Success,
14007,Office,210 Reichert Pines,8872079695,12302025100012594,Success,
1667,Office,2161 Pleasant Street,5460620625,12302025100012594,Success,
14007,Office,831 Windermere Road,1941948993,12302025100012594,Success,
1667,Office,70466 Kariane River,1340572390,12302025100012594,Success,
14007,Office,1284 Orion Streets,5703511773,12302025100012594,Success,
1667,Office,16807 Sadie Underpass,8276826392,12302025100012594,Success,
14007,Office,46229 N Washington Avenue,5945130344,12302025100012594,Success,
1667,Office,1660 Bramley Close,8484134602,12302025100012594,Success,
14007,Office,194 Dietrich Plains,4070071790,12302025100012594,Success,
1667,Office,8050 Walter Heights,2349942165,12302025100012594,Success,
14007,Office,649 Dale Street,3609944786,12302025100012594,Success,
1667,Office,9787 Pouros Center,2437966883,12302025100012594,Success,
14007,Office,667 Johnson Brooks,4453384890,12302025100012594,Success,
1667,Office,800 Catherine Street,8102612575,12302025100012594,Success,
14007,Office,89859 Roob Fields,4725539652,12302025100012594,Success,
1667,Office,4122 Hyatt Gardens,7148180270,12302025100012594,Success,
14007,Office,759 Woodlands Avenue,6354414806,12302025100012594,Success,
1667,Office,986 Ofelia Heights,7679949686,12302025100012594,Success,
14007,Office,168 Alexandra Loaf,9774994970,12302025100012594,Success,
1667,Office,17932 Ahmed Center,8243074121,12302025100012594,Success,
14007,Office,7325 Irving Locks,8804002621,12302025100012594,Success,
1667,Office,32280 Castle Lane,7493549884,12302025100012594,Success,
14007,Office,328 Lancaster Road,5193697489,12302025100012594,Success,
1667,Office,3287 Eliezer Drives,5664500442,12302025100012594,Success,
14007,Office,7313 Hazel Grove,2660856723,12302025100012594,Success,
1667,Office,46756 Will Creek,9943440720,12302025100012594,Success,
14007,Office,3564 Joshuah Shores,6165168689,12302025100012594,Success,
1667,Office,4601 The Oaks,3839544204,12302025100012594,Success,
14007,Office,4037 Koepp Viaduct,4904623276,12302025100012594,Success,
1667,Office,684 Ford Shoals,3563461170,12302025100012594,Success,
14007,Office,28355 Pfeffer Divide,7783913936,12302025100012594,Success,
1667,Office,68650 Hazel Grove,4421036288,12302025100012594,Success,
14007,Office,90157 Kilback Inlet,6797075137,12302025100012594,Success,
1667,Office,459 Sporer Loop,1968372814,12302025100012594,Success,
14007,Office,9267 Ward Forge,3598227169,12302025100012594,Success,
1667,Office,42845 Letitia Fork,9212580709,12302025100012594,Success,
14007,Office,21298 Ian Fork,5037730694,12302025100012594,Success,
1667,Office,755 Gislason Lane,3210916410,12302025100012594,Success,
14007,Office,984 Bridget Spur,3500695822,12302025100012594,Success,
1667,Office,81274 Eunice Walk,3206417725,12302025100012594,Success,
14007,Office,38407 E Elm Street,7461485865,12302025100012594,Success,
1667,Office,966 Stracke Lane,2954393848,12302025100012594,Success,
14007,Office,28887 Stroman View,9764147967,12302025100012594,Success,
1667,Office,7463 N Central Avenue,6692498825,12302025100012594,Success,
14007,Office,439 Water Street,8336097243,12302025100012594,Success,
1667,Office,296 Halvorson Mount,1958509397,12302025100012594,Success,
14007,Office,6015 N Elm Street,7952745615,12302025100012594,Success,
1667,Office,746 Dejah Corners,9652022018,12302025100012594,Success,
14007,Office,8244 William Street,2457601209,12302025100012594,Success,
1667,Office,340 McLaughlin Throughway,4557401314,12302025100012594,Success,
14007,Office,78220 Hettinger Way,4561576764,12302025100012594,Success,
1667,Office,5213 Rubie Route,7547530668,12302025100012594,Success,
14007,Office,34296 Rolando Stream,4487588894,12302025100012594,Success,
1667,Office,127 Yoshiko Route,1455528640,12302025100012594,Success,
14007,Office,27266 Bergnaum Drive,7696471005,12302025100012594,Success,
1667,Office,85914 Newell Loaf,8819118390,12302025100012594,Success,
14007,Office,2169 Wilderman Key,9390613593,12302025100012594,Success,
1667,Office,486 Hegmann Lane,5610993601,12302025100012594,Success,
14007,Office,4840 Donavon Ridge,3784958225,12302025100012594,Success,
1667,Office,6657 Price Fork,1653837486,12302025100012594,Success,
14007,Office,911 Noble Ridges,1427289599,12302025100012594,Success,
1667,Office,1646 Leannon Cove,9011225124,12302025100012594,Success,
14007,Office,433 Auer Meadows,6467518035,12302025100012594,Success,
1667,Office,37003 Frami Shores,1286385406,12302025100012594,Success,
14007,Office,655 Raphael Wells,6602998545,12302025100012594,Success,
1667,Office,68123 Aaron Pine,9328634438,12302025100012594,Success,
14007,Office,904 Reyna Square,2613623236,12302025100012594,Success,
1667,Office,44773 Cade Land,6248459484,12302025100012594,Success,
14007,Office,69807 Davonte Oval,1542998923,12302025100012594,Success,
1667,Office,7703 Lubowitz Cliffs,4008613166,12302025100012594,Success,
14007,Office,26903 Highfield Road,1453635201,12302025100012594,Success,
1667,Office,97847 1st Street,5918601529,12302025100012594,Success,
14007,Office,7032 Roger Islands,3327138475,12302025100012594,Success,
1667,Office,3052 Toy Greens,1433077619,12302025100012594,Success,
14007,Office,7091 Orn Gardens,4878181330,12302025100012594,Success,
1667,Office,98692 Harber Road,8949160023,12302025100012594,Success,
14007,Office,3808 George Street,9029151167,12302025100012594,Success,
1667,Office,97332 Greenholt Loop,5009185990,12302025100012594,Success,
14007,Office,421 Karlee Light,1075617332,12302025100012594,Success,
1667,Office,4619 Rectory Close,9446916666,12302025100012594,Success,
14007,Office,6141 Pollich Ridges,6085439448,12302025100012594,Success,
1667,Office,278 Art Drive,4291593982,12302025100012594,Success,
14007,Office,6426 Reilly Keys,1189974585,12302025100012594,Success,
1667,Office,6394 Madonna Key,2776972223,12302025100012594,Success,
14007,Office,86716 Erich Expressway,5637635154,12302025100012594,Success,
1667,Office,2086 Edythe Circle,2319440543,12302025100012594,Success,
14007,Office,92369 W Walnut Street,3403392883,12302025100012594,Success,
1667,Office,2123 E Broad Street,5351629578,12302025100012594,Success,
14007,Office,22044 Daugherty Union,3934305447,12302025100012594,Success,
1667,Office,97792 Spring Street,2279302023,12302025100012594,Success,
14007,Office,70727 Vicarage Road,2980440008,12302025100012594,Success,
1667,Office,586 Barney Light,6933246558,12302025100012594,Success,
14007,Office,94291 Karley Squares,9867216087,12302025100012594,Success,
1667,Office,6271 Jordi Villages,3204163945,12302025100012594,Success,
14007,Office,1966 Macejkovic Landing,3229205932,12302025100012594,Success,
1667,Office,8324 Chaim Row,2131138853,12302025100012594,Success,
14007,Office,59861 Buckingham Road,8888104228,12302025100012594,Success,
1667,Office,38569 Garfield Court,8441190630,12302025100012594,Success,
14007,Office,5488 George Well,9407547018,12302025100012594,Success,
1667,Office,75647 Maple Road,5310294784,12302025100012594,Success,
14007,Office,249 Monroe Street,4868733507,12302025100012594,Success,
1667,Office,8103 Mulberry Street,8233374425,12302025100012594,Success,
14007,Office,434 Terrell Ville,9655891582,12302025100012594,Success,
1667,Office,13416 Rippin Forks,3336125189,12302025100012594,Success,
14007,Office,26082 The Maltings,9849036394,12302025100012594,Success,
1667,Office,882 Sarina Forks,4286717433,12302025100012594,Success,
14007,Office,64404 Brycen Trace,5937449083,12302025100012594,Success,
1667,Office,9271 Schowalter Meadows,5953272937,12302025100012594,Success,
14007,Office,109 Trinity Road,3876821381,12302025100012594,Success,
1667,Office,39905 York Road,3350463838,12302025100012594,Success,
14007,Office,727 N Central Avenue,8301976603,12302025100012594,Success,
1667,Office,8190 Kenyon Station,8074895824,12302025100012594,Success,
14007,Office,10768 Buckingham Road,6951385554,12302025100012594,Success,
1667,Office,591 The Meadows,7796070697,12302025100012594,Success,
14007,Office,93195 Lind Club,4122704489,12302025100012594,Success,
1667,Office,58079 Clinton Street,4810003436,12302025100012594,Success,
14007,Office,93771 Anastacio Garden,6966165745,12302025100012594,Success,
1667,Office,1771 Mill Road,5466786706,12302025100012594,Success,
14007,Office,1096 Mann Loaf,6123641648,12302025100012594,Success,
1667,Office,7752 Rowe Tunnel,5425495231,12302025100012594,Success,
14007,Office,6859 Mueller Lakes,8060078870,12302025100012594,Success,
1667,Office,20035 S Union Street,7269482503,12302025100012594,Success,
14007,Office,7088 Yew Tree Close,3621500685,12302025100012594,Success,
1667,Office,1212 Schuppe Turnpike,4178096181,12302025100012594,Success,
14007,Office,719 Glover Streets,1889727948,12302025100012594,Success,
1667,Office,1307 Toy Harbors,2310064260,12302025100012594,Success,
14007,Office,11141 Randy Points,9231439342,12302025100012594,Success,
1667,Office,842 Hane Circle,1053869690,12302025100012594,Success,
14007,Office,9071 Hoeger Mill,4775783301,12302025100012594,Success,
1667,Office,171 Chapel Hill,9558630262,12302025100012594,Success,
14007,Office,49471 Viva Mountain,1225298754,12302025100012594,Success,
1667,Office,65267 Garden Street,1563853931,12302025100012594,Success,
14007,Office,2368 Kertzmann Landing,4851588421,12302025100012594,Success,
1667,Office,81333 Wiza Burg,4532590032,12302025100012594,Success,
14007,Office,216 Sporer Skyway,8901773917,12302025100012594,Success,
1667,Office,6176 April Mill,9793917815,12302025100012594,Success,
14007,Office,154 N Oak Street,2267077896,12302025100012594,Success,
1667,Office,84861 North Avenue,3483808827,12302025100012594,Success,
14007,Office,20022 Quigley Viaduct,5783185247,12302025100012594,Success,
1667,Office,201 S Main Street,8830046605,12302025100012594,Success,
14007,Office,936 Stephan Harbors,1653155254,12302025100012594,Success,
1667,Office,796 E 7th Street,4398439089,12302025100012594,Success,
14007,Office,292 Neil Hollow,7265059328,12302025100012594,Success,
1667,Office,9875 Kub Stravenue,1233598217,12302025100012594,Success,
14007,Office,3944 Grand Avenue,7783666458,12302025100012594,Success,
1667,Office,94824 E 7th Street,4940391205,12302025100012594,Success,
14007,Office,74705 Botsford Throughway,8236930381,12302025100012594,Success,
1667,Office,680 Esta Ridge,8392955995,12302025100012594,Success,
14007,Office,70745 Low Road,5862941193,12302025100012594,Success,
1667,Office,377 Precious Path,8577116229,12302025100012594,Success,
14007,Office,622 Corene Cove,1007197219,12302025100012594,Success,
1667,Office,732 Champlin Keys,3031896459,12302025100012594,Success,
14007,Office,9698 Jones Shore,7147173288,12302025100012594,Success,
1667,Office,13590 Iva Crescent,5141526712,12302025100012594,Success,
14007,Office,66729 Birch Road,1041954371,12302025100012594,Success,
1667,Office,2903 Jazmyne Streets,4921079714,12302025100012594,Success,
14007,Office,126 Magdalen Shore,9359615430,12302025100012594,Success,
1667,Office,567 Lewis Keys,2152964749,12302025100012594,Success,
14007,Office,10736 Earnestine Park,4036914022,12302025100012594,Success,
1667,Office,7422 The Coppice,7572216049,12302025100012594,Success,
14007,Office,853 8th Avenue,6158827748,12302025100012594,Success,
1667,Office,83249 The Hawthorns,4601502551,12302025100012594,Success,
14007,Office,84091 Maple Street,3273706497,12302025100012594,Success,
1667,Office,16685 Rutherford Rapids,5159912606,12302025100012594,Success,
14007,Office,65598 W Main Street,2096729434,12302025100012594,Success,
1667,Office,1409 Thompson Creek,7755485497,12302025100012594,Success,
14007,Office,91630 Poplar Street,4699979862,12302025100012594,Success,
1667,Office,936 Park Road,5331378648,12302025100012594,Success,
14007,Office,7985 Rodriguez Crescent,5483859421,12302025100012594,Success,
1667,Office,7307 Daniel Camp,7647196723,12302025100012594,Success,
14007,Office,49347 Pound Lane,6136182168,12302025100012594,Success,
1667,Office,4392 Kulas Ferry,2917687975,12302025100012594,Success,
14007,Office,56825 Rosemarie Parkway,1279798146,12302025100012594,Success,
1667,Office,45544 Hall Street,7804226751,12302025100012594,Success,
14007,Office,64736 Marsh Lane,8260677482,12302025100012594,Success,
1667,Office,574 Rogahn Path,4728707028,12302025100012594,Success,
14007,Office,41037 Bennett Terrace,9404670389,12302025100012594,Success,
1667,Office,27768 Cormier Ridge,2010647445,12302025100012594,Success,
14007,Office,391 Kara Plaza,4628329604,12302025100012594,Success,
1667,Office,9205 Rempel Circle,3612102276,12302025100012594,Success,
14007,Office,1522 Jeanne Crescent,3096994819,12302025100012594,Success,
1667,Office,9314 Hattie Spurs,1148353770,12302025100012594,Success,
14007,Office,4423 Low Road,8842511282,12302025100012594,Success,
1667,Office,7182 Stanley Road,2985014628,12302025100012594,Success,
14007,Office,41038 Jacobson Brooks,1773840221,12302025100012594,Success,
1667,Office,69660 Woodlands Close,8520079261,12302025100012594,Success,
14007,Office,18173 Armani Divide,9040487649,12302025100012594,Success,
1667,Office,2477 Wyman Knoll,5912723849,12302025100012594,Success,
14007,Office,876 S Main Street,7945162006,12302025100012594,Success,
1667,Office,11785 Conn Springs,4703270502,12302025100012594,Success,
14007,Office,108 Glover Field,8735858589,12302025100012594,Success,
1667,Office,8334 Norbert Station,4652389432,12302025100012594,Success,
14007,Office,3710 Hershel Groves,9981759884,12302025100012594,Success,
1667,Office,598 Miller Groves,1479954862,12302025100012594,Success,
14007,Office,994 Allen Motorway,2491037651,12302025100012594,Success,
1667,Office,444 Akeem Drives,1748628852,12302025100012594,Success,
14007,Office,5058 Kreiger Points,7955387662,12302025100012594,Success,
1667,Office,413 Cumberland Street,2865348447,12302025100012594,Success,
14007,Office,42497 Lake Drive,3181335630,12302025100012594,Success,
1667,Office,697 Pine Close,9182600860,12302025100012594,Success,
14007,Office,89022 Ed Via,9913633985,12302025100012594,Success,
1667,Office,8325 Pine Close,6225302155,12302025100012594,Success,
14007,Office,976 Bertha Spur,1080935959,12302025100012594,Success,
1667,Office,726 Halvorson Oval,2945781639,12302025100012594,Success,
14007,Office,63339 Stiedemann Rue,4593036041,12302025100012594,Success,
1667,Office,1748 Meadow Close,6575989210,12302025100012594,Success,
14007,Office,24889 Jerome Courts,2710914161,12302025100012594,Success,
1667,Office,228 Kris Mill,9685193621,12302025100012594,Success,
14007,Office,67290 Bode Shoals,2087901928,12302025100012594,Success,
1667,Office,322 Lind Inlet,6394173181,12302025100012594,Success,
14007,Office,59955 Leann Parkway,5662153081,12302025100012594,Success,
1667,Office,80766 Riverside,8635567853,12302025100012594,Success,
14007,Office,32726 Castle Lane,3423133972,12302025100012594,Success,
1667,Office,5490 S 14th Street,4585554929,12302025100012594,Success,
14007,Office,40042 Ward Views,7314143626,12302025100012594,Success,
1667,Office,8446 Martin Keys,2070922041,12302025100012594,Success,
14007,Office,56573 W 9th Street,5340893424,12302025100012594,Success,
1667,Office,6871 Dexter Brook,7051250594,12302025100012594,Success,
14007,Office,719 Tamia Freeway,1720973537,12302025100012594,Success,
1667,Office,832 Mina Fords,3485519815,12302025100012594,Success,
14007,Office,33686 E Jackson Street,1111418951,12302025100012594,Success,
1667,Office,711 Charles Street,7243041584,12302025100012594,Success,
14007,Office,38338 Moore Junction,4403428578,12302025100012594,Success,
1667,Office,78418 Quarry Road,4466923101,12302025100012594,Success,
14007,Office,63247 Spring Gardens,4935513421,12302025100012594,Success,
1667,Office,51453 Court Street,5463616156,12302025100012594,Success,
14007,Office,253 West Junctions,8505938473,12302025100012594,Success,
1667,Office,930 Fahey Station,2686299566,12302025100012594,Success,
14007,Office,1448 Richmond Road,6470176867,12302025100012594,Success,
1667,Office,44079 Hammes Ports,4914785111,12302025100012594,Success,
14007,Office,31005 Nasir Skyway,8928825666,12302025100012594,Success,
1667,Office,15608 Johnson Manor,7232327308,12302025100012594,Success,
14007,Office,140 Gregoria Manors,7343214875,12302025100012594,Success,
1667,Office,794 Highfield Avenue,8395028986,12302025100012594,Success,
14007,Office,7322 Cummings Spring,3052582078,12302025100012594,Success,
1667,Office,1764 10th Street,8652187309,12302025100012594,Success,
14007,Office,8554 N Main,8671919035,12302025100012594,Success,
1667,Office,6767 Cronin Wells,3499490904,12302025100012594,Success,
14007,Office,38872 Amir Port,8035954888,12302025100012594,Success,
1667,Office,4696 Pinfold Lane,7165336533,12302025100012594,Success,
14007,Office,339 Roberts Drive,8105434570,12302025100012594,Success,
1667,Office,829 Highland Avenue,5565093263,12302025100012594,Success,
14007,Office,26410 Davis Street,7103052039,12302025100012594,Success,
1667,Office,84327 Nicolas Springs,7430555923,12302025100012594,Success,
14007,Office,81337 Towne Ridge,4768522650,12302025100012594,Success,
1667,Office,6947 Laila Viaduct,1564071121,12302025100012594,Success,
14007,Office,13032 W 14th Street,5228815946,12302025100012594,Success,
1667,Office,3258 Legros Ranch,9972777915,12302025100012594,Success,
14007,Office,55421 Violette Estate,8769870842,12302025100012594,Success,
1667,Office,4279 Beach Road,5558033203,12302025100012594,Success,
14007,Office,7024 Conn Harbor,9356096166,12302025100012594,Success,
1667,Office,915 Klein Road,7570964746,12302025100012594,Success,
14007,Office,448 Parker Curve,3008438290,12302025100012594,Success,
1667,Office,638 Tristin Corners,2773386244,12302025100012594,Success,
14007,Office,475 Hettinger Branch,9430495729,12302025100012594,Success,
1667,Office,621 Collier Vista,4030607569,12302025100012594,Success,
14007,Office,80166 E Washington Avenue,2456164193,12302025100012594,Success,
1667,Office,8288 Pfeffer Harbors,9745227448,12302025100012594,Success,
14007,Office,801 E 4th Street,3634872485,12302025100012594,Success,
1667,Office,543 Jerde Inlet,3974732371,12302025100012594,Success,
14007,Office,770 Windsor Drive,2381550738,12302025100012594,Success,
1667,Office,79855 Kingfisher Close,2521279599,12302025100012594,Success,
14007,Office,7683 Weimann Streets,4186074748,12302025100012594,Success,
1667,Office,4819 Kreiger Rest,3381264941,12302025100012594,Success,
14007,Office,1574 Manley Loop,3954157868,12302025100012594,Success,
1667,Office,44968 Lind Junction,8630389514,12302025100012594,Success,
14007,Office,640 Rempel Club,2530235469,12302025100012594,Success,
1667,Office,97747 Keegan Union,9549820107,12302025100012594,Success,
14007,Office,68311 Cummings Parkway,5713048230,12302025100012594,Success,
1667,Office,5268 Craig Extension,7629656842,12302025100012594,Success,
14007,Office,891 Rau Dam,5852013566,12302025100012594,Success,
1667,Office,28037 Turner Tunnel,6314605599,12302025100012594,Success,
14007,Office,94118 Isom Gardens,1046268628,12302025100012594,Success,
1667,Office,1369 Legros Squares,5056182691,12302025100012594,Success,
14007,Office,77112 N Locust Street,3985634602,12302025100012594,Success,
1667,Office,122 Stark Well,5421320909,12302025100012594,Success,
14007,Office,51543 Windsor Close,2744223608,12302025100012594,Success,
1667,Office,4983 Watsica Rapid,4859204125,12302025100012594,Success,
14007,Office,5074 Konopelski Circles,1544774231,12302025100012594,Success,
1667,Office,937 Middle Street,2542898315,12302025100012594,Success,
14007,Office,295 Terry Branch,2678107402,12302025100012594,Success,
1667,Office,157 Williamson Forge,9485139385,12302025100012594,Success,
14007,Office,90469 S 7th Street,1652710846,12302025100012594,Success,
1667,Office,551 Waelchi Throughway,1700818273,12302025100012594,Success,
14007,Office,623 Kacie Keys,4022498734,12302025100012594,Success,
1667,Office,566 Ash Road,1415387826,12302025100012594,Success,
14007,Office,733 Serena Points,2656602423,12302025100012594,Success,
1667,Office,529 Annabelle Loop,9122682657,12302025100012594,Success,
14007,Office,3197 Hirthe Shore,5976967147,12302025100012594,Success,
1667,Office,4685 Laurie Underpass,1619376186,12302025100012594,Success,
14007,Office,157 Sammy Vista,8343352198,12302025100012594,Success,
1667,Office,313 Kyla Highway,6408106164,12302025100012594,Success,
14007,Office,3173 Godfrey Throughway,4141187525,12302025100012594,Success,
1667,Office,25255 Amie Estate,8113700542,12302025100012594,Success,
14007,Office,6689 Lueilwitz Mill,4800923047,12302025100012594,Success,
1667,Office,475 Spring Street,1003506884,12302025100012594,Success,
14007,Office,1267 Beech Grove,8563601600,12302025100012594,Success,
1667,Office,367 Daugherty Radial,3206036687,12302025100012594,Success,
14007,Office,704 Cedar Avenue,6247987740,12302025100012594,Success,
1667,Office,40023 Daugherty Lakes,5173899468,12302025100012594,Success,
14007,Office,72705 Thad Wall,5863640524,12302025100012594,Success,
1667,Office,8833 Harvey Inlet,1694024860,12302025100012594,Success,
14007,Office,95465 Rene Club,8337892213,12302025100012594,Success,
1667,Office,5511 Roman Way,7206317745,12302025100012594,Success,
14007,Office,91251 S Mill Street,3750599299,12302025100012594,Success,
1667,Office,18067 E Jefferson Street,9490163182,12302025100012594,Success,
14007,Office,71164 E 9th Street,4129698595,12302025100012594,Success,
1667,Office,2048 Schultz Lodge,3153053443,12302025100012594,Success,
14007,Office,565 Kilback Place,7257320785,12302025100012594,Success,
1667,Office,24746 Jamar Trace,6650905271,12302025100012594,Success,
14007,Office,9416 Jalon Skyway,2558316215,12302025100012594,Success,
1667,Office,12930 Weissnat Greens,5661767043,12302025100012594,Success,
14007,Office,97466 Pinfold Lane,3359203644,12302025100012594,Success,
1667,Office,7363 Stoltenberg Villages,9071400531,12302025100012594,Success,
14007,Office,824 N High Street,8592405274,12302025100012594,Success,
1667,Office,30031 Oak Drive,5561010331,12302025100012594,Success,
14007,Office,473 N Church Street,1114269865,12302025100012594,Success,
1667,Office,7849 Lebsack Isle,3957438782,12302025100012594,Success,
14007,Office,42365 Armani Vista,6752667462,12302025100012594,Success,
1667,Office,515 Frank Canyon,6716804538,12302025100012594,Success,
14007,Office,39375 N Washington Avenue,2260703825,12302025100012594,Success,
1667,Office,96921 Norval Brooks,9247288593,12302025100012594,Success,
14007,Office,821 Jalen Circle,8734750799,12302025100012594,Success,
1667,Office,26961 7th Street,7372562082,12302025100012594,Success,
14007,Office,26677 Herman Ville,3027022618,12302025100012594,Success,
1667,Office,13380 Ledner Lock,5679730664,12302025100012594,Success,
14007,Office,7708 Durgan Burg,8296098623,12302025100012594,Success,
1667,Office,9563 Zboncak Track,3815727230,12302025100012594,Success,
14007,Office,1745 Wolff Hollow,6772815431,12302025100012594,Success,
1667,Office,3454 Bradley Junction,4844637388,12302025100012594,Success,
14007,Office,229 Okuneva Crossing,8429573763,12302025100012594,Success,
1667,Office,969 Kemmer Roads,3790089759,12302025100012594,Success,
14007,Office,2489 Dylan Path,2965853818,12302025100012594,Success,
1667,Office,2196 Rosemarie Mountains,7664598316,12302025100012594,Success,
14007,Office,155 Simonis Street,2069490546,12302025100012594,Success,
1667,Office,629 Julie Ports,8900651597,12302025100012594,Success,
14007,Office,6397 Birch Close,8889550921,12302025100012594,Success,
1667,Office,4444 McClure Key,6328286380,12302025100012594,Success,
14007,Office,100 Jeanie Shores,4062688680,12302025100012594,Success,
1667,Office,3484 Larson Cape,8361978699,12302025100012594,Success,
14007,Office,5964 Cedar Street,1677512533,12302025100012594,Success,
1667,Office,13600 Locust Street,5808266719,12302025100012594,Success,
14007,Office,828 Pine Street,1695276560,12302025100012594,Success,
1667,Office,27695 Schuppe Orchard,7741282504,12302025100012594,Success,
14007,Office,2867 Commercial Road,9414951899,12302025100012594,Success,
1667,Office,441 Emilio Springs,9243714042,12302025100012594,Success,
14007,Office,627 DuBuque Viaduct,8743952042,12302025100012594,Success,
1667,Office,872 Dayana Glen,6192770662,12302025100012594,Success,
14007,Office,506 Park Crescent,8453109162,12302025100012594,Success,
1667,Office,57732 Alana Trace,4106491263,12302025100012594,Success,
14007,Office,28136 Morissette View,3232941514,12302025100012594,Success,
1667,Office,725 W 12th Street,2683828462,12302025100012594,Success,
14007,Office,52331 Ondricka Wells,9739355082,12302025100012594,Success,
1667,Office,6302 Clark Street,1898053992,12302025100012594,Success,
14007,Office,32847 O'Keefe Greens,5827412652,12302025100012594,Success,
1667,Office,5952 Klein Lights,1178765320,12302025100012594,Success,
14007,Office,886 Ward Flats,6507443303,12302025100012594,Success,
1667,Office,9061 Ayana Motorway,5234296363,12302025100012594,Success,
14007,Office,42598 Baumbach Circle,9107271369,12302025100012594,Success,
1667,Office,63184 Aubrey Drive,3851775609,12302025100012594,Success,
14007,Office,1775 Valley Road,9779670675,12302025100012594,Success,
1667,Office,2036 Milton Road,8318749669,12302025100012594,Success,
14007,Office,4841 Baumbach Coves,2282611641,12302025100012594,Success,
1667,Office,8372 W State Street,6514121539,12302025100012594,Success,
14007,Office,6297 Gleichner Ferry,9501049718,12302025100012594,Success,
1667,Office,9400 Meadow Lane,4838265901,12302025100012594,Success,
14007,Office,59413 Hilton Lakes,2673766009,12302025100012594,Success,
1667,Office,569 Gavin Glens,4596488668,12302025100012594,Success,
14007,Office,523 Harris Cliff,5858772478,12302025100012594,Success,
1667,Office,33869 Dedrick Keys,6299684189,12302025100012594,Success,
14007,Office,810 Abagail Burgs,1401902756,12302025100012594,Success,
1667,Office,43773 Duncan Branch,5950731751,12302025100012594,Success,
14007,Office,508 Al Shoals,4041465489,12302025100012594,Success,
1667,Office,815 Daphnee Well,1347779867,12302025100012594,Success,
14007,Office,769 Grimes Ridges,3135871063,12302025100012594,Success,
1667,Office,5669 Oma Creek,7911544082,12302025100012594,Success,
14007,Office,8106 Hahn Forest,2696033086,12302025100012594,Success,
1667,Office,2766 Leo Wall,7368905596,12302025100012594,Success,
14007,Office,597 Veterans Memorial Highway,2407148050,12302025100012594,Success,
1667,Office,63885 Kuhlman Rapids,7965494128,12302025100012594,Success,
14007,Office,869 Aufderhar Plaza,3244606446,12302025100012594,Success,
1667,Office,22568 School Road,2392898144,12302025100012594,Success,
14007,Office,62923 Tate Alley,3223421009,12302025100012594,Success,
1667,Office,8780 Larkin Ports,4365968241,12302025100012594,Success,
14007,Office,636 Aniya Lock,8042188565,12302025100012594,Success,
1667,Office,620 W Washington Street,7230792738,12302025100012594,Success,
14007,Office,96901 W Oak Street,1755439092,12302025100012594,Success,
1667,Office,1491 Smitham Flats,1671017644,12302025100012594,Success,
14007,Office,25125 Franey Pike,8760036109,12302025100012594,Success,
1667,Office,401 Western Road,7242138402,12302025100012594,Success,
14007,Office,385 Gerhold Plains,6960735958,12302025100012594,Success,
1667,Office,6931 W State Street,3424748087,12302025100012594,Success,
14007,Office,395 E 10th Street,3636193359,12302025100012594,Success,
1667,Office,6540 Greenway,6824541791,12302025100012594,Success,
14007,Office,38004 Bramble Close,2019127920,12302025100012594,Success,
1667,Office,588 Hintz Lakes,5771541780,12302025100012594,Success,
14007,Office,8008 Spencer Plain,3923491356,12302025100012594,Success,
1667,Office,655 Gunnar Walk,9882582454,12302025100012594,Success,
14007,Office,75146 Parker Lane,7883537252,12302025100012594,Success,
1667,Office,4002 Vincenzo Courts,7987116482,12302025100012594,Success,
14007,Office,499 Yundt Mount,4743664590,12302025100012594,Success,
1667,Office,4539 W High Street,7080400603,12302025100012594,Success,
14007,Office,53436 Emmie Fields,9504924366,12302025100012594,Success,
1667,Office,69133 Lockman Shoal,8082981431,12302025100012594,Success,
14007,Office,4340 O'Kon Views,9956982849,12302025100012594,Success,
1667,Office,2542 Strosin Ranch,5507231667,12302025100012594,Success,
14007,Office,334 Rectory Close,9088646451,12302025100012594,Success,
1667,Office,19512 Dickens Divide,8721128273,12302025100012594,Success,
14007,Office,329 S 2nd Street,8138022236,12302025100012594,Success,
1667,Office,243 Ryan Spring,4453114062,12302025100012594,Success,
14007,Office,53892 Tyson Union,2446087746,12302025100012594,Success,
1667,Office,94163 Melyna Landing,4191144599,12302025100012594,Success,
14007,Office,744 Swaniawski Overpass,5147854177,12302025100012594,Success,
1667,Office,125 Stamm View,4558837357,12302025100012594,Success,
14007,Office,1349 Lavina Cape,4943567086,12302025100012594,Success,
1667,Office,69977 Kunde Heights,5735616393,12302025100012594,Success,
14007,Office,65733 Mitchell Oval,8400005685,12302025100012594,Success,
1667,Office,8195 Reichel Ridges,1358858013,12302025100012594,Success,
14007,Office,8124 Eunice Landing,1857256598,12302025100012594,Success,
1667,Office,7818 Orn Lake,4734961111,12302025100012594,Success,
14007,Office,950 S Lincoln Street,2182691810,12302025100012594,Success,
1667,Office,67491 Haley Motorway,4286018458,12302025100012594,Success,
14007,Office,16107 Gloucester Road,2797033566,12302025100012594,Success,
1667,Office,19174 Hansen Skyway,2627446610,12302025100012594,Success,
14007,Office,575 Johnston Square,4340303136,12302025100012594,Success,
1667,Office,10324 Mafalda Points,1660532512,12302025100012594,Success,
14007,Office,885 Blick Loaf,8858938055,12302025100012594,Success,
1667,Office,166 Emmalee Brook,8072278039,12302025100012594,Success,
14007,Office,22988 Else Drives,9191009401,12302025100012594,Success,
1667,Office,9967 Keith Orchard,1851017357,12302025100012594,Success,
14007,Office,44876 Wilma Ford,9369135594,12302025100012594,Success,
1667,Office,63873 West Avenue,7409487258,12302025100012594,Success,
14007,Office,345 Skiles Gateway,8139371821,12302025100012594,Success,
1667,Office,8269 Pearline Center,5188695391,12302025100012594,Success,
14007,Office,2328 Maybelle Loaf,8827836097,12302025100012594,Success,
1667,Office,5290 The Coppice,1881674187,12302025100012594,Success,
14007,Office,34645 Deonte Parks,1592863422,12302025100012594,Success,
1667,Office,153 Lang Mountain,4435566071,12302025100012594,Success,
14007,Office,917 Gabe Center,7423484148,12302025100012594,Success,
1667,Office,2030 Pamela Mill,5169118108,12302025100012594,Success,
14007,Office,563 Talbot Road,2429769966,12302025100012594,Success,
1667,Office,53675 Florida Ranch,9611541893,12302025100012594,Success,
14007,Office,2883 Towne Harbor,4155256257,12302025100012594,Success,
1667,Office,39547 N Washington Street,2129420704,12302025100012594,Success,
14007,Office,42600 Baumbach Mountains,1262184822,12302025100012594,Success,
1667,Office,6576 Alysha Loop,4336667154,12302025100012594,Success,
14007,Office,19659 Hillside,9718947829,12302025100012594,Success,
1667,Office,9249 Nick Avenue,6295060140,12302025100012594,Success,
14007,Office,82419 4th Street,7152557932,12302025100012594,Success,
1667,Office,43784 Mertz Cliffs,1211284464,12302025100012594,Success,
14007,Office,4412 Von Views,2676775722,12302025100012594,Success,
1667,Office,640 Emard Extension,5241390042,12302025100012594,Success,
14007,Office,3841 Ward Path,1374108885,12302025100012594,Success,
1667,Office,287 O'Connell Trace,8243834384,12302025100012594,Success,
14007,Office,5338 Darien Street,2135748086,12302025100012594,Success,
1667,Office,63939 Watsica Ridges,3633742145,12302025100012594,Success,
14007,Office,8184 Johnston Ridges,8175746609,12302025100012594,Success,
1667,Office,79984 Birch Road,8996623655,12302025100012594,Success,
14007,Office,57686 Leffler Canyon,7323425478,12302025100012594,Success,
1667,Office,8753 Pedro Mills,1197855043,12302025100012594,Success,
14007,Office,2909 Bernier Dale,2194273353,12302025100012594,Success,
1667,Office,3824 Douglas Rapid,2692199028,12302025100012594,Success,
14007,Office,45354 Reinger Green,8097320070,12302025100012594,Success,
1667,Office,35445 Casey Corners,7123443817,12302025100012594,Success,
14007,Office,254 Davin Lock,7309899984,12302025100012594,Success,
1667,Office,539 Oaklands,5173241610,12302025100012594,Success,
14007,Office,26771 E Jackson Street,1047531100,12302025100012594,Success,
1667,Office,91043 N 4th Street,9906992333,12302025100012594,Success,
14007,Office,8142 Ludie Way,1005808146,12302025100012594,Success,
1667,Office,638 S 8th Street,6743384341,12302025100012594,Success,
14007,Office,309 Dina Junctions,3361313853,12302025100012594,Success,
1667,Office,9442 King Street,2747263517,12302025100012594,Success,
14007,Office,677 Kuhn Fork,3209691621,12302025100012594,Success,
1667,Office,6328 Vandervort Via,2724333452,12302025100012594,Success,
14007,Office,958 Center Road,7358752698,12302025100012594,Success,
1667,Office,79488 Filiberto Junctions,1733371164,12302025100012594,Success,
14007,Office,594 Collier Mission,3745795417,12302025100012594,Success,
1667,Office,97174 Back Lane,7315787909,12302025100012594,Success,
14007,Office,32143 St Mary's Close,1284840214,12302025100012594,Success,
1667,Office,28103 Dominic Hill,4472911284,12302025100012594,Success,
14007,Office,4212 Elmore Fall,1856593540,12302025100012594,Success,
1667,Office,3529 Felicity Track,7527777266,12302025100012594,Success,
14007,Office,4537 Center Avenue,9431079160,12302025100012594,Success,
1667,Office,7930 Second Avenue,9608134941,12302025100012594,Success,
14007,Office,6280 Cartwright Court,3600035740,12302025100012594,Success,
1667,Office,4771 School Close,8514044835,12302025100012594,Success,
14007,Office,2539 Lime Grove,3713185745,12302025100012594,Success,
1667,Office,53925 Maxine Plains,3459481147,12302025100012594,Success,
14007,Office,32553 First Avenue,4512743134,12302025100012594,Success,
1667,Office,2183 Roscoe Dam,4890084687,12302025100012594,Success,
14007,Office,54363 Beatty Village,8266202975,12302025100012594,Success,
1667,Office,6744 Auer Streets,5049659269,12302025100012594,Success,
14007,Office,6204 The Avenue,5812253924,12302025100012594,Success,
1667,Office,6030 Bode Canyon,7481871010,12302025100012594,Success,
14007,Office,4294 Pfeffer Stream,3907451491,12302025100012594,Success,
1667,Office,339 Paucek Place,7752992383,12302025100012594,Success,
14007,Office,55795 University Drive,7861086507,12302025100012594,Success,
1667,Office,34880 Lawrence Street,7594847931,12302025100012594,Success,
14007,Office,1810 Melisa Cove,2645206798,12302025100012594,Success,
1667,Office,747 Beach Road,8215568292,12302025100012594,Success,
14007,Office,3686 Hassie Divide,2607855320,12302025100012594,Success,
1667,Office,399 Cynthia Mount,3928795346,12302025100012594,Success,
14007,Office,739 6th Street,6228002939,12302025100012594,Success,
1667,Office,478 N Lincoln Street,2762794184,12302025100012594,Success,
14007,Office,90381 Fabiola Cliffs,4280824634,12302025100012594,Success,
1667,Office,94530 Tracey Lodge,1244837659,12302025100012594,Success,
14007,Office,3068 Lime Grove,2326779692,12302025100012594,Success,
1667,Office,84425 Hodkiewicz Views,6788113712,12302025100012594,Success,
14007,Office,8256 Albert Road,2078057289,12302025100012594,Success,
1667,Office,916 Park Crescent,4390478639,12302025100012594,Success,
14007,Office,78198 S Grand Avenue,2991266451,12302025100012594,Success,
1667,Office,684 Ernesto Knolls,6712812636,12302025100012594,Success,
14007,Office,20829 E Market Street,9781866144,12302025100012594,Success,
1667,Office,45502 Barton Forges,2715684375,12302025100012594,Success,
14007,Office,1052 Macejkovic Mountains,2355890661,12302025100012594,Success,
1667,Office,4159 Jaiden Wall,6935486623,12302025100012594,Success,
14007,Office,277 Beech Road,4144697957,12302025100012594,Success,
1667,Office,233 Lesch Field,7126077188,12302025100012594,Success,
14007,Office,352 Streich Harbor,9899299156,12302025100012594,Success,
1667,Office,9789 E Jackson Street,6407167896,12302025100012594,Success,
14007,Office,481 Simonis Mountains,5609563087,12302025100012594,Success,
1667,Office,3279 Bogisich Shore,1865033790,12302025100012594,Success,
14007,Office,72310 The Limes,6828520104,12302025100012594,Success,
1667,Office,69474 Green Ranch,5736808480,12302025100012594,Success,
14007,Office,18714 Helen Parkway,2717366045,12302025100012594,Success,
1667,Office,643 W Center Street,1451606910,12302025100012594,Success,
14007,Office,43977 Vernice Harbors,8306527797,12302025100012594,Success,
1667,Office,4271 Kuphal Union,4712797237,12302025100012594,Success,
14007,Office,20764 Streich Run,4702655453,12302025100012594,Success,
1667,Office,101 Reggie Manor,1484329921,12302025100012594,Success,
14007,Office,10032 Lockman Square,7927196214,12302025100012594,Success,
1667,Office,635 Cindy Dam,4003968348,12302025100012594,Success,
14007,Office,79010 Hickle Ridges,5093118502,12302025100012594,Success,
1667,Office,1881 E 12th Street,8300811868,12302025100012594,Success,
14007,Office,6838 Hyatt Spur,3684204870,12302025100012594,Success,
1667,Office,3008 Leopoldo Haven,9250903944,12302025100012594,Success,
14007,Office,65032 Schroeder Street,4038590712,12302025100012594,Success,
1667,Office,4106 Railway Street,9296927142,12302025100012594,Success,
14007,Office,787 McCullough Green,2489551426,12302025100012594,Success,
1667,Office,3937 Brannon Camp,4223817333,12302025100012594,Success,
14007,Office,874 Kohler Ridges,1744057515,12302025100012594,Success,
1667,Office,2198 Jaquan Forges,5735244441,12302025100012594,Success,
14007,Office,517 Novella Ridges,2300178201,12302025100012594,Success,
1667,Office,832 Lincoln Street,2598464980,12302025100012594,Success,
14007,Office,334 Hamill Heights,5681730469,12302025100012594,Success,
1667,Office,7348 Mayer Parks,1213228872,12302025100012594,Success,
14007,Office,899 Beahan Ville,1605654498,12302025100012594,Success,
1667,Office,481 Howard Street,6818377817,12302025100012594,Success,
14007,Office,79387 Aurelie Pine,2027528071,12302025100012594,Success,
1667,Office,27791 Josefa Walks,3451320238,12302025100012594,Success,
14007,Office,3615 Spinka Streets,9536891544,12302025100012594,Success,
1667,Office,94524 Dooley Flats,4392883256,12302025100012594,Success,
14007,Office,89478 Water Street,1561997674,12302025100012594,Success,
1667,Office,37261 Swift Lodge,7066363369,12302025100012594,Success,
14007,Office,98297 Marcelino Loop,5626203894,12302025100012594,Success,
1667,Office,58791 Reynolds Place,9725768097,12302025100012594,Success,
14007,Office,67620 Fisher Dam,6129226608,12302025100012594,Success,
1667,Office,601 Clementine Squares,8413579052,12302025100012594,Success,
14007,Office,740 Emmerich Fort,8237249828,12302025100012594,Success,
1667,Office,2871 Dorris Glen,1522930934,12302025100012594,Success,
14007,Office,991 Castle Close,5124616141,12302025100012594,Success,
1667,Office,233 Woodside Road,7873146846,12302025100012594,Success,
14007,Office,61052 W Washington Street,3877670199,12302025100012594,Success,
1667,Office,6820 Sanford Divide,5617983293,12302025100012594,Success,
14007,Office,551 McClure Plaza,9906396179,12302025100012594,Success,
1667,Office,89316 Geovanni Mill,6971353851,12302025100012594,Success,
14007,Office,70470 Skyline Drive,1627201356,12302025100012594,Success,
1667,Office,1017 Market Street,9425669226,12302025100012594,Success,
14007,Office,3859 Lincoln Mission,7889565187,12302025100012594,Success,
1667,Office,7375 Reagan Freeway,7416552368,12302025100012594,Success,
14007,Office,538 Dare Points,7033082939,12302025100012594,Success,
1667,Office,8768 Roslyn Field,3455573853,12302025100012594,Success,
14007,Office,3362 Alana Fall,1762036695,12302025100012594,Success,
1667,Office,235 Teresa Village,9352667215,12302025100012594,Success,
14007,Office,580 Hansen Terrace,2057905025,12302025100012594,Success,
1667,Office,507 Bath Street,2919827414,12302025100012594,Success,
14007,Office,5644 Murray Stravenue,5569193447,12302025100012594,Success,
1667,Office,488 O'Kon Rapids,9171946088,12302025100012594,Success,
14007,Office,96805 Britney Ville,6053642025,12302025100012594,Success,
1667,Office,996 Marlene Roads,8998731137,12302025100012594,Success,
14007,Office,38645 Jordy Plains,3351452123,12302025100012594,Success,
1667,Office,46877 Kunze Lake,8950344486,12302025100012594,Success,
14007,Office,2401 Cherry Tree Close,1643412230,12302025100012594,Success,
1667,Office,3509 Connelly Coves,3061636743,12302025100012594,Success,
14007,Office,223 Jenifer Rapids,4401464002,12302025100012594,Success,
1667,Office,33736 Missouri Land,6207970994,12302025100012594,Success,
14007,Office,57175 Anissa Points,4742371709,12302025100012594,Success,
1667,Office,331 W North Street,6842991248,12302025100012594,Success,
14007,Office,5073 Caden Mills,4983457125,12302025100012594,Success,
1667,Office,246 Kraig Loop,5310925743,12302025100012594,Success,
14007,Office,6585 Mann Track,7818566799,12302025100012594,Success,
1667,Office,2751 Senger Cove,9160362152,12302025100012594,Success,
14007,Office,7971 General Point,1996538488,12302025100012594,Success,
1667,Office,209 Caterina Stravenue,1052492490,12302025100012594,Success,
14007,Office,147 Third Avenue,9594047926,12302025100012594,Success,
1667,Office,905 Poplar Street,9124010555,12302025100012594,Success,
14007,Office,851 Aniya Ford,6049842426,12302025100012594,Success,
1667,Office,20721 Catharine Drive,2752147949,12302025100012594,Success,
14007,Office,329 Church Path,9249123546,12302025100012594,Success,
1667,Office,47430 W Walnut Street,4110423926,12302025100012594,Success,
14007,Office,742 Nelson Street,4571944839,12302025100012594,Success,
1667,Office,85515 Michaela Rapids,1580115341,12302025100012594,Success,
14007,Office,3669 Sanford Estate,5014055175,12302025100012594,Success,
1667,Office,6729 Bertha Club,5485039245,12302025100012594,Success,
14007,Office,76309 Lera Groves,1480234102,12302025100012594,Success,
1667,Office,88948 Destin Square,2842959481,12302025100012594,Success,
14007,Office,358 S 8th Street,4718392128,12302025100012594,Success,
1667,Office,53225 Gislason Oval,1424704081,12302025100012594,Success,
14007,Office,83262 Lynch Run,6985644999,12302025100012594,Success,
1667,Office,772 Runte Knolls,4402534937,12302025100012594,Success,
14007,Office,3008 S Elm Street,6662085885,12302025100012594,Success,
1667,Office,1861 Lonny Fork,8362116052,12302025100012594,Success,
14007,Office,8308 Marco Junctions,5513543885,12302025100012594,Success,
1667,Office,184 Stokes Mall,9091925248,12302025100012594,Success,
14007,Office,17117 Vern Point,3782264993,12302025100012594,Success,
1667,Office,9969 Brown Greens,8930682120,12302025100012594,Success,
14007,Office,550 Rachelle Pine,3088692625,12302025100012594,Success,
1667,Office,936 Friesen Haven,2969942484,12302025100012594,Success,
14007,Office,20529 Hanna Center,2601226636,12302025100012594,Success,
1667,Office,83784 Dorian Prairie,2326338899,12302025100012594,Success,
14007,Office,77196 W Main Street,6333832395,12302025100012594,Success,
1667,Office,646 S Monroe Street,9026370995,12302025100012594,Success,
14007,Office,407 E 10th Street,1778230800,12302025100012594,Success,
1667,Office,6924 E 8th Street,6599698618,12302025100012594,Success,
14007,Office,128 Bay Street,4822111839,12302025100012594,Success,
1667,Office,71253 Maxime Curve,1735630846,12302025100012594,Success,
14007,Office,68355 Tavares Estate,2155715934,12302025100012594,Success,
1667,Office,89362 S College Street,7321587624,12302025100012594,Success,
14007,Office,100 Wehner Mission,8409975556,12302025100012594,Success,
1667,Office,3915 N Water Street,3889159544,12302025100012594,Success,
14007,Office,372 River Street,6000910929,12302025100012594,Success,
1667,Office,10191 Una Wells,1335400841,12302025100012594,Success,
14007,Office,3802 A Street,1204939744,12302025100012594,Success,
1667,Office,18870 Schimmel Glens,8531410839,12302025100012594,Success,
14007,Office,639 Angela Lake,1372529860,12302025100012594,Success,
1667,Office,61824 Olaf Crossroad,3664080621,12302025100012594,Success,
14007,Office,275 Volkman Coves,9201272576,12302025100012594,Success,
1667,Office,73842 Marks Passage,5867522379,12302025100012594,Success,
14007,Office,4869 Vicarage Lane,3282002824,12302025100012594,Success,
1667,Office,9246 Kyler Track,5083759492,12302025100012594,Success,
14007,Office,56009 Howe Track,7954869231,12302025100012594,Success,
1667,Office,6955 Jakubowski Divide,7511943036,12302025100012594,Success,
14007,Office,2231 W 10th Street,1452448372,12302025100012594,Success,
1667,Office,25778 Rahul Stream,1397132731,12302025100012594,Success,
14007,Office,5788 Nolan Forge,1049055244,12302025100012594,Success,
1667,Office,131 Ramon Heights,5541981031,12302025100012594,Success,
14007,Office,655 Feil Valley,8753410857,12302025100012594,Success,
1667,Office,812 Howard Street,6969057469,12302025100012594,Success,
14007,Office,4598 S East Street,4986855893,12302025100012594,Success,
1667,Office,1702 Rath Hills,6047041648,12302025100012594,Success,
14007,Office,63096 Jesus Spurs,3930406989,12302025100012594,Success,
1667,Office,6242 Donavon Neck,8860871821,12302025100012594,Success,
14007,Office,4577 High Street,5170048642,12302025100012594,Success,
1667,Office,1406 Marian Gardens,9579980644,12302025100012594,Success,
14007,Office,725 Kris Stream,1646317132,12302025100012594,Success,
1667,Office,19263 N 3rd Street,1665787626,12302025100012594,Success,
14007,Office,723 Cassin Terrace,4393988621,12302025100012594,Success,
1667,Office,3771 Heaney Plains,1817818296,12302025100012594,Success,
14007,Office,78398 W Broadway Street,2515300208,12302025100012594,Success,
1667,Office,71332 S Jackson Street,6844937759,12302025100012594,Success,
14007,Office,869 Oak Avenue,9270214529,12302025100012594,Success,
1667,Office,322 W 5th Street,5331170960,12302025100012594,Success,
14007,Office,372 Chestnut Drive,8181402633,12302025100012594,Success,
1667,Office,371 Clovis Inlet,2588999512,12302025100012594,Success,
14007,Office,22238 Upton Via,9710638378,12302025100012594,Success,
1667,Office,4969 Kemmer Crescent,1973273241,12302025100012594,Success,
14007,Office,17921 N Center Street,8151746003,12302025100012594,Success,
1667,Office,3326 The Willows,3388247738,12302025100012594,Success,
14007,Office,6770 Union Street,5433535561,12302025100012594,Success,
1667,Office,13281 Deja Centers,8231544541,12302025100012594,Success,
14007,Office,7673 Nola Trace,9708048980,12302025100012594,Success,
1667,Office,45366 Clarence Street,3390171857,12302025100012594,Success,
14007,Office,5511 Kestrel Close,8145819132,12302025100012594,Success,
1667,Office,171 E Cedar Street,8392446538,12302025100012594,Success,
14007,Office,43512 Old Road,6372854662,12302025100012594,Success,
1667,Office,739 Olaf Grove,6489200272,12302025100012594,Success,
14007,Office,71245 Colton Mall,6887387079,12302025100012594,Success,
1667,Office,88492 Blind Lane,4687419922,12302025100012594,Success,
14007,Office,461 Schaefer Turnpike,6292139055,12302025100012594,Success,
1667,Office,44067 Bayer Point,6057336408,12302025100012594,Success,
14007,Office,8474 Elinor Spurs,7844703336,12302025100012594,Success,
1667,Office,6571 Treutel Common,7488237178,12302025100012594,Success,
14007,Office,546 Hettie Fork,1832593550,12302025100012594,Success,
1667,Office,77966 Albina Parks,9123923525,12302025100012594,Success,
14007,Office,379 Stoltenberg Trafficway,4482701185,12302025100012594,Success,
1667,Office,156 VonRueden Loop,1176717117,12302025100012594,Success,
14007,Office,777 Quitzon Views,2669425605,12302025100012594,Success,
1667,Office,236 Liberty Street,3441359041,12302025100012594,Success,
14007,Office,194 Jonathan Trace,3930590376,12302025100012594,Success,
1667,Office,6991 Green Squares,1509860076,12302025100012594,Success,
14007,Office,146 W River Road,9807637783,12302025100012594,Success,
1667,Office,11332 Newton Road,3607262780,12302025100012594,Success,
14007,Office,405 West Street,9332885380,12302025100012594,Success,
1667,Office,21149 N Broad Street,2225057739,12302025100012594,Success,
14007,Office,4670 Park Lane,2588761248,12302025100012594,Success,
1667,Office,9168 Alexandre Brooks,6275306746,12302025100012594,Success,
14007,Office,886 Riverside,1200109351,12302025100012594,Success,
1667,Office,244 Cummerata Heights,2598385924,12302025100012594,Success,
14007,Office,180 Buddy Brook,4815415987,12302025100012594,Success,
1667,Office,9690 Springfield Road,5953667678,12302025100012594,Success,
14007,Office,620 Madilyn Ranch,7030950987,12302025100012594,Success,
1667,Office,303 Clark Plaza,9541479180,12302025100012594,Success,
14007,Office,19393 Sammy Row,9830751280,12302025100012594,Success,
1667,Office,67484 Libbie Path,2849922934,12302025100012594,Success,
14007,Office,338 Park Avenue,8195982609,12302025100012594,Success,
1667,Office,444 N Harrison Street,6656855489,12302025100012594,Success,
14007,Office,7897 Franey Land,5452421754,12302025100012594,Success,
1667,Office,58686 Keebler Skyway,4657108982,12302025100012594,Success,
14007,Office,756 S 2nd Street,1663888754,12302025100012594,Success,
1667,Office,307 Maude Isle,2419617090,12302025100012594,Success,
14007,Office,382 Rolfson Ford,7070515306,12302025100012594,Success,
1667,Office,8012 Kenny Flat,4240112036,12302025100012594,Success,
14007,Office,1862 Harrison Avenue,5081212453,12302025100012594,Success,
1667,Office,667 Jeffrey Falls,6264709045,12302025100012594,Success,
14007,Office,49512 Schuppe Viaduct,2116551749,12302025100012594,Success,
1667,Office,906 Runte Streets,9959943864,12302025100012594,Success,
14007,Office,280 Romaguera Centers,7296448046,12302025100012594,Success,
1667,Office,27763 W Park Street,3387351308,12302025100012594,Success,
14007,Office,95049 Davion Estates,6727958424,12302025100012594,Success,
1667,Office,82710 E 10th Street,8531031000,12302025100012594,Success,
14007,Office,8579 N Franklin Street,9303319885,12302025100012594,Success,
1667,Office,171 Skyline Drive,8705804240,12302025100012594,Success,
14007,Office,281 St John's Road,4487030304,12302025100012594,Success,
1667,Office,42273 Gunnar Knolls,4378909401,12302025100012594,Success,
14007,Office,3050 Zemlak Loop,1847003939,12302025100012594,Success,
1667,Office,6195 Laura Shore,7566359701,12302025100012594,Success,
14007,Office,495 S Jefferson Street,6307381853,12302025100012594,Success,
1667,Office,6801 Mikayla Centers,8581178162,12302025100012594,Success,
14007,Office,78470 Madelynn Centers,4213847088,12302025100012594,Success,
1667,Office,2350 Garret Fields,7380417211,12302025100012594,Success,
14007,Office,488 Colten Oval,5685434968,12302025100012594,Success,
1667,Office,43433 N Center Street,9690578965,12302025100012594,Success,
14007,Office,979 Anderson Light,8820162379,12302025100012594,Success,
1667,Office,832 Barrows Causeway,6139418692,12302025100012594,Success,
14007,Office,6673 Christiana Trail,8503620882,12302025100012594,Success,
1667,Office,853 Ambrose Knolls,8483113517,12302025100012594,Success,
14007,Office,80468 W North Street,3117002745,12302025100012594,Success,
1667,Office,6743 Turner Highway,2001609830,12302025100012594,Success,
14007,Office,96926 Jefferson Street,6632432675,12302025100012594,Success,
1667,Office,119 Birch Road,2714206746,12302025100012594,Success,
14007,Office,9194 Meadow Lane,8552625982,12302025100012594,Success,
1667,Office,653 Mathias Via,3326491462,12302025100012594,Success,
14007,Office,98593 Kunze Forge,5510045612,12302025100012594,Success,
1667,Office,6848 Fahey Union,9708240733,12302025100012594,Success,
14007,Office,1039 Alfred Street,3434489093,12302025100012594,Success,
1667,Office,81547 Rogahn Heights,6963593384,12302025100012594,Success,
14007,Office,44808 S 14th Street,1116931368,12302025100012594,Success,
1667,Office,699 Erica Estates,8715936102,12302025100012594,Success,
14007,Office,5266 E Elm Street,2507206468,12302025100012594,Success,
1667,Office,55255 Otto Circle,9557145735,12302025100012594,Success,
14007,Office,6851 Yesenia Walk,6124361224,12302025100012594,Success,
1667,Office,4272 Robel Stravenue,8390131987,12302025100012594,Success,
14007,Office,4265 9th Street,8388612681,12302025100012594,Success,
1667,Office,16951 Sanford Crest,7939905231,12302025100012594,Success,
14007,Office,1487 W 6th Avenue,2820009765,12302025100012594,Success,
1667,Office,58750 E 6th Avenue,9165265325,12302025100012594,Success,
14007,Office,65731 Labadie Turnpike,3376449356,12302025100012594,Success,
1667,Office,5420 Garden Street,1456141986,12302025100012594,Success,
14007,Office,89016 Devonshire Road,5991639044,12302025100012594,Success,
1667,Office,3007 Huel Freeway,6470967748,12302025100012594,Success,
14007,Office,1734 Goodwin Pass,3296539513,12302025100012594,Success,
1667,Office,144 Cremin Ports,5581611149,12302025100012594,Success,
14007,Office,625 Berenice Island,6722185809,12302025100012594,Success,
1667,Office,669 Jamal Fields,4829874996,12302025100012594,Success,
14007,Office,58450 Verdie Valleys,6247771525,12302025100012594,Success,
1667,Office,76559 Eva Ramp,3238093293,12302025100012594,Success,
14007,Office,59587 Thad Ramp,5621099857,12302025100012594,Success,
1667,Office,5892 Rodrigo Fork,2358753970,12302025100012594,Success,
14007,Office,6919 Kihn Manors,3867765938,12302025100012594,Success,
1667,Office,2509 Blake Stravenue,1890421348,12302025100012594,Success,
14007,Office,7285 Church Road,7331653337,12302025100012594,Success,
1667,Office,155 Lake Drive,6637416117,12302025100012594,Success,
14007,Office,9237 Lind Field,2371893097,12302025100012594,Success,
1667,Office,55206 Schuster Glen,7599196484,12302025100012594,Success,
14007,Office,116 Rubie Squares,2733464822,12302025100012594,Success,
1667,Office,587 Kayley Canyon,5638606415,12302025100012594,Success,
14007,Office,4843 Park Road,7667513199,12302025100012594,Success,
1667,Office,81816 Beech Grove,1352643153,12302025100012594,Success,
14007,Office,137 W High Street,8454958133,12302025100012594,Success,
1667,Office,831 Clark Street,9463774597,12302025100012594,Success,
14007,Office,6002 Carter Via,5802275689,12302025100012594,Success,
1667,Office,8851 Riverside,5155420175,12302025100012594,Success,
14007,Office,3250 Springfield Close,8640685669,12302025100012594,Success,
1667,Office,5445 Miller Via,3588180228,12302025100012594,Success,
14007,Office,60846 Dee Corner,1302975824,12302025100012594,Success,
1667,Office,31977 Borer Coves,2960472477,12302025100012594,Success,
14007,Office,573 Chaz Crossroad,1177084984,12302025100012594,Success,
1667,Office,70674 Kayden Squares,1957579566,12302025100012594,Success,
14007,Office,65270 Schimmel Pine,6650122471,12302025100012594,Success,
1667,Office,4181 Renner Hollow,3321802510,12302025100012594,Success,
14007,Office,2008 Cruz Rapid,3472327792,12302025100012594,Success,
1667,Office,2368 Wunsch Pass,9647604097,12302025100012594,Success,
14007,Office,351 Mosciski Walk,7732574231,12302025100012594,Success,
1667,Office,87612 Western Road,9333323987,12302025100012594,Success,
14007,Office,3333 Hagenes Alley,1839602816,12302025100012594,Success,
1667,Office,7100 Laverne Hill,1329940011,12302025100012594,Success,
14007,Office,44770 Orn Hollow,7952919488,12302025100012594,Success,
1667,Office,608 Maya Wall,9567748222,12302025100012594,Success,
14007,Office,366 Sonny Port,2245226830,12302025100012594,Success,
1667,Office,10087 Ullrich Shoals,2779570506,12302025100012594,Success,
14007,Office,794 Smitham Spurs,1989496802,12302025100012594,Success,
1667,Office,84871 Ondricka Ville,9694894658,12302025100012594,Success,
14007,Office,840 Serenity Fort,1928043657,12302025100012594,Success,
1667,Office,7899 Camille Place,9173723510,12302025100012594,Success,
14007,Office,491 Gilbert Meadow,7896789199,12302025100012594,Success,
1667,Office,20842 Birch Grove,7067769504,12302025100012594,Success,
14007,Office,20451 Abbott Branch,7318281551,12302025100012594,Success,
1667,Office,98625 Effertz Meadows,5227548408,12302025100012594,Success,
14007,Office,376 Mohamed Ports,4870046770,12302025100012594,Success,
1667,Office,742 West End,8265235506,12302025100012594,Success,
14007,Office,996 Ole Lane,7787974256,12302025100012594,Success,
1667,Office,83435 Birch Avenue,4131441896,12302025100012594,Success,
14007,Office,44710 Koss Gateway,4655295119,12302025100012594,Success,
1667,Office,3164 N Oak Street,1805466161,12302025100012594,Success,
14007,Office,715 Coronation Road,2126553169,12302025100012594,Success,
1667,Office,510 Priory Close,8491208716,12302025100012594,Success,
14007,Office,2092 Bogan Causeway,8118837219,12302025100012594,Success,
1667,Office,4539 Gloucester Road,6613442936,12302025100012594,Success,
14007,Office,51455 Zboncak Inlet,1219027814,12302025100012594,Success,
1667,Office,488 Gabriel Trail,7400371143,12302025100012594,Success,
14007,Office,8249 Hansen Shoals,5720854411,12302025100012594,Success,
1667,Office,8987 DuBuque Trafficway,6589253348,12302025100012594,Success,
14007,Office,64752 Ivy Unions,7002364070,12302025100012594,Success,
1667,Office,942 Low Road,8127289295,12302025100012594,Success,
14007,Office,919 Hammes Heights,1349439632,12302025100012594,Success,
1667,Office,4540 Ebert Roads,2555670680,12302025100012594,Success,
14007,Office,9250 Franklin Avenue,7970474693,12302025100012594,Success,
1667,Office,175 Woodland Close,7965779153,12302025100012594,Success,
14007,Office,416 Stehr Valley,7119139930,12302025100012594,Success,
1667,Office,4827 Jannie Valleys,3971556331,12302025100012594,Success,
14007,Office,320 N Jefferson Street,4751184429,12302025100012594,Success,
1667,Office,2006 Dark Lane,7902617594,12302025100012594,Success,
14007,Office,8152 Gottlieb Shoals,2503874679,12302025100012594,Success,
1667,Office,200 Jesse Mews,4877842321,12302025100012594,Success,
14007,Office,146 Lime Grove,6068626411,12302025100012594,Success,
1667,Office,2737 Bridie Inlet,6744805258,12302025100012594,Success,
14007,Office,656 Milton Street,2282419906,12302025100012594,Success,
1667,Office,49346 Shawna Glen,5357670879,12302025100012594,Success,
14007,Office,8552 O'Kon Hollow,4825822200,12302025100012594,Success,
1667,Office,759 Abernathy Greens,9970651947,12302025100012594,Success,
14007,Office,372 Izabella Row,8208166487,12302025100012594,Success,
1667,Office,752 N Walnut Street,5366797778,12302025100012594,Success,
14007,Office,8634 Paucek Rest,8842715073,12302025100012594,Success,
1667,Office,73071 Demond Way,2274207025,12302025100012594,Success,
14007,Office,9010 Ortiz Land,7801224627,12302025100012594,Success,
1667,Office,349 Beech Grove,1853419042,12302025100012594,Success,
14007,Office,170 College Avenue,3811759176,12302025100012594,Success,
1667,Office,4433 Ilene Haven,8160041649,12302025100012594,Success,
14007,Office,124 Stroman Circle,3613462393,12302025100012594,Success,
1667,Office,16213 Rubie Track,4250487153,12302025100012594,Success,
14007,Office,10721 Nolan Unions,6244188691,12302025100012594,Success,
1667,Office,529 Mandy Neck,4153676585,12302025100012594,Success,
14007,Office,152 N Broadway,3358972711,12302025100012594,Success,
1667,Office,25768 Castle Lane,3986270849,12302025100012594,Success,
14007,Office,849 Buddy Square,9787494740,12302025100012594,Success,
1667,Office,72415 Hiram Pike,8986489787,12302025100012594,Success,
14007,Office,35861 Osbaldo Spur,5202050397,12302025100012594,Success,
1667,Office,4916 Janie Locks,5787652851,12302025100012594,Success,
14007,Office,68778 Finn Drive,1421494566,12302025100012594,Success,
1667,Office,978 Armstrong Flat,5587003422,12302025100012594,Success,
14007,Office,3287 Ziemann Centers,3970814434,12302025100012594,Success,
1667,Office,87667 The Hawthorns,8359351343,12302025100012594,Success,
14007,Office,205 Freddy Shore,4121488435,12302025100012594,Success,
1667,Office,7084 Anibal Village,7502126441,12302025100012594,Success,
14007,Office,69916 Pine Street,8305396567,12302025100012594,Success,
1667,Office,99513 Beech Grove,7941438783,12302025100012594,Success,
14007,Office,132 Diana Falls,6142588074,12302025100012594,Success,
1667,Office,2882 Hoeger Flats,4440760500,12302025100012594,Success,
14007,Office,9824 Franecki Keys,4349691418,12302025100012594,Success,
1667,Office,45300 Torp View,7919712612,12302025100012594,Success,
14007,Office,3377 Center Street,7441247634,12302025100012594,Success,
1667,Office,97224 Arthur Walks,6370524651,12302025100012594,Success,
14007,Office,9533 North Street,3368297609,12302025100012594,Success,
1667,Office,77501 Candelario Centers,3664027655,12302025100012594,Success,
14007,Office,952 Watery Lane,7137929985,12302025100012594,Success,
1667,Office,4283 Kathryne River,3799497696,12302025100012594,Success,
14007,Office,7018 Hills Valleys,1033873071,12302025100012594,Success,
1667,Office,494 Ferry Road,8518621542,12302025100012594,Success,
14007,Office,6413 Field Close,2484542828,12302025100012594,Success,
1667,Office,1290 Jacobi Path,7546050877,12302025100012594,Success,
14007,Office,248 Domenico Curve,1179275080,12302025100012594,Success,
1667,Office,5345 Raul Turnpike,2644497141,12302025100012594,Success,
14007,Office,5194 Koss Ferry,2073438474,12302025100012594,Success,
1667,Office,498 Elm Street,6471215411,12302025100012594,Success,
14007,Office,344 Orchard Lane,4279542215,12302025100012594,Success,
1667,Office,5725 2nd Street,4615521175,12302025100012594,Success,
14007,Office,10608 Eryn Plains,4712747186,12302025100012594,Success,
1667,Office,699 Jasmin Field,3487283138,12302025100012594,Success,
14007,Office,8311 Warren Close,1516063492,12302025100012594,Success,
1667,Office,205 Kelton Vista,3590002544,12302025100012594,Success,
14007,Office,978 Lind Overpass,9132856982,12302025100012594,Success,
1667,Office,7824 N 2nd Street,7564098373,12302025100012594,Success,
14007,Office,346 Adelia Port,2603381357,12302025100012594,Success,
1667,Office,1225 Skyline Drive,6322542609,12302025100012594,Success,
14007,Office,15666 Georgette Valley,8104734346,12302025100012594,Success,
1667,Office,38769 Reinhold Pine,2012798761,12302025100012594,Success,
14007,Office,48840 Wyman Extension,6184991052,12302025100012594,Success,
1667,Office,2695 Ramon Stream,6160270350,12302025100012594,Success,
14007,Office,542 Springfield Road,4218744081,12302025100012594,Success,
1667,Office,85435 Elizabeth Forge,2393278137,12302025100012594,Success,
14007,Office,3819 Broadway Avenue,3964298618,12302025100012594,Success,
1667,Office,157 Reichel Brook,5765526611,12302025100012594,Success,
14007,Office,9452 Larkin Villages,4751069470,12302025100012594,Success,
1667,Office,1271 Ash Grove,7210476438,12302025100012594,Success,
14007,Office,565 Steve Circles,3472583196,12302025100012594,Success,
1667,Office,6055 Fritsch Shoal,9085023503,12302025100012594,Success,
14007,Office,348 Pollich River,2572614819,12302025100012594,Success,
1667,Office,20527 Price Place,6820483072,12302025100012594,Success,
14007,Office,7226 6th Avenue,5586714557,12302025100012594,Success,
1667,Office,4660 Mayfield Road,6691673357,12302025100012594,Success,
14007,Office,4858 The Mount,2439877714,12302025100012594,Success,
1667,Office,27653 Rozella Spur,3609588773,12302025100012594,Success,
14007,Office,11550 W 4th Avenue,5584509536,12302025100012594,Success,
1667,Office,3708 E 5th Street,5869800414,12302025100012594,Success,
14007,Office,89332 Becker Parks,7395813030,12302025100012594,Success,
1667,Office,96806 E Broadway,9298905583,12302025100012594,Success,
14007,Office,1455 Church Walk,9733564201,12302025100012594,Success,
1667,Office,47675 Brakus Branch,7586450490,12302025100012594,Success,
14007,Office,17813 Emard Knoll,7101686963,12302025100012594,Success,
1667,Office,7517 Dangelo Lane,4854127292,12302025100012594,Success,
14007,Office,88381 S Railroad Street,7597781191,12302025100012594,Success,
1667,Office,2506 West Avenue,1445844981,12302025100012594,Success,
14007,Office,396 Considine Springs,9069074909,12302025100012594,Success,
1667,Office,101 Clark Street,7108807294,12302025100012594,Success,
14007,Office,5642 Marvin Ridge,2024756513,12302025100012594,Success,
1667,Office,2596 O'Connell Fork,2569894041,12302025100012594,Success,
14007,Office,805 Quigley Center,1847622276,12302025100012594,Success,
1667,Office,4521 Ali Branch,5441985247,12302025100012594,Success,
14007,Office,607 West End,6922000672,12302025100012594,Success,
1667,Office,988 Oak Road,8554958610,12302025100012594,Success,
14007,Office,753 Georgette Pike,8490834656,12302025100012594,Success,
1667,Office,100 W Franklin Street,2719323209,12302025100012594,Success,
14007,Office,5599 Dakota Union,5353304047,12302025100012594,Success,
1667,Office,303 Lucius Falls,2069664988,12302025100012594,Success,
14007,Office,48437 Memorial Drive,8273800401,12302025100012594,Success,
1667,Office,632 Doyle Light,6241442050,12302025100012594,Success,
14007,Office,693 Ottis Walks,2959733637,12302025100012594,Success,
1667,Office,605 School Close,6803524168,12302025100012594,Success,
14007,Office,7680 Medhurst Camp,2764533766,12302025100012594,Success,
1667,Office,8185 Ona Ferry,7233025415,12302025100012594,Success,
14007,Office,7210 N East Street,3503351954,12302025100012594,Success,
1667,Office,111 Alexzander Land,7314437932,12302025100012594,Success,
14007,Office,5347 Liliane Mills,7117053378,12302025100012594,Success,
1667,Office,2710 Trey Knoll,7930661403,12302025100012594,Success,
14007,Office,70885 Abshire Drives,9002347497,12302025100012594,Success,
1667,Office,90373 Oberbrunner Shoals,6376529901,12302025100012594,Success,
14007,Office,2855 Skiles Wells,8632809479,12302025100012594,Success,
1667,Office,605 Jennie Islands,6525487931,12302025100012594,Success,
14007,Office,79969 Kennedy Junction,8721483736,12302025100012594,Success,
1667,Office,5256 Hosea Alley,6015089230,12302025100012594,Success,
14007,Office,694 Runolfsson Light,4592461830,12302025100012594,Success,
1667,Office,55774 Brandi Valley,5123939018,12302025100012594,Success,
14007,Office,3133 Parker Pass,9405621647,12302025100012594,Success,
1667,Office,973 Maritza Ramp,7130499689,12302025100012594,Success,
14007,Office,996 Jubilee Close,3434539542,12302025100012594,Success,
1667,Office,8153 O'Connell Trace,7081358074,12302025100012594,Success,
14007,Office,753 Hayes Trace,4658831924,12302025100012594,Success,
1667,Office,76382 Honeysuckle Close,8500357992,12302025100012594,Success,
14007,Office,127 Chestnut Drive,2300985730,12302025100012594,Success,
1667,Office,217 Well Lane,4527175080,12302025100012594,Success,
14007,Office,7202 E 2nd Street,8897200433,12302025100012594,Success,
1667,Office,7628 Westley Manors,2562840409,12302025100012594,Success,
14007,Office,34268 Cummings Gateway,2985068783,12302025100012594,Success,
1667,Office,6172 Gerhold Fort,9819908215,12302025100012594,Success,
14007,Office,800 Warren Close,3993493435,12302025100012594,Success,
1667,Office,92855 Hobart Crossing,9980476239,12302025100012594,Success,
14007,Office,338 Angel Bridge,9132575977,12302025100012594,Success,
1667,Office,8023 N Church Street,4100300759,12302025100012594,Success,
14007,Office,962 Ward Mill,2214052299,12302025100012594,Success,
1667,Office,4046 Kuphal Radial,8680140654,12302025100012594,Success,
14007,Office,3627 Bogisich Avenue,3268184399,12302025100012594,Success,
1667,Office,6830 Marsh Lane,1601703713,12302025100012594,Success,
14007,Office,741 Emmy Viaduct,6052017225,12302025100012594,Success,
1667,Office,339 Willow Grove,3987410198,12302025100012594,Success,
14007,Office,217 St Andrew's Road,9648621116,12302025100012594,Success,
1667,Office,973 Birch Road,2053791469,12302025100012594,Success,
14007,Office,112 Florencio Crest,5270761670,12302025100012594,Success,
1667,Office,72756 Koss Unions,1528431817,12302025100012594,Success,
14007,Office,47134 Precious Fort,8767808382,12302025100012594,Success,
1667,Office,20267 Mac Trail,3624578843,12302025100012594,Success,
14007,Office,4716 Jerrell Knoll,2284782900,12302025100012594,Success,
1667,Office,355 Bell Extension,1913242979,12302025100012594,Success,
14007,Office,54159 Christiansen Parkway,6825058014,12302025100012594,Success,
1667,Office,40300 Broad Lane,3263015774,12302025100012594,Success,
14007,Office,7837 Ahmed Cape,2319945173,12302025100012594,Success,
1667,Office,467 Bradtke Creek,4445706672,12302025100012594,Success,
14007,Office,6797 Lenny Wells,2017053018,12302025100012594,Success,
1667,Office,4472 Stehr Extensions,5617271856,12302025100012594,Success,
14007,Office,151 Hodkiewicz Station,5275936440,12302025100012594,Success,
1667,Office,1955 Jared Forks,4461070306,12302025100012594,Success,
14007,Office,5091 D'angelo Flats,9404169223,12302025100012594,Success,
1667,Office,6052 Jayda Causeway,2059863096,12302025100012594,Success,
14007,Office,6883 Park Crescent,8132363769,12302025100012594,Success,
1667,Office,90269 The Drive,1770225513,12302025100012594,Success,
14007,Office,865 E 10th Street,9305970996,12302025100012594,Success,
1667,Office,7630 Kayla Streets,6197827339,12302025100012594,Success,
14007,Office,9081 Thora Plains,3183046915,12302025100012594,Success,
1667,Office,8596 West View,8345147021,12302025100012594,Success,
14007,Office,983 Oak Drive,3963131548,12302025100012594,Success,
1667,Office,2655 Birch Road,9121799242,12302025100012594,Success,
14007,Office,2002 Shaun Mountains,2626027172,12302025100012594,Success,
1667,Office,9560 Billie Greens,1369013974,12302025100012594,Success,
14007,Office,6226 Maud Walk,7745108707,12302025100012594,Success,
1667,Office,7961 Hills Junctions,9603332295,12302025100012594,Success,
14007,Office,69200 Graham Stream,1550172238,12302025100012594,Success,
1667,Office,554 Marcia Shoals,5591933574,12302025100012594,Success,
14007,Office,3645 Josiah Common,9993160426,12302025100012594,Success,
1667,Office,820 W 5th Street,7662449393,12302025100012594,Success,
14007,Office,7684 Monahan Shoal,3852474191,12302025100012594,Success,
1667,Office,41856 Boyle Route,5135731587,12302025100012594,Success,
14007,Office,808 The Laurels,1407993393,12302025100012594,Success,
1667,Office,93296 Steuber Falls,9348373724,12302025100012594,Success,
14007,Office,84715 Franecki Courts,1348854828,12302025100012594,Success,
1667,Office,5267 Pfeffer Landing,1355718842,12302025100012594,Success,
14007,Office,516 Jakubowski Forks,6912034547,12302025100012594,Success,
1667,Office,572 East Road,5189761833,12302025100012594,Success,
14007,Office,4487 Rau Villages,8623502849,12302025100012594,Success,
1667,Office,2503 Ruthie Cove,3631820897,12302025100012594,Success,
14007,Office,7674 E Oak Street,5701800443,12302025100012594,Success,
1667,Office,16342 Meadow View,4470170980,12302025100012594,Success,
14007,Office,6435 Johns River,7850141974,12302025100012594,Success,
1667,Office,260 School Road,3620003312,12302025100012594,Success,
14007,Office,16624 Luz Meadow,7531194910,12302025100012594,Success,
1667,Office,326 Windmill Lane,1983350817,12302025100012594,Success,
14007,Office,838 Max Track,6244279461,12302025100012594,Success,
1667,Office,99269 Fahey Throughway,5413876875,12302025100012594,Success,
14007,Office,83073 Van Meadows,1097647686,12302025100012594,Success,
1667,Office,45327 Bergnaum Mountains,1804985710,12302025100012594,Success,
14007,Office,258 A Street,4578517486,12302025100012594,Success,
1667,Office,6148 Marianne View,8871468802,12302025100012594,Success,
14007,Office,783 E 8th Street,9225641804,12302025100012594,Success,
1667,Office,168 Maxine Squares,8723523111,12302025100012594,Success,
14007,Office,99596 Lee Street,7295368231,12302025100012594,Success,
1667,Office,859 Haley Harbor,5577020320,12302025100012594,Success,
14007,Office,249 Zaria Burgs,7895963117,12302025100012594,Success,
1667,Office,18767 Avenue Road,2232028925,12302025100012594,Success,
14007,Office,4252 Daniel Ridge,2880133902,12302025100012594,Success,
1667,Office,38115 Sigmund Motorway,9065489913,12302025100012594,Success,
14007,Office,8040 Boyer Circles,7836950971,12302025100012594,Success,
1667,Office,86461 Schuster Expressway,8692569046,12302025100012594,Success,
14007,Office,56418 Griffin Motorway,7882508104,12302025100012594,Success,
1667,Office,755 Elenora Viaduct,5585062194,12302025100012594,Success,
14007,Office,398 Auer Pine,4344361496,12302025100012594,Success,
1667,Office,634 Rosalee Keys,4030768314,12302025100012594,Success,
14007,Office,893 Union Avenue,7186367699,12302025100012594,Success,
1667,Office,53649 Hilton Vista,5660709770,12302025100012594,Success,
14007,Office,983 Mraz Divide,4378780786,12302025100012594,Success,
1667,Office,420 Cedar Street,1190756401,12302025100012594,Success,
14007,Office,22052 Bauch Corners,1038755391,12302025100012594,Success,
1667,Office,930 McLaughlin Flat,2478969235,12302025100012594,Success,
14007,Office,7051 Hane Summit,9528561654,12302025100012594,Success,
1667,Office,59861 Kassulke Pines,5751954934,12302025100012594,Success,
14007,Office,4759 Long Lane,8227944866,12302025100012594,Success,
1667,Office,86988 Lake Road,1064079318,12302025100012594,Success,
14007,Office,786 McClure Extension,8870791699,12302025100012594,Success,
1667,Office,7726 Stehr Mills,6267149868,12302025100012594,Success,
14007,Office,75973 Marvin Cliff,4137588905,12302025100012594,Success,
1667,Office,17092 Melisa Courts,7090276860,12302025100012594,Success,
14007,Office,39688 Retha Spur,3385169598,12302025100012594,Success,
1667,Office,48916 Elm Close,6544557539,12302025100012594,Success,
14007,Office,61151 Kaylee Vista,3360189557,12302025100012594,Success,
1667,Office,1843 Jermain Canyon,1628432724,12302025100012594,Success,
14007,Office,271 Reilly Cape,9922209976,12302025100012594,Success,
1667,Office,3795 Park Road,5794564702,12302025100012594,Success,
14007,Office,5666 Mateo Inlet,7962055431,12302025100012594,Success,
1667,Office,6389 London Avenue,6490355812,12302025100012594,Success,
14007,Office,54333 Medhurst Squares,3755465310,12302025100012594,Success,
1667,Office,99585 Casper Wall,3325577801,12302025100012594,Success,
14007,Office,16046 Ubaldo Hollow,8828010327,12302025100012594,Success,
1667,Office,2060 Goldner Lights,7461520237,12302025100012594,Success,
14007,Office,836 The Limes,6124800006,12302025100012594,Success,
1667,Office,3804 Euna Square,9277929361,12302025100012594,Success,
14007,Office,6699 Chapel Hill,3177104100,12302025100012594,Success,
1667,Office,2903 Windmill Lane,8158352589,12302025100012594,Success,
14007,Office,36445 Aufderhar Expressway,8770018773,12302025100012594,Success,
1667,Office,639 Sanford Creek,3081949998,12302025100012594,Success,
14007,Office,89965 Roman Way,4502838027,12302025100012594,Success,
1667,Office,12835 Schowalter Dam,5450417784,12302025100012594,Success,
14007,Office,82787 2nd Street,6830294385,12302025100012594,Success,
1667,Office,29898 Geovany Ville,7154494217,12302025100012594,Success,
14007,Office,8817 Walnut Close,5197148518,12302025100012594,Success,
1667,Office,80995 Jacobi Causeway,1643628710,12302025100012594,Success,
14007,Office,4996 Armstrong Creek,4015992011,12302025100012594,Success,
1667,Office,6206 South Street,9313928757,12302025100012594,Success,
14007,Office,25244 White Walk,9204434645,12302025100012594,Success,
1667,Office,56379 Torp Station,5487229438,12302025100012594,Success,
14007,Office,74468 The Glebe,5413046243,12302025100012594,Success,
1667,Office,5843 Adele Centers,8072971449,12302025100012594,Success,
14007,Office,236 Muller Estate,5310434312,12302025100012594,Success,
1667,Office,212 Christopher Oval,7013028498,12302025100012594,Success,
14007,Office,5019 Erdman Highway,7711639068,12302025100012594,Success,
1667,Office,4264 Johnathon Harbors,3988620985,12302025100012594,Success,
14007,Office,575 Boyle Groves,2061938545,12302025100012594,Success,
1667,Office,5967 Nader Fords,1055438662,12302025100012594,Success,
14007,Office,30843 Elsa Flats,2764284512,12302025100012594,Success,
1667,Office,2239 S Front Street,4638722741,12302025100012594,Success,
14007,Office,957 Willow Street,7211251719,12302025100012594,Success,
1667,Office,36266 Webster Plaza,9141582114,12302025100012594,Success,
14007,Office,74605 O'Hara Causeway,1019813013,12302025100012594,Success,
1667,Office,84679 Patsy Ranch,5584179949,12302025100012594,Success,
14007,Office,99124 Ella Turnpike,2751180175,12302025100012594,Success,
1667,Office,49740 Greenfelder Hill,4320308051,12302025100012594,Success,
14007,Office,785 N Center Street,3366606061,12302025100012594,Success,
1667,Office,30831 Witting Rest,3660907140,12302025100012594,Success,
14007,Office,13056 Kristina Path,8542736578,12302025100012594,Success,
1667,Office,40549 S College Street,4112531257,12302025100012594,Success,
14007,Office,21525 Welch Ford,6202826032,12302025100012594,Success,
1667,Office,78154 Crescent Road,7242386447,12302025100012594,Success,
14007,Office,143 The Fairway,6435381967,12302025100012594,Success,
1667,Office,1784 Hoeger Ramp,4329270387,12302025100012594,Success,
14007,Office,50198 Cloyd Greens,6603012608,12302025100012594,Success,
1667,Office,60433 Kunde Place,5126891783,12302025100012594,Success,
14007,Office,9441 Walsh Trace,3338043558,12302025100012594,Success,
1667,Office,7973 Water Street,8387280277,12302025100012594,Success,
14007,Office,5643 Walker Gardens,8143019741,12302025100012594,Success,
1667,Office,84560 Alek Junctions,3666075217,12302025100012594,Success,
14007,Office,7169 Haylie Burg,1890359800,12302025100012594,Success,
1667,Office,8314 Dicki Landing,6190066802,12302025100012594,Success,
14007,Office,5714 N Bridge Street,6538214461,12302025100012594,Success,
1667,Office,2147 Hazel Grove,1820682745,12302025100012594,Success,
14007,Office,276 Clint Estate,3773893138,12302025100012594,Success,
1667,Office,22208 Tillman Mountain,8432061490,12302025100012594,Success,
14007,Office,13281 College Street,4242139013,12302025100012594,Success,
1667,Office,957 W 4th Avenue,4442397398,12302025100012594,Success,
14007,Office,88204 Buckridge Spur,4176101941,12302025100012594,Success,
1667,Office,645 Aufderhar Lodge,8966414620,12302025100012594,Success,
14007,Office,78841 Wendy Fork,7918552271,12302025100012594,Success,
1667,Office,8399 Jaclyn Club,9151274602,12302025100012594,Success,
14007,Office,9842 Milton Road,9337197222,12302025100012594,Success,
1667,Office,9519 Quigley Island,3441488207,12302025100012594,Success,
14007,Office,714 W 9th Street,3253148034,12302025100012594,Success,
1667,Office,92712 Irma Ports,6145190155,12302025100012594,Success,
14007,Office,34034 Annabel Shore,6411087153,12302025100012594,Success,
1667,Office,69101 Bradtke Crossroad,4149810046,12302025100012594,Success,
14007,Office,5118 Bridie Parkways,5659838284,12302025100012594,Success,
1667,Office,77640 Rectory Lane,8685360435,12302025100012594,Success,
14007,Office,386 Cedar Road,2976081017,12302025100012594,Success,
1667,Office,64429 Okuneva Station,4292616999,12302025100012594,Success,
14007,Office,8123 Rod Circle,9168303573,12302025100012594,Success,
1667,Office,227 Kristopher Extensions,2304065819,12302025100012594,Success,
14007,Office,17427 Urban Common,4595835843,12302025100012594,Success,
1667,Office,291 Alexandra Road,9328314088,12302025100012594,Success,
14007,Office,8255 Javier Canyon,8312124604,12302025100012594,Success,
1667,Office,287 Frances Orchard,7604290249,12302025100012594,Success,
14007,Office,55204 Hintz Summit,2169464771,12302025100012594,Success,
1667,Office,9193 Ines Junctions,1282635082,12302025100012594,Success,
14007,Office,49998 Lincoln Avenue,2513840591,12302025100012594,Success,
1667,Office,9122 Funk Forges,7731585524,12302025100012594,Success,
14007,Office,6100 Alexandra Alley,6646426004,12302025100012594,Success,
1667,Office,7009 Cecile Villages,1504573260,12302025100012594,Success,
14007,Office,7952 The Paddock,6201162805,12302025100012594,Success,
1667,Office,181 Auer Parkways,2078910316,12302025100012594,Success,
14007,Office,1514 Claude Springs,6740040535,12302025100012594,Success,
1667,Office,62378 Commercial Road,9482196292,12302025100012594,Success,
14007,Office,8369 White Curve,4390028432,12302025100012594,Success,
1667,Office,6255 Georgette Courts,9086209519,12302025100012594,Success,
14007,Office,71344 Back Lane,9392188359,12302025100012594,Success,
1667,Office,50030 Velva Extension,4315181128,12302025100012594,Success,
14007,Office,351 Jacobson Villages,1232676933,12302025100012594,Success,
1667,Office,978 Balistreri Path,7796132527,12302025100012594,Success,
14007,Office,685 Jane Glen,1191102181,12302025100012594,Success,
1667,Office,92638 Travon Haven,3667262315,12302025100012594,Success,
14007,Office,128 Somerset Road,9330204650,12302025100012594,Success,
1667,Office,316 Destin Pass,6032628113,12302025100012594,Success,
14007,Office,878 Market Street,6810178379,12302025100012594,Success,
1667,Office,9349 Church Street,3920848870,12302025100012594,Success,
14007,Office,973 Bettie Streets,2896451814,12302025100012594,Success,
1667,Office,269 Randall Common,5691976079,12302025100012594,Success,
14007,Office,409 Elliott Orchard,4178702357,12302025100012594,Success,
1667,Office,88227 Kristian Parks,8849113211,12302025100012594,Success,
14007,Office,7248 Kovacek Haven,9380946148,12302025100012594,Success,
1667,Office,2610 Deja Fort,7187014280,12302025100012594,Success,
14007,Office,6005 Ortiz Passage,5745335220,12302025100012594,Success,
1667,Office,4115 W Center Street,9645911556,12302025100012594,Success,
14007,Office,5657 Jevon Wall,3308958335,12302025100012594,Success,
1667,Office,7735 Elda Vista,1798047057,12302025100012594,Success,
14007,Office,30548 Pierre Points,2922017272,12302025100012594,Success,
1667,Office,44871 Waverley Road,8309908978,12302025100012594,Success,
14007,Office,509 Dickens Court,5586836963,12302025100012594,Success,
1667,Office,16459 Kings Highway,3316595472,12302025100012594,Success,
14007,Office,1367 Middle Street,1457054588,12302025100012594,Success,
1667,Office,4323 Grange Avenue,9147534539,12302025100012594,Success,
14007,Office,610 E 9th Street,5462940064,12302025100012594,Success,
1667,Office,8559 Scotty Views,5233532849,12302025100012594,Success,
14007,Office,91265 Station Street,7600034375,12302025100012594,Success,
1667,Office,851 Ridge Road,7926586681,12302025100012594,Success,
14007,Office,68632 McKenzie Greens,8136209614,12302025100012594,Success,
1667,Office,112 Langosh Forest,8752744267,12302025100012594,Success,
14007,Office,2438 Brennon Trace,9963548420,12302025100012594,Success,
1667,Office,286 West Street,8856469896,12302025100012594,Success,
14007,Office,60216 Rectory Close,9565983700,12302025100012594,Success,
1667,Office,2942 Hoeger Loaf,4626120734,12302025100012594,Success,
14007,Office,798 Christiansen Shores,2034990852,12302025100012594,Success,
1667,Office,793 Mireille Extension,8780594572,12302025100012594,Success,
14007,Office,42707 Lorenzo Bypass,2969504126,12302025100012594,Success,
1667,Office,4402 Ashton Parkways,5521209835,12302025100012594,Success,
14007,Office,8328 Justine Mews,8807398765,12302025100012594,Success,
1667,Office,1895 Jany Manors,5354948869,12302025100012594,Success,
14007,Office,12178 Crescent Road,8114148164,12302025100012594,Success,
1667,Office,866 Nola Key,2015849971,12302025100012594,Success,
14007,Office,964 Augustus Courts,1372844705,12302025100012594,Success,
1667,Office,86493 S Elm Street,6315159168,12302025100012594,Success,
14007,Office,36322 Crona Meadows,9224967361,12302025100012594,Success,
1667,Office,4871 Maria Flat,1182838193,12302025100012594,Success,
14007,Office,50395 S Mill Street,2759979331,12302025100012594,Success,
1667,Office,168 Baker Street,6653917682,12302025100012594,Success,
14007,Office,59773 Vine Street,8696437434,12302025100012594,Success,
1667,Office,9582 Dare Wall,6222665190,12302025100012594,Success,
14007,Office,5776 Orn Trafficway,6269633030,12302025100012594,Success,
1667,Office,480 Market Street,3250088175,12302025100012594,Success,
14007,Office,58802 Goodwin Avenue,7124622503,12302025100012594,Success,
1667,Office,67687 Anderson Radial,5937193863,12302025100012594,Success,
14007,Office,896 Josefa Pines,4452699311,12302025100012594,Success,
1667,Office,32689 S Main Street,9093252986,12302025100012594,Success,
14007,Office,678 Eric Causeway,7236639572,12302025100012594,Success,
1667,Office,2176 Ortiz Plain,1272979908,12302025100012594,Success,
14007,Office,5465 Blanca Divide,5121154884,12302025100012594,Success,
1667,Office,753 Tyreek Course,6026903013,12302025100012594,Success,
14007,Office,34664 Reynolds Point,7960743328,12302025100012594,Success,
1667,Office,7501 Lavina Forks,1142826079,12302025100012594,Success,
14007,Office,8247 Earnest Road,9548956643,12302025100012594,Success,
1667,Office,3165 W Washington Avenue,8219584879,12302025100012594,Success,
14007,Office,25579 Davis Street,8510129870,12302025100012594,Success,
1667,Office,9758 Edythe Cliff,9618582276,12302025100012594,Success,
14007,Office,2744 Olson Place,3115949219,12302025100012594,Success,
1667,Office,5958 Meadow Lane,2976873465,12302025100012594,Success,
14007,Office,995 Hickle Divide,4133976747,12302025100012594,Success,
1667,Office,122 South Street,1377868612,12302025100012594,Success,
14007,Office,371 Lubowitz Points,1218743244,12302025100012594,Success,
1667,Office,3754 Trinity Club,4277243278,12302025100012594,Success,
14007,Office,13223 Howard Street,3447663129,12302025100012594,Success,
1667,Office,6172 Jaskolski Drives,2920937116,12302025100012594,Success,
14007,Office,170 E Church Street,2017094978,12302025100012594,Success,
1667,Office,1846 Mill Road,3567596237,12302025100012594,Success,
14007,Office,124 Berge Drive,7151992359,12302025100012594,Success,
1667,Office,15724 Elza Square,2479692757,12302025100012594,Success,
14007,Office,5881 Feil Parks,5692251108,12302025100012594,Success,
1667,Office,4686 Buckridge Landing,4370955106,12302025100012594,Success,
14007,Office,2054 Cavendish Road,5282917966,12302025100012594,Success,
1667,Office,48295 Bonnie Causeway,4703328429,12302025100012594,Success,
14007,Office,198 Daniel Springs,8172393224,12302025100012594,Success,
1667,Office,6302 Runte Streets,6278276406,12302025100012594,Success,
14007,Office,29235 Eulalia Plain,3197742936,12302025100012594,Success,
1667,Office,31760 Marshall Passage,8115050646,12302025100012594,Success,
14007,Office,9682 Waters Cliffs,7856003419,12302025100012594,Success,
1667,Office,75197 Serena Corner,7815373520,12302025100012594,Success,
14007,Office,9857 Daniella Estates,9738638145,12302025100012594,Success,
1667,Office,929 Kiehn Trail,5663238528,12302025100012594,Success,
14007,Office,2794 E Market Street,4297888233,12302025100012594,Success,
1667,Office,57444 Manor Gardens,5847734565,12302025100012594,Success,
14007,Office,79104 Bridge Road,9701856712,12302025100012594,Success,
1667,Office,362 Rachelle Meadow,8965156293,12302025100012594,Success,
14007,Office,5498 N 8th Street,2826070769,12302025100012594,Success,
1667,Office,755 Block Center,8338369808,12302025100012594,Success,
14007,Office,99816 Keshaun Crescent,4050652662,12302025100012594,Success,
1667,Office,83819 Schaefer Mews,3280286520,12302025100012594,Success,
14007,Office,8466 The Avenue,8990624091,12302025100012594,Success,
1667,Office,53527 Lincoln Avenue,2290924455,12302025100012594,Success,
14007,Office,96677 Douglas Spur,6029431778,12302025100012594,Success,
1667,Office,798 Edmund Trace,9787429344,12302025100012594,Success,
14007,Office,613 Milton Road,1377614823,12302025100012594,Success,
1667,Office,7464 Ridge Road,9968871800,12302025100012594,Success,
14007,Office,125 Robel Flat,2220890756,12302025100012594,Success,
1667,Office,7520 N 4th Street,4843754762,12302025100012594,Success,
14007,Office,776 Albany Road,5618155941,12302025100012594,Success,
1667,Office,9905 Candida Forks,4679266846,12302025100012594,Success,
14007,Office,751 West View,6153260359,12302025100012594,Success,
1667,Office,5114 Joanny Points,9583461992,12302025100012594,Success,
14007,Office,2565 Division Street,2957291004,12302025100012594,Success,
1667,Office,2579 E Broadway,3629064801,12302025100012594,Success,
14007,Office,50257 S Water Street,3921234479,12302025100012594,Success,
1667,Office,6528 Murray Parkways,1903245855,12302025100012594,Success,
14007,Office,737 Maggio Spurs,2042312049,12302025100012594,Success,
1667,Office,597 Krajcik Walk,4615292726,12302025100012594,Success,
14007,Office,5531 Katlynn View,9257994138,12302025100012594,Success,
1667,Office,2580 O'Conner Plain,6921013704,12302025100012594,Success,
14007,Office,2720 Conroy Road,6781082210,12302025100012594,Success,
1667,Office,454 Shana Locks,7533802159,12302025100012594,Success,
14007,Office,57553 West Road,6864086670,12302025100012594,Success,
1667,Office,51927 Mariana Cliff,3569927701,12302025100012594,Success,
14007,Office,8745 Westfield Road,5139980740,12302025100012594,Success,
1667,Office,4405 The Mews,5844815078,12302025100012594,Success,
14007,Office,869 East Avenue,5608030757,12302025100012594,Success,
1667,Office,8371 Sterling Corners,4936220510,12302025100012594,Success,
14007,Office,1394 Mary Street,4592308925,12302025100012594,Success,
1667,Office,8869 Maryse Station,5834736493,12302025100012594,Success,
14007,Office,1077 Johnathan Skyway,9692232725,12302025100012594,Success,
1667,Office,56094 Beulah Summit,3056104950,12302025100012594,Success,
14007,Office,19778 Amya Divide,2615567868,12302025100012594,Success,
1667,Office,51518 E Main,2079300669,12302025100012594,Success,
14007,Office,4399 Reynolds Club,4623625194,12302025100012594,Success,
1667,Office,155 Main Road,8574834568,12302025100012594,Success,
14007,Office,7673 Lenny View,9649126970,12302025100012594,Success,
1667,Office,7359 S 5th Street,4911201259,12302025100012594,Success,
14007,Office,546 Dickens Ridge,8183162706,12302025100012594,Success,
1667,Office,481 Jack Creek,5228408411,12302025100012594,Success,
14007,Office,8499 Depot Street,3827953399,12302025100012594,Success,
1667,Office,1708 Vicarage Road,2543114149,12302025100012594,Success,
14007,Office,33915 Trantow River,1027081784,12302025100012594,Success,
1667,Office,2942 Zulauf Rest,1116797252,12302025100012594,Success,
14007,Office,23124 Brian Highway,3775935516,12302025100012594,Success,
1667,Office,92306 Davis Street,4865368008,12302025100012594,Success,
14007,Office,469 N Maple Street,5458395993,12302025100012594,Success,
1667,Office,99956 Gutmann Streets,5680833621,12302025100012594,Success,
14007,Office,73118 Stehr Isle,5777654413,12302025100012594,Success,
1667,Office,7050 Miller Station,4391731074,12302025100012594,Success,
14007,Office,159 Eda Shoal,7521023803,12302025100012594,Success,
1667,Office,556 Von Villages,9485618638,12302025100012594,Success,
14007,Office,226 Bayer Pines,5511874255,12302025100012594,Success,
1667,Office,7631 Jules Mountains,6265250804,12302025100012594,Success,
14007,Office,9696 Citlalli Radial,3362777957,12302025100012594,Success,
1667,Office,573 State Avenue,6105119625,12302025100012594,Success,
14007,Office,6359 Manor Road,7757224402,12302025100012594,Success,
1667,Office,542 Robel Haven,7545637791,12302025100012594,Success,
14007,Office,32211 Nightingale Close,6200903819,12302025100012594,Success,
1667,Office,55470 Reichel Lane,2083852258,12302025100012594,Success,
14007,Office,258 Casper Fords,4214147343,12302025100012594,Success,
1667,Office,21717 Ankunding Meadows,4457220657,12302025100012594,Success,
14007,Office,20301 Allen Shores,7417507459,12302025100012594,Success,
1667,Office,9991 Alverta Passage,5342168975,12302025100012594,Success,
14007,Office,194 Church Road,2653778265,12302025100012594,Success,
1667,Office,158 Anne Brooks,5767763850,12302025100012594,Success,
14007,Office,52777 Wilfrid Fall,8787073094,12302025100012594,Success,
1667,Office,864 Quigley Shoals,3787711634,12302025100012594,Success,
14007,Office,946 Sharon Brook,6476528161,12302025100012594,Success,
1667,Office,992 Eldon Parkway,2178402708,12302025100012594,Success,
14007,Office,3847 Francisco Heights,3526848223,12302025100012594,Success,
1667,Office,89683 E Cedar Street,4003878697,12302025100012594,Success,
14007,Office,991 Dare Ports,8858292598,12302025100012594,Success,
1667,Office,1833 Derby Road,5871333227,12302025100012594,Success,
14007,Office,403 Duke Street,7641459338,12302025100012594,Success,
1667,Office,56620 Bette Orchard,1540903028,12302025100012594,Success,
14007,Office,69480 Schaden Brooks,6840051838,12302025100012594,Success,
1667,Office,17692 Highfield Road,8226173690,12302025100012594,Success,
14007,Office,1986 Harrison Avenue,8452649831,12302025100012594,Success,
1667,Office,1651 Bosco Harbor,3697165732,12302025100012594,Success,
14007,Office,5354 Bay Street,6802196123,12302025100012594,Success,
1667,Office,34499 Rohan Streets,8671314311,12302025100012594,Success,
14007,Office,2105 Ebony Station,4799859137,12302025100012594,Success,
1667,Office,76292 Lincoln Avenue,3635242257,12302025100012594,Success,
14007,Office,47614 Hettinger Terrace,7494138702,12302025100012594,Success,
1667,Office,146 Howard Manors,8032046689,12302025100012594,Success,
14007,Office,947 Emard Causeway,4358153844,12302025100012594,Success,
1667,Office,567 Baumbach Branch,8868508271,12302025100012594,Success,
14007,Office,4323 Lime Grove,4906499642,12302025100012594,Success,
1667,Office,21470 Zemlak Overpass,3251948116,12302025100012594,Success,
14007,Office,8648 Nikita Dam,7972023944,12302025100012594,Success,
1667,Office,684 Catherine Valleys,4532780737,12302025100012594,Success,
14007,Office,643 Vicky Groves,7485441592,12302025100012594,Success,
1667,Office,315 Barton Road,2077297876,12302025100012594,Success,
14007,Office,87695 Shayne Estates,1845510024,12302025100012594,Success,
1667,Office,44623 Monroe Street,4635507740,12302025100012594,Success,
14007,Office,99989 Leuschke Crossing,5662841322,12302025100012594,Success,
1667,Office,8726 Macie Villages,1556649634,12302025100012594,Success,
14007,Office,924 Damien Trace,5918192283,12302025100012594,Success,
1667,Office,19445 Alisha Overpass,2490744119,12302025100012594,Success,
14007,Office,65600 Kamille Junction,1757607478,12302025100012594,Success,
1667,Office,286 Moore Extension,8364675537,12302025100012594,Success,
14007,Office,923 Autumn Avenue,2502074402,12302025100012594,Success,
1667,Office,904 The Green,9181573387,12302025100012594,Success,
14007,Office,890 Ratke Forges,8375236210,12302025100012594,Success,
1667,Office,76643 North Lane,9220102677,12302025100012594,Success,
14007,Office,3361 McGlynn Skyway,3679493836,12302025100012594,Success,
1667,Office,99982 Raheem Roads,2262983192,12302025100012594,Success,
14007,Office,6640 Alanis Rue,1426851239,12302025100012594,Success,
1667,Office,1664 Dallin Mall,4366248057,12302025100012594,Success,
14007,Office,7466 The Grove,7771278065,12302025100012594,Success,
1667,Office,106 E Walnut Street,3892773802,12302025100012594,Success,
14007,Office,130 McGlynn Lakes,4028334861,12302025100012594,Success,
1667,Office,9529 Market Square,6400100751,12302025100012594,Success,
14007,Office,6253 Camden Court,9808256969,12302025100012594,Success,
1667,Office,394 Aliyah Lock,4932660154,12302025100012594,Success,
14007,Office,6337 Gail Bridge,9054918018,12302025100012594,Success,
1667,Office,70998 Kris Pass,9454938970,12302025100012594,Success,
14007,Office,6695 University Drive,4440069218,12302025100012594,Success,
1667,Office,133 Hadley Ports,4005048220,12302025100012594,Success,
14007,Office,5950 Tressie Fords,6540548358,12302025100012594,Success,
1667,Office,817 Jefferson Street,3164623993,12302025100012594,Success,
14007,Office,418 E 12th Street,5130688287,12302025100012594,Success,
1667,Office,93207 W North Street,2372831155,12302025100012594,Success,
14007,Office,2085 Kestrel Close,3282344946,12302025100012594,Success,
1667,Office,8905 Delores Circle,1188528270,12302025100012594,Success,
14007,Office,891 Schneider Centers,3386410606,12302025100012594,Success,
1667,Office,947 Helena Shoal,6162671173,12302025100012594,Success,
14007,Office,2333 Mariano Well,7536403222,12302025100012594,Success,
1667,Office,871 Gilbert Court,1520264876,12302025100012594,Success,
14007,Office,44595 Ole Falls,9930507254,12302025100012594,Success,
1667,Office,367 Hodkiewicz Freeway,4234626744,12302025100012594,Success,
14007,Office,6700 Mante Groves,4441557816,12302025100012594,Success,
1667,Office,4579 Mellie Parkway,8331054031,12302025100012594,Success,
14007,Office,97783 Willow Grove,3319090194,12302025100012594,Success,
1667,Office,348 Main Street E,5938750319,12302025100012594,Success,
14007,Office,1666 Simone Summit,6962423918,12302025100012594,Success,
1667,Office,91467 Grange Avenue,8816782282,12302025100012594,Success,
14007,Office,358 Vella Parkways,3360428723,12302025100012594,Success,
1667,Office,339 Stanley Street,2339700996,12302025100012594,Success,
14007,Office,322 Smitham Union,9371700380,12302025100012594,Success,
1667,Office,446 Clark Street,9902555007,12302025100012594,Success,
14007,Office,738 State Avenue,7053086599,12302025100012594,Success,
1667,Office,3109 Kevin Dam,1107102739,12302025100012594,Success,
14007,Office,66087 Ryleigh Mount,4104256717,12302025100012594,Success,
1667,Office,23225 The Coppice,5186891611,12302025100012594,Success,
14007,Office,38810 Long Lane,4502541338,12302025100012594,Success,
1667,Office,945 Birch Avenue,8147348450,12302025100012594,Success,
14007,Office,1591 Carter Squares,6253620601,12302025100012594,Success,
1667,Office,82014 Spruce Street,5051862415,12302025100012594,Success,
14007,Office,4008 W 5th Street,4271023138,12302025100012594,Success,
1667,Office,2134 Huel Glen,5642786840,12302025100012594,Success,
14007,Office,6188 Osvaldo Ford,5695416380,12302025100012594,Success,
1667,Office,98943 Kingsway,5490067769,12302025100012594,Success,
14007,Office,67559 Mariam Trafficway,9241784559,12302025100012594,Success,
1667,Office,47883 Mikel Shoals,6250962137,12302025100012594,Success,
14007,Office,59818 Greenfelder View,3244730783,12302025100012594,Success,
1667,Office,6007 Bins Junction,8069070573,12302025100012594,Success,
14007,Office,67500 Meadow Close,9559324380,12302025100012594,Success,
1667,Office,359 Buckridge Path,1824286091,12302025100012594,Success,
14007,Office,467 Cormier Viaduct,6749282633,12302025100012594,Success,
1667,Office,227 Beatty Spur,4391290722,12302025100012594,Success,
14007,Office,927 Cecile Creek,4763493634,12302025100012594,Success,
1667,Office,17458 Lind Burg,1724961184,12302025100012594,Success,
14007,Office,4771 West Avenue,3492736566,12302025100012594,Success,
1667,Office,970 Olen Center,5721051230,12302025100012594,Success,
14007,Office,70895 Grant Street,9920804399,12302025100012594,Success,
1667,Office,798 Priory Road,9833810954,12302025100012594,Success,
14007,Office,834 Reinger Prairie,4818862527,12302025100012594,Success,
1667,Office,7976 Becker Square,7268718210,12302025100012594,Success,
14007,Office,55505 Hammes Mills,1760452096,12302025100012594,Success,
1667,Office,9560 St Andrew's Road,7326337610,12302025100012594,Success,
14007,Office,65449 Kamryn Well,3236334245,12302025100012594,Success,
1667,Office,266 Lacey Crest,6181133473,12302025100012594,Success,
14007,Office,86609 S Monroe Street,6060173445,12302025100012594,Success,
1667,Office,10030 Kamryn Isle,6519707925,12302025100012594,Success,
14007,Office,246 Kamille Walks,9551593035,12302025100012594,Success,
1667,Office,9421 E Bridge Street,1948011351,12302025100012594,Success,
14007,Office,74208 W Church Street,9270928519,12302025100012594,Success,
1667,Office,438 Camila Coves,5082646074,12302025100012594,Success,
14007,Office,420 Ivory Plain,6527195767,12302025100012594,Success,
1667,Office,76396 Jenkins Drive,7248357776,12302025100012594,Success,
14007,Office,3124 Yost Club,7153561254,12302025100012594,Success,
1667,Office,934 Kiehn Greens,9018167919,12302025100012594,Success,
14007,Office,90140 Hans Route,4675185678,12302025100012594,Success,
1667,Office,297 Hammes Ports,3417805879,12302025100012594,Success,
14007,Office,48832 Hansen Hill,5790317228,12302025100012594,Success,
1667,Office,200 N Jackson Street,3457852559,12302025100012594,Success,
14007,Office,532 Boyle Mews,8178195924,12302025100012594,Success,
1667,Office,7953 Orn Crossroad,7004802879,12302025100012594,Success,
14007,Office,2426 Fisher Rapids,7307389249,12302025100012594,Success,
1667,Office,374 Lesch Groves,7410872288,12302025100012594,Success,
14007,Office,246 E 12th Street,5942292256,12302025100012594,Success,
1667,Office,9649 Marjorie Burg,6173300102,12302025100012594,Success,
14007,Office,711 Melissa Course,8899797708,12302025100012594,Success,
1667,Office,878 Church Close,7987276005,12302025100012594,Success,
14007,Office,23163 Hessel Curve,6894851556,12302025100012594,Success,
1667,Office,6926 Brookside,2754597929,12302025100012594,Success,
14007,Office,587 Stehr Flats,9689804997,12302025100012594,Success,
1667,Office,970 Vinnie Manors,3375022188,12302025100012594,Success,
14007,Office,3308 Aimee Prairie,3319146563,12302025100012594,Success,
1667,Office,676 Mills Lodge,2121601351,12302025100012594,Success,
14007,Office,98892 Bo Extensions,3417396385,12302025100012594,Success,
1667,Office,547 Candida Rest,9489375090,12302025100012594,Success,
14007,Office,895 Grant Fall,6780605942,12302025100012594,Success,
1667,Office,9767 Delaney Unions,8037176701,12302025100012594,Success,
14007,Office,1653 State Street,2973466507,12302025100012594,Success,
1667,Office,220 E 5th Street,8599095360,12302025100012594,Success,
14007,Office,47306 Annetta Meadow,8736924483,12302025100012594,Success,
1667,Office,159 Graham Hollow,8777407138,12302025100012594,Success,
14007,Office,85301 Aryanna Squares,9383363202,12302025100012594,Success,
1667,Office,6918 Watery Lane,9742867240,12302025100012594,Success,
14007,Office,7625 Tyrique Crossing,3178635150,12302025100012594,Success,
1667,Office,9192 Gutkowski Manors,8040916632,12302025100012594,Success,
14007,Office,4697 Mills Camp,1963862353,12302025100012594,Success,
1667,Office,9965 Main Street,2469053981,12302025100012594,Success,
14007,Office,937 Hand View,7783863171,12302025100012594,Success,
1667,Office,1427 Nitzsche Land,6144559139,12302025100012594,Success,
14007,Office,696 Nader Ridge,2491889225,12302025100012594,Success,
1667,Office,25439 Lemke Ways,9839039485,12302025100012594,Success,
14007,Office,1656 Modesta Parkway,3425604383,12302025100012594,Success,
1667,Office,576 Mulberry Street,1102254039,12302025100012594,Success,
14007,Office,76337 N 5th Street,1635416553,12302025100012594,Success,
1667,Office,6043 Elenor Pass,5276593193,12302025100012594,Success,
14007,Office,20854 Center Street,6152799926,12302025100012594,Success,
1667,Office,85380 Howell Shore,4022323455,12302025100012594,Success,
14007,Office,64120 N Broadway,4516299647,12302025100012594,Success,
1667,Office,3216 Florida Centers,2384900837,12302025100012594,Success,
14007,Office,602 West View,9508784971,12302025100012594,Success,
1667,Office,236 Medhurst Ranch,2539275993,12302025100012594,Success,
14007,Office,5713 Bins Harbors,5844943013,12302025100012594,Success,
1667,Office,6265 Considine Burgs,1119515868,12302025100012594,Success,
14007,Office,7577 Albany Road,9761618519,12302025100012594,Success,
1667,Office,1539 McClure Route,8010127894,12302025100012594,Success,
14007,Office,34410 Wanda Hollow,1256639278,12302025100012594,Success,
1667,Office,962 Cole Crest,4496064307,12302025100012594,Success,
14007,Office,8088 Bogisich Landing,6631472436,12302025100012594,Success,
1667,Office,838 Western Road,8233617863,12302025100012594,Success,
14007,Office,7232 Kihn Locks,3488225942,12302025100012594,Success,
1667,Office,7892 Clay Estate,1142721904,12302025100012594,Success,
14007,Office,197 Lloyd Estate,7807868877,12302025100012594,Success,
1667,Office,6553 Steuber Ford,9335424430,12302025100012594,Success,
14007,Office,39986 Valentin Ford,2040479387,12302025100012594,Success,
1667,Office,33435 Columbia Avenue,5846156085,12302025100012594,Success,
14007,Office,542 Kohler Stream,3114739746,12302025100012594,Success,
1667,Office,29024 Ally Camp,1246270727,12302025100012594,Success,
14007,Office,20869 Station Road,8376360857,12302025100012594,Success,
1667,Office,4395 Barrows Locks,6209721581,12302025100012594,Success,
14007,Office,19731 Charlie Passage,7297339961,12302025100012594,Success,
1667,Office,773 Clarence Road,4116078526,12302025100012594,Success,
14007,Office,75808 Woodlands,5699215186,12302025100012594,Success,
1667,Office,85616 Nicolas Dam,9556660545,12302025100012594,Success,
14007,Office,16247 Ethyl Corners,2480064805,12302025100012594,Success,
1667,Office,454 Purdy Road,5936418159,12302025100012594,Success,
14007,Office,1095 Roman Plains,1463958173,12302025100012594,Success,
1667,Office,76451 Bechtelar Trail,2948624275,12302025100012594,Success,
14007,Office,73188 Corkery Crossroad,6678243516,12302025100012594,Success,
1667,Office,699 Dalton Turnpike,7389952016,12302025100012594,Success,
14007,Office,239 Nader Station,3555115584,12302025100012594,Success,
1667,Office,35990 Javier Shore,1913127784,12302025100012594,Success,
14007,Office,236 Franklin Avenue,2550419971,12302025100012594,Success,
1667,Office,8535 St Mary's Close,4455841653,12302025100012594,Success,
14007,Office,420 Church Avenue,1969587142,12302025100012594,Success,
1667,Office,4494 Post Road,2207245033,12302025100012594,Success,
14007,Office,35251 Wilford Lodge,2186244545,12302025100012594,Success,
1667,Office,3766 Pleasant Street,2254918425,12302025100012594,Success,
14007,Office,2358 Chasity Streets,7615832830,12302025100012594,Success,
1667,Office,12900 Rick Branch,4246549922,12302025100012594,Success,
14007,Office,357 Glover Mills,3045005517,12302025100012594,Success,
1667,Office,2408 Felicia Shoals,7336859343,12302025100012594,Success,
14007,Office,4095 Jamar Fields,4507343014,12302025100012594,Success,
1667,Office,6289 Nya Brooks,1369899855,12302025100012594,Success,
14007,Office,347 Orn Ridges,3891986150,12302025100012594,Success,
1667,Office,891 Riverside Drive,8969148965,12302025100012594,Success,
14007,Office,23728 Paucek Manor,7081510479,12302025100012594,Success,
1667,Office,14367 Cecilia Meadows,6870411112,12302025100012594,Success,
14007,Office,2730 Hillside Avenue,2151737303,12302025100012594,Success,
1667,Office,768 Hammes Mission,6384862527,12302025100012594,Success,
14007,Office,690 E 1st Street,8832295192,12302025100012594,Success,
1667,Office,144 Harrison Avenue,2353642787,12302025100012594,Success,
14007,Office,436 Jarrell Mill,3302814251,12302025100012594,Success,
1667,Office,73691 Schamberger Summit,3249235187,12302025100012594,Success,
14007,Office,569 Stanton Courts,7387788436,12302025100012594,Success,
1667,Office,694 E Franklin Street,8578822008,12302025100012594,Success,
14007,Office,708 Rutherford Rapid,5660280770,12302025100012594,Success,
1667,Office,336 Roselyn Crossing,1901875601,12302025100012594,Success,
14007,Office,840 Jake Fork,2566249220,12302025100012594,Success,
1667,Office,5263 Manor Close,8883682051,12302025100012594,Success,
14007,Office,27813 Wunsch Route,2866249123,12302025100012594,Success,
1667,Office,425 Lueilwitz Wall,5571519549,12302025100012594,Success,
14007,Office,4959 Kulas Mountains,5681574636,12302025100012594,Success,
1667,Office,67255 Alvis Hills,3627288390,12302025100012594,Success,
14007,Office,561 Lenore Avenue,4372883038,12302025100012594,Success,
1667,Office,533 St George's Road,4099135986,12302025100012594,Success,
14007,Office,1986 Mertz Lakes,2348534579,12302025100012594,Success,
1667,Office,215 Arden Heights,1977463084,12302025100012594,Success,
14007,Office,5189 Mertz Hollow,4757968432,12302025100012594,Success,
1667,Office,4396 6th Avenue,9657709443,12302025100012594,Success,
14007,Office,52507 Padberg Spurs,6319962752,12302025100012594,Success,
1667,Office,20520 S Mill Street,6640504330,12302025100012594,Success,
14007,Office,3188 Rowe Isle,3399653871,12302025100012594,Success,
1667,Office,7276 Ondricka Glen,8912494802,12302025100012594,Success,
14007,Office,4354 Demond Place,1559678911,12302025100012594,Success,
1667,Office,5970 Kohler Brook,7525826950,12302025100012594,Success,
14007,Office,66365 S West Street,5381298408,12302025100012594,Success,
1667,Office,9032 Manor Way,2165306889,12302025100012594,Success,
14007,Office,8981 The Mews,4176119754,12302025100012594,Success,
1667,Office,8464 Bert Hill,7210598892,12302025100012594,Success,
14007,Office,126 Boyer Lock,5957220743,12302025100012594,Success,
1667,Office,2709 Gordon Street,9312498843,12302025100012594,Success,
14007,Office,5039 Treutel Prairie,7287416911,12302025100012594,Success,
1667,Office,30128 Lilyan Mall,2014981592,12302025100012594,Success,
14007,Office,1594 Cummerata Avenue,4238399810,12302025100012594,Success,
1667,Office,77274 Runte Harbor,4471575802,12302025100012594,Success,
14007,Office,8751 Abernathy Oval,7819524251,12302025100012594,Success,
1667,Office,446 Larry Harbors,8231119960,12302025100012594,Success,
14007,Office,4966 Cyril Crossroad,2056487760,12302025100012594,Success,
1667,Office,6969 1st Street,1564878604,12302025100012594,Success,
14007,Office,432 Sarah Knolls,7097799110,12302025100012594,Success,
1667,Office,8991 Woodland Close,8147625320,12302025100012594,Success,
14007,Office,6106 Priscilla Centers,5854894069,12302025100012594,Success,
1667,Office,39065 Block Bridge,7174452300,12302025100012594,Success,
14007,Office,80398 Wellington Road,8056415916,12302025100012594,Success,
1667,Office,695 Murphy Shoals,4657011739,12302025100012594,Success,
14007,Office,32729 1st Street,4265605356,12302025100012594,Success,
1667,Office,28481 Station Street,4216430142,12302025100012594,Success,
14007,Office,2011 Morar Terrace,5893205641,12302025100012594,Success,
1667,Office,283 Shields Mall,8861252575,12302025100012594,Success,
14007,Office,53956 Kautzer Walks,6672883016,12302025100012594,Success,
1667,Office,1120 Nitzsche Courts,1465280607,12302025100012594,Success,
14007,Office,9289 Tate Bridge,3897508439,12302025100012594,Success,
1667,Office,7734 Erdman Plains,3676102106,12302025100012594,Success,
14007,Office,39598 Hodkiewicz Club,2075371624,12302025100012594,Success,
1667,Office,40046 Duane Views,7706114571,12302025100012594,Success,
14007,Office,698 Ernest Canyon,1954124571,12302025100012594,Success,
1667,Office,560 Pine Close,7356454420,12302025100012594,Success,
14007,Office,9894 S 3rd Street,8304918484,12302025100012594,Success,
1667,Office,79047 Kozey Key,3384782233,12302025100012594,Success,
14007,Office,4408 Roosevelt Lodge,1572353801,12302025100012594,Success,
1667,Office,5674 Anjali Groves,4430766353,12302025100012594,Success,
14007,Office,3382 Beahan Falls,7581499266,12302025100012594,Success,
1667,Office,53630 Lesley Lights,1739068922,12302025100012594,Success,
14007,Office,15895 Anderson Hills,1640556252,12302025100012594,Success,
1667,Office,85404 State Street,1549381231,12302025100012594,Success,
14007,Office,800 Poplar Close,4281822332,12302025100012594,Success,
1667,Office,79942 Jacquelyn Shores,4880358751,12302025100012594,Success,
14007,Office,9838 Dicki Orchard,3817561777,12302025100012594,Success,
1667,Office,997 Chestnut Drive,1105688413,12302025100012594,Success,
14007,Office,2809 W Washington Avenue,4265029756,12302025100012594,Success,
1667,Office,1532 The Mews,5999605180,12302025100012594,Success,
14007,Office,34384 Bergnaum Parkway,2938083123,12302025100012594,Success,
1667,Office,677 Boyer Loaf,9076953004,12302025100012594,Success,
14007,Office,3863 Mueller Mill,6933554569,12302025100012594,Success,
1667,Office,958 Main Street N,4255761131,12302025100012594,Success,
14007,Office,8699 Emmett Cliffs,4779685364,12302025100012594,Success,
1667,Office,13714 Francisco Squares,4654509087,12302025100012594,Success,
14007,Office,13807 W Pine Street,2832007871,12302025100012594,Success,
1667,Office,880 Charles Street,6444400875,12302025100012594,Success,
14007,Office,1845 Noe Station,6063718254,12302025100012594,Success,
1667,Office,79182 Strosin Views,5693790198,12302025100012594,Success,
14007,Office,94527 Jarrett Mountain,8593286719,12302025100012594,Success,
1667,Office,31996 W High Street,2030158498,12302025100012594,Success,
14007,Office,24968 Columbus Ford,8248431526,12302025100012594,Success,
1667,Office,88447 N Park Street,4284468472,12302025100012594,Success,
14007,Office,387 Quigley Expressway,1140746396,12302025100012594,Success,
1667,Office,6670 Heller Valley,6458731977,12302025100012594,Success,
14007,Office,507 S 1st Street,7241484443,12302025100012594,Success,
1667,Office,508 Leonel Manors,3129630374,12302025100012594,Success,
14007,Office,744 Bedford Road,7905859625,12302025100012594,Success,
1667,Office,248 Toy Ridges,2337467024,12302025100012594,Success,
14007,Office,32582 Greenholt Avenue,4229822945,12302025100012594,Success,
1667,Office,2761 Highfield Close,9159287160,12302025100012594,Success,
14007,Office,573 Ramiro Harbors,1508356655,12302025100012594,Success,
1667,Office,2317 Vicky Circle,5238434979,12302025100012594,Success,
14007,Office,759 Nelson Street,9804504649,12302025100012594,Success,
1667,Office,4280 Akeem Islands,4540834313,12302025100012594,Success,
14007,Office,51547 N Union Street,2259635851,12302025100012594,Success,
1667,Office,773 West Radial,2225535527,12302025100012594,Success,
14007,Office,49408 Koelpin Oval,2891283875,12302025100012594,Success,
1667,Office,317 Schneider Mission,7050682053,12302025100012594,Success,
14007,Office,383 Beechwood Avenue,2169619323,12302025100012594,Success,
1667,Office,17026 Pearl Rest,9492177322,12302025100012594,Success,
14007,Office,7615 Predovic Shoals,8096611639,12302025100012594,Success,
1667,Office,6161 Hayes Valley,4363237718,12302025100012594,Success,
14007,Office,2259 Pfeffer Isle,9322063887,12302025100012594,Success,
1667,Office,2032 Waters Ways,8643840727,12302025100012594,Success,
14007,Office,1720 Jackeline Junction,4746643316,12302025100012594,Success,
1667,Office,455 First Avenue,4332821820,12302025100012594,Success,
14007,Office,68405 Harrison Avenue,3560707165,12302025100012594,Success,
1667,Office,796 S Union Street,4836052464,12302025100012594,Success,
14007,Office,29488 Balistreri Inlet,1074114650,12302025100012594,Success,
1667,Office,13664 Newton Road,2235467572,12302025100012594,Success,
14007,Office,9522 Honeysuckle Close,8780225053,12302025100012594,Success,
1667,Office,49834 Stanley Street,5369879512,12302025100012594,Success,
14007,Office,310 Simonis Views,9105610514,12302025100012594,Success,
1667,Office,36550 Victoria Route,1342699120,12302025100012594,Success,
14007,Office,3917 Rhett Plaza,7486627810,12302025100012594,Success,
1667,Office,2859 Lueilwitz Corners,2373518056,12302025100012594,Success,
14007,Office,609 Emile Light,2031587803,12302025100012594,Success,
1667,Office,6686 Marlee Walks,9947627963,12302025100012594,Success,
14007,Office,65839 Lockman Cliff,6407573886,12302025100012594,Success,
1667,Office,20941 Tevin Extension,6071868745,12302025100012594,Success,
14007,Office,99747 Khalil Light,6010656145,12302025100012594,Success,
1667,Office,2836 Dark Lane,4905216792,12302025100012594,Success,
14007,Office,25234 Vivianne Ferry,3185400124,12302025100012594,Success,
1667,Office,95631 Josue Crossroad,5880601293,12302025100012594,Success,
14007,Office,4717 Greenwood Road,5818868927,12302025100012594,Success,
1667,Office,9425 Tavares Mountain,6978057632,12302025100012594,Success,
14007,Office,24249 Kuhlman Harbor,8730174955,12302025100012594,Success,
1667,Office,70199 Vickie Highway,2754892318,12302025100012594,Success,
14007,Office,81561 Morar Causeway,4532182890,12302025100012594,Success,
1667,Office,94193 Rolando Centers,7128063250,12302025100012594,Success,
14007,Office,66290 W River Road,1565781383,12302025100012594,Success,
1667,Office,27979 Ryley Unions,4471731353,12302025100012594,Success,
14007,Office,735 Thelma Alley,9962775729,12302025100012594,Success,
1667,Office,311 Polly Mews,2100180039,12302025100012594,Success,
14007,Office,4575 Lang Glen,4190263769,12302025100012594,Success,
1667,Office,6908 Chester Road,9722270699,12302025100012594,Success,
14007,Office,423 Kuvalis Village,6309921067,12302025100012594,Success,
1667,Office,26436 Markus Freeway,3500792056,12302025100012594,Success,
14007,Office,2017 Reynolds Islands,4558855898,12302025100012594,Success,
1667,Office,943 Branson Brooks,4195704084,12302025100012594,Success,
14007,Office,380 Garry Mount,4160596677,12302025100012594,Success,
1667,Office,245 Tess Stravenue,8470990180,12302025100012594,Success,
14007,Office,82954 Springfield Road,8568211351,12302025100012594,Success,
1667,Office,36636 Wiegand Isle,5736162938,12302025100012594,Success,
14007,Office,9037 Kamron Rapids,4905927385,12302025100012594,Success,
1667,Office,921 Court Street,9710596068,12302025100012594,Success,
14007,Office,1909 W Broadway Avenue,6811190092,12302025100012594,Success,
1667,Office,385 McDermott Rest,6575399444,12302025100012594,Success,
14007,Office,29570 Boundary Road,1119473079,12302025100012594,Success,
1667,Office,4395 Zack Drive,2824783954,12302025100012594,Success,
14007,Office,794 Ellsworth Throughway,6831140772,12302025100012594,Success,
1667,Office,82594 Kuvalis Ramp,2497160523,12302025100012594,Success,
14007,Office,37430 Main Street N,5963418485,12302025100012594,Success,
1667,Office,99203 Grove Road,9596218497,12302025100012594,Success,
14007,Office,209 Willow Street,7431376747,12302025100012594,Success,
1667,Office,322 N Church Street,7170127624,12302025100012594,Success,
14007,Office,887 Wuckert Estates,9382032165,12302025100012594,Success,
1667,Office,5328 Dulce Circle,8939084878,12302025100012594,Success,
14007,Office,23483 Larch Close,7594396047,12302025100012594,Success,
1667,Office,7342 Wendy Camp,8569582875,12302025100012594,Success,
14007,Office,8843 Sandy Lane,5134937703,12302025100012594,Success,
1667,Office,8049 Shaniya Overpass,5512943536,12302025100012594,Success,
14007,Office,3044 The Oaks,3811598455,12302025100012594,Success,
1667,Office,20971 Jackson Avenue,5931059703,12302025100012594,Success,
14007,Office,91370 E 14th Street,3178076149,12302025100012594,Success,
1667,Office,16413 Yolanda Coves,5942985285,12302025100012594,Success,
14007,Office,9670 Jamir Port,3169957748,12302025100012594,Success,
1667,Office,9172 Misael Spurs,5914304060,12302025100012594,Success,
14007,Office,1524 Harber Port,1385635677,12302025100012594,Success,
1667,Office,9751 Prospect Street,9192156970,12302025100012594,Success,
14007,Office,90644 Trudie Corners,3049006573,12302025100012594,Success,
1667,Office,60870 Jany Vista,2373810960,12302025100012594,Success,
14007,Office,26860 Susanna Unions,8291783461,12302025100012594,Success,
1667,Office,6497 Gerard Vista,6889142025,12302025100012594,Success,
14007,Office,53020 Yost Flats,9464032937,12302025100012594,Success,
1667,Office,2414 N Main Avenue,9384729716,12302025100012594,Success,
14007,Office,10030 Johns Valley,4378108405,12302025100012594,Success,
1667,Office,68980 Stiedemann Plain,7126702153,12302025100012594,Success,
14007,Office,42708 Hipolito Viaduct,9727214163,12302025100012594,Success,
1667,Office,353 Vincenzo Place,2530874493,12302025100012594,Success,
14007,Office,9202 The Meadows,5787678271,12302025100012594,Success,
1667,Office,17994 Salvatore Curve,2041784852,12302025100012594,Success,
14007,Office,1242 Henri View,7066133603,12302025100012594,Success,
1667,Office,418 W 2nd Street,6761788311,12302025100012594,Success,
14007,Office,4752 O'Keefe Orchard,1214902690,12302025100012594,Success,
1667,Office,8454 Delphine Field,4638391000,12302025100012594,Success,
14007,Office,17220 Christine Fords,3062988100,12302025100012594,Success,
1667,Office,175 E Maple Street,6528852897,12302025100012594,Success,
14007,Office,768 E State Street,5092494964,12302025100012594,Success,
1667,Office,10530 Murphy Ville,3514040900,12302025100012594,Success,
14007,Office,46958 Fritsch Cove,2930914101,12302025100012594,Success,
1667,Office,4123 Crystal Drive,8965791934,12302025100012594,Success,
14007,Office,8549 Hannah Walks,3658736443,12302025100012594,Success,
1667,Office,4184 Gutkowski Rapid,1101512211,12302025100012594,Success,
14007,Office,150 Homenick Meadow,2544793578,12302025100012594,Success,
1667,Office,8004 Tyrique Ramp,7901079196,12302025100012594,Success,
14007,Office,183 Division Street,6095886627,12302025100012594,Success,
1667,Office,15539 Oxford Street,5376654533,12302025100012594,Success,
14007,Office,95502 Kamren Ville,3344850957,12302025100012594,Success,
1667,Office,24983 Cruickshank Stravenue,8131113310,12302025100012594,Success,
14007,Office,5901 Denesik Extension,1853256127,12302025100012594,Success,
1667,Office,9938 Devan Field,1293430007,12302025100012594,Success,
14007,Office,7806 Okuneva Plains,3862161440,12302025100012594,Success,
1667,Office,16150 Cherry Street,5642731351,12302025100012594,Success,
14007,Office,1206 East Street,8013382044,12302025100012594,Success,
1667,Office,226 E 4th Street,1718253076,12302025100012594,Success,
14007,Office,636 Church Path,1727096642,12302025100012594,Success,
1667,Office,55034 Langosh Lakes,1941106800,12302025100012594,Success,
14007,Office,66580 Coronation Avenue,6671074549,12302025100012594,Success,
1667,Office,8484 Ryan Trail,7236539298,12302025100012594,Success,
14007,Office,343 Alma Street,7757689257,12302025100012594,Success,
1667,Office,18805 N Center Street,6010149374,12302025100012594,Success,
14007,Office,179 S Union Street,2113485267,12302025100012594,Success,
1667,Office,4079 Wintheiser Roads,1133321803,12302025100012594,Success,
14007,Office,952 Orn Key,3862275508,12302025100012594,Success,
1667,Office,1627 Central Street,8114274262,12302025100012594,Success,
14007,Office,27814 E 9th Street,3761964406,12302025100012594,Success,
1667,Office,9718 Skiles Highway,3411565119,12302025100012594,Success,
14007,Office,74970 Roosevelt Grove,9531506818,12302025100012594,Success,
1667,Office,207 Donnelly Burgs,6555895022,12302025100012594,Success,
14007,Office,571 Mertz Forges,3474437103,12302025100012594,Success,
1667,Office,722 Monahan Valley,9926130291,12302025100012594,Success,
14007,Office,67783 Manor Road,4739507483,12302025100012594,Success,
1667,Office,43019 Gerlach Track,5087112112,12302025100012594,Success,
14007,Office,5217 Stephania Walk,5136875821,12302025100012594,Success,
1667,Office,39375 Lehner Mount,9317229252,12302025100012594,Success,
14007,Office,386 Howell Lock,1635703194,12302025100012594,Success,
1667,Office,9380 Union Avenue,8312977862,12302025100012594,Success,
14007,Office,90448 Manchester Road,1006888990,12302025100012594,Success,
1667,Office,48100 First Street,6972851842,12302025100012594,Success,
14007,Office,16494 Goldner Streets,6085134785,12302025100012594,Success,
1667,Office,42446 Dicki Port,6825113090,12302025100012594,Success,
14007,Office,9257 Jessica Rapids,4917255168,12302025100012594,Success,
1667,Office,50483 Mabel Divide,2461872845,12302025100012594,Success,
14007,Office,7870 Lebsack Union,2127728584,12302025100012594,Success,
1667,Office,554 Crona Lakes,1257278199,12302025100012594,Success,
14007,Office,456 Lake Avenue,1792042230,12302025100012594,Success,
1667,Office,58570 Ruben Pike,3894385456,12302025100012594,Success,
14007,Office,9765 Gulgowski Radial,2529513380,12302025100012594,Success,
1667,Office,6261 Ottis Via,8400395646,12302025100012594,Success,
14007,Office,9411 Stoltenberg Lights,9432837132,12302025100012594,Success,
1667,Office,566 Yost Divide,7722787655,12302025100012594,Success,
14007,Office,2767 Hailee Locks,6806152285,12302025100012594,Success,
1667,Office,507 Stehr Divide,6357925992,12302025100012594,Success,
14007,Office,7167 Maple Avenue,9824806135,12302025100012594,Success,
1667,Office,882 E Bridge Street,7641781741,12302025100012594,Success,
14007,Office,112 Macejkovic Fort,6516118408,12302025100012594,Success,
1667,Office,9231 Little Rue,8486093824,12302025100012594,Success,
14007,Office,8030 Gorczany Keys,2092922905,12302025100012594,Success,
1667,Office,42305 Gutkowski Drives,7284697758,12302025100012594,Success,
14007,Office,61297 Lockman Streets,1175392174,12302025100012594,Success,
1667,Office,1289 Demond Spurs,1767012283,12302025100012594,Success,
14007,Office,928 Kamille Walk,5455179559,12302025100012594,Success,
1667,Office,862 O'Keefe Street,4820826208,12302025100012594,Success,
14007,Office,681 W State Street,9495286518,12302025100012594,Success,
1667,Office,8889 Elmer Rue,7529530896,12302025100012594,Success,
14007,Office,8415 Immanuel Ridges,2445116060,12302025100012594,Success,
1667,Office,137 15th Street,6961681136,12302025100012594,Success,
14007,Office,38495 Jess Brooks,4557458614,12302025100012594,Success,
1667,Office,66986 Wood Lane,4112599327,12302025100012594,Success,
14007,Office,381 Prohaska Common,6739278702,12302025100012594,Success,
1667,Office,444 Earnestine Avenue,8703714543,12302025100012594,Success,
14007,Office,3620 Rath Meadow,8175079193,12302025100012594,Success,
1667,Office,4859 Mill Street,5082619430,12302025100012594,Success,
14007,Office,3817 S High Street,5799450503,12302025100012594,Success,
1667,Office,8638 Hintz Brook,3456775921,12302025100012594,Success,
14007,Office,927 King Via,1086926442,12302025100012594,Success,
1667,Office,96911 Aspen Close,4422524037,12302025100012594,Success,
14007,Office,128 2nd Avenue,5104978867,12302025100012594,Success,
1667,Office,3816 Schmeler Villages,4502667070,12302025100012594,Success,
14007,Office,37696 Torrey Point,9710513988,12302025100012594,Success,
1667,Office,8798 Brekke Fall,5837870569,12302025100012594,Success,
14007,Office,66919 Conn Hill,2256845489,12302025100012594,Success,
1667,Office,2815 Joana Crest,5693488017,12302025100012594,Success,
14007,Office,2248 Back Lane,6332053711,12302025100012594,Success,
1667,Office,297 Else Pass,7322506494,12302025100012594,Success,
14007,Office,22803 Huels Plain,7138804217,12302025100012594,Success,
1667,Office,71654 Janice Hollow,5193436910,12302025100012594,Success,
14007,Office,9711 Broadway Avenue,7295663268,12302025100012594,Success,
1667,Office,117 Old Road,6727462536,12302025100012594,Success,
14007,Office,343 Mueller Coves,3071862985,12302025100012594,Success,
1667,Office,9355 Princess Street,2755875274,12302025100012594,Success,
14007,Office,93919 Axel Harbors,9937641068,12302025100012594,Success,
1667,Office,3321 Deondre Course,4076417882,12302025100012594,Success,
14007,Office,3333 Nicolette Mews,8562017942,12302025100012594,Success,
1667,Office,98724 Bins Passage,6269183129,12302025100012594,Success,
14007,Office,5872 Schamberger Mill,9491235855,12302025100012594,Success,
1667,Office,9189 Bill Center,7370438809,12302025100012594,Success,
14007,Office,63945 Princes Street,7485995841,12302025100012594,Success,
1667,Office,355 Weimann Club,8610216045,12302025100012594,Success,
14007,Office,9765 E 6th Street,1911771861,12302025100012594,Success,
1667,Office,65558 Kelley Junction,3833488662,12302025100012594,Success,
14007,Office,315 Abshire Dam,1518197973,12302025100012594,Success,
1667,Office,57808 Chapel Hill,4385106462,12302025100012594,Success,
14007,Office,863 Lancaster Road,8652553574,12302025100012594,Success,
1667,Office,3992 S Walnut Street,3685844495,12302025100012594,Success,
14007,Office,7243 W Park Street,6359665585,12302025100012594,Success,
1667,Office,83141 Goodwin Stream,8689730221,12302025100012594,Success,
14007,Office,677 S Division Street,2844949356,12302025100012594,Success,
1667,Office,780 Raleigh Passage,3257537881,12302025100012594,Success,
14007,Office,286 Elody Lakes,9271769066,12302025100012594,Success,
1667,Office,72510 Howard Road,8677981063,12302025100012594,Success,
14007,Office,880 Mariana Shores,7400946119,12302025100012594,Success,
1667,Office,90774 Nelson Street,1309591356,12302025100012594,Success,
14007,Office,455 Hills Key,1278289666,12302025100012594,Success,
1667,Office,76558 Donnie View,1154381190,12302025100012594,Success,
14007,Office,672 Filiberto Freeway,4173990022,12302025100012594,Success,
1667,Office,32187 Fore Street,8665679936,12302025100012594,Success,
14007,Office,3374 Marie Place,8014036349,12302025100012594,Success,
1667,Office,7872 Fredrick Throughway,1986928252,12302025100012594,Success,
14007,Office,82690 Conroy Shore,9008829286,12302025100012594,Success,
1667,Office,14006 Corene Orchard,9637395887,12302025100012594,Success,
14007,Office,178 Boehm Vista,9955179779,12302025100012594,Success,
1667,Office,441 Schuster Tunnel,3359661505,12302025100012594,Success,
14007,Office,91541 Gottlieb Courts,2446432706,12302025100012594,Success,
1667,Office,35560 Lindsay Land,7862353517,12302025100012594,Success,
14007,Office,692 Katlyn Streets,2227256185,12302025100012594,Success,
1667,Office,27758 Norma Extensions,9236615023,12302025100012594,Success,
14007,Office,68664 High Street,4514681093,12302025100012594,Success,
1667,Office,905 Stroman Forks,7729192579,12302025100012594,Success,
14007,Office,1401 Maxine Crest,9212057671,12302025100012594,Success,
1667,Office,400 Thiel Shore,4988236028,12302025100012594,Success,
14007,Office,48354 Daija Dale,3303057229,12302025100012594,Success,
1667,Office,359 Rectory Lane,9372287018,12302025100012594,Success,
14007,Office,7889 Bryon Circles,1071235133,12302025100012594,Success,
1667,Office,26784 Casimer Unions,4489892808,12302025100012594,Success,
14007,Office,78082 Stiedemann Expressway,3143831292,12302025100012594,Success,
1667,Office,2049 N Cedar Street,7310444880,12302025100012594,Success,
14007,Office,90216 Woodlands Close,4089411119,12302025100012594,Success,
1667,Office,52812 Ankunding Pine,6756596096,12302025100012594,Success,
14007,Office,9280 Doug Lights,7119344981,12302025100012594,Success,
1667,Office,315 N Maple Street,3096230960,12302025100012594,Success,
14007,Office,532 Manor Close,1586902602,12302025100012594,Success,
1667,Office,77031 Stiedemann Knolls,6235112150,12302025100012594,Success,
14007,Office,560 St Mary's Close,6148116054,12302025100012594,Success,
1667,Office,636 Orn Wall,7358692101,12302025100012594,Success,
14007,Office,172 Mill Lane,5096646227,12302025100012594,Success,
1667,Office,313 Ford Via,4478785990,12302025100012594,Success,
14007,Office,99874 Lamar Dale,5741126648,12302025100012594,Success,
1667,Office,47879 W Pine Street,8558294903,12302025100012594,Success,
14007,Office,714 Tromp Spurs,8118685824,12302025100012594,Success,
1667,Office,6572 Orville Lane,4708232572,12302025100012594,Success,
14007,Office,48638 Oberbrunner Field,5497592954,12302025100012594,Success,
1667,Office,128 The Laurels,1694817205,12302025100012594,Success,
14007,Office,75317 W Broadway,6090928934,12302025100012594,Success,
1667,Office,59819 Shaina Pike,7710028496,12302025100012594,Success,
14007,Office,48328 Ferry Road,1121705858,12302025100012594,Success,
1667,Office,708 Mohamed Shoal,1372830825,12302025100012594,Success,
14007,Office,552 The Croft,7737217652,12302025100012594,Success,
1667,Office,5565 Tennyson Road,6166372824,12302025100012594,Success,
14007,Office,68085 Reichert Drive,6914392126,12302025100012594,Success,
1667,Office,44791 W Franklin Street,8035216739,12302025100012594,Success,
14007,Office,19502 Emery Village,1561628270,12302025100012594,Success,
1667,Office,7560 Newton Road,3566493200,12302025100012594,Success,
14007,Office,637 Hillside Avenue,5060890994,12302025100012594,Success,
1667,Office,384 Chestnut Drive,6479787626,12302025100012594,Success,
14007,Office,52550 Josefa Vista,1783591119,12302025100012594,Success,
1667,Office,25603 Lew Lakes,3732894823,12302025100012594,Success,
14007,Office,8760 Grange Road,9142508374,12302025100012594,Success,
1667,Office,9448 Stoney Lane,9295109631,12302025100012594,Success,
14007,Office,3830 Dustin Center,7239436776,12302025100012594,Success,
1667,Office,841 Kulas Skyway,3926743808,12302025100012594,Success,
14007,Office,85449 Baumbach Mission,4621427236,12302025100012594,Success,
1667,Office,72132 Hettinger Lodge,9705435115,12302025100012594,Success,
14007,Office,2495 Alvera Unions,7685804470,12302025100012594,Success,
1667,Office,8762 Lyda Dam,3730263399,12302025100012594,Success,
14007,Office,96847 Estefania Spur,4171501046,12302025100012594,Success,
1667,Office,79281 Willa Station,3295873250,12302025100012594,Success,
14007,Office,41475 Garden Close,6167979156,12302025100012594,Success,
1667,Office,725 Joanie Path,2375262148,12302025100012594,Success,
14007,Office,98003 Prosacco Passage,1682401926,12302025100012594,Success,
1667,Office,118 O'Conner Cape,3188962594,12302025100012594,Success,
14007,Office,23962 W Central Avenue,8218319639,12302025100012594,Success,
1667,Office,53430 Annette Ramp,4277541029,12302025100012594,Success,
14007,Office,35829 Princes Street,4102244699,12302025100012594,Success,
1667,Office,1453 Liliane Park,4939440574,12302025100012594,Success,
14007,Office,988 Mackenzie Hill,2395117303,12302025100012594,Success,
1667,Office,941 The Mews,8033939655,12302025100012594,Success,
14007,Office,577 Becker Point,4142172624,12302025100012594,Success,
1667,Office,42418 Wyman Mount,3013781368,12302025100012594,Success,
14007,Office,51755 East Avenue,6474437599,12302025100012594,Success,
1667,Office,904 Willms Point,8754821525,12302025100012594,Success,
14007,Office,1709 Janae Rapids,8328555119,12302025100012594,Success,
1667,Office,1605 Montana Forge,9772092952,12302025100012594,Success,
14007,Office,942 W 8th Street,1356550547,12302025100012594,Success,
1667,Office,31308 Highfield Close,8719942289,12302025100012594,Success,
14007,Office,79126 Greenwood Road,2694525445,12302025100012594,Success,
1667,Office,68268 Botsford Shore,5289267613,12302025100012594,Success,
14007,Office,53296 Hilma Trail,9122881660,12302025100012594,Success,
1667,Office,222 E Maple Street,7493307522,12302025100012594,Success,
14007,Office,172 Jolie Course,4614430050,12302025100012594,Success,
1667,Office,731 7th Avenue,9730911580,12302025100012594,Success,
14007,Office,7611 Lucile Meadow,8395361823,12302025100012594,Success,
1667,Office,391 Reilly Cliff,2339900778,12302025100012594,Success,
14007,Office,61986 Boyle Cliffs,3942041426,12302025100012594,Success,
1667,Office,37563 W Chestnut Street,6883794427,12302025100012594,Success,
14007,Office,85593 Karolann Heights,5099693252,12302025100012594,Success,
1667,Office,71064 13th Street,8054442719,12302025100012594,Success,
14007,Office,410 Osinski Heights,1126736684,12302025100012594,Success,
1667,Office,7151 Marshall Path,6338310801,12302025100012594,Success,
14007,Office,4859 Abernathy Burgs,7880788271,12302025100012594,Success,
1667,Office,771 Bayer Fall,5149953142,12302025100012594,Success,
14007,Office,4631 Cremin Overpass,7132546193,12302025100012594,Success,
1667,Office,33990 Bradtke Extensions,1674716142,12302025100012594,Success,
14007,Office,895 S 3rd Street,8102918686,12302025100012594,Success,
1667,Office,27535 Orchard Drive,4970871413,12302025100012594,Success,
14007,Office,491 Rohan Rapid,9581888001,12302025100012594,Success,
1667,Office,1228 Connelly Ramp,4506935466,12302025100012594,Success,
14007,Office,616 Santino Brooks,5676271068,12302025100012594,Success,
1667,Office,3580 Lexus Passage,6686253481,12302025100012594,Success,
14007,Office,906 Leffler Path,6542515665,12302025100012594,Success,
1667,Office,962 Walter Expressway,1979668444,12302025100012594,Success,
14007,Office,6312 Letitia Corners,1367923185,12302025100012594,Success,
1667,Office,272 Louisa Ridges,1855075068,12302025100012594,Success,
14007,Office,97378 Ebert Route,2912951192,12302025100012594,Success,
1667,Office,916 Windsor Avenue,2535375086,12302025100012594,Success,
14007,Office,90221 Turcotte Way,7491874506,12302025100012594,Success,
1667,Office,4882 Murray Radial,7827574824,12302025100012594,Success,
14007,Office,382 Martin Luther King Drive,2291114051,12302025100012594,Success,
1667,Office,66800 McDermott Extensions,2138118607,12302025100012594,Success,
14007,Office,80291 Towne Bypass,4082459155,12302025100012594,Success,
1667,Office,9460 W Grand Avenue,9397560517,12302025100012594,Success,
14007,Office,92268 12th Street,4249777824,12302025100012594,Success,
1667,Office,829 Mill Street,6738360042,12302025100012594,Success,
14007,Office,421 Richmond Close,9153447493,12302025100012594,Success,
1667,Office,886 Noelia Branch,5182256251,12302025100012594,Success,
14007,Office,884 Kendra Ports,1545319761,12302025100012594,Success,
1667,Office,3076 Myra Streets,1248812961,12302025100012594,Success,
14007,Office,82625 N State Street,2584965562,12302025100012594,Success,
1667,Office,58475 Alena Course,2393571738,12302025100012594,Success,
14007,Office,273 Rippin Radial,9321775952,12302025100012594,Success,
1667,Office,807 Ankunding Branch,1104412924,12302025100012594,Success,
14007,Office,8393 Elena Street,2427867459,12302025100012594,Success,
1667,Office,1329 Rosenbaum Radial,7139498631,12302025100012594,Success,
14007,Office,734 Hintz Mountain,5972425787,12302025100012594,Success,
1667,Office,621 Connelly Brook,2295167425,12302025100012594,Success,
14007,Office,3124 Ashley Spurs,5532994173,12302025100012594,Success,
1667,Office,813 Cheyanne Point,3270996698,12302025100012594,Success,
14007,Office,669 Vicarage Lane,6362782400,12302025100012594,Success,
1667,Office,63326 Hilll Inlet,1758107269,12302025100012594,Success,
14007,Office,704 N State Street,6821561428,12302025100012594,Success,
1667,Office,84024 Kuhic Avenue,4666293142,12302025100012594,Success,
14007,Office,98757 Emelie Vista,2028751130,12302025100012594,Success,
1667,Office,16683 Orchard Drive,1705874930,12302025100012594,Success,
14007,Office,92920 Joan Causeway,2339578174,12302025100012594,Success,
1667,Office,408 Dangelo Fort,9695307104,12302025100012594,Success,
14007,Office,767 Sonny Park,7590505973,12302025100012594,Success,
1667,Office,301 Rosanna Lane,1827042476,12302025100012594,Success,
14007,Office,37920 New Street,8752860300,12302025100012594,Success,
1667,Office,91187 Skiles Grove,6171271046,12302025100012594,Success,
14007,Office,89258 Blick Loaf,3746194841,12302025100012594,Success,
1667,Office,145 Davis Street,8184477184,12302025100012594,Success,
14007,Office,1800 Rosina Shore,6759217942,12302025100012594,Success,
1667,Office,96025 Hester Springs,7722935168,12302025100012594,Success,
14007,Office,796 Myron Trace,1995049274,12302025100012594,Success,
1667,Office,3116 The Laurels,8160778617,12302025100012594,Success,
14007,Office,3114 Hettinger Knoll,3911893455,12302025100012594,Success,
1667,Office,482 Balmoral Road,6440660693,12302025100012594,Success,
14007,Office,53250 Jaquan Crossroad,7149461616,12302025100012594,Success,
1667,Office,47432 Princes Street,7600550837,12302025100012594,Success,
14007,Office,5294 Rau Skyway,3825550337,12302025100012594,Success,
1667,Office,181 Jacobson Square,8113149724,12302025100012594,Success,
14007,Office,544 Rau Run,2608134964,12302025100012594,Success,
1667,Office,499 Wuckert Knolls,6490767885,12302025100012594,Success,
14007,Office,438 Hessel Ramp,5237668825,12302025100012594,Success,
1667,Office,324 Franco Drives,2652249991,12302025100012594,Success,
14007,Office,43559 Tromp Prairie,9717184260,12302025100012594,Success,
1667,Office,31208 Cole Flats,9975428527,12302025100012594,Success,
14007,Office,3368 Locust Street,1971062086,12302025100012594,Success,
1667,Office,15986 Cassin Tunnel,3585625060,12302025100012594,Success,
14007,Office,67418 Homenick Knoll,4976112414,12302025100012594,Success,
1667,Office,305 Edmund Highway,7828395024,12302025100012594,Success,
14007,Office,12369 Kuvalis Drive,7637133924,12302025100012594,Success,
1667,Office,654 Davonte Walks,3401613697,12302025100012594,Success,
14007,Office,166 Greenway,8057736854,12302025100012594,Success,
1667,Office,86267 Greenway,1224379853,12302025100012594,Success,
14007,Office,11966 Yost Branch,4225752645,12302025100012594,Success,
1667,Office,1974 McClure Shoals,7437648625,12302025100012594,Success,
14007,Office,53598 Fidel Walk,4308442443,12302025100012594,Success,
1667,Office,2502 Bailee Pass,4368534290,12302025100012594,Success,
14007,Office,66525 Bode Estates,8567162906,12302025100012594,Success,
1667,Office,391 The Laurels,3860370553,12302025100012594,Success,
14007,Office,246 Mazie Spur,8116031574,12302025100012594,Success,
1667,Office,66663 Reichert Common,9266590751,12302025100012594,Success,
14007,Office,7408 E 2nd Street,4265130387,12302025100012594,Success,
1667,Office,979 Bramley Close,5064486525,12302025100012594,Success,
14007,Office,6630 Ash Grove,9309902298,12302025100012594,Success,
1667,Office,7296 Ara Hill,6050256472,12302025100012594,Success,
14007,Office,5724 Bath Road,1427587659,12302025100012594,Success,
1667,Office,431 Back Lane,6027446050,12302025100012594,Success,
14007,Office,39191 Goodwin Gateway,7129632663,12302025100012594,Success,
1667,Office,92837 Oscar Village,3643138815,12302025100012594,Success,
14007,Office,4350 Riverside Avenue,6765526551,12302025100012594,Success,
1667,Office,566 St Andrews Close,6812851834,12302025100012594,Success,
14007,Office,5744 Jewel Track,4033157524,12302025100012594,Success,
1667,Office,413 Victoria Street,4909632708,12302025100012594,Success,
14007,Office,1841 Aspen Close,5241428512,12302025100012594,Success,
1667,Office,89280 N Main,2040789557,12302025100012594,Success,
14007,Office,8662 Lueilwitz Way,4973902520,12302025100012594,Success,
1667,Office,56154 Runte Mews,1741586470,12302025100012594,Success,
14007,Office,38127 Claremont Road,1100877161,12302025100012594,Success,
1667,Office,84622 Athena Run,5788120658,12302025100012594,Success,
14007,Office,28907 Broad Street,4992936260,12302025100012594,Success,
1667,Office,3073 Alexandra Road,5589032800,12302025100012594,Success,
14007,Office,9315 Streich Divide,5892586588,12302025100012594,Success,
1667,Office,41087 Ridge Road,9192697669,12302025100012594,Success,
14007,Office,4305 Leuschke Rapid,7575698045,12302025100012594,Success,
1667,Office,9827 W Broad Street,2411905497,12302025100012594,Success,
14007,Office,520 Hal Camp,4640697105,12302025100012594,Success,
1667,Office,8021 Haag Wells,9973934368,12302025100012594,Success,
14007,Office,78794 Candida Heights,2081538165,12302025100012594,Success,
1667,Office,91211 Layne Estates,3390619224,12302025100012594,Success,
14007,Office,471 Nichole Underpass,7659264986,12302025100012594,Success,
1667,Office,250 Vicente Club,4494280961,12302025100012594,Success,
14007,Office,22210 Cartwright Parks,5215099301,12302025100012594,Success,
1667,Office,94297 Jerry Glen,4914338662,12302025100012594,Success,
14007,Office,39317 Bridge Road,6209743960,12302025100012594,Success,
1667,Office,76922 Wyman Path,6562542768,12302025100012594,Success,
14007,Office,837 Mann Field,7028965749,12302025100012594,Success,
1667,Office,35215 W Broadway,4912395564,12302025100012594,Success,
14007,Office,947 DuBuque Viaduct,6227768047,12302025100012594,Success,
1667,Office,7094 Elenora Key,4476132040,12302025100012594,Success,
14007,Office,1580 Atlantic Avenue,1858739763,12302025100012594,Success,
1667,Office,5292 Chestnut Close,9294490507,12302025100012594,Success,
14007,Office,412 W Grand Avenue,9896755550,12302025100012594,Success,
1667,Office,97231 Rectory Close,1441892639,12302025100012594,Success,
14007,Office,379 Hansen Shoals,6842914369,12302025100012594,Success,
1667,Office,8392 Collier Ferry,3844508395,12302025100012594,Success,
14007,Office,632 Florence Field,5467866351,12302025100012594,Success,
1667,Office,2883 Goodwin Expressway,3524561159,12302025100012594,Success,
14007,Office,980 E Walnut Street,6070088301,12302025100012594,Success,
1667,Office,29344 Greenholt Mews,5038884915,12302025100012594,Success,
14007,Office,90001 Eileen Spur,8340805522,12302025100012594,Success,
1667,Office,18247 Monahan Land,1743493913,12302025100012594,Success,
14007,Office,3958 Grant Street,4918620059,12302025100012594,Success,
1667,Office,36859 Gibson Hollow,1703063353,12302025100012594,Success,
14007,Office,732 W High Street,6346476000,12302025100012594,Success,
1667,Office,63159 Canal Street,1831804762,12302025100012594,Success,
14007,Office,3888 Heller Well,4256536839,12302025100012594,Success,
1667,Office,862 Erdman Inlet,5433728958,12302025100012594,Success,
14007,Office,96739 Rippin Gateway,1224250265,12302025100012594,Success,
1667,Office,102 Beach Road,9010096897,12302025100012594,Success,
14007,Office,6975 W Oak Street,3174539999,12302025100012594,Success,
1667,Office,55022 Wuckert Cliffs,5581281970,12302025100012594,Success,
14007,Office,6428 Konopelski Dale,4806915671,12302025100012594,Success,
1667,Office,578 Fahey Passage,2979207523,12302025100012594,Success,
14007,Office,65392 O'Conner Crossroad,3035707537,12302025100012594,Success,
1667,Office,451 Brady Dale,4982417205,12302025100012594,Success,
14007,Office,2710 Luettgen Skyway,4147953609,12302025100012594,Success,
1667,Office,199 E 6th Street,5890187173,12302025100012594,Success,
14007,Office,66122 S Grand Avenue,5419136653,12302025100012594,Success,
1667,Office,8687 Bruen Lane,6806759954,12302025100012594,Success,
14007,Office,815 Auer Valley,3045275887,12302025100012594,Success,
1667,Office,3804 Morgan Mountain,5731871059,12302025100012594,Success,
14007,Office,826 Highland Avenue,7118673200,12302025100012594,Success,
1667,Office,16422 Hyatt Key,5023244637,12302025100012594,Success,
14007,Office,1688 Ruecker Path,7546731861,12302025100012594,Success,
1667,Office,8288 Aron Gateway,8162093461,12302025100012594,Success,
14007,Office,3118 Thelma Courts,4645776410,12302025100012594,Success,
1667,Office,2426 Ziemann Flat,1754086441,12302025100012594,Success,
14007,Office,6353 Katelyn Fall,3985166716,12302025100012594,Success,
1667,Office,314 Columbus Via,2171255805,12302025100012594,Success,
14007,Office,8755 W Center Street,8513826989,12302025100012594,Success,
1667,Office,722 Perry Mountains,8822234322,12302025100012594,Success,
14007,Office,6007 Joel Crescent,1621353836,12302025100012594,Success,
1667,Office,600 Mante Motorway,3598793581,12302025100012594,Success,
14007,Office,6572 Botsford Fort,2218623675,12302025100012594,Success,
1667,Office,9265 Dianna Shoals,7101473040,12302025100012594,Success,
14007,Office,71003 4th Street,2042085012,12302025100012594,Success,
1667,Office,4889 Ashton Plains,3166643905,12302025100012594,Success,
14007,Office,64168 Haag Courts,2112847483,12302025100012594,Success,
1667,Office,738 Park Drive,7222732327,12302025100012594,Success,
14007,Office,5416 Maida Underpass,7071057892,12302025100012594,Success,
1667,Office,63167 Hillside Close,7682458958,12302025100012594,Success,
14007,Office,37000 Katrine Burg,6086804794,12302025100012594,Success,
1667,Office,252 Rice Green,3372022874,12302025100012594,Success,
14007,Office,63166 Reichel Corners,3506506022,12302025100012594,Success,
1667,Office,7278 Zulauf Summit,4540174202,12302025100012594,Success,
14007,Office,6553 Newton Road,4299761414,12302025100012594,Success,
1667,Office,4935 Bogisich Views,9801974194,12302025100012594,Success,
14007,Office,8986 Edythe Place,9373821178,12302025100012594,Success,
1667,Office,4085 Heathcote Ports,4575542946,12302025100012594,Success,
14007,Office,232 Beech Close,4792024191,12302025100012594,Success,
1667,Office,55077 W Jackson Street,1420719499,12302025100012594,Success,
14007,Office,50782 Dereck Throughway,4892644718,12302025100012594,Success,
1667,Office,121 Church Hill,6470099446,12302025100012594,Success,
14007,Office,14828 Bianka Corner,9283103533,12302025100012594,Success,
1667,Office,21654 Connelly Grove,4201081942,12302025100012594,Success,
14007,Office,56371 Cartwright Keys,4185481693,12302025100012594,Success,
1667,Office,95608 7th Avenue,2981526511,12302025100012594,Success,
14007,Office,62592 Eulalia Forks,2027531888,12302025100012594,Success,
1667,Office,3942 Veda Burgs,3516754077,12302025100012594,Success,
14007,Office,591 Auer Isle,1607230258,12302025100012594,Success,
1667,Office,571 Prosacco Underpass,7678166429,12302025100012594,Success,
14007,Office,1835 W 11th Street,6917369079,12302025100012594,Success,
1667,Office,7664 Marques Meadow,5618943993,12302025100012594,Success,
14007,Office,6053 Dustin Rest,6497053766,12302025100012594,Success,
1667,Office,450 Jacobi Radial,2347201457,12302025100012594,Success,
14007,Office,3214 Schmidt Brooks,6878498650,12302025100012594,Success,
1667,Office,73755 Feeney Parkways,7605605884,12302025100012594,Success,
14007,Office,495 Bath Street,2944438640,12302025100012594,Success,
1667,Office,299 Edward Street,8344629446,12302025100012594,Success,
14007,Office,897 Dark Lane,2496582627,12302025100012594,Success,
1667,Office,53825 Aniyah Ramp,6575935511,12302025100012594,Success,
14007,Office,9465 Beatty Plain,6780754940,12302025100012594,Success,
1667,Office,504 Highfield Road,8699303248,12302025100012594,Success,
14007,Office,911 3rd Street,3961414112,12302025100012594,Success,
1667,Office,942 Ritchie Divide,3770989921,12302025100012594,Success,
14007,Office,2431 Bednar Skyway,4454188889,12302025100012594,Success,
1667,Office,259 Yost Street,7970206216,12302025100012594,Success,
14007,Office,7772 Rectory Close,4136374191,12302025100012594,Success,
1667,Office,27055 Miller Circles,2028955217,12302025100012594,Success,
14007,Office,7682 Gusikowski Walk,3195137639,12302025100012594,Success,
1667,Office,69689 Vandervort Forks,8610783373,12302025100012594,Success,
14007,Office,53265 Commercial Street,4668107226,12302025100012594,Success,
1667,Office,36080 Kory Run,4930361866,12302025100012594,Success,
14007,Office,7371 Common Lane,1123605117,12302025100012594,Success,
1667,Office,6481 Albert Road,3265789311,12302025100012594,Success,
14007,Office,51998 Feil Pines,2321471672,12302025100012594,Success,
1667,Office,4919 Don Isle,6270497749,12302025100012594,Success,
14007,Office,78888 Kent Road,4455955187,12302025100012594,Success,
1667,Office,218 The Oaks,4645422994,12302025100012594,Success,
14007,Office,9089 Reyna Villages,8916494898,12302025100012594,Success,
1667,Office,915 Burdette Green,9577656174,12302025100012594,Success,
14007,Office,1762 Kassulke Point,2536916151,12302025100012594,Success,
1667,Office,498 Wiza Mill,3820599357,12302025100012594,Success,
14007,Office,97808 Roob Run,8345322274,12302025100012594,Success,
1667,Office,91874 W 7th Street,9910018963,12302025100012594,Success,
14007,Office,12758 Rory Crescent,5503421505,12302025100012594,Success,
1667,Office,881 Rosalia Center,9020199646,12302025100012594,Success,
14007,Office,1728 Nicklaus Bridge,3435360860,12302025100012594,Success,
1667,Office,18861 Krajcik Valley,5675965899,12302025100012594,Success,
14007,Office,5538 Birch Road,4347156703,12302025100012594,Success,
1667,Office,6621 Miller Harbor,7742975750,12302025100012594,Success,
14007,Office,3294 Towne Manor,5166839383,12302025100012594,Success,
1667,Office,683 Wuckert Cliff,1960845641,12302025100012594,Success,
14007,Office,280 Gusikowski Plain,4020629069,12302025100012594,Success,
1667,Office,83703 Mill Street,4279253666,12302025100012594,Success,
14007,Office,889 Feil Pines,5908552820,12302025100012594,Success,
1667,Office,68457 Zboncak Cape,1673130403,12302025100012594,Success,
14007,Office,594 S 3rd Street,9626722229,12302025100012594,Success,
1667,Office,77054 Hazel Grove,1494857481,12302025100012594,Success,
14007,Office,81017 Yost Trace,3956822671,12302025100012594,Success,
1667,Office,874 Gulgowski Ridge,3606517026,12302025100012594,Success,
14007,Office,337 Kunde Highway,1679722828,12302025100012594,Success,
1667,Office,81987 Lansdowne Road,1014428533,12302025100012594,Success,
14007,Office,2320 Rowe Manor,8941027228,12302025100012594,Success,
1667,Office,76909 Ortiz Trace,4767056689,12302025100012594,Success,
14007,Office,445 School Street,5709869389,12302025100012594,Success,
1667,Office,339 Heaney Rapid,6036430618,12302025100012594,Success,
14007,Office,688 Glover Inlet,9440019829,12302025100012594,Success,
1667,Office,83840 Bradtke Brooks,4556186425,12302025100012594,Success,
14007,Office,584 Huels Neck,5609879592,12302025100012594,Success,
1667,Office,73980 State Avenue,5065266824,12302025100012594,Success,
14007,Office,36858 Deontae Coves,4401281447,12302025100012594,Success,
1667,Office,216 Gladstone Road,3563206753,12302025100012594,Success,
14007,Office,24010 The Copse,4605810908,12302025100012594,Success,
1667,Office,2529 Tremblay Plains,8920833184,12302025100012594,Success,
14007,Office,9191 Smith Fords,7796938841,12302025100012594,Success,
1667,Office,6887 High Road,9867537976,12302025100012594,Success,
14007,Office,9247 S 4th Street,3517204350,12302025100012594,Success,
1667,Office,61130 The Maltings,2325299980,12302025100012594,Success,
14007,Office,41631 Kendall Expressway,2904062146,12302025100012594,Success,
1667,Office,9532 Dorthy Vista,3021626010,12302025100012594,Success,
14007,Office,69476 Dark Lane,8879270880,12302025100012594,Success,
1667,Office,50995 S Walnut Street,1732433771,12302025100012594,Success,
14007,Office,6567 Main Street S,3220240257,12302025100012594,Success,
1667,Office,3347 Mauricio Green,6332374925,12302025100012594,Success,
14007,Office,97191 Gerhold Flats,2075743241,12302025100012594,Success,
1667,Office,329 Columbia Avenue,2257636145,12302025100012594,Success,
14007,Office,416 Terrance Brooks,9705087036,12302025100012594,Success,
1667,Office,51259 Grange Avenue,3675963051,12302025100012594,Success,
14007,Office,7383 N Market Street,1015375651,12302025100012594,Success,
1667,Office,32785 Dwight Well,5606993694,12302025100012594,Success,
14007,Office,9285 Water Lane,7297755749,12302025100012594,Success,
1667,Office,19059 Hill Street,7155817823,12302025100012594,Success,
14007,Office,47361 E Broad Street,9361052354,12302025100012594,Success,
1667,Office,9912 Rempel Branch,1353961168,12302025100012594,Success,
14007,Office,373 Marianne Stravenue,4695287418,12302025100012594,Success,
1667,Office,53706 Schinner Villages,5382857612,12302025100012594,Success,
14007,Office,19032 Cruickshank Centers,6968352918,12302025100012594,Success,
1667,Office,99866 Park Place,1610306351,12302025100012594,Success,
14007,Office,55609 Grant Street,1610506252,12302025100012594,Success,
1667,Office,3550 Danika Forge,2049949326,12302025100012594,Success,
14007,Office,983 Littel Bridge,6154420857,12302025100012594,Success,
1667,Office,2698 Meda Flat,5229723382,12302025100012594,Success,
14007,Office,12710 The Willows,2104294844,12302025100012594,Success,
1667,Office,122 Martina Ways,1685948950,12302025100012594,Success,
14007,Office,532 Pagac Forge,3186024208,12302025100012594,Success,
1667,Office,58899 Abraham Bridge,6979359434,12302025100012594,Success,
14007,Office,311 Reva Crescent,9249475460,12302025100012594,Success,
1667,Office,883 Hazel Grove,1673101706,12302025100012594,Success,
14007,Office,20920 E Park Avenue,6139619772,12302025100012594,Success,
1667,Office,474 Heaney Stravenue,2231901678,12302025100012594,Success,
14007,Office,2861 Torp Course,3479460853,12302025100012594,Success,
1667,Office,26988 Elvie Courts,4997377081,12302025100012594,Success,
14007,Office,536 Hermann Mews,6719241186,12302025100012594,Success,
1667,Office,9297 Abshire Parkway,7545571345,12302025100012594,Success,
14007,Office,2952 Kuhlman Plains,7856385347,12302025100012594,Success,
1667,Office,926 Walnut Street,9022584541,12302025100012594,Success,
14007,Office,430 Towne Coves,5643759448,12302025100012594,Success,
1667,Office,571 School Street,2745591188,12302025100012594,Success,
14007,Office,8134 Delta Orchard,5374026712,12302025100012594,Success,
1667,Office,75747 Caleb Drive,5336459738,12302025100012594,Success,
14007,Office,37627 Major Cape,2864392171,12302025100012594,Success,
1667,Office,53187 The Ridgeway,7611006526,12302025100012594,Success,
14007,Office,21009 Vicenta Views,5258518111,12302025100012594,Success,
1667,Office,32528 Rogahn Estates,3795005055,12302025100012594,Success,
14007,Office,65685 Prohaska Divide,3477011410,12302025100012594,Success,
1667,Office,869 Aufderhar Harbor,7467437424,12302025100012594,Success,
14007,Office,72368 Botsford Manors,5463930044,12302025100012594,Success,
1667,Office,8176 Chester Road,6204962590,12302025100012594,Success,
14007,Office,7922 Welch Lakes,2638160422,12302025100012594,Success,
1667,Office,56883 Floyd Viaduct,9364151631,12302025100012594,Success,
14007,Office,19208 Matilda Lock,5422371882,12302025100012594,Success,
1667,Office,6327 West Street,1795260510,12302025100012594,Success,
14007,Office,42661 Harrison Street,5131056958,12302025100012594,Success,
1667,Office,729 Collier Streets,4233446760,12302025100012594,Success,
14007,Office,1621 Heathcote Viaduct,8273751213,12302025100012594,Success,
1667,Office,13954 Albion Street,7056479151,12302025100012594,Success,
14007,Office,34744 Konopelski Pines,7694158357,12302025100012594,Success,
1667,Office,2280 School Close,9891104451,12302025100012594,Success,
14007,Office,50939 Park Drive,9436379182,12302025100012594,Success,
1667,Office,865 The Meadows,3422241594,12302025100012594,Success,
14007,Office,692 Dale Street,6795574230,12302025100012594,Success,
1667,Office,635 Raphael Lake,5000482605,12302025100012594,Success,
14007,Office,436 Ledner Hollow,2334176973,12302025100012594,Success,
1667,Office,78340 Rose Rue,3150904317,12302025100012594,Success,
14007,Office,37068 Angelina Field,6672660751,12302025100012594,Success,
1667,Office,19023 Bernardo Rue,1620283220,12302025100012594,Success,
14007,Office,223 Judd Place,8585756584,12302025100012594,Success,
1667,Office,613 Eldridge Summit,3163580140,12302025100012594,Success,
14007,Office,44322 Brendon Estate,3932377254,12302025100012594,Success,
1667,Office,89625 Elwyn Mill,5279817327,12302025100012594,Success,
14007,Office,55110 Zulauf Square,7082242165,12302025100012594,Success,
1667,Office,374 Raleigh Fall,1151726741,12302025100012594,Success,
14007,Office,34715 Toy Rest,8505250535,12302025100012594,Success,
1667,Office,983 Jubilee Close,2745497506,12302025100012594,Success,
14007,Office,1862 Wisoky Crest,3983124922,12302025100012594,Success,
1667,Office,3827 Northfield Road,2329387223,12302025100012594,Success,
14007,Office,358 Imani Stream,8562813762,12302025100012594,Success,
1667,Office,8471 River Dam,9363725477,12302025100012594,Success,
14007,Office,86650 Terry Forges,7266478456,12302025100012594,Success,
1667,Office,891 Fadel Branch,8726667269,12302025100012594,Success,
14007,Office,4812 Kozey Canyon,7705162921,12302025100012594,Success,
1667,Office,72509 Clarendon Road,9546260006,12302025100012594,Success,
14007,Office,862 Cremin Road,5404437273,12302025100012594,Success,
1667,Office,74972 Elliott Hills,6585590433,12302025100012594,Success,
14007,Office,62657 Chester Road,6718817504,12302025100012594,Success,
1667,Office,43903 Eloy Expressway,4771850802,12302025100012594,Success,
14007,Office,12380 Garrett Crescent,1913960099,12302025100012594,Success,
1667,Office,9081 State Line Road,4452072929,12302025100012594,Success,
14007,Office,4198 The Crescent,9917387351,12302025100012594,Success,
1667,Office,9747 Destinee Point,4082273441,12302025100012594,Success,
14007,Office,2350 William Street,7656170053,12302025100012594,Success,
1667,Office,575 S Grand Avenue,8975945622,12302025100012594,Success,
14007,Office,18892 Bartell River,1475026826,12302025100012594,Success,
1667,Office,287 Kaya Causeway,1805772594,12302025100012594,Success,
14007,Office,441 Dietrich Knoll,8468741797,12302025100012594,Success,
1667,Office,5805 Rollin Creek,5234296430,12302025100012594,Success,
14007,Office,9666 Breitenberg Lights,9273470121,12302025100012594,Success,
1667,Office,64421 E 10th Street,4976533128,12302025100012594,Success,
14007,Office,35207 Wunsch Wall,1352160048,12302025100012594,Success,
1667,Office,1428 Chapel Road,4972323345,12302025100012594,Success,
14007,Office,350 Ward River,1972200175,12302025100012594,Success,
1667,Office,36608 Deon Extensions,5483384165,12302025100012594,Success,
14007,Office,2812 Berry Mount,9938208663,12302025100012594,Success,
1667,Office,10986 The Rise,1625671996,12302025100012594,Success,
14007,Office,8015 Brakus Crest,2843576584,12302025100012594,Success,
1667,Office,4068 Oberbrunner Skyway,1257721430,12302025100012594,Success,
14007,Office,602 Runolfsson Canyon,1807852788,12302025100012594,Success,
1667,Office,1365 Birch Grove,9964779876,12302025100012594,Success,
14007,Office,379 Bernhard Squares,8147194412,12302025100012594,Success,
1667,Office,37427 Thelma Turnpike,7157773028,12302025100012594,Success,
14007,Office,589 3rd Street,3423760262,12302025100012594,Success,
1667,Office,690 Abbey Road,7644018466,12302025100012594,Success,
14007,Office,1485 E Washington Street,5788814444,12302025100012594,Success,
1667,Office,6708 Schmitt Glen,6243810382,12302025100012594,Success,
14007,Office,76821 Mitchell Pine,4986135835,12302025100012594,Success,
1667,Office,273 South Drive,5230376435,12302025100012594,Success,
14007,Office,28073 Marquise Spurs,8916114486,12302025100012594,Success,
1667,Office,7427 Cristobal Forge,3003876177,12302025100012594,Success,
14007,Office,61531 Ike Pines,4421932306,12302025100012594,Success,
1667,Office,9220 Gerhold Forest,1798150954,12302025100012594,Success,
14007,Office,11139 Brekke Terrace,2166499603,12302025100012594,Success,
1667,Office,124 Commercial Street,4024608938,12302025100012594,Success,
14007,Office,13043 Breitenberg Rest,1728785313,12302025100012594,Success,
1667,Office,368 Stanley Street,8083546830,12302025100012594,Success,
14007,Office,30865 Trevor Way,6040831296,12302025100012594,Success,
1667,Office,5905 S Union Street,5995327777,12302025100012594,Success,
14007,Office,7888 Reilly Place,6870860572,12302025100012594,Success,
1667,Office,25173 Champlin Plaza,3752642381,12302025100012594,Success,
14007,Office,34497 Schuster Greens,2239000399,12302025100012594,Success,
1667,Office,2233 Collier Manor,3604362552,12302025100012594,Success,
14007,Office,39674 Zaria Wells,8988585479,12302025100012594,Success,
1667,Office,674 Zetta Spring,9695168217,12302025100012594,Success,
14007,Office,59683 Nels Roads,9702433402,12302025100012594,Success,
1667,Office,97096 Arjun Lodge,1601409285,12302025100012594,Success,
14007,Office,4978 Bay Street,5932295430,12302025100012594,Success,
1667,Office,77694 S Broadway Street,6820804195,12302025100012594,Success,
14007,Office,32778 Adrien Summit,9447236911,12302025100012594,Success,
1667,Office,406 MacGyver Villages,3064650546,12302025100012594,Success,
14007,Office,65251 Princess Street,2490663964,12302025100012594,Success,
1667,Office,8963 8th Avenue,5877796055,12302025100012594,Success,
14007,Office,5703 Lincoln Avenue,2185693123,12302025100012594,Success,
1667,Office,1865 Scot Parks,2529358080,12302025100012594,Success,
14007,Office,195 Marguerite Glens,8459052865,12302025100012594,Success,
1667,Office,21178 Gilberto Parkway,5077304142,12302025100012594,Success,
14007,Office,23580 Spencer Roads,1773236731,12302025100012594,Success,
1667,Office,292 Trey Alley,6939219055,12302025100012594,Success,
14007,Office,511 N 5th Street,1065393690,12302025100012594,Success,
1667,Office,2109 Garden Close,1909213684,12302025100012594,Success,
14007,Office,92490 E 12th Street,5530807008,12302025100012594,Success,
1667,Office,88041 Wiegand Meadow,8766482985,12302025100012594,Success,
14007,Office,3262 Mill Close,2044528438,12302025100012594,Success,
1667,Office,9080 Wilderman Meadow,3921952982,12302025100012594,Success,
14007,Office,56024 Bogisich Parkways,5308135103,12302025100012594,Success,
1667,Office,57508 Lura Land,8830951221,12302025100012594,Success,
14007,Office,4474 Flossie Cape,7837336809,12302025100012594,Success,
1667,Office,8365 6th Street,2338791162,12302025100012594,Success,
14007,Office,971 Birch Grove,1418297001,12302025100012594,Success,
1667,Office,974 Gregoria Bridge,3748138441,12302025100012594,Success,
14007,Office,1301 Edmond Skyway,1854074765,12302025100012594,Success,
1667,Office,380 Margot Canyon,8574997706,12302025100012594,Success,
14007,Office,382 Alf Trail,4311241742,12302025100012594,Success,
1667,Office,305 Vance Shoals,8779914446,12302025100012594,Success,
14007,Office,4013 Javon Center,4431031904,12302025100012594,Success,
1667,Office,2503 Main Street S,3123798217,12302025100012594,Success,
14007,Office,1849 Low Road,4869710268,12302025100012594,Success,
1667,Office,526 Ashly Landing,1490975176,12302025100012594,Success,
14007,Office,99890 Norberto Centers,2194610779,12302025100012594,Success,
1667,Office,32332 Casper Mountains,6768126050,12302025100012594,Success,
14007,Office,34642 Ebert Pike,4877701409,12302025100012594,Success,
1667,Office,855 Blind Lane,5376907382,12302025100012594,Success,
14007,Office,97443 Oak Avenue,3242919723,12302025100012594,Success,
1667,Office,9893 Littel Stream,2748523263,12302025100012594,Success,
14007,Office,4230 Warren Close,8548326975,12302025100012594,Success,
1667,Office,861 Hilpert Drive,1110625299,12302025100012594,Success,
14007,Office,25832 Jovany Haven,5018764367,12302025100012594,Success,
1667,Office,986 Sipes Extensions,8058802727,12302025100012594,Success,
14007,Office,975 Kaylee Causeway,2888261266,12302025100012594,Success,
1667,Office,4031 Rosenbaum Harbors,7013788827,12302025100012594,Success,
14007,Office,7588 N Franklin Street,1671071258,12302025100012594,Success,
1667,Office,299 Rhett Manor,2423241184,12302025100012594,Success,
14007,Office,80661 Church Road,7730746402,12302025100012594,Success,
1667,Office,11951 Gladys River,6197138328,12302025100012594,Success,
14007,Office,54654 Warren Close,3674256715,12302025100012594,Success,
1667,Office,8301 W Market Street,5097767549,12302025100012594,Success,
14007,Office,5055 Clarabelle Club,4218746175,12302025100012594,Success,
1667,Office,23878 Maggie Plain,9419742565,12302025100012594,Success,
14007,Office,283 Katlyn Trace,2958269678,12302025100012594,Success,
1667,Office,676 Julian Mount,3769737743,12302025100012594,Success,
14007,Office,800 Larkin Bypass,3244692618,12302025100012594,Success,
1667,Office,6280 Woodside Road,3537495228,12302025100012594,Success,
14007,Office,60340 Hester Views,3320046115,12302025100012594,Success,
1667,Office,249 Littel Passage,9198905401,12302025100012594,Success,
14007,Office,473 E Union Street,9025398582,12302025100012594,Success,
1667,Office,9463 Derwent Close,2272748652,12302025100012594,Success,
14007,Office,45536 Weber Trace,6470943337,12302025100012594,Success,
1667,Office,5098 Douglas Road,3022271096,12302025100012594,Success,
14007,Office,510 Brekke Overpass,1012830620,12302025100012594,Success,
1667,Office,2905 Ernser Meadows,4654284327,12302025100012594,Success,
14007,Office,41725 Cherry Close,5287035978,12302025100012594,Success,
1667,Office,1566 S Railroad Street,6565059206,12302025100012594,Success,
14007,Office,6333 Janessa Common,7781822952,12302025100012594,Success,
1667,Office,5158 Celine Brook,9579005887,12302025100012594,Success,
14007,Office,7930 Veum Skyway,5588536559,12302025100012594,Success,
1667,Office,227 McLaughlin Fort,1794121319,12302025100012594,Success,
14007,Office,2322 E Bridge Street,5093263165,12302025100012594,Success,
1667,Office,76971 W Grand Avenue,3821679223,12302025100012594,Success,
14007,Office,62060 Schumm Prairie,5091460693,12302025100012594,Success,
1667,Office,134 Davon Creek,4857165693,12302025100012594,Success,
14007,Office,4312 Trystan Divide,5728233384,12302025100012594,Success,
1667,Office,80087 Windsor Close,2630591922,12302025100012594,Success,
14007,Office,436 Commercial Road,9788477472,12302025100012594,Success,
1667,Office,65972 Britney Branch,7547210195,12302025100012594,Success,
14007,Office,66832 Gordon Street,4784218154,12302025100012594,Success,
1667,Office,23182 Alanna Walks,5465140958,12302025100012594,Success,
14007,Office,1673 Rasheed Port,6883190235,12302025100012594,Success,
1667,Office,964 Julio Brooks,7835584355,12302025100012594,Success,
14007,Office,7205 Eli Mount,9886728378,12302025100012594,Success,
1667,Office,58573 Collier Square,5363673100,12302025100012594,Success,
14007,Office,30523 S Broad Street,6923197047,12302025100012594,Success,
1667,Office,63427 Romaine Viaduct,3540995453,12302025100012594,Success,
14007,Office,8096 Judy Drives,8857731633,12302025100012594,Success,
1667,Office,1701 Maddison Dam,7815724738,12302025100012594,Success,
14007,Office,4258 Owen Landing,3463363485,12302025100012594,Success,
1667,Office,41209 Heidenreich Ford,3187180794,12302025100012594,Success,
14007,Office,1931 Parkside,4424862420,12302025100012594,Success,
1667,Office,218 7th Street,8936865300,12302025100012594,Success,
14007,Office,33891 Cole Valley,3566212413,12302025100012594,Success,
1667,Office,562 Littel Cliffs,1649300190,12302025100012594,Success,
14007,Office,3986 Karen Wall,2615592437,12302025100012594,Success,
1667,Office,2811 Jenkins Court,6505824242,12302025100012594,Success,
14007,Office,8100 N Water Street,1000819396,12302025100012594,Success,
1667,Office,174 Bauch Pike,8897427248,12302025100012594,Success,
14007,Office,64897 Martin Luther King Boulevard,4890356095,12302025100012594,Success,
1667,Office,20482 Matilde Parkways,6246078006,12302025100012594,Success,
14007,Office,43359 Bode Gardens,5028750080,12302025100012594,Success,
1667,Office,31984 Dorian Well,2227525540,12302025100012594,Success,
14007,Office,15693 Murazik Ways,9170803780,12302025100012594,Success,
1667,Office,17362 Hildegard Union,8609683158,12302025100012594,Success,
14007,Office,150 Effertz Estates,7174486385,12302025100012594,Success,
1667,Office,3548 Terry Club,8618591008,12302025100012594,Success,
14007,Office,989 Gennaro Pike,3901326419,12302025100012594,Success,
1667,Office,41774 Roberto Place,6436688249,12302025100012594,Success,
14007,Office,93002 Corwin Alley,6506519169,12302025100012594,Success,
1667,Office,13493 Rectory Close,8111052229,12302025100012594,Success,
14007,Office,44670 Soledad Loaf,9397844128,12302025100012594,Success,
1667,Office,55148 Borer Place,1415468331,12302025100012594,Success,
14007,Office,357 15th Street,9492065514,12302025100012594,Success,
1667,Office,38419 Nyah Track,8431497724,12302025100012594,Success,
14007,Office,823 Emerald Road,8817092704,12302025100012594,Success,
1667,Office,222 Lucious Underpass,2068410162,12302025100012594,Success,
14007,Office,1253 Alayna Shoal,2443106472,12302025100012594,Success,
1667,Office,70180 Woodland Road,5672590666,12302025100012594,Success,
14007,Office,9622 Jazlyn Wall,4299088440,12302025100012594,Success,
1667,Office,70192 Wintheiser Fork,7379154012,12302025100012594,Success,
14007,Office,29803 Dell Canyon,7554474836,12302025100012594,Success,
1667,Office,22185 Franklin Avenue,5008617101,12302025100012594,Success,
14007,Office,29958 Lowe Ridges,1579097005,12302025100012594,Success,
1667,Office,430 Johnson Street,2224034996,12302025100012594,Success,
14007,Office,2097 W 9th Street,2154091673,12302025100012594,Success,
1667,Office,83267 Ortiz Crossroad,6559552400,12302025100012594,Success,
14007,Office,491 N Market Street,3187395004,12302025100012594,Success,
1667,Office,285 Tremblay Brook,3067641411,12302025100012594,Success,
14007,Office,3057 Cathryn Corner,2115090743,12302025100012594,Success,
1667,Office,175 Maximo Shores,6103848305,12302025100012594,Success,
14007,Office,407 N Lincoln Street,6069976020,12302025100012594,Success,
1667,Office,88800 Waelchi Ferry,9043647738,12302025100012594,Success,
14007,Office,623 Hermann Curve,1380956708,12302025100012594,Success,
1667,Office,56735 Marsh Lane,3591598269,12302025100012594,Success,
14007,Office,42738 Jermain Bypass,8987379142,12302025100012594,Success,
1667,Office,1372 Wilderman Estates,6714220290,12302025100012594,Success,
14007,Office,9765 Lodge Lane,1180570647,12302025100012594,Success,
1667,Office,534 Celestine Corners,2118795362,12302025100012594,Success,
14007,Office,7768 Marjolaine Highway,2170814048,12302025100012594,Success,
1667,Office,3614 Smith Street,2999082049,12302025100012594,Success,
14007,Office,59970 N Pine Street,6398144200,12302025100012594,Success,
1667,Office,9040 Cemetery Road,1042490387,12302025100012594,Success,
14007,Office,4567 Wunsch Green,7914381667,12302025100012594,Success,
1667,Office,53042 Bahringer Road,1229333533,12302025100012594,Success,
14007,Office,5724 Mariane Center,3023899338,12302025100012594,Success,
1667,Office,6795 Kody Oval,1494872700,12302025100012594,Success,
14007,Office,104 Nicolas Vista,5893423897,12302025100012594,Success,
1667,Office,1817 Laila Ford,1894705941,12302025100012594,Success,
14007,Office,275 Irwin Court,8485360397,12302025100012594,Success,
1667,Office,5694 Park View,3126076789,12302025100012594,Success,
14007,Office,96872 Station Road,6266459146,12302025100012594,Success,
1667,Office,9182 Thompson Cape,6456637699,12302025100012594,Success,
14007,Office,968 E Union Street,2605184491,12302025100012594,Success,
1667,Office,28676 Jefferson Avenue,5877996525,12302025100012594,Success,
14007,Office,1674 Rowe Union,6385473002,12302025100012594,Success,
1667,Office,9126 Cremin Isle,2309430507,12302025100012594,Success,
14007,Office,3289 Armstrong Curve,8623040882,12302025100012594,Success,
1667,Office,9971 Hipolito Ford,1514393228,12302025100012594,Success,
14007,Office,51505 Mayert Fields,2424165712,12302025100012594,Success,
1667,Office,624 Baker Street,9920350104,12302025100012594,Success,
14007,Office,2459 Sanford Circles,3971410976,12302025100012594,Success,
1667,Office,59151 Clark Point,4572795635,12302025100012594,Success,
14007,Office,6441 Joanie Corners,8830828381,12302025100012594,Success,
1667,Office,9143 Ibrahim Parks,1130270511,12302025100012594,Success,
14007,Office,436 Wolff Heights,2710886418,12302025100012594,Success,
1667,Office,12439 Glebe Close,7256284111,12302025100012594,Success,
14007,Office,890 Jacobi Garden,6459652374,12302025100012594,Success,
1667,Office,75240 S Division Street,3354934618,12302025100012594,Success,
14007,Office,8467 Herzog Spring,6327059353,12302025100012594,Success,
1667,Office,667 Bridge Road,9768018064,12302025100012594,Success,
14007,Office,77018 Marian Loop,2924360241,12302025100012594,Success,
1667,Office,25534 Mayert Lane,4997473842,12302025100012594,Success,
14007,Office,866 13th Street,1824320912,12302025100012594,Success,
1667,Office,2806 Collins Mountain,4610396422,12302025100012594,Success,
14007,Office,1306 Jesus Meadows,4100936753,12302025100012594,Success,
1667,Office,83589 Kulas Tunnel,5069035528,12302025100012594,Success,
14007,Office,1066 Samanta Shoal,1288481074,12302025100012594,Success,
1667,Office,31265 Percival Cove,9303557839,12302025100012594,Success,
14007,Office,63699 Lawrence Street,7647274030,12302025100012594,Success,
1667,Office,1025 Moen Divide,6766376184,12302025100012594,Success,
14007,Office,177 Memorial Drive,5194619011,12302025100012594,Success,
1667,Office,1099 McDermott Locks,5105073782,12302025100012594,Success,
14007,Office,2787 Jacobs Falls,6549350828,12302025100012594,Success,
1667,Office,497 N Water Street,8748003024,12302025100012594,Success,
14007,Office,8685 Highland Avenue,5010380851,12302025100012594,Success,
1667,Office,964 Bernhard Village,2168516979,12302025100012594,Success,
14007,Office,3840 Cordie Heights,9032476378,12302025100012594,Success,
1667,Office,43710 North Street,2254645852,12302025100012594,Success,
14007,Office,14436 Boyer Land,7040433429,12302025100012594,Success,
1667,Office,39481 Emard Ranch,7584527179,12302025100012594,Success,
14007,Office,99068 Walker Route,5079592439,12302025100012594,Success,
1667,Office,5269 The Copse,4467540875,12302025100012594,Success,
14007,Office,726 Broad Lane,2152943478,12302025100012594,Success,
1667,Office,24859 North Street,1772183335,12302025100012594,Success,
14007,Office,5909 Bernard Cliffs,7506954790,12302025100012594,Success,
1667,Office,506 North Lane,5263446720,12302025100012594,Success,
14007,Office,21267 Back Lane,2616853726,12302025100012594,Success,
1667,Office,561 W Jefferson Street,7942163602,12302025100012594,Success,
14007,Office,8965 Addison Hills,2811790082,12302025100012594,Success,
1667,Office,54043 Mill Street,5514890200,12302025100012594,Success,
14007,Office,8735 Lenora Skyway,3248680931,12302025100012594,Success,
1667,Office,9395 Rogahn Stravenue,7804560965,12302025100012594,Success,
14007,Office,1527 Marshall Pass,5527348372,12302025100012594,Success,
1667,Office,3464 Windsor Close,5794394254,12302025100012594,Success,
14007,Office,91470 Eldridge Overpass,2980432069,12302025100012594,Success,
1667,Office,1348 Elouise Walks,3756786225,12302025100012594,Success,
14007,Office,166 Keebler Row,2480678321,12302025100012594,Success,
1667,Office,25408 Chesley Lodge,2998209425,12302025100012594,Success,
14007,Office,7558 Gutkowski Crest,8031479531,12302025100012594,Success,
1667,Office,97779 Parisian Circle,1975869843,12302025100012594,Success,
14007,Office,31468 Hyatt Circle,1901614766,12302025100012594,Success,
1667,Office,41746 Madison Street,3332649556,12302025100012594,Success,
14007,Office,11633 Lincoln Road,9282041703,12302025100012594,Success,
1667,Office,661 Terry Estate,1922356038,12302025100012594,Success,
14007,Office,22241 Henry Street,8376949221,12302025100012594,Success,
1667,Office,19590 Hattie Crossing,4336860967,12302025100012594,Success,
14007,Office,5557 E 8th Street,2266935616,12302025100012594,Success,
1667,Office,40380 University Drive,1503107904,12302025100012594,Success,
14007,Office,350 Toby Mount,8051753580,12302025100012594,Success,
1667,Office,95895 Carroll Trafficway,5556689167,12302025100012594,Success,
14007,Office,1773 Lang Landing,1349892664,12302025100012594,Success,
1667,Office,524 Elliott View,7405629864,12302025100012594,Success,
14007,Office,23668 Chestnut Close,1621505087,12302025100012594,Success,
1667,Office,46494 Fritz Glen,1060521763,12302025100012594,Success,
14007,Office,155 The Meadows,5249192568,12302025100012594,Success,
1667,Office,8522 Dangelo Neck,1382460450,12302025100012594,Success,
14007,Office,53238 Silver Street,5794443518,12302025100012594,Success,
1667,Office,54817 Stehr Camp,6152732603,12302025100012594,Success,
14007,Office,996 Ross Course,5964481657,12302025100012594,Success,
1667,Office,5642 Dicki Fields,3114743073,12302025100012594,Success,
14007,Office,306 St Andrews Close,1433322978,12302025100012594,Success,
1667,Office,89047 Yost Parkways,5184898193,12302025100012594,Success,
14007,Office,55769 S 6th Street,7747887891,12302025100012594,Success,
1667,Office,808 Garden Close,4310795217,12302025100012594,Success,
14007,Office,651 Johnson Street,1615044651,12302025100012594,Success,
1667,Office,864 Karelle Mission,5903381040,12302025100012594,Success,
14007,Office,5696 Blick Pine,6448278139,12302025100012594,Success,
1667,Office,206 Cartwright Light,5296073624,12302025100012594,Success,
14007,Office,3288 Rodriguez Mews,3169055680,12302025100012594,Success,
1667,Office,48093 Leuschke Lights,5776589641,12302025100012594,Success,
14007,Office,2376 Christy Fall,2677621534,12302025100012594,Success,
1667,Office,62520 E Central Avenue,1877264341,12302025100012594,Success,
14007,Office,6223 Olen Fork,6612950962,12302025100012594,Success,
1667,Office,73136 Stark Mount,5430772221,12302025100012594,Success,
14007,Office,8559 Water Street,7719933227,12302025100012594,Success,
1667,Office,4103 Cherry Tree Close,3923594047,12302025100012594,Success,
14007,Office,2427 Rath Port,1572387561,12302025100012594,Success,
1667,Office,1158 Cummings Turnpike,8570991874,12302025100012594,Success,
14007,Office,995 Maddison Plaza,7354108597,12302025100012594,Success,
1667,Office,6292 Gerald Underpass,8495992636,12302025100012594,Success,
14007,Office,3241 Morar Circles,8249264728,12302025100012594,Success,
1667,Office,96993 Franklin Road,9729420809,12302025100012594,Success,
14007,Office,7136 Martin Luther King Drive,2213256338,12302025100012594,Success,
1667,Office,499 W 8th Street,8735496021,12302025100012594,Success,
14007,Office,362 W Lake Street,4535085353,12302025100012594,Success,
1667,Office,16518 N Park Street,8569935102,12302025100012594,Success,
14007,Office,42688 Little Branch,3155787787,12302025100012594,Success,
1667,Office,19360 Grand Avenue,2579511473,12302025100012594,Success,
14007,Office,3766 Hessel Rapids,7754937340,12302025100012594,Success,
1667,Office,43087 Itzel Spur,3678657029,12302025100012594,Success,
14007,Office,91490 Madison Court,2105157866,12302025100012594,Success,
1667,Office,91248 Ethyl Trail,6756012544,12302025100012594,Success,
14007,Office,48990 Ronaldo Club,8413165250,12302025100012594,Success,
1667,Office,443 Franklin Avenue,1327245106,12302025100012594,Success,
14007,Office,83563 Grove Lane,6160250616,12302025100012594,Success,
1667,Office,28605 Jast Crossing,1212645629,12302025100012594,Success,
14007,Office,30981 Aylin Locks,7666292634,12302025100012594,Success,
1667,Office,576 Vernie Manors,8481811146,12302025100012594,Success,
14007,Office,5831 Laurel Close,1207481665,12302025100012594,Success,
1667,Office,19329 Moor Lane,1580770925,12302025100012594,Success,
14007,Office,5271 Cronin Throughway,3042255997,12302025100012594,Success,
1667,Office,21293 Jakubowski Lights,4053558219,12302025100012594,Success,
14007,Office,575 Simonis Forest,7740768488,12302025100012594,Success,
1667,Office,3709 Conn Light,9898010181,12302025100012594,Success,
14007,Office,197 Hessel Summit,3938713480,12302025100012594,Success,
1667,Office,2110 Jewel Mall,1025258852,12302025100012594,Success,
14007,Office,5067 Marty Flat,3093831478,12302025100012594,Success,
1667,Office,60994 Keegan Lake,2922263053,12302025100012594,Success,
14007,Office,923 Quigley Stream,2797253521,12302025100012594,Success,
1667,Office,7498 Mohr Circle,5273202570,12302025100012594,Success,
14007,Office,18190 Nienow Parks,8348831419,12302025100012594,Success,
1667,Office,350 Wallace Overpass,2321303570,12302025100012594,Success,
14007,Office,93986 Aryanna Run,4074292774,12302025100012594,Success,
1667,Office,952 Alvina Villages,9925800461,12302025100012594,Success,
14007,Office,290 Elody Prairie,8056243816,12302025100012594,Success,
1667,Office,9635 Josefina Brooks,8447419792,12302025100012594,Success,
14007,Office,642 E Broadway,1365366764,12302025100012594,Success,
1667,Office,702 Franz Shoals,3560496136,12302025100012594,Success,
14007,Office,2675 Larkin Cape,2102844999,12302025100012594,Success,
1667,Office,5778 Danyka Ridge,1532524674,12302025100012594,Success,
14007,Office,527 New Lane,3536430670,12302025100012594,Success,
1667,Office,87099 E Pine Street,1316061694,12302025100012594,Success,
14007,Office,1110 S 6th Street,4595874278,12302025100012594,Success,
1667,Office,663 Douglas Rapid,1919136098,12302025100012594,Success,
14007,Office,66591 Nitzsche Pass,5521088479,12302025100012594,Success,
1667,Office,39226 Salma Green,3068063498,12302025100012594,Success,
14007,Office,181 Mayer Wall,8298293259,12302025100012594,Success,
1667,Office,53672 Harrison Avenue,6719245528,12302025100012594,Success,
14007,Office,5527 Durward Green,1580112303,12302025100012594,Success,
1667,Office,644 W Washington Street,5445034671,12302025100012594,Success,
14007,Office,259 Burley Alley,1839612735,12302025100012594,Success,
1667,Office,579 Isaiah Highway,4194449781,12302025100012594,Success,
14007,Office,94094 Ignatius Streets,8804026840,12302025100012594,Success,
1667,Office,3921 Ledner Knoll,8392638801,12302025100012594,Success,
14007,Office,226 Holden Rapid,9645712636,12302025100012594,Success,
1667,Office,579 Skiles Unions,1686273361,12302025100012594,Success,
14007,Office,382 Brielle Harbor,7427292716,12302025100012594,Success,
1667,Office,5444 Vance Row,3277358984,12302025100012594,Success,
14007,Office,482 Doris Ridge,8803264454,12302025100012594,Success,
1667,Office,88601 Harvey Drives,5754957793,12302025100012594,Success,
14007,Office,19345 Odie Bypass,5967540312,12302025100012594,Success,
1667,Office,948 Barrows Underpass,6747530638,12302025100012594,Success,
14007,Office,4419 Kling Canyon,8776485652,12302025100012594,Success,
1667,Office,573 Nyah Street,1584796238,12302025100012594,Success,
14007,Office,94971 Rosendo River,9586551217,12302025100012594,Success,
1667,Office,460 Bins Glens,5326777486,12302025100012594,Success,
14007,Office,1423 Gerlach Rest,4409502138,12302025100012594,Success,
1667,Office,43051 E Bridge Street,8613451140,12302025100012594,Success,
14007,Office,41292 Ratke Forge,4122910048,12302025100012594,Success,
1667,Office,935 Oak Avenue,6918791934,12302025100012594,Success,
14007,Office,212 Gwendolyn Run,5728997176,12302025100012594,Success,
1667,Office,77991 Shaylee Center,4972919555,12302025100012594,Success,
14007,Office,4917 Satterfield Forge,5429511516,12302025100012594,Success,
1667,Office,981 Wilkinson Mountain,3640758572,12302025100012594,Success,
14007,Office,890 Julien Viaduct,9183508359,12302025100012594,Success,
1667,Office,94704 Park View,3057259316,12302025100012594,Success,
14007,Office,28160 Aletha Avenue,1952947613,12302025100012594,Success,
1667,Office,27388 Naomie Springs,9109152848,12302025100012594,Success,
14007,Office,83030 Schultz Dam,5024193485,12302025100012594,Success,
1667,Office,813 Lexi Prairie,1855650519,12302025100012594,Success,
14007,Office,4018 Reilly Light,9389439765,12302025100012594,Success,
1667,Office,7644 Fourth Avenue,5319403071,12302025100012594,Success,
14007,Office,974 Beech Drive,9988176256,12302025100012594,Success,
1667,Office,29879 Fourth Avenue,9669302906,12302025100012594,Success,
14007,Office,49716 Crescent Road,9562889758,12302025100012594,Success,
1667,Office,1380 Gayle Ford,1822054741,12302025100012594,Success,
14007,Office,55852 Suzanne Inlet,9189843900,12302025100012594,Success,
1667,Office,124 Canal Street,9847961265,12302025100012594,Success,
14007,Office,7264 Walker Rue,4351121733,12302025100012594,Success,
1667,Office,353 Isabell Knolls,3558092912,12302025100012594,Success,
14007,Office,42060 Hill Road,3844606213,12302025100012594,Success,
1667,Office,3541 Coronation Road,1455615926,12302025100012594,Success,
14007,Office,4534 Gwen Radial,2829625310,12302025100012594,Success,
1667,Office,4483 Margarita Crest,6644518007,12302025100012594,Success,
14007,Office,26609 Mount Pleasant,5079942650,12302025100012594,Success,
1667,Office,430 Blind Lane,4419615944,12302025100012594,Success,
14007,Office,8988 Ash Road,1838371934,12302025100012594,Success,
1667,Office,98362 Marlin Place,4335188250,12302025100012594,Success,
14007,Office,3054 Eusebio Fall,4840402067,12302025100012594,Success,
1667,Office,808 Josianne Well,8470268457,12302025100012594,Success,
14007,Office,38813 E 4th Street,1085218403,12302025100012594,Success,
1667,Office,915 Rectory Close,6209381255,12302025100012594,Success,
14007,Office,11910 Laburnum Grove,2860416186,12302025100012594,Success,
1667,Office,43787 Sporer Orchard,4269344389,12302025100012594,Success,
14007,Office,7591 Howard Fall,1482029285,12302025100012594,Success,
1667,Office,9438 Nicolas Radial,5190579066,12302025100012594,Success,
14007,Office,7861 Farrell Hills,7862665477,12302025100012594,Success,
1667,Office,749 Dashawn Bypass,1958549744,12302025100012594,Success,
14007,Office,6408 Maxime Ways,5658095260,12302025100012594,Success,
1667,Office,672 Harrison Street,5022745408,12302025100012594,Success,
14007,Office,98664 Levi Walk,9691844770,12302025100012594,Success,
1667,Office,46794 W South Street,9594991332,12302025100012594,Success,
14007,Office,168 Polly Mews,3284891074,12302025100012594,Success,
1667,Office,2773 W Oak Street,6748733571,12302025100012594,Success,
14007,Office,13564 Klein Rapids,9089856358,12302025100012594,Success,
1667,Office,252 Pinfold Lane,1025643385,12302025100012594,Success,
14007,Office,7342 Kemmer Rapids,5857910355,12302025100012594,Success,
1667,Office,5312 E Church Street,3854987645,12302025100012594,Success,
14007,Office,6443 Orn Lights,9343965089,12302025100012594,Success,
1667,Office,6920 Bridge Street,9405736166,12302025100012594,Success,
14007,Office,8315 Laburnum Grove,6309824271,12302025100012594,Success,
1667,Office,3503 Bernie Brook,4035251435,12302025100012594,Success,
14007,Office,280 Cummerata Ways,7857332375,12302025100012594,Success,
1667,Office,5379 Bedford Road,3010269838,12302025100012594,Success,
14007,Office,59013 Fannie Walk,2929820320,12302025100012594,Success,
1667,Office,8396 East Street,4101101780,12302025100012594,Success,
14007,Office,6090 Noelia Dam,7616174730,12302025100012594,Success,
1667,Office,853 Balmoral Road,5268847298,12302025100012594,Success,
14007,Office,98306 W 11th Street,2186372084,12302025100012594,Success,
1667,Office,13982 Wolff Parks,1191775167,12302025100012594,Success,
14007,Office,589 Scot Forks,6666742152,12302025100012594,Success,
1667,Office,823 Michele Pass,9282095413,12302025100012594,Success,
14007,Office,92226 Mertz Dam,9943084251,12302025100012594,Success,
1667,Office,298 Linwood Hill,4973932063,12302025100012594,Success,
14007,Office,92494 Barton Road,8240070388,12302025100012594,Success,
1667,Office,85755 Old State Road,1315819552,12302025100012594,Success,
14007,Office,18575 Kaya Road,7645979270,12302025100012594,Success,
1667,Office,516 Crawford Estates,3742639618,12302025100012594,Success,
14007,Office,51272 Stanton Drives,5888067003,12302025100012594,Success,
1667,Office,93280 Torphy Forge,4134783447,12302025100012594,Success,
14007,Office,40219 Melody Lane,9909965664,12302025100012594,Success,
1667,Office,18109 N Locust Street,2395979753,12302025100012594,Success,
14007,Office,538 Church Path,7808125419,12302025100012594,Success,
1667,Office,3080 Eulah Island,5764181762,12302025100012594,Success,
14007,Office,853 Swift Port,4071179217,12302025100012594,Success,
1667,Office,2715 Abigayle Landing,1601221460,12302025100012594,Success,
14007,Office,76935 Francisco Turnpike,5067661819,12302025100012594,Success,
1667,Office,77234 North Street,7530276396,12302025100012594,Success,
14007,Office,34554 Center Street,6619845560,12302025100012594,Success,
1667,Office,766 Cristopher Mountain,8195599833,12302025100012594,Success,
14007,Office,333 Douglas Road,3017987399,12302025100012594,Success,
1667,Office,453 Christiansen Greens,3488751594,12302025100012594,Success,
14007,Office,95316 Kathryne Mill,8252607035,12302025100012594,Success,
1667,Office,74049 Littel Stream,3818207134,12302025100012594,Success,
14007,Office,5358 N 2nd Street,6827912561,12302025100012594,Success,
1667,Office,1232 E Jefferson Street,2106408271,12302025100012594,Success,
14007,Office,716 Sycamore Avenue,7677098420,12302025100012594,Success,
1667,Office,9090 Forrest Plain,5316141301,12302025100012594,Success,
14007,Office,5723 Shania Forges,9168770335,12302025100012594,Success,
1667,Office,892 Tomas Causeway,4577996129,12302025100012594,Success,
14007,Office,7708 E Church Street,1119889727,12302025100012594,Success,
1667,Office,93290 Maurice Field,7573647883,12302025100012594,Success,
14007,Office,805 Schaefer Villages,5250011739,12302025100012594,Success,
1667,Office,381 Chestnut Drive,7468756298,12302025100012594,Success,
14007,Office,35897 Raphaelle Walks,8672844559,12302025100012594,Success,
1667,Office,8260 Broadway,5679655302,12302025100012594,Success,
14007,Office,8410 Hillside Road,3956137081,12302025100012594,Success,
1667,Office,35891 Gudrun Villages,9765850725,12302025100012594,Success,
14007,Office,891 Lela Stream,8957794267,12302025100012594,Success,
1667,Office,800 Houston Expressway,5994753163,12302025100012594,Success,
14007,Office,7700 Feeney Union,9449976068,12302025100012594,Success,
1667,Office,9004 Maiya Circles,7887511777,12302025100012594,Success,
14007,Office,37118 Crystal Ville,8261846436,12302025100012594,Success,
1667,Office,6164 Bell Lane,6981300681,12302025100012594,Success,
14007,Office,13168 Crist Neck,1147383017,12302025100012594,Success,
1667,Office,86986 14th Street,7001984327,12302025100012594,Success,
14007,Office,6883 DuBuque Prairie,4919265220,12302025100012594,Success,
1667,Office,991 Hillside Road,1920367827,12302025100012594,Success,
14007,Office,838 Dameon Estates,7487161514,12302025100012594,Success,
1667,Office,36071 Lamont Union,5757837896,12302025100012594,Success,
14007,Office,234 Grant Row,1106508442,12302025100012594,Success,
1667,Office,100 Lansdowne Road,8628582187,12302025100012594,Success,
14007,Office,17478 N Market Street,7619262083,12302025100012594,Success,
1667,Office,207 S Front Street,8607710370,12302025100012594,Success,
14007,Office,35065 Towne Ville,5746518393,12302025100012594,Success,
1667,Office,227 Vivian Neck,4127771352,12302025100012594,Success,
14007,Office,5997 Zemlak Meadows,1519322199,12302025100012594,Success,
1667,Office,7689 Feeney Garden,1995054061,12302025100012594,Success,
14007,Office,763 Vladimir Squares,3743338009,12302025100012594,Success,
1667,Office,1590 Lawrence Street,4764068681,12302025100012594,Success,
14007,Office,19110 Oceane Mountains,2680812343,12302025100012594,Success,
1667,Office,389 Botsford Burgs,3876401319,12302025100012594,Success,
14007,Office,97198 W 8th Street,9787616755,12302025100012594,Success,
1667,Office,7994 Candace Valleys,4156922087,12302025100012594,Success,
14007,Office,1701 14th Street,6072305461,12302025100012594,Success,
1667,Office,543 Wisozk Pike,4404670536,12302025100012594,Success,
14007,Office,60201 Lue Ferry,1532996592,12302025100012594,Success,
1667,Office,78104 Wisoky Ford,1660063747,12302025100012594,Success,
14007,Office,463 Jakayla Station,4492408143,12302025100012594,Success,
1667,Office,1954 Mae Turnpike,1952619203,12302025100012594,Success,
14007,Office,844 Schumm Wells,4902063552,12302025100012594,Success,
1667,Office,8037 Maryse Oval,3876334134,12302025100012594,Success,
14007,Office,851 Crona Corner,6855027212,12302025100012594,Success,
1667,Office,37949 Lehner Mount,6510374203,12302025100012594,Success,
14007,Office,851 Declan Ferry,1487633837,12302025100012594,Success,
1667,Office,8934 Waterside,3154199290,12302025100012594,Success,
14007,Office,22114 West Mall,5879133602,12302025100012594,Success,
1667,Office,50749 Oran Forest,4304474067,12302025100012594,Success,
14007,Office,96019 Davis Spring,2510108389,12302025100012594,Success,
1667,Office,355 Metz Fall,1873578202,12302025100012594,Success,
14007,Office,6487 Barrows Mills,5125525302,12302025100012594,Success,
1667,Office,6643 N Church Street,4114562403,12302025100012594,Success,
14007,Office,36315 Kelly Alley,3095669382,12302025100012594,Success,
1667,Office,39380 Alexanne Estates,9479144064,12302025100012594,Success,
14007,Office,65074 Lina Estate,7491485116,12302025100012594,Success,
1667,Office,41084 Ludwig Glen,3232275015,12302025100012594,Success,
14007,Office,48813 Ara Court,1602126891,12302025100012594,Success,
1667,Office,1239 Martin Luther King Boulevard,6423757385,12302025100012594,Success,
14007,Office,14204 Oak Road,2182457503,12302025100012594,Success,
1667,Office,8384 Earline Cape,9769976874,12302025100012594,Success,
14007,Office,6085 Hoyt Squares,7076063930,12302025100012594,Success,
1667,Office,55465 Dicki Branch,3261197775,12302025100012594,Success,
14007,Office,293 Arch Circle,3868151649,12302025100012594,Success,
1667,Office,592 Watery Lane,7853898506,12302025100012594,Success,
14007,Office,1430 Stanton Lake,8628818436,12302025100012594,Success,
1667,Office,375 Candace Junction,4616303413,12302025100012594,Success,
14007,Office,37820 Jaida Walks,6182569258,12302025100012594,Success,
1667,Office,297 Fiona Via,6511000351,12302025100012594,Success,
14007,Office,68903 Amani Spurs,7915967086,12302025100012594,Success,
1667,Office,2679 Rectory Close,9450950257,12302025100012594,Success,
14007,Office,717 Oran Trace,9180313601,12302025100012594,Success,
1667,Office,3727 E Washington Avenue,4472347901,12302025100012594,Success,
14007,Office,1821 Abby Freeway,3049462072,12302025100012594,Success,
1667,Office,3124 Shad Lane,1155627938,12302025100012594,Success,
14007,Office,2432 Leonora Run,5080460533,12302025100012594,Success,
1667,Office,4990 Abshire Spur,6605656670,12302025100012594,Success,
14007,Office,646 Lourdes Lodge,5372739808,12302025100012594,Success,
1667,Office,18494 Lonzo Valleys,4643140303,12302025100012594,Success,
14007,Office,40257 The Drive,5338155753,12302025100012594,Success,
1667,Office,839 Fourth Avenue,1632395403,12302025100012594,Success,
14007,Office,64349 Boyer Well,4577633525,12302025100012594,Success,
1667,Office,435 Juwan Cove,5042841493,12302025100012594,Success,
14007,Office,70627 E Park Avenue,5573563887,12302025100012594,Success,
1667,Office,4411 Oak Street,2754616653,12302025100012594,Success,
14007,Office,8571 Kale Cove,4717918955,12302025100012594,Success,
1667,Office,7846 Davis Street,5313473951,12302025100012594,Success,
14007,Office,56951 Zora Rue,1107263425,12302025100012594,Success,
1667,Office,952 Carter Greens,9750066660,12302025100012594,Success,
14007,Office,5652 Halle Ridges,6276659450,12302025100012594,Success,
1667,Office,6773 Pfeffer Drives,9003503034,12302025100012594,Success,
14007,Office,21128 Grange Avenue,3163721132,12302025100012594,Success,
1667,Office,853 Eunice Spring,9363906516,12302025100012594,Success,
14007,Office,294 Neha Skyway,3289346257,12302025100012594,Success,
1667,Office,15018 Korbin Turnpike,2762997575,12302025100012594,Success,
14007,Office,46507 Zander Spurs,5372569286,12302025100012594,Success,
1667,Office,2801 Larue Drive,4830028476,12302025100012594,Success,
14007,Office,76355 Johnston Estate,6489170868,12302025100012594,Success,
1667,Office,672 Bode Gateway,6550588526,12302025100012594,Success,
14007,Office,976 Aracely Valley,3142271880,12302025100012594,Success,
1667,Office,9537 Gavin Shores,8280554606,12302025100012594,Success,
14007,Office,7155 Dwight Park,4007989539,12302025100012594,Success,
1667,Office,177 Eduardo Fords,1361167382,12302025100012594,Success,
14007,Office,9469 Klocko Walks,2463649627,12302025100012594,Success,
1667,Office,861 Dibbert Camp,5323665287,12302025100012594,Success,
14007,Office,818 Runte Overpass,9588968795,12302025100012594,Success,
1667,Office,2454 Dan Square,8288395748,12302025100012594,Success,
14007,Office,838 Gideon Rue,5349726534,12302025100012594,Success,
1667,Office,6598 Broadway Avenue,8702360203,12302025100012594,Success,
14007,Office,1286 Luettgen Parkway,9866180324,12302025100012594,Success,
1667,Office,230 Hazle Hills,6531982703,12302025100012594,Success,
14007,Office,866 Haley Flats,1342397424,12302025100012594,Success,
1667,Office,96022 Witting Terrace,9320498639,12302025100012594,Success,
14007,Office,6039 Market Place,2270691016,12302025100012594,Success,
1667,Office,11412 Lauretta Junctions,4054923249,12302025100012594,Success,
14007,Office,3632 Kip Plains,7572166133,12302025100012594,Success,
1667,Office,5555 St John's Road,9915594540,12302025100012594,Success,
14007,Office,7200 Bedford Road,1386509271,12302025100012594,Success,
1667,Office,9624 Isabella Cliff,1241943115,12302025100012594,Success,
14007,Office,735 Vandervort Lane,5263366250,12302025100012594,Success,
1667,Office,403 Runolfsson Rapids,4032867409,12302025100012594,Success,
14007,Office,379 Chauncey Field,2346563608,12302025100012594,Success,
1667,Office,1942 Bode Oval,7477215519,12302025100012594,Success,
14007,Office,79450 Laurie Forest,7425926172,12302025100012594,Success,
1667,Office,202 Zieme Well,5017712790,12302025100012594,Success,
14007,Office,21696 Back Lane,7204213159,12302025100012594,Success,
1667,Office,856 Caitlyn Haven,5971551588,12302025100012594,Success,
14007,Office,258 Riverside Avenue,4502400713,12302025100012594,Success,
1667,Office,74352 10th Street,9374551655,12302025100012594,Success,
14007,Office,69476 Crist Estate,5329484074,12302025100012594,Success,
1667,Office,1907 Kemmer Forge,7325064650,12302025100012594,Success,
14007,Office,237 Marquardt Street,7906095719,12302025100012594,Success,
1667,Office,2445 Welch Place,2970343214,12302025100012594,Success,
14007,Office,58275 Stroman Court,2669645238,12302025100012594,Success,
1667,Office,1834 Meadow Lane,8220947616,12302025100012594,Success,
14007,Office,806 Laurel Highway,1064968188,12302025100012594,Success,
1667,Office,52221 O'Keefe Park,5899445334,12302025100012594,Success,
14007,Office,3979 S Broad Street,8921279035,12302025100012594,Success,
1667,Office,93105 King's Road,7368838349,12302025100012594,Success,
14007,Office,3847 Kiley Crescent,7356326305,12302025100012594,Success,
1667,Office,535 E 11th Street,3920823051,12302025100012594,Success,
14007,Office,96014 Kuhn Extensions,6063861312,12302025100012594,Success,
1667,Office,9642 Amanda Oval,9829400379,12302025100012594,Success,
14007,Office,43917 O'Connell Way,9044319674,12302025100012594,Success,
1667,Office,224 Reinger Knolls,7469280113,12302025100012594,Success,
14007,Office,5478 Bosco Locks,3378431184,12302025100012594,Success,
1667,Office,527 Alberta Throughway,6573634068,12302025100012594,Success,
14007,Office,3616 Antwan Island,4709219383,12302025100012594,Success,
1667,Office,7648 N 6th Street,3473777599,12302025100012594,Success,
14007,Office,7559 S State Street,1308256239,12302025100012594,Success,
1667,Office,68989 Abbott Alley,3345490463,12302025100012594,Success,
14007,Office,4013 Benedict Meadow,3210727985,12302025100012594,Success,
1667,Office,215 Rory Course,3668397693,12302025100012594,Success,
14007,Office,12614 Manchester Road,4533794014,12302025100012594,Success,
1667,Office,876 Citlalli Villages,3807026743,12302025100012594,Success,
14007,Office,60877 Enid Valleys,4681014949,12302025100012594,Success,
1667,Office,484 Lodge Lane,1241055743,12302025100012594,Success,
14007,Office,942 Gibson Ford,5065006193,12302025100012594,Success,
1667,Office,648 Mariam Ford,5187300243,12302025100012594,Success,
14007,Office,8034 Morar Flat,5116316991,12302025100012594,Success,
1667,Office,8946 Kobe Falls,9656288716,12302025100012594,Success,
14007,Office,9584 Paucek Walk,8982389478,12302025100012594,Success,
1667,Office,4659 First Avenue,8876005418,12302025100012594,Success,
14007,Office,388 Katlyn Islands,2160997795,12302025100012594,Success,
1667,Office,7659 Albert Road,5648352904,12302025100012594,Success,
14007,Office,2149 South Road,2082884704,12302025100012594,Success,
1667,Office,386 Dominique Forks,8659200954,12302025100012594,Success,
14007,Office,42907 Thompson Ferry,5074978935,12302025100012594,Success,
1667,Office,228 S 14th Street,2812575332,12302025100012594,Success,
14007,Office,507 S Washington Street,2551023152,12302025100012594,Success,
1667,Office,373 Isac Glens,8338792613,12302025100012594,Success,
14007,Office,95142 Howe Bypass,5464944327,12302025100012594,Success,
1667,Office,2525 W 10th Street,3594940577,12302025100012594,Success,
14007,Office,784 Frami Rapid,8794978654,12302025100012594,Success,
1667,Office,5312 Tanner Overpass,2295313385,12302025100012594,Success,
14007,Office,7942 Hickle Port,4635354081,12302025100012594,Success,
1667,Office,6541 Jermain Throughway,8036808037,12302025100012594,Success,
14007,Office,212 Garden Close,4258384987,12302025100012594,Success,
1667,Office,292 Tennyson Road,3391733020,12302025100012594,Success,
14007,Office,5126 Brown Rapid,9616541908,12302025100012594,Success,
1667,Office,65812 S 6th Street,3429979735,12302025100012594,Success,
14007,Office,6901 Hilario Lock,3860338340,12302025100012594,Success,
1667,Office,82681 Kerluke Coves,1030745110,12302025100012594,Success,
14007,Office,89274 Wisozk Avenue,1465123528,12302025100012594,Success,
1667,Office,91432 Pedro Dale,1167689524,12302025100012594,Success,
14007,Office,39790 Charlie Estate,3511700888,12302025100012594,Success,
1667,Office,620 Daija Station,6445337409,12302025100012594,Success,
14007,Office,4518 Funk Station,2422985345,12302025100012594,Success,
1667,Office,14134 Champlin Fields,2647999003,12302025100012594,Success,
14007,Office,4432 Little Village,7447364816,12302025100012594,Success,
1667,Office,3369 N Jefferson Street,3611876080,12302025100012594,Success,
14007,Office,7189 Lowe Brooks,9081777265,12302025100012594,Success,
1667,Office,331 Prospect Road,7546063077,12302025100012594,Success,
14007,Office,5733 Mary Street,2404272976,12302025100012594,Success,
1667,Office,78565 N Bridge Street,3287758966,12302025100012594,Success,
14007,Office,66287 Raul View,8460542984,12302025100012594,Success,
1667,Office,849 Ernser Square,7040340521,12302025100012594,Success,
14007,Office,792 Maeve Trail,5136209719,12302025100012594,Success,
1667,Office,349 S Chestnut Street,6866402743,12302025100012594,Success,
14007,Office,9373 Candido Ridge,4651604935,12302025100012594,Success,
1667,Office,19125 Kylie Rest,9382776214,12302025100012594,Success,
14007,Office,945 Alysa Flats,3446639128,12302025100012594,Success,
1667,Office,84206 Abner Cliffs,5778930808,12302025100012594,Success,
14007,Office,216 Schiller Alley,8007764804,12302025100012594,Success,
1667,Office,989 Howe Walk,6532132336,12302025100012594,Success,
14007,Office,247 Angelo Pines,4550040829,12302025100012594,Success,
1667,Office,407 Domenic Glens,7883202685,12302025100012594,Success,
14007,Office,1935 Aiden Crossing,1936464638,12302025100012594,Success,
1667,Office,2336 Dibbert Overpass,7211912849,12302025100012594,Success,
14007,Office,4798 Johnston Canyon,6093007304,12302025100012594,Success,
1667,Office,2742 St George's Road,8979992719,12302025100012594,Success,
14007,Office,24205 Myrtle Shoal,6081247836,12302025100012594,Success,
1667,Office,983 Leffler Mountain,6805892438,12302025100012594,Success,
14007,Office,9586 Wren Close,6469352464,12302025100012594,Success,
1667,Office,7415 Casey Glen,4183524265,12302025100012594,Success,
14007,Office,695 Anika Land,1778850936,12302025100012594,Success,
1667,Office,41761 Wiegand Ridges,1895237569,12302025100012594,Success,
14007,Office,2312 Federico Rest,6607639678,12302025100012594,Success,
1667,Office,171 Paige Rest,8442827823,12302025100012594,Success,
14007,Office,35853 Reichel Point,5621210008,12302025100012594,Success,
1667,Office,853 Shawna Estates,1499547439,12302025100012594,Success,
14007,Office,121 Albion Street,8447566416,12302025100012594,Success,
1667,Office,201 Oakfield Road,6504511829,12302025100012594,Success,
14007,Office,6334 Denesik Ramp,6934326106,12302025100012594,Success,
1667,Office,8045 Kessler Cape,3798198314,12302025100012594,Success,
14007,Office,42696 Manor Drive,9419737973,12302025100012594,Success,
1667,Office,3347 Brook Lane,6821163635,12302025100012594,Success,
14007,Office,69268 Bryce Spur,4663436320,12302025100012594,Success,
1667,Office,8256 S Center Street,8523441610,12302025100012594,Success,
14007,Office,8909 North Road,9691197569,12302025100012594,Success,
1667,Office,250 Russel Mission,5016509847,12302025100012594,Success,
14007,Office,98530 Riverside Drive,3873610788,12302025100012594,Success,
1667,Office,79533 Mylene Ports,6349003320,12302025100012594,Success,
14007,Office,150 Bergnaum Dam,2012808217,12302025100012594,Success,
1667,Office,23723 Lindgren Dale,8825808015,12302025100012594,Success,
14007,Office,2712 Akeem Dale,9827167891,12302025100012594,Success,
1667,Office,149 Jevon Unions,9245029545,12302025100012594,Success,
14007,Office,567 Gabriel Coves,7473413349,12302025100012594,Success,
1667,Office,8885 Kuphal Center,1885147763,12302025100012594,Success,
14007,Office,3112 S Broadway,5789842512,12302025100012594,Success,
1667,Office,6822 Chestnut Drive,8226435312,12302025100012594,Success,
14007,Office,25889 West Lane,7672792517,12302025100012594,Success,
1667,Office,75853 Milton Road,6576118581,12302025100012594,Success,
14007,Office,929 Brandy Wall,6310654025,12302025100012594,Success,
1667,Office,9082 Lehner Points,1425111309,12302025100012594,Success,
14007,Office,860 N High Street,3581919554,12302025100012594,Success,
1667,Office,449 Hillside,9230602374,12302025100012594,Success,
14007,Office,878 Emily Mission,3351390754,12302025100012594,Success,
1667,Office,161 Courtney Pines,8153634048,12302025100012594,Success,
14007,Office,20998 W Center Street,8028153497,12302025100012594,Success,
1667,Office,29249 The Green,6972060489,12302025100012594,Success,
14007,Office,26409 Mason Roads,1456420304,12302025100012594,Success,
1667,Office,2364 Mayer Green,4553555497,12302025100012594,Success,
14007,Office,10463 Emilie Viaduct,8582583919,12302025100012594,Success,
1667,Office,73630 N Cedar Street,9005240045,12302025100012594,Success,
14007,Office,8489 Kirk Trace,7065600372,12302025100012594,Success,
1667,Office,22730 Antonio Inlet,2112857526,12302025100012594,Success,
14007,Office,557 Keebler Club,2741671753,12302025100012594,Success,
1667,Office,328 Gerhold Bypass,6656001229,12302025100012594,Success,
14007,Office,11218 Marlborough Road,2439676967,12302025100012594,Success,
1667,Office,711 Satterfield Light,6473354238,12302025100012594,Success,
14007,Office,696 Abel Streets,2693804989,12302025100012594,Success,
1667,Office,6201 Koelpin Ranch,3438509635,12302025100012594,Success,
14007,Office,7918 Bertrand Station,9917483852,12302025100012594,Success,
1667,Office,49542 Lulu Cliffs,1275525848,12302025100012594,Success,
14007,Office,53584 Center Street,3565176212,12302025100012594,Success,
1667,Office,865 Goodwin Rest,3378651554,12302025100012594,Success,
14007,Office,237 Janet View,5188450814,12302025100012594,Success,
1667,Office,801 Joe Neck,7103828027,12302025100012594,Success,
14007,Office,2954 Reichert Valley,3435866642,12302025100012594,Success,
1667,Office,46558 S Union Street,7236867363,12302025100012594,Success,
14007,Office,2552 Karli Meadows,4909303458,12302025100012594,Success,
1667,Office,7974 Roman Road,2561621974,12302025100012594,Success,
14007,Office,51795 Grady Harbors,9673614412,12302025100012594,Success,
1667,Office,97594 Windermere Road,5535679265,12302025100012594,Success,
14007,Office,78929 Otis Club,8428436472,12302025100012594,Success,
1667,Office,88768 E River Road,3226147772,12302025100012594,Success,
14007,Office,3298 Gulgowski Plains,1862614006,12302025100012594,Success,
1667,Office,5414 Elizabeth Crossroad,4208675880,12302025100012594,Success,
14007,Office,2703 S Washington Avenue,2735214579,12302025100012594,Success,
1667,Office,18924 W Front Street,6620896074,12302025100012594,Success,
14007,Office,7853 Schneider Place,8170185026,12302025100012594,Success,
1667,Office,9989 King Ville,9050767626,12302025100012594,Success,
14007,Office,15480 Tillman Union,7743050679,12302025100012594,Success,
1667,Office,3324 Olson Groves,2209975287,12302025100012594,Success,
14007,Office,4435 Koelpin Crossing,5838132188,12302025100012594,Success,
1667,Office,4082 Bedford Road,1185883062,12302025100012594,Success,
14007,Office,8860 King Spurs,5779367582,12302025100012594,Success,
1667,Office,55052 South Drive,4896366543,12302025100012594,Success,
14007,Office,3415 Klein Fall,5430706269,12302025100012594,Success,
1667,Office,21824 Lang Extension,5354914713,12302025100012594,Success,
14007,Office,93160 Martin Luther King Drive,6275365190,12302025100012594,Success,
1667,Office,71352 The Chase,4695918524,12302025100012594,Success,
14007,Office,9939 Barrows Port,4119003000,12302025100012594,Success,
1667,Office,7513 State Street,8023077386,12302025100012594,Success,
14007,Office,7698 4th Street,3549070713,12302025100012594,Success,
1667,Office,543 Park View,1198435589,12302025100012594,Success,
14007,Office,11135 Jennie Expressway,1596027533,12302025100012594,Success,
1667,Office,853 Fay Meadows,3134614220,12302025100012594,Success,
14007,Office,9565 Murazik Parkways,9356167827,12302025100012594,Success,
1667,Office,14511 Waterloo Road,5015003483,12302025100012594,Success,
14007,Office,946 Thiel Crossing,9660065228,12302025100012594,Success,
1667,Office,35113 Dorcas Skyway,5050922973,12302025100012594,Success,
14007,Office,1262 Mill Close,2815182292,12302025100012594,Success,
1667,Office,12709 Frontage Road,4098028767,12302025100012594,Success,
14007,Office,10608 Jean Rest,8684729326,12302025100012594,Success,
1667,Office,6619 Marilyne Shores,8820939685,12302025100012594,Success,
14007,Office,834 Parker Glens,7600347891,12302025100012594,Success,
1667,Office,493 Balmoral Road,8431191937,12302025100012594,Success,
14007,Office,11911 Alvah Rapid,4639630237,12302025100012594,Success,
1667,Office,11179 The Ridings,1935615344,12302025100012594,Success,
14007,Office,2481 Nicole Row,6026051772,12302025100012594,Success,
1667,Office,7727 Bahringer Rapid,4750429554,12302025100012594,Success,
14007,Office,4179 Jackson Avenue,5858920132,12302025100012594,Success,
1667,Office,102 Gloria Turnpike,8986490591,12302025100012594,Success,
14007,Office,7707 Highfield Close,1471913533,12302025100012594,Success,
1667,Office,327 3rd Street,4323185028,12302025100012594,Success,
14007,Office,3842 Howe Landing,6341966430,12302025100012594,Success,
1667,Office,8597 Berge Path,2719084094,12302025100012594,Success,
14007,Office,23816 Beer Passage,5380720226,12302025100012594,Success,
1667,Office,65050 Kuhn Manor,7146840346,12302025100012594,Success,
14007,Office,6812 Isadore Bypass,6798500804,12302025100012594,Success,
1667,Office,14534 Deshaun Extensions,4481771894,12302025100012594,Success,
14007,Office,8225 Claremont Road,3592557737,12302025100012594,Success,
1667,Office,85915 E 10th Street,9089588504,12302025100012594,Success,
14007,Office,45248 Christiana Landing,4935984629,12302025100012594,Success,
1667,Office,119 Jeremy Streets,1402213144,12302025100012594,Success,
14007,Office,1177 Kris Highway,2433343656,12302025100012594,Success,
1667,Office,65884 Schoen Dale,4094837755,12302025100012594,Success,
14007,Office,315 Anahi Valley,5403704727,12302025100012594,Success,
1667,Office,6014 Oxford Road,4898971132,12302025100012594,Success,
14007,Office,7498 St Mary's Close,4386816211,12302025100012594,Success,
1667,Office,97165 Smith Street,8008621924,12302025100012594,Success,
14007,Office,6608 Casper Pines,3546751077,12302025100012594,Success,
1667,Office,3139 West Bridge,2350771509,12302025100012594,Success,
14007,Office,248 Smitham Pine,4413359528,12302025100012594,Success,
1667,Office,83187 Lavon Manor,9495540982,12302025100012594,Success,
14007,Office,1284 Howell Corner,6658580639,12302025100012594,Success,
1667,Office,10901 Theodore Circles,8638030468,12302025100012594,Success,
14007,Office,677 Commerce Street,5275479144,12302025100012594,Success,
1667,Office,70601 Norwood Streets,6733994570,12302025100012594,Success,
14007,Office,79623 Gordon Street,8220339901,12302025100012594,Success,
1667,Office,299 Ferry Road,6280056761,12302025100012594,Success,
14007,Office,90624 Karlee Crossroad,3975402972,12302025100012594,Success,
1667,Office,577 Daphnee Stream,9630309277,12302025100012594,Success,
14007,Office,66055 Margot Ridges,7705372573,12302025100012594,Success,
1667,Office,5139 Willow Close,1844652577,12302025100012594,Success,
14007,Office,54198 Valley Road,1630456308,12302025100012594,Success,
1667,Office,644 Cathrine Lakes,3028712324,12302025100012594,Success,
14007,Office,57864 Lorena Forks,4453553086,12302025100012594,Success,
1667,Office,189 The Copse,6207073529,12302025100012594,Success,
14007,Office,8842 Wisozk Glen,6970476302,12302025100012594,Success,
1667,Office,691 Clarissa Squares,4293431465,12302025100012594,Success,
14007,Office,528 VonRueden Plaza,4590322540,12302025100012594,Success,
1667,Office,936 Green Ways,7111908546,12302025100012594,Success,
14007,Office,281 Clifford Avenue,3940807868,12302025100012594,Success,
1667,Office,93604 Larson Route,6894367360,12302025100012594,Success,
14007,Office,417 King Village,8574152046,12302025100012594,Success,
1667,Office,14782 Rosie Fall,7457051943,12302025100012594,Success,
14007,Office,951 W Bridge Street,5266417819,12302025100012594,Success,
1667,Office,6723 The Mews,4193240245,12302025100012594,Success,
14007,Office,89315 Ledner Brooks,6637849722,12302025100012594,Success,
1667,Office,5654 Central Street,3478151571,12302025100012594,Success,
14007,Office,199 E Oak Street,8692817595,12302025100012594,Success,
1667,Office,3470 Donnelly Divide,8450805530,12302025100012594,Success,
14007,Office,463 Kareem Fork,8470011712,12302025100012594,Success,
1667,Office,45855 Nolan Mountain,3396866994,12302025100012594,Success,
14007,Office,63080 Dianna Lodge,4041538727,12302025100012594,Success,
1667,Office,59157 Beatty Flats,3323343532,12302025100012594,Success,
14007,Office,308 S Water Street,8246848022,12302025100012594,Success,
1667,Office,62694 S Washington Street,8447986289,12302025100012594,Success,
14007,Office,2507 Market Square,5434708256,12302025100012594,Success,
1667,Office,6826 S Oak Street,5020507327,12302025100012594,Success,
14007,Office,98908 Giles Lights,9298514005,12302025100012594,Success,
1667,Office,80507 Gordon Street,4295944488,12302025100012594,Success,
14007,Office,271 Savanah Villages,6172031399,12302025100012594,Success,
1667,Office,591 Pagac Highway,8931689260,12302025100012594,Success,
14007,Office,6470 Avenue Road,7410678061,12302025100012594,Success,
1667,Office,29570 Colleen Plains,7168967935,12302025100012594,Success,
14007,Office,73721 Cruickshank Lane,6215027137,12302025100012594,Success,
1667,Office,5253 Thompson Views,9892413136,12302025100012594,Success,
14007,Office,2363 Bertram Route,7025869850,12302025100012594,Success,
1667,Office,26462 Langworth Land,6573085621,12302025100012594,Success,
14007,Office,321 Meadow Close,1132417540,12302025100012594,Success,
1667,Office,9834 W 5th Street,2201336168,12302025100012594,Success,
14007,Office,717 S Railroad Street,5375742665,12302025100012594,Success,
1667,Office,53398 Broadway Avenue,7065974652,12302025100012594,Success,
14007,Office,88313 Tennyson Road,7737311393,12302025100012594,Success,
1667,Office,848 Salvatore Route,5057768728,12302025100012594,Success,
14007,Office,872 Gislason Lane,2885865560,12302025100012594,Success,
1667,Office,8524 Schmidt Gateway,7388189884,12302025100012594,Success,
14007,Office,817 W Bridge Street,7939815819,12302025100012594,Success,
1667,Office,93978 Hegmann Hollow,9045114443,12302025100012594,Success,
14007,Office,242 Funk Square,5699928395,12302025100012594,Success,
1667,Office,86217 Old Lane,2436005810,12302025100012594,Success,
14007,Office,21791 W Broadway,6773542330,12302025100012594,Success,
1667,Office,6796 Lizeth Junction,9015104602,12302025100012594,Success,
14007,Office,14721 Patience Overpass,8981216429,12302025100012594,Success,
1667,Office,74436 Skiles Harbors,4215408143,12302025100012594,Success,
14007,Office,146 Heather Close,3072452576,12302025100012594,Success,
1667,Office,2951 Schowalter Views,5911657344,12302025100012594,Success,
14007,Office,28119 Kiera Oval,2616896068,12302025100012594,Success,
1667,Office,84439 Cedar Street,1776428067,12302025100012594,Success,
14007,Office,944 Lake Road,2007812721,12302025100012594,Success,
1667,Office,700 Toy Trail,2516726788,12302025100012594,Success,
14007,Office,11472 Darrick Rue,3996386361,12302025100012594,Success,
1667,Office,627 Carroll Lake,1597572516,12302025100012594,Success,
14007,Office,4713 Quitzon Hills,2503719163,12302025100012594,Success,
1667,Office,372 Davis Trafficway,1979284166,12302025100012594,Success,
14007,Office,811 8th Avenue,6036804723,12302025100012594,Success,
1667,Office,551 Silver Street,2567209369,12302025100012594,Success,
14007,Office,579 Hudson Garden,7401106152,12302025100012594,Success,
1667,Office,8926 Greenholt Wall,1838682961,12302025100012594,Success,
14007,Office,38283 Eda Meadow,5611095307,12302025100012594,Success,
1667,Office,8641 Hillary Isle,6396209120,12302025100012594,Success,
14007,Office,761 Cross Lane,1034811269,12302025100012594,Success,
1667,Office,415 Darryl Row,3178956643,12302025100012594,Success,
14007,Office,5161 Market Square,5880705435,12302025100012594,Success,
1667,Office,624 Spencer Harbors,5738044239,12302025100012594,Success,
14007,Office,29965 New Road,2661014043,12302025100012594,Success,
1667,Office,151 West View,7533055540,12302025100012594,Success,
14007,Office,3327 Bernadine Stream,4405604233,12302025100012594,Success,
1667,Office,1690 Vidal Meadow,2362062045,12302025100012594,Success,
14007,Office,61170 Yundt Pines,6477975032,12302025100012594,Success,
1667,Office,6838 W Center Street,8801690393,12302025100012594,Success,
14007,Office,8726 Daren Walk,2880377049,12302025100012594,Success,
1667,Office,1297 W 4th Avenue,8772209260,12302025100012594,Success,
14007,Office,3391 Salisbury Road,7217352894,12302025100012594,Success,
1667,Office,57990 South Street,6621922231,12302025100012594,Success,
14007,Office,8806 E Broadway,5035249275,12302025100012594,Success,
1667,Office,3200 Beatty Brook,6275284853,12302025100012594,Success,
14007,Office,148 Grove Street,9901808995,12302025100012594,Success,
1667,Office,83621 Waters Lakes,7897846557,12302025100012594,Success,
14007,Office,80003 Yvonne Plains,2305489799,12302025100012594,Success,
1667,Office,11992 Oscar Cape,1623873410,12302025100012594,Success,
14007,Office,6929 Klein Courts,3814974335,12302025100012594,Success,
1667,Office,38477 Boehm Wall,8834445729,12302025100012594,Success,
14007,Office,578 Labadie Harbor,3977742256,12302025100012594,Success,
1667,Office,75892 Huels Loop,4853556844,12302025100012594,Success,
14007,Office,57433 Roman Way,5663333475,12302025100012594,Success,
1667,Office,76272 Audrey Alley,5506473219,12302025100012594,Success,
14007,Office,17232 Wisoky Fords,6242386644,12302025100012594,Success,
1667,Office,73257 Alfredo Ridge,4204589682,12302025100012594,Success,
14007,Office,8815 Ondricka Pine,3345628551,12302025100012594,Success,
1667,Office,112 Baumbach Forest,9545364338,12302025100012594,Success,
14007,Office,10725 Micah Garden,8306809262,12302025100012594,Success,
1667,Office,6321 Tremblay Valley,6282182742,12302025100012594,Success,
14007,Office,11627 Conn Island,2157065701,12302025100012594,Success,
1667,Office,527 Zelda Forest,2820522964,12302025100012594,Success,
14007,Office,787 Rafael Cove,4646788852,12302025100012594,Success,
1667,Office,4270 Lafayette Street,3019449422,12302025100012594,Success,
14007,Office,8830 Dino Cliff,9505226576,12302025100012594,Success,
1667,Office,727 Chadd Dam,5249241346,12302025100012594,Success,
14007,Office,6843 W 9th Street,4787816804,12302025100012594,Success,
1667,Office,844 Elm Grove,3806484846,12302025100012594,Success,
14007,Office,554 Ratke Camp,7057857403,12302025100012594,Success,
1667,Office,5988 Langworth Course,9551681986,12302025100012594,Success,
14007,Office,5927 Oak Lane,7192263656,12302025100012594,Success,
1667,Office,805 Kihn Fords,4438573919,12302025100012594,Success,
14007,Office,66825 Barry Forge,6824447764,12302025100012594,Success,
1667,Office,4972 Kohler Court,7916076970,12302025100012594,Success,
14007,Office,508 Tremblay Prairie,7255072585,12302025100012594,Success,
1667,Office,93519 Sonny Islands,6430369274,12302025100012594,Success,
14007,Office,76256 Yew Tree Close,4309903965,12302025100012594,Success,
1667,Office,3964 Angie Pike,2659617396,12302025100012594,Success,
14007,Office,35424 Will Lock,1420211829,12302025100012594,Success,
1667,Office,92910 Brown River,4705650550,12302025100012594,Success,
14007,Office,560 Reinhold Streets,9031878757,12302025100012594,Success,
1667,Office,66965 Cartwright Pines,4526302529,12302025100012594,Success,
14007,Office,82979 Walter Island,4353624484,12302025100012594,Success,
1667,Office,7240 The Paddock,6026050823,12302025100012594,Success,
14007,Office,723 Brown Spurs,2156040301,12302025100012594,Success,
1667,Office,609 Erich Track,7687655155,12302025100012594,Success,
14007,Office,9260 Elm Grove,2433170976,12302025100012594,Success,
1667,Office,74821 W Center Street,5132496940,12302025100012594,Success,
14007,Office,13527 Johns Parkways,3999455436,12302025100012594,Success,
1667,Office,29354 Vivienne Course,8595495107,12302025100012594,Success,
14007,Office,420 Loren Expressway,6682512385,12302025100012594,Success,
1667,Office,4665 Dickinson Loaf,7204007049,12302025100012594,Success,
14007,Office,246 7th Street,1802765394,12302025100012594,Success,
1667,Office,62718 Kent Road,5732608277,12302025100012594,Success,
14007,Office,55695 Brandyn Trail,9353105564,12302025100012594,Success,
1667,Office,9303 Shemar Burg,4162567714,12302025100012594,Success,
14007,Office,571 Medhurst Inlet,6537681429,12302025100012594,Success,
1667,Office,12653 Gordon Road,2605989120,12302025100012594,Success,
14007,Office,2252 Johns Streets,8044749504,12302025100012594,Success,
1667,Office,610 Henry Street,4816488631,12302025100012594,Success,
14007,Office,477 Weimann Unions,1857987799,12302025100012594,Success,
1667,Office,8301 Grady Brooks,7283199945,12302025100012594,Success,
14007,Office,168 Runolfsdottir Shore,9470722110,12302025100012594,Success,
1667,Office,37741 Reilly Lock,2626539689,12302025100012594,Success,
14007,Office,97837 Nicklaus Roads,6106876974,12302025100012594,Success,
1667,Office,22461 Locust Street,4824374083,12302025100012594,Success,
14007,Office,7340 Sipes Path,2869535114,12302025100012594,Success,
1667,Office,361 Michale Drives,1925268256,12302025100012594,Success,
14007,Office,7117 Keeling Falls,9522679396,12302025100012594,Success,
1667,Office,3921 Evan Trail,5988958464,12302025100012594,Success,
14007,Office,5609 Hazel Grove,8761634131,12302025100012594,Success,
1667,Office,44150 Evelyn Light,3684560835,12302025100012594,Success,
14007,Office,210 Lake Avenue,1350678268,12302025100012594,Success,
1667,Office,5350 Kuvalis Island,3538559337,12302025100012594,Success,
14007,Office,23902 Broadway Avenue,3560782959,12302025100012594,Success,
1667,Office,686 Ankunding Ramp,4354020996,12302025100012594,Success,
14007,Office,57050 Luettgen Isle,8723734699,12302025100012594,Success,
1667,Office,32476 Gottlieb Well,7207633220,12302025100012594,Success,
14007,Office,38221 Tina Villages,6966392077,12302025100012594,Success,
1667,Office,610 Seamus Greens,3553113450,12302025100012594,Success,
14007,Office,83749 Edison Locks,7797625378,12302025100012594,Success,
1667,Office,736 Dickinson Circles,8164412219,12302025100012594,Success,
14007,Office,240 Kassulke Oval,1552593338,12302025100012594,Success,
1667,Office,7995 Neal Common,6248791830,12302025100012594,Success,
14007,Office,309 Bogan Fields,2266570537,12302025100012594,Success,
1667,Office,1180 Harrison Manors,2121255943,12302025100012594,Success,
14007,Office,211 Clay Lane,7096300614,12302025100012594,Success,
1667,Office,9129 Vesta Rapid,9104467244,12302025100012594,Success,
14007,Office,4405 Colleen Divide,2093838951,12302025100012594,Success,
1667,Office,2272 E Union Street,4293241254,12302025100012594,Success,
14007,Office,37657 Kunde Fort,8016797527,12302025100012594,Success,
1667,Office,64630 N Walnut Street,1473138842,12302025100012594,Success,
14007,Office,402 Clarence Road,1093431236,12302025100012594,Success,
1667,Office,56764 McKenzie Inlet,6780722218,12302025100012594,Success,
14007,Office,60865 Konopelski Views,7782748168,12302025100012594,Success,
1667,Office,77361 Cyrus Trafficway,5051485530,12302025100012594,Success,
14007,Office,389 Pauline Walks,7148129367,12302025100012594,Success,
1667,Office,685 Kilback Skyway,5122312437,12302025100012594,Success,
14007,Office,89160 Kuvalis Cliffs,3125004988,12302025100012594,Success,
1667,Office,482 Rhiannon Track,2700499634,12302025100012594,Success,
14007,Office,942 N Center Street,8609811613,12302025100012594,Success,
1667,Office,481 School Street,1357311452,12302025100012594,Success,
14007,Office,658 Paucek Gardens,5496895175,12302025100012594,Success,
1667,Office,931 First Avenue,6871221032,12302025100012594,Success,
14007,Office,25303 Dietrich Bypass,9511902322,12302025100012594,Success,
1667,Office,2625 Wilma Mall,6349602552,12302025100012594,Success,
14007,Office,64687 Nitzsche Junction,7464804242,12302025100012594,Success,
1667,Office,62482 Hershel Plains,5124017202,12302025100012594,Success,
14007,Office,5810 Broadway Street,2334604683,12302025100012594,Success,
1667,Office,9729 Richmond Road,8299262941,12302025100012594,Success,
14007,Office,80514 Estel Pine,2843566808,12302025100012594,Success,
1667,Office,1018 Allan Orchard,2093741855,12302025100012594,Success,
14007,Office,47919 Enos Court,5795655461,12302025100012594,Success,
1667,Office,65137 MacGyver Key,1382747378,12302025100012594,Success,
14007,Office,3738 Beech Road,4508794262,12302025100012594,Success,
1667,Office,92935 Ashtyn Views,6654404052,12302025100012594,Success,
14007,Office,2100 Kuhn Walks,8687320914,12302025100012594,Success,
1667,Office,11304 Weimann Plain,6127963837,12302025100012594,Success,
14007,Office,9242 Nicolette Mews,7690939993,12302025100012594,Success,
1667,Office,62866 Skiles Port,8333873774,12302025100012594,Success,
14007,Office,34786 S 9th Street,4490599330,12302025100012594,Success,
1667,Office,164 Sadye Lane,3505868232,12302025100012594,Success,
14007,Office,22043 5th Street,6469859035,12302025100012594,Success,
1667,Office,247 Station Road,3215039896,12302025100012594,Success,
14007,Office,2243 Gerhold Courts,2403175341,12302025100012594,Success,
1667,Office,1480 Adrienne Row,4625677272,12302025100012594,Success,
14007,Office,74637 DuBuque Greens,7274396290,12302025100012594,Success,
1667,Office,958 N Broadway,5252412082,12302025100012594,Success,
14007,Office,611 Luettgen Freeway,9989624907,12302025100012594,Success,
1667,Office,2856 Bergnaum Island,2761476754,12302025100012594,Success,
14007,Office,762 St Andrews Close,5094717324,12302025100012594,Success,
1667,Office,7324 Warren Road,8636854648,12302025100012594,Success,
14007,Office,845 Towne Knoll,9044064206,12302025100012594,Success,
1667,Office,31871 Jordane Path,4519794734,12302025100012594,Success,
14007,Office,2821 Grove Lane,6451739016,12302025100012594,Success,
1667,Office,9949 Johathan Extensions,1313725181,12302025100012594,Success,
14007,Office,4763 Sanford Union,5485322453,12302025100012594,Success,
1667,Office,653 Legros Trace,9948433240,12302025100012594,Success,
14007,Office,1490 Eva Locks,7046416549,12302025100012594,Success,
1667,Office,22979 N Union Street,4211550432,12302025100012594,Success,
14007,Office,1004 Walnut Street,3085419812,12302025100012594,Success,
1667,Office,9537 Kaylie Ports,5442261099,12302025100012594,Success,
14007,Office,368 Deckow Turnpike,7862889064,12302025100012594,Success,
1667,Office,96179 Heron Close,3595841310,12302025100012594,Success,
14007,Office,14305 Jazlyn Via,6368755035,12302025100012594,Success,
1667,Office,33197 Rau Village,3000371119,12302025100012594,Success,
14007,Office,1672 St Andrew's Road,6090084355,12302025100012594,Success,
1667,Office,6184 Zulauf Crossing,5816967667,12302025100012594,Success,
14007,Office,3362 Harvey Ridges,3111445736,12302025100012594,Success,
1667,Office,77206 Cristina Courts,3513488174,12302025100012594,Success,
14007,Office,2205 Alysson Drives,7723916615,12302025100012594,Success,
1667,Office,71527 Heathcote Streets,8524328292,12302025100012594,Success,
14007,Office,8235 E 6th Street,5326872932,12302025100012594,Success,
1667,Office,150 Raynor Spring,9110326062,12302025100012594,Success,
14007,Office,3837 Garden Close,3148534327,12302025100012594,Success,
1667,Office,12060 Castle Street,8021950383,12302025100012594,Success,
14007,Office,4526 Leffler Island,5002173629,12302025100012594,Success,
1667,Office,869 Bernhard Points,8698487050,12302025100012594,Success,
14007,Office,15830 The Dell,9854147050,12302025100012594,Success,
1667,Office,6173 Abigale Orchard,3682718649,12302025100012594,Success,
14007,Office,662 Cruickshank Heights,3666048533,12302025100012594,Success,
1667,Office,809 Hobart Branch,5966352650,12302025100012594,Success,
14007,Office,8442 Howell Cape,3686673028,12302025100012594,Success,
1667,Office,68759 Marks Well,6136797398,12302025100012594,Success,
14007,Office,98990 Main Road,5246332156,12302025100012594,Success,
1667,Office,64550 Emard Pass,7608908989,12302025100012594,Success,
14007,Office,3062 Muller Turnpike,2561225549,12302025100012594,Success,
1667,Office,4681 S 2nd Street,8885100768,12302025100012594,Success,
14007,Office,7724 Irwin Bridge,4555632838,12302025100012594,Success,
1667,Office,9013 Marc Inlet,8019310027,12302025100012594,Success,
14007,Office,335 Kaci Garden,1063694858,12302025100012594,Success,
1667,Office,322 Jayce Road,6562797581,12302025100012594,Success,
14007,Office,3298 Lucy Point,6377269487,12302025100012594,Success,
1667,Office,120 Bethel Highway,1025450355,12302025100012594,Success,
14007,Office,297 Rempel Fork,6213900494,12302025100012594,Success,
1667,Office,47934 Vicarage Road,6176347717,12302025100012594,Success,
14007,Office,426 Enrique Plains,5281284173,12302025100012594,Success,
1667,Office,7848 Cummerata Valleys,1158138999,12302025100012594,Success,
14007,Office,51862 Emiliano Place,7553684926,12302025100012594,Success,
1667,Office,570 Garden Street,6078442877,12302025100012594,Success,
14007,Office,680 Neva Terrace,7926964631,12302025100012594,Success,
1667,Office,6898 Ibrahim Crescent,8688875561,12302025100012594,Success,
14007,Office,705 Jubilee Close,7363201107,12302025100012594,Success,
1667,Office,6536 Haley Prairie,5147427455,12302025100012594,Success,
14007,Office,43575 Dach Junctions,3393451441,12302025100012594,Success,
1667,Office,9862 Emard Forges,4192431267,12302025100012594,Success,
14007,Office,89095 Jakubowski Oval,8639791131,12302025100012594,Success,
1667,Office,80000 Lynch Via,4434512674,12302025100012594,Success,
14007,Office,531 Alex Spurs,1670653484,12302025100012594,Success,
1667,Office,918 Adele Mews,3112148343,12302025100012594,Success,
14007,Office,93409 Doyle Fords,9263631042,12302025100012594,Success,
1667,Office,9139 Desmond Cape,1777120712,12302025100012594,Success,
14007,Office,9303 Moore Crossroad,5704641292,12302025100012594,Success,
1667,Office,7252 Corbin Well,3824426922,12302025100012594,Success,
14007,Office,75259 Streich Unions,3053818928,12302025100012594,Success,
1667,Office,656 McCullough Mountains,7472412912,12302025100012594,Success,
14007,Office,2980 Devonshire Road,7290467604,12302025100012594,Success,
1667,Office,50232 Darlene Shoal,4448919563,12302025100012594,Success,
14007,Office,5643 Schmitt Rest,1282943653,12302025100012594,Success,
1667,Office,119 Lockman Loop,2121816660,12302025100012594,Success,
14007,Office,641 Ratke Hill,9406664270,12302025100012594,Success,
1667,Office,25859 Luis Freeway,9849982396,12302025100012594,Success,
14007,Office,21438 Huel Lakes,3512828543,12302025100012594,Success,
1667,Office,4828 S 4th Street,2013172675,12302025100012594,Success,
14007,Office,73716 Bud Mews,1282993455,12302025100012594,Success,
1667,Office,21230 Petra Land,8309857267,12302025100012594,Success,
14007,Office,2303 N Jefferson Street,2210217546,12302025100012594,Success,
1667,Office,930 Forest Spring,6529865135,12302025100012594,Success,
14007,Office,88710 Crooks Square,7041124906,12302025100012594,Success,
1667,Office,1287 Jast Pass,4754217359,12302025100012594,Success,
14007,Office,1956 Stephania Streets,2654530716,12302025100012594,Success,
1667,Office,698 W South Street,5249877743,12302025100012594,Success,
14007,Office,490 Dale Street,5527160218,12302025100012594,Success,
1667,Office,51932 Glenna Islands,7000426459,12302025100012594,Success,
14007,Office,935 Micaela Stravenue,2754756167,12302025100012594,Success,
1667,Office,143 Darrell Tunnel,9701651541,12302025100012594,Success,
14007,Office,684 S High Street,2891538688,12302025100012594,Success,
1667,Office,55369 Henry Club,4216203575,12302025100012594,Success,
14007,Office,74302 Abshire Forest,7463282772,12302025100012594,Success,
1667,Office,7200 Hilpert Common,2765441996,12302025100012594,Success,
14007,Office,566 Alanis Lake,5502397441,12302025100012594,Success,
1667,Office,13222 Swaniawski Highway,1197224938,12302025100012594,Success,
14007,Office,37389 Alice Ports,5631582229,12302025100012594,Success,
1667,Office,45625 Hane Square,6365273410,12302025100012594,Success,
14007,Office,483 Gordon Street,1113421630,12302025100012594,Success,
1667,Office,115 Erdman Expressway,3460461502,12302025100012594,Success,
14007,Office,4310 Poplar Avenue,1190047222,12302025100012594,Success,
1667,Office,98685 Jarret Alley,4850384793,12302025100012594,Success,
14007,Office,15323 Yazmin Ports,4241999656,12302025100012594,Success,
1667,Office,58108 Willow Drive,8104757935,12302025100012594,Success,
14007,Office,920 Schamberger Plain,3038464159,12302025100012594,Success,
1667,Office,2259 Kristian Ridges,9821499141,12302025100012594,Success,
14007,Office,1040 Frederick Valley,8449096966,12302025100012594,Success,
1667,Office,321 S Bridge Street,6563928420,12302025100012594,Success,
14007,Office,588 E 12th Street,1910977056,12302025100012594,Success,
1667,Office,3710 Steuber Center,3428781115,12302025100012594,Success,
14007,Office,83977 High Road,4131584090,12302025100012594,Success,
1667,Office,579 Highfield Close,4241226768,12302025100012594,Success,
14007,Office,8723 Blick Ranch,3118570811,12302025100012594,Success,
1667,Office,70335 Cedrick Island,7548823959,12302025100012594,Success,
14007,Office,7939 Gottlieb Island,2324605374,12302025100012594,Success,
1667,Office,3111 W 1st Street,2666065838,12302025100012594,Success,
14007,Office,70993 Toy Common,9101024907,12302025100012594,Success,
1667,Office,40530 Cartwright Island,9829454199,12302025100012594,Success,
14007,Office,507 Schmitt Park,2076479688,12302025100012594,Success,
1667,Office,512 Anthony Spring,9279000086,12302025100012594,Success,
14007,Office,9063 Meadow Lane,6478995310,12302025100012594,Success,
1667,Office,82779 Parisian Walks,9003791663,12302025100012594,Success,
14007,Office,6135 Wisozk Harbor,2096941193,12302025100012594,Success,
1667,Office,4110 Finn Field,7561662846,12302025100012594,Success,
14007,Office,91639 Damaris Crossing,3810430800,12302025100012594,Success,
1667,Office,55661 The Beeches,5431454129,12302025100012594,Success,
14007,Office,7319 Jakubowski Tunnel,1457958854,12302025100012594,Success,
1667,Office,10163 Bernita Junctions,3360344577,12302025100012594,Success,
14007,Office,3137 Harrison Avenue,3174561077,12302025100012594,Success,
1667,Office,6688 Christiansen Rue,8900877554,12302025100012594,Success,
14007,Office,4754 S Central Avenue,4286216623,12302025100012594,Success,
1667,Office,9933 O'Hara Cliffs,9895265483,12302025100012594,Success,
14007,Office,53540 Manchester Road,1239857925,12302025100012594,Success,
1667,Office,64725 Nyasia Plain,7385620885,12302025100012594,Success,
14007,Office,9580 Corkery Viaduct,6999205590,12302025100012594,Success,
1667,Office,3680 Alejandrin Lock,9982966272,12302025100012594,Success,
14007,Office,298 Roger Way,1203516452,12302025100012594,Success,
1667,Office,6556 Anderson Stream,8514087551,12302025100012594,Success,
14007,Office,988 W Walnut Street,4362818523,12302025100012594,Success,
1667,Office,94989 Spencer Knoll,3039716715,12302025100012594,Success,
14007,Office,62415 Lake Avenue,5224371863,12302025100012594,Success,
1667,Office,184 Willms Throughway,3917176721,12302025100012594,Success,
14007,Office,68894 Claremont Road,4598771806,12302025100012594,Success,
1667,Office,3210 Main,4209183190,12302025100012594,Success,
14007,Office,891 Alize Mews,9814982902,12302025100012594,Success,
1667,Office,231 Alfred Street,7245212708,12302025100012594,Success,
14007,Office,1066 Durgan Crossing,2501787685,12302025100012594,Success,
1667,Office,92751 Braulio Mills,5081444853,12302025100012594,Success,
14007,Office,432 Orin Row,5399500415,12302025100012594,Success,
1667,Office,166 Paxton Junctions,7005186312,12302025100012594,Success,
14007,Office,170 Derrick Valley,4603432503,12302025100012594,Success,
1667,Office,193 Ethan Villages,4662599168,12302025100012594,Success,
14007,Office,8971 Zack Lakes,6345224547,12302025100012594,Success,
1667,Office,3953 Jenkins Lock,7828966570,12302025100012594,Success,
14007,Office,483 Wehner Camp,2522050666,12302025100012594,Success,
1667,Office,417 Jamil Meadow,6978123133,12302025100012594,Success,
14007,Office,82152 W 4th Avenue,8753558505,12302025100012594,Success,
1667,Office,216 Maggio Orchard,4330662096,12302025100012594,Success,
14007,Office,8524 Hudson Mill,8804744395,12302025100012594,Success,
1667,Office,404 W Central Avenue,4443353362,12302025100012594,Success,
14007,Office,1763 N Locust Street,2463194336,12302025100012594,Success,
1667,Office,31555 Meadow Way,9953721538,12302025100012594,Success,
14007,Office,258 Donavon Trafficway,8799653478,12302025100012594,Success,
1667,Office,68552 Connelly Estate,8174466724,12302025100012594,Success,
14007,Office,5419 Commercial Street,4957403208,12302025100012594,Success,
1667,Office,9010 Effertz Extensions,3184078783,12302025100012594,Success,
14007,Office,904 Hal Tunnel,4174341117,12302025100012594,Success,
1667,Office,61067 Martin Luther King Boulevard,5199912777,12302025100012594,Success,
14007,Office,45375 Court Street,2579714199,12302025100012594,Success,
1667,Office,874 Bechtelar Fork,1698167281,12302025100012594,Success,
14007,Office,6801 Adeline Way,7366160372,12302025100012594,Success,
1667,Office,928 Prohaska Forest,2608506155,12302025100012594,Success,
14007,Office,31927 Melyssa Trail,5138920895,12302025100012594,Success,
1667,Office,5843 Alexanne Mountains,5489220301,12302025100012594,Success,
14007,Office,2020 Mraz Plaza,5868337346,12302025100012594,Success,
1667,Office,6524 Lang Burg,9361797035,12302025100012594,Success,
14007,Office,3303 Hosea Loaf,4590699240,12302025100012594,Success,
1667,Office,557 Thompson Course,8539231862,12302025100012594,Success,
14007,Office,3796 Zulauf Pike,2123341886,12302025100012594,Success,
1667,Office,7343 Gerhold Island,5236703098,12302025100012594,Success,
14007,Office,3246 Shanahan Lane,1194804564,12302025100012594,Success,
1667,Office,581 Kirk Common,4370073540,12302025100012594,Success,
14007,Office,85244 Baumbach Run,9479347003,12302025100012594,Success,
1667,Office,2397 Jarret Knolls,3787143813,12302025100012594,Success,
14007,Office,80707 Church Street,6236801305,12302025100012594,Success,
1667,Office,39441 Main Road,4160561514,12302025100012594,Success,
14007,Office,6614 Frami Hollow,8934156025,12302025100012594,Success,
1667,Office,5218 Kovacek Hills,4571201002,12302025100012594,Success,
14007,Office,19024 Daniela Ville,1077100423,12302025100012594,Success,
1667,Office,50568 W 6th Avenue,6004213114,12302025100012594,Success,
14007,Office,813 Balistreri Rest,4134521279,12302025100012594,Success,
1667,Office,9214 Douglas Road,8749411057,12302025100012594,Success,
14007,Office,796 Rodriguez Shoals,6422734242,12302025100012594,Success,
1667,Office,614 Towne Ports,1475772785,12302025100012594,Success,
14007,Office,362 Kali Alley,8106116166,12302025100012594,Success,
1667,Office,9540 Bailey Fork,7266153465,12302025100012594,Success,
14007,Office,9848 W 10th Street,4487634817,12302025100012594,Success,
1667,Office,122 Birch Avenue,6062701240,12302025100012594,Success,
14007,Office,28324 White Route,9650961060,12302025100012594,Success,
1667,Office,2222 Ricardo Bridge,7468235068,12302025100012594,Success,
14007,Office,30175 Heidenreich Rue,3990076239,12302025100012594,Success,
1667,Office,43055 O'Reilly Mall,8760344964,12302025100012594,Success,
14007,Office,3739 Chet Islands,5127776374,12302025100012594,Success,
1667,Office,8340 Hoppe Skyway,6613769838,12302025100012594,Success,
14007,Office,333 Jefferson Avenue,2917228280,12302025100012594,Success,
1667,Office,97134 Delilah Forges,4665332388,12302025100012594,Success,
14007,Office,219 Wisozk Fields,6028219523,12302025100012594,Success,
1667,Office,63030 Nicholaus Knoll,3439216429,12302025100012594,Success,
14007,Office,97783 Hettinger Path,1463559983,12302025100012594,Success,
1667,Office,680 Schaden Place,3691155797,12302025100012594,Success,
14007,Office,357 W Broadway Street,2817975051,12302025100012594,Success,
1667,Office,5231 Kip Court,5941168193,12302025100012594,Success,
14007,Office,6752 Baumbach Parkway,9515451810,12302025100012594,Success,
1667,Office,9828 Adeline Falls,7815166229,12302025100012594,Success,
14007,Office,61785 Trinity Lakes,4958100906,12302025100012594,Success,
1667,Office,663 Pleasant Street,1772143408,12302025100012594,Success,
14007,Office,49909 Mervin Gardens,2933119832,12302025100012594,Success,
1667,Office,3148 Pine Close,7588404663,12302025100012594,Success,
14007,Office,3154 North Road,9861178280,12302025100012594,Success,
1667,Office,564 Cletus Causeway,1410502703,12302025100012594,Success,
14007,Office,438 Wren Close,1212582889,12302025100012594,Success,
1667,Office,4053 Heathcote Crest,7189711538,12302025100012594,Success,
14007,Office,77104 Jones Loop,5189684485,12302025100012594,Success,
1667,Office,2572 S 9th Street,3733621264,12302025100012594,Success,
14007,Office,9631 13th Street,1874958951,12302025100012594,Success,
1667,Office,2984 Zulauf Creek,3511538996,12302025100012594,Success,
14007,Office,9051 The Coppice,5770958138,12302025100012594,Success,
1667,Office,711 Madisen Summit,4204381447,12302025100012594,Success,
14007,Office,891 Senger Mews,7534936473,12302025100012594,Success,
1667,Office,283 Hackett Pines,4096171606,12302025100012594,Success,
14007,Office,14799 Cedar Road,7208662863,12302025100012594,Success,
1667,Office,5763 Nikolaus Mount,8464248776,12302025100012594,Success,
14007,Office,785 Windsor Drive,2188054988,12302025100012594,Success,
1667,Office,33450 Rippin Green,6164431012,12302025100012594,Success,
14007,Office,789 Church Path,3736962370,12302025100012594,Success,
1667,Office,941 Eden Throughway,9646835059,12302025100012594,Success,
14007,Office,7702 Tower Road,2301714581,12302025100012594,Success,
1667,Office,523 Zackery Burgs,8663086223,12302025100012594,Success,
14007,Office,643 Church Path,4530573955,12302025100012594,Success,
1667,Office,713 Raquel Mill,6452068794,12302025100012594,Success,
14007,Office,74359 Grimes Lane,5126472092,12302025100012594,Success,
1667,Office,2847 Gregory Field,4968479295,12302025100012594,Success,
14007,Office,493 Market Street,8495297641,12302025100012594,Success,
1667,Office,873 Albion Street,2016834762,12302025100012594,Success,
14007,Office,84226 Hirthe Curve,8409506609,12302025100012594,Success,
1667,Office,5647 Haley Path,6523608416,12302025100012594,Success,
14007,Office,52514 Bayer Mews,3247916797,12302025100012594,Success,
1667,Office,4440 Marquardt Corner,6992392817,12302025100012594,Success,
14007,Office,9803 Stoltenberg Lock,7973221665,12302025100012594,Success,
1667,Office,51349 Alvera Forks,8130874686,12302025100012594,Success,
14007,Office,3193 Cumberland Street,4102652647,12302025100012594,Success,
1667,Office,969 Estevan Greens,4210192938,12302025100012594,Success,
14007,Office,7315 Bramley Close,5664406695,12302025100012594,Success,
1667,Office,92210 Kuphal Grove,9013996163,12302025100012594,Success,
14007,Office,376 Jerad Oval,9077765225,12302025100012594,Success,
1667,Office,254 Koss Stravenue,2551674459,12302025100012594,Success,
14007,Office,77113 Park Street,3321156292,12302025100012594,Success,
1667,Office,4097 Kozey Parks,8947070805,12302025100012594,Success,
14007,Office,343 The Green,2235149059,12302025100012594,Success,
1667,Office,284 Funk Courts,2761593272,12302025100012594,Success,
14007,Office,819 Green Street,1535424055,12302025100012594,Success,
1667,Office,92721 Isaac Crossing,3781377523,12302025100012594,Success,
14007,Office,25013 Drew Branch,6545471021,12302025100012594,Success,
1667,Office,75180 W South Street,9558092022,12302025100012594,Success,
14007,Office,56702 Jazmyne Branch,9414445682,12302025100012594,Success,
1667,Office,1586 Jaunita Ridges,2887780885,12302025100012594,Success,
14007,Office,130 Kertzmann Manors,3115596388,12302025100012594,Success,
1667,Office,7080 Heron Close,1448366534,12302025100012594,Success,
14007,Office,9922 Leffler Rue,3940891430,12302025100012594,Success,
1667,Office,6782 Collins Mills,4960188231,12302025100012594,Success,
14007,Office,6443 Wolf Port,1748323533,12302025100012594,Success,
1667,Office,479 Auer Ville,7930924557,12302025100012594,Success,
14007,Office,895 Winston Prairie,1735145220,12302025100012594,Success,
1667,Office,428 Center Road,1130346603,12302025100012594,Success,
14007,Office,5463 Dibbert Shore,6642374660,12302025100012594,Success,
1667,Office,547 Market Street,7085323145,12302025100012594,Success,
14007,Office,695 Lancaster Road,1893500043,12302025100012594,Success,
1667,Office,16106 Crist Mall,6484667808,12302025100012594,Success,
14007,Office,520 Betsy Fork,3593163300,12302025100012594,Success,
1667,Office,85450 Kingfisher Close,1146660734,12302025100012594,Success,
14007,Office,2922 Gerson Drive,7722523079,12302025100012594,Success,
1667,Office,19561 Forest Road,9781753708,12302025100012594,Success,
14007,Office,1542 Batz Inlet,9029105276,12302025100012594,Success,
1667,Office,92421 Bosco Ford,7300827440,12302025100012594,Success,
14007,Office,372 Doris Lights,2880356526,12302025100012594,Success,
1667,Office,39490 Nolan Gardens,2897734523,12302025100012594,Success,
14007,Office,559 E 6th Avenue,9677413374,12302025100012594,Success,
1667,Office,41034 Maybell Stream,4589109417,12302025100012594,Success,
14007,Office,239 Auer Street,2438995839,12302025100012594,Success,
1667,Office,262 Helga Corner,1071313094,12302025100012594,Success,
14007,Office,88191 Aniyah Mount,7801319691,12302025100012594,Success,
1667,Office,3123 Lorenza Cove,1551911894,12302025100012594,Success,
14007,Office,52359 The Oaks,9394834895,12302025100012594,Success,
1667,Office,850 Fritz Shore,7442077888,12302025100012594,Success,
14007,Office,3465 Gaston Park,8792293158,12302025100012594,Success,
1667,Office,6141 Hansen Ramp,4519240164,12302025100012594,Success,
14007,Office,449 Brooke View,9932786626,12302025100012594,Success,
1667,Office,390 Rice Fields,9500275004,12302025100012594,Success,
14007,Office,660 Vicarage Close,3968474715,12302025100012594,Success,
1667,Office,5306 S State Street,7018601092,12302025100012594,Success,
14007,Office,5895 Somerset Road,6952834806,12302025100012594,Success,
1667,Office,6269 Lincoln Highway,2542938929,12302025100012594,Success,
14007,Office,945 Louvenia Spring,7786324579,12302025100012594,Success,
1667,Office,8168 Lesch Well,5600135508,12302025100012594,Success,
14007,Office,9507 School Lane,2640521100,12302025100012594,Success,
1667,Office,366 Madonna Heights,1997103918,12302025100012594,Success,
14007,Office,112 N Elm Street,8471708207,12302025100012594,Success,
1667,Office,1767 Theo Heights,3085551974,12302025100012594,Success,
14007,Office,509 Kihn Lake,9611993488,12302025100012594,Success,
1667,Office,483 Malika Mountains,9382357156,12302025100012594,Success,
14007,Office,8606 Kutch Summit,5441698319,12302025100012594,Success,
1667,Office,60607 Alverta Crest,5441920736,12302025100012594,Success,
14007,Office,870 Green Lane,4519676841,12302025100012594,Success,
1667,Office,65616 Berta Circle,9892248097,12302025100012594,Success,
14007,Office,22538 Dare Dam,7748183581,12302025100012594,Success,
1667,Office,774 Marcelo Rue,3826833459,12302025100012594,Success,
14007,Office,527 Grady Viaduct,5841308557,12302025100012594,Success,
1667,Office,20068 Eloise Parks,8145533323,12302025100012594,Success,
14007,Office,1458 Stark Shores,3662627558,12302025100012594,Success,
1667,Office,1049 Lemke Crescent,3534904366,12302025100012594,Success,
14007,Office,820 Kristofer Skyway,8704291569,12302025100012594,Success,
1667,Office,90129 Mosciski Motorway,8093581248,12302025100012594,Success,
14007,Office,6444 W Washington Street,1677145726,12302025100012594,Success,
1667,Office,56752 Hamill Junctions,3246852067,12302025100012594,Success,
14007,Office,36498 Weber Corners,9561920235,12302025100012594,Success,
1667,Office,35473 Isabell Light,3217770418,12302025100012594,Success,
14007,Office,21850 Verna Plain,2974465686,12302025100012594,Success,
1667,Office,384 Schimmel Knolls,3162019465,12302025100012594,Success,
14007,Office,4876 Pacocha Path,5614601680,12302025100012594,Success,
1667,Office,19780 Abe Center,8877902468,12302025100012594,Success,
14007,Office,3678 Johnston Forge,9813961859,12302025100012594,Success,
1667,Office,7902 Casper Burg,1086098010,12302025100012594,Success,
14007,Office,1719 Schumm Via,7300049578,12302025100012594,Success,
1667,Office,5458 Walnut Close,9360083244,12302025100012594,Success,
14007,Office,139 Letitia Springs,5006080166,12302025100012594,Success,
1667,Office,39636 Lincoln Road,8019183747,12302025100012594,Success,
14007,Office,53431 S 6th Street,2021680561,12302025100012594,Success,
1667,Office,47470 Sandringham Road,2554071787,12302025100012594,Success,
14007,Office,6734 Erdman Harbor,9835934371,12302025100012594,Success,
1667,Office,71867 Rogahn Haven,2186439917,12302025100012594,Success,
14007,Office,572 Grove Lane,3885206216,12302025100012594,Success,
1667,Office,249 Durward Avenue,3811021180,12302025100012594,Success,
14007,Office,28536 Birdie Forks,4972001303,12302025100012594,Success,
1667,Office,998 Flatley Junction,6016653823,12302025100012594,Success,
14007,Office,6059 Murazik Centers,4259655550,12302025100012594,Success,
1667,Office,18128 Ullrich Causeway,1431892555,12302025100012594,Success,
14007,Office,16599 Kraig Manors,9833082168,12302025100012594,Success,
1667,Office,9611 Judge Extensions,2545154028,12302025100012594,Success,
14007,Office,89036 Brook Street,4566231373,12302025100012594,Success,
1667,Office,1802 Dibbert Knolls,4310552459,12302025100012594,Success,
14007,Office,4869 Eliezer Terrace,3964984809,12302025100012594,Success,
1667,Office,376 Will Shoal,5134731507,12302025100012594,Success,
14007,Office,13316 S High Street,2405811633,12302025100012594,Success,
1667,Office,7777 Leora Shoals,6830061282,12302025100012594,Success,
14007,Office,55560 Jon Hills,8998455845,12302025100012594,Success,
1667,Office,4920 Gibson Pass,7946506737,12302025100012594,Success,
14007,Office,78411 Rafaela Crescent,4823437097,12302025100012594,Success,
1667,Office,43626 Park Road,7441186510,12302025100012594,Success,
14007,Office,2369 Rowe Springs,4514899803,12302025100012594,Success,
1667,Office,602 Von Crest,8435645778,12302025100012594,Success,
14007,Office,8423 Roger Course,4864205699,12302025100012594,Success,
1667,Office,3415 Legros Brook,4673444935,12302025100012594,Success,
14007,Office,8714 Norberto Lane,4676544444,12302025100012594,Success,
1667,Office,3924 Sallie Forges,4069294480,12302025100012594,Success,
14007,Office,79371 Martin Luther King Boulevard,4253016681,12302025100012594,Success,
1667,Office,9081 Bailey Rest,4884691548,12302025100012594,Success,
14007,Office,681 Harris Groves,9065361236,12302025100012594,Success,
1667,Office,10005 Konopelski Shores,1165479165,12302025100012594,Success,
14007,Office,330 Walker Shoals,5612336014,12302025100012594,Success,
1667,Office,88606 Manor Drive,1903440401,12302025100012594,Success,
14007,Office,344 Corkery Burgs,8140105466,12302025100012594,Success,
1667,Office,602 Cornelius Estate,7904922002,12302025100012594,Success,
14007,Office,525 Toney Station,9382288355,12302025100012594,Success,
1667,Office,5757 E Walnut Street,4670846679,12302025100012594,Success,
14007,Office,202 Broadway Avenue,9241795205,12302025100012594,Success,
1667,Office,222 N 5th Street,8837079375,12302025100012594,Success,
14007,Office,204 Ayden Falls,9783422887,12302025100012594,Success,
1667,Office,84427 Larissa Inlet,3319765455,12302025100012594,Success,
14007,Office,3936 Emard Station,8955783414,12302025100012594,Success,
1667,Office,32898 Wood Street,8659506191,12302025100012594,Success,
14007,Office,118 Euclid Avenue,1270134805,12302025100012594,Success,
1667,Office,8955 Prospect Avenue,3288995624,12302025100012594,Success,
14007,Office,4609 Parkside,5525400898,12302025100012594,Success,
1667,Office,24783 Garden Street,9150575195,12302025100012594,Success,
14007,Office,67496 Kasandra Lock,1516580350,12302025100012594,Success,
1667,Office,4814 Abbey Road,3719681935,12302025100012594,Success,
14007,Office,474 Hillside Road,7549324145,12302025100012594,Success,
1667,Office,3885 W Market Street,8959879068,12302025100012594,Success,
14007,Office,7299 Anne Trafficway,3982493078,12302025100012594,Success,
1667,Office,3716 Beach Road,9084509151,12302025100012594,Success,
14007,Office,594 Nettie Pines,6510910719,12302025100012594,Success,
1667,Office,691 Reichert Rue,4939725078,12302025100012594,Success,
14007,Office,876 Ondricka Drive,3218178863,12302025100012594,Success,
1667,Office,84076 Noemi Plains,2984731073,12302025100012594,Success,
14007,Office,11824 Jeramie Park,7706297228,12302025100012594,Success,
1667,Office,275 River Road,7153644845,12302025100012594,Success,
14007,Office,473 Park Avenue,4104723176,12302025100012594,Success,
1667,Office,1153 Alan Village,1367415164,12302025100012594,Success,
14007,Office,7874 W Main,7269733198,12302025100012594,Success,
1667,Office,407 E Grand Avenue,6916608672,12302025100012594,Success,
14007,Office,37317 E 11th Street,8100727286,12302025100012594,Success,
1667,Office,86189 Edward Street,7089191313,12302025100012594,Success,
14007,Office,1646 Alexis Points,3556333650,12302025100012594,Success,
1667,Office,5825 Kuhn Curve,3318299291,12302025100012594,Success,
14007,Office,930 Herman Spurs,7001288052,12302025100012594,Success,
1667,Office,257 Mann Harbors,6602528694,12302025100012594,Success,
14007,Office,441 Pfannerstill Port,8646549131,12302025100012594,Success,
1667,Office,103 Ebony Fall,7683346292,12302025100012594,Success,
14007,Office,39237 Reilly Throughway,4123636902,12302025100012594,Success,
1667,Office,776 E Broadway Street,6624127185,12302025100012594,Success,
14007,Office,119 Cormier Falls,4276142434,12302025100012594,Success,
1667,Office,96256 Jefferson Avenue,7831448475,12302025100012594,Success,
14007,Office,60251 Gladys Way,3061246115,12302025100012594,Success,
1667,Office,2350 Gerardo Flat,8979717855,12302025100012594,Success,
14007,Office,35530 Tiara Junctions,2281508858,12302025100012594,Success,
1667,Office,7448 Harvey Gardens,3406462179,12302025100012594,Success,
14007,Office,274 Toy Terrace,4183434642,12302025100012594,Success,
1667,Office,716 N 2nd Street,9426441500,12302025100012594,Success,
14007,Office,327 Jeffry Creek,1064406463,12302025100012594,Success,
1667,Office,788 Koss Branch,8853569912,12302025100012594,Success,
14007,Office,765 Kutch Mews,7351381325,12302025100012594,Success,
1667,Office,6037 Heller Crossing,9331803007,12302025100012594,Success,
14007,Office,665 Bonita Estates,1660736918,12302025100012594,Success,
1667,Office,1740 Vena Fields,6239969118,12302025100012594,Success,
14007,Office,79553 Russel Loop,4575486201,12302025100012594,Success,
1667,Office,205 Kerluke Rapids,2825778071,12302025100012594,Success,
14007,Office,180 South Street,9907240119,12302025100012594,Success,
1667,Office,42190 Bergnaum Orchard,1370544735,12302025100012594,Success,
14007,Office,2465 Harris Gateway,4438033332,12302025100012594,Success,
1667,Office,415 Lehner Skyway,2951295931,12302025100012594,Success,
14007,Office,1251 Jo Forks,9068255989,12302025100012594,Success,
1667,Office,143 Aurore Lake,1312845977,12302025100012594,Success,
14007,Office,44819 Deanna Extensions,6374035442,12302025100012594,Success,
1667,Office,1934 Teresa Wells,4527841137,12302025100012594,Success,
14007,Office,5640 Odessa Path,4009660383,12302025100012594,Success,
1667,Office,4634 Zieme Circle,3972565202,12302025100012594,Success,
14007,Office,46821 Fadel Forges,7429316695,12302025100012594,Success,
1667,Office,11914 Hammes Grove,9301260577,12302025100012594,Success,
14007,Office,9063 Stroman Ways,3875327684,12302025100012594,Success,
1667,Office,36256 Cross Lane,8692640296,12302025100012594,Success,
14007,Office,7579 Cruickshank Loop,5395459081,12302025100012594,Success,
1667,Office,69504 Parker Ville,1668911765,12302025100012594,Success,
14007,Office,8621 Rohan Creek,6542153593,12302025100012594,Success,
1667,Office,5749 Cole Ramp,8559764830,12302025100012594,Success,
14007,Office,3036 Billy Parkways,2233580144,12302025100012594,Success,
1667,Office,5069 Walnut Street,7051420152,12302025100012594,Success,
14007,Office,90624 Imelda Estate,7385757379,12302025100012594,Success,
1667,Office,3086 Jefferey Islands,5022232699,12302025100012594,Success,
14007,Office,1788 Kulas Tunnel,1691936343,12302025100012594,Success,
1667,Office,66952 Ramona Valleys,9613177753,12302025100012594,Success,
14007,Office,9219 Effertz Islands,3539605493,12302025100012594,Success,
1667,Office,77699 E Broad Street,5655618790,12302025100012594,Success,
14007,Office,193 Scarlett Plain,6190152953,12302025100012594,Success,
1667,Office,70841 The Mount,4455721133,12302025100012594,Success,
14007,Office,4041 Ankunding Port,8626107201,12302025100012594,Success,
1667,Office,18153 Rogahn Ways,9133196020,12302025100012594,Success,
14007,Office,649 Ona Mews,9976634643,12302025100012594,Success,
1667,Office,354 The Limes,7964850742,12302025100012594,Success,
14007,Office,1873 Monique Point,5770626687,12302025100012594,Success,
1667,Office,34370 Broadway Street,8086991091,12302025100012594,Success,
14007,Office,599 Cordia Union,4202637065,12302025100012594,Success,
1667,Office,18484 Hackett Gateway,7979143279,12302025100012594,Success,
14007,Office,491 Jeanie Unions,8576247547,12302025100012594,Success,
1667,Office,8068 Liam Ranch,6376532427,12302025100012594,Success,
14007,Office,510 Howard Road,1208244099,12302025100012594,Success,
1667,Office,531 Norwood Stravenue,8479482708,12302025100012594,Success,
14007,Office,20287 Beer Radial,3006859205,12302025100012594,Success,
1667,Office,302 Harrison Street,1788167914,12302025100012594,Success,
14007,Office,389 Grant Street,9583950226,12302025100012594,Success,
1667,Office,265 Patience Point,1112103625,12302025100012594,Success,
14007,Office,13820 Javier Court,7435920496,12302025100012594,Success,
1667,Office,1373 W 6th Street,3765427632,12302025100012594,Success,
14007,Office,381 Park Crescent,6959326477,12302025100012594,Success,
1667,Office,412 Madison Street,2437311315,12302025100012594,Success,
14007,Office,21788 Antonetta Motorway,9961264039,12302025100012594,Success,
1667,Office,54365 Milan Run,4218007643,12302025100012594,Success,
14007,Office,73182 Douglas Rest,2215469153,12302025100012594,Success,
1667,Office,80011 Pine Street,8273604012,12302025100012594,Success,
14007,Office,7960 King Forks,6085391878,12302025100012594,Success,
1667,Office,426 Schimmel Trace,3858906324,12302025100012594,Success,
14007,Office,46339 Jamal Views,6330322396,12302025100012594,Success,
1667,Office,7603 Haag Junctions,7646837903,12302025100012594,Success,
14007,Office,26168 Nina Plains,9208318984,12302025100012594,Success,
1667,Office,93905 1st Street,9936858461,12302025100012594,Success,
14007,Office,90699 Chestnut Grove,9085197723,12302025100012594,Success,
1667,Office,728 Pansy Harbors,3944593666,12302025100012594,Success,
14007,Office,86234 Burdette Knolls,2107086141,12302025100012594,Success,
1667,Office,939 W 14th Street,5193160481,12302025100012594,Success,
14007,Office,785 Castle Street,5510809718,12302025100012594,Success,
1667,Office,8176 Grover Shores,7599379776,12302025100012594,Success,
14007,Office,675 Lueilwitz Land,9425735639,12302025100012594,Success,
1667,Office,9223 Daphne Islands,9381204611,12302025100012594,Success,
14007,Office,53385 Rosa Rest,1693497480,12302025100012594,Success,
1667,Office,10001 E 8th Street,4432556857,12302025100012594,Success,
14007,Office,425 Schmidt Ridges,1269999677,12302025100012594,Success,
1667,Office,58714 Johnson Loop,1199995515,12302025100012594,Success,
14007,Office,661 Liliane Hill,6082355510,12302025100012594,Success,
1667,Office,8604 Loraine Oval,4850058220,12302025100012594,Success,
14007,Office,62478 S Center Street,7872202139,12302025100012594,Success,
1667,Office,28581 Warren Road,3601393266,12302025100012594,Success,
14007,Office,9856 Gorczany Haven,7542771668,12302025100012594,Success,
1667,Office,84380 Kara Turnpike,1711732165,12302025100012594,Success,
14007,Office,8039 Isai Streets,4761604132,12302025100012594,Success,
1667,Office,40277 Larch Close,7039015459,12302025100012594,Success,
14007,Office,9416 Burdette Way,2624033159,12302025100012594,Success,
1667,Office,992 Gutmann Ville,1875699585,12302025100012594,Success,
14007,Office,288 Sherman Garden,7794335934,12302025100012594,Success,
1667,Office,2594 Tremblay Track,5497498591,12302025100012594,Success,
14007,Office,5948 Armand Corners,7350830540,12302025100012594,Success,
1667,Office,8691 Koelpin Station,6428674403,12302025100012594,Success,
14007,Office,92307 Troy Tunnel,8139439006,12302025100012594,Success,
1667,Office,3249 Jefferson Avenue,8646176244,12302025100012594,Success,
14007,Office,618 Casper Roads,4691616815,12302025100012594,Success,
1667,Office,60126 E Cedar Street,3018681957,12302025100012594,Success,
14007,Office,203 Beech Grove,7233348984,12302025100012594,Success,
1667,Office,9866 N Jefferson Street,3250197180,12302025100012594,Success,
14007,Office,499 Johns Brook,9080063987,12302025100012594,Success,
1667,Office,3363 Brody Spurs,7181863597,12302025100012594,Success,
14007,Office,75963 Baker Street,7169387922,12302025100012594,Success,
1667,Office,844 Claremont Road,2620163517,12302025100012594,Success,
14007,Office,295 Beier Square,9052754769,12302025100012594,Success,
1667,Office,569 Daugherty Track,3227972133,12302025100012594,Success,
14007,Office,2355 Malvina Views,9349874367,12302025100012594,Success,
1667,Office,273 Evert Parks,1394913214,12302025100012594,Success,
14007,Office,273 Reichert Crescent,9643407621,12302025100012594,Success,
1667,Office,5672 West View,2865390873,12302025100012594,Success,
14007,Office,13944 Agnes Oval,4246807187,12302025100012594,Success,
1667,Office,8210 W Church Street,1250100472,12302025100012594,Success,
14007,Office,35254 Adelbert Ramp,2485462340,12302025100012594,Success,
1667,Office,5362 S Railroad Street,7703765430,12302025100012594,Success,
14007,Office,8993 Old State Road,6913191623,12302025100012594,Success,
1667,Office,8093 W Broadway,2669424525,12302025100012594,Success,
14007,Office,47839 Clark Street,9049051259,12302025100012594,Success,
1667,Office,5930 Quigley Lake,8263323879,12302025100012594,Success,
14007,Office,27821 Hertha Roads,4083745411,12302025100012594,Success,
1667,Office,850 Toy Estate,2856619400,12302025100012594,Success,
14007,Office,9413 Gianni Courts,1379858760,12302025100012594,Success,
1667,Office,737 Bartoletti Lake,9353074539,12302025100012594,Success,
14007,Office,81813 Center Street,2962817367,12302025100012594,Success,
1667,Office,87697 N State Street,4063080502,12302025100012594,Success,
14007,Office,173 The Woodlands,8998813160,12302025100012594,Success,
1667,Office,575 Rosa Fort,4636879104,12302025100012594,Success,
14007,Office,289 Harvey Pike,8939287109,12302025100012594,Success,
1667,Office,9830 West Road,2858549030,12302025100012594,Success,
14007,Office,296 Dorcas Key,9145548279,12302025100012594,Success,
1667,Office,56319 Parkside,2003563730,12302025100012594,Success,
14007,Office,16257 Douglas Road,4994133169,12302025100012594,Success,
1667,Office,640 E 2nd Street,3319806263,12302025100012594,Success,
14007,Office,65226 W Chestnut Street,9936092995,12302025100012594,Success,
1667,Office,810 Kirlin Drives,1653439406,12302025100012594,Success,
14007,Office,7435 Evans Path,9680603105,12302025100012594,Success,
1667,Office,70331 Woodland Road,9512865765,12302025100012594,Success,
14007,Office,955 Roy Lodge,6437451523,12302025100012594,Success,
1667,Office,42410 S Pine Street,8178769022,12302025100012594,Success,
14007,Office,117 Kent Road,5184140060,12302025100012594,Success,
1667,Office,37412 Kellen Centers,7242082975,12302025100012594,Success,
14007,Office,44651 Maple Drive,7309808514,12302025100012594,Success,
1667,Office,52082 Kozey Estate,9686850614,12302025100012594,Success,
14007,Office,83703 Dennis Via,6883804100,12302025100012594,Success,
1667,Office,555 Roberts Lock,5718633538,12302025100012594,Success,
14007,Office,5861 Brett Lodge,3168352905,12302025100012594,Success,
1667,Office,7801 Henriette Unions,3453754277,12302025100012594,Success,
14007,Office,2207 The Willows,1409994901,12302025100012594,Success,
1667,Office,524 W South Street,2306437842,12302025100012594,Success,
14007,Office,36543 Oakfield Road,7100699337,12302025100012594,Success,
1667,Office,433 Bednar Falls,5933381576,12302025100012594,Success,
14007,Office,2246 Willow Road,4665907730,12302025100012594,Success,
1667,Office,262 Koepp Streets,4158094956,12302025100012594,Success,
14007,Office,50600 Brekke Drive,2651890669,12302025100012594,Success,
1667,Office,74683 Finn Branch,5659666434,12302025100012594,Success,
14007,Office,8586 Hillside Close,9059074900,12302025100012594,Success,
1667,Office,831 Koepp Mills,7907493251,12302025100012594,Success,
14007,Office,2602 Pablo Ramp,1740008517,12302025100012594,Success,
1667,Office,634 Oxford Street,5569187436,12302025100012594,Success,
14007,Office,188 Doug Branch,9489520798,12302025100012594,Success,
1667,Office,179 Kelton Harbor,9752448344,12302025100012594,Success,
14007,Office,9111 Rickie Ville,6282662795,12302025100012594,Success,
1667,Office,6680 Runolfsdottir Hills,7848782170,12302025100012594,Success,
14007,Office,41497 Main Street,1106363880,12302025100012594,Success,
1667,Office,7707 Bernhard Flats,9700486436,12302025100012594,Success,
14007,Office,91317 W Monroe Street,7253638193,12302025100012594,Success,
1667,Office,12878 Kasey Flats,5366356208,12302025100012594,Success,
14007,Office,587 Hickory Street,4482652811,12302025100012594,Success,
1667,Office,382 10th Street,8403968173,12302025100012594,Success,
14007,Office,6896 Martin Luther King Drive,9858654118,12302025100012594,Success,
1667,Office,97928 Dimitri Skyway,7888036435,12302025100012594,Success,
14007,Office,61694 Bahringer Islands,2615552616,12302025100012594,Success,
1667,Office,352 Lindgren Drive,9853991520,12302025100012594,Success,
14007,Office,3734 Von Mills,8557992086,12302025100012594,Success,
1667,Office,55802 Adolfo Ford,4805856839,12302025100012594,Success,
14007,Office,4987 Laburnum Grove,7115102377,12302025100012594,Success,
1667,Office,372 Lake Drive,4851527690,12302025100012594,Success,
14007,Office,49431 Woodside Road,2617805970,12302025100012594,Success,
1667,Office,2394 Estevan Forge,7366138582,12302025100012594,Success,
14007,Office,8513 Gladstone Road,5805651233,12302025100012594,Success,
1667,Office,6042 Keeling Wall,6081558045,12302025100012594,Success,
14007,Office,8070 Heller Route,1486930061,12302025100012594,Success,
1667,Office,697 Shaina Mill,6994378093,12302025100012594,Success,
14007,Office,781 Cedar Grove,8800757519,12302025100012594,Success,
1667,Office,57205 Mack Haven,7373101139,12302025100012594,Success,
14007,Office,403 Bergnaum Plains,3692932935,12302025100012594,Success,
1667,Office,7974 Alanna Shoals,7553713662,12302025100012594,Success,
14007,Office,776 Mia Route,2617462051,12302025100012594,Success,
1667,Office,6506 O'Kon Trace,8620938195,12302025100012594,Success,
14007,Office,282 Haley Oval,8474915983,12302025100012594,Success,
1667,Office,4618 Adam Viaduct,5559121261,12302025100012594,Success,
14007,Office,288 Clara Spur,7132545677,12302025100012594,Success,
1667,Office,138 Cummings Parks,8427886331,12302025100012594,Success,
14007,Office,62468 Bergstrom Burgs,3880661720,12302025100012594,Success,
1667,Office,532 Candice Wall,5232172414,12302025100012594,Success,
14007,Office,15822 Wiegand River,7529237584,12302025100012594,Success,
1667,Office,1387 Barton Ways,3748495334,12302025100012594,Success,
14007,Office,7374 Strosin Fields,5324645762,12302025100012594,Success,
1667,Office,26990 Grayson Unions,2516878358,12302025100012594,Success,
14007,Office,732 Russell Street,9974160189,12302025100012594,Success,
1667,Office,262 Elm Close,9391077333,12302025100012594,Success,
14007,Office,8961 E Oak Street,9882888078,12302025100012594,Success,
1667,Office,58686 Vladimir Mills,6476416951,12302025100012594,Success,
14007,Office,3666 Schaefer Knolls,5171710751,12302025100012594,Success,
1667,Office,61265 Pine Street,1962747184,12302025100012594,Success,
14007,Office,34881 E North Street,7754612318,12302025100012594,Success,
1667,Office,58038 Poplar Road,1721655818,12302025100012594,Success,
14007,Office,272 Bruen Corner,4768026928,12302025100012594,Success,
1667,Office,2297 Torphy Brook,9801365313,12302025100012594,Success,
14007,Office,5775 S Washington Street,7293231824,12302025100012594,Success,
1667,Office,2297 13th Street,1052425747,12302025100012594,Success,
14007,Office,78113 Grover Squares,2445733368,12302025100012594,Success,
1667,Office,993 Pollich Road,4907332534,12302025100012594,Success,
14007,Office,5927 Park Crescent,4556499859,12302025100012594,Success,
1667,Office,77027 Laila Ports,8847603926,12302025100012594,Success,
14007,Office,205 Dicki Crossing,9236002295,12302025100012594,Success,
1667,Office,51791 Avenue Road,1690751718,12302025100012594,Success,
14007,Office,32591 Dietrich Garden,7727597872,12302025100012594,Success,
1667,Office,2511 Oxford Road,5523415024,12302025100012594,Success,
14007,Office,6435 Sadie Roads,4480735673,12302025100012594,Success,
1667,Office,202 Watery Lane,8285048625,12302025100012594,Success,
14007,Office,24401 Hintz Corner,8453375295,12302025100012594,Success,
1667,Office,13328 Lew Hills,4979935654,12302025100012594,Success,
14007,Office,493 E North Street,5715833775,12302025100012594,Success,
1667,Office,17390 Parker Center,9987488646,12302025100012594,Success,
14007,Office,73810 Strosin Park,2334216306,12302025100012594,Success,
1667,Office,555 Jordy Rapid,1602629283,12302025100012594,Success,
14007,Office,69038 Angela Lodge,9974566685,12302025100012594,Success,
1667,Office,41213 Ash Close,4600130718,12302025100012594,Success,
14007,Office,16262 E Grand Avenue,6611022750,12302025100012594,Success,
1667,Office,3529 Spinka Walks,5423439424,12302025100012594,Success,
14007,Office,310 Rippin Expressway,5770762708,12302025100012594,Success,
1667,Office,9276 Schowalter Junction,4052748382,12302025100012594,Success,
14007,Office,7570 Schaefer Rue,6649362951,12302025100012594,Success,
1667,Office,4957 Kamille Key,2282578706,12302025100012594,Success,
14007,Office,91050 Rau Rest,2453488603,12302025100012594,Success,
1667,Office,916 Funk Green,5534981855,12302025100012594,Success,
14007,Office,1088 Phoebe Centers,4845534540,12302025100012594,Success,
1667,Office,8796 Lisa Lights,4579545151,12302025100012594,Success,
14007,Office,37262 E High Street,1097636446,12302025100012594,Success,
1667,Office,4647 Hoppe Meadows,2549654229,12302025100012594,Success,
14007,Office,466 Cloyd Common,3463661759,12302025100012594,Success,
1667,Office,713 Savanna Pines,8302195090,12302025100012594,Success,
14007,Office,2418 Ryann Gateway,3376306848,12302025100012594,Success,
1667,Office,104 Trantow Harbor,9159473786,12302025100012594,Success,
14007,Office,48585 Bridge Street,2495706756,12302025100012594,Success,
1667,Office,343 King Station,1086611729,12302025100012594,Success,
14007,Office,75920 Medhurst Light,5355868671,12302025100012594,Success,
1667,Office,5830 Oak Lane,3269637559,12302025100012594,Success,
14007,Office,4784 Harris Cliffs,1723547584,12302025100012594,Success,
1667,Office,299 W Chestnut Street,7332089740,12302025100012594,Success,
14007,Office,8815 Vicky Lakes,2070000334,12302025100012594,Success,
1667,Office,1892 Mosciski Vista,1758692614,12302025100012594,Success,
14007,Office,73383 Bell Lane,2913218664,12302025100012594,Success,
1667,Office,77420 The Chase,9038931019,12302025100012594,Success,
14007,Office,6155 Lansdowne Road,5371406060,12302025100012594,Success,
1667,Office,353 Chance Cliff,8767854441,12302025100012594,Success,
14007,Office,54535 Hodkiewicz Street,1906600326,12302025100012594,Success,
1667,Office,48370 Reilly Junction,9638906076,12302025100012594,Success,
14007,Office,857 Yew Tree Close,4279339483,12302025100012594,Success,
1667,Office,33223 Jalon Creek,4782309213,12302025100012594,Success,
14007,Office,47067 Erdman Prairie,4862154746,12302025100012594,Success,
1667,Office,33060 Barry Corners,4652687635,12302025100012594,Success,
14007,Office,14678 Barton Stravenue,9060435601,12302025100012594,Success,
1667,Office,33609 Howell Lane,9668411968,12302025100012594,Success,
14007,Office,3789 Park Street,3329818513,12302025100012594,Success,
1667,Office,7519 Franz Plaza,8825630629,12302025100012594,Success,
14007,Office,1325 Stracke Spring,9546097093,12302025100012594,Success,
1667,Office,21755 Birch Road,9170659185,12302025100012594,Success,
14007,Office,986 Maple Drive,4519340283,12302025100012594,Success,
1667,Office,8955 The Ridgeway,7377315301,12302025100012594,Success,
14007,Office,59286 Walnut Street,7819597056,12302025100012594,Success,
1667,Office,271 Nienow Heights,6192152465,12302025100012594,Success,
14007,Office,98669 Schamberger Lane,9995071408,12302025100012594,Success,
1667,Office,761 N Washington Street,8660502777,12302025100012594,Success,
14007,Office,77331 Ned Square,1168539466,12302025100012594,Success,
1667,Office,635 Friesen Walk,3500130177,12302025100012594,Success,
14007,Office,811 Larch Close,1215859042,12302025100012594,Success,
1667,Office,136 Klein Branch,4867770644,12302025100012594,Success,
14007,Office,8068 Reinger Lock,7132087308,12302025100012594,Success,
1667,Office,58079 Trevion Fords,1769617361,12302025100012594,Success,
14007,Office,8327 Crown Street,4677473931,12302025100012594,Success,
1667,Office,96208 Jedediah Fords,7908408313,12302025100012594,Success,
14007,Office,93159 Herman Forge,9960919053,12302025100012594,Success,
1667,Office,892 Pearl Street,5666041184,12302025100012594,Success,
14007,Office,92088 Susana Walks,4854190344,12302025100012594,Success,
1667,Office,36112 Cierra Crossroad,1187917352,12302025100012594,Success,
14007,Office,3019 Wilkinson Curve,3206725272,12302025100012594,Success,
1667,Office,35547 Clarendon Road,4305234717,12302025100012594,Success,
14007,Office,7716 Willow Close,8831563537,12302025100012594,Success,
1667,Office,14493 Connelly River,4003795448,12302025100012594,Success,
14007,Office,4766 Fisher Row,1505424025,12302025100012594,Success,
1667,Office,103 Bradley Squares,3991406524,12302025100012594,Success,
14007,Office,710 Yundt Stravenue,3482065120,12302025100012594,Success,
1667,Office,11120 The Sidings,2213243657,12302025100012594,Success,
14007,Office,154 Koch Motorway,2269456205,12302025100012594,Success,
1667,Office,5301 Cummings View,2607144692,12302025100012594,Success,
14007,Office,11850 Blair Lake,1071310251,12302025100012594,Success,
1667,Office,41783 Fahey Common,1351422116,12302025100012594,Success,
14007,Office,21976 McClure Roads,9470962814,12302025100012594,Success,
1667,Office,20959 Jarrett Forest,3239798373,12302025100012594,Success,
14007,Office,85675 Waterloo Road,1211640802,12302025100012594,Success,
1667,Office,5083 West Street,7180838158,12302025100012594,Success,
14007,Office,98268 Pattie Road,3869542292,12302025100012594,Success,
1667,Office,41933 N Front Street,4468665790,12302025100012594,Success,
14007,Office,8149 Bridge Road,1979437525,12302025100012594,Success,
1667,Office,8619 Dickens Shores,8853945057,12302025100012594,Success,
14007,Office,6951 Enrique Creek,7096999742,12302025100012594,Success,
1667,Office,9364 Cooper Manor,7117742602,12302025100012594,Success,
14007,Office,506 Retta Fords,8222702824,12302025100012594,Success,
1667,Office,376 Zboncak Rest,6855377814,12302025100012594,Success,
14007,Office,47873 S West Street,4230617355,12302025100012594,Success,
1667,Office,70850 Center Street,8036300080,12302025100012594,Success,
14007,Office,5215 Kristofer Forges,6121772916,12302025100012594,Success,
1667,Office,890 Yvette Orchard,5681656164,12302025100012594,Success,
14007,Office,151 Summer Unions,3606663778,12302025100012594,Success,
1667,Office,6483 D'Amore Ports,4846616175,12302025100012594,Success,
14007,Office,8473 Frami Plains,9924362695,12302025100012594,Success,
1667,Office,595 Stanford Streets,6027054193,12302025100012594,Success,
14007,Office,101 Dayna Pike,2806443586,12302025100012594,Success,
1667,Office,8953 S Main Avenue,9038388786,12302025100012594,Success,
14007,Office,323 N Bridge Street,9881089097,12302025100012594,Success,
1667,Office,638 Champlin Cove,3882488263,12302025100012594,Success,
14007,Office,86476 Arvilla Route,6923487213,12302025100012594,Success,
1667,Office,18386 N Locust Street,8392810492,12302025100012594,Success,
14007,Office,1372 E 6th Street,7706413876,12302025100012594,Success,
1667,Office,558 Albion Street,5846634852,12302025100012594,Success,
14007,Office,7697 Bridge Road,6240787160,12302025100012594,Success,
1667,Office,322 Vern Brooks,6600033145,12302025100012594,Success,
14007,Office,521 Bertha Lake,1777604286,12302025100012594,Success,
1667,Office,68674 Cormier Fall,5151518723,12302025100012594,Success,
14007,Office,916 Braun Fork,2306235579,12302025100012594,Success,
1667,Office,2755 Hilpert Mills,2529940839,12302025100012594,Success,
14007,Office,52235 Kaylee Estate,7397572959,12302025100012594,Success,
1667,Office,22198 Vicente Lake,6058027469,12302025100012594,Success,
14007,Office,2411 Jamil Corner,6873767360,12302025100012594,Success,
1667,Office,621 Manuel River,6177919411,12302025100012594,Success,
14007,Office,15678 Ray Knoll,7104024408,12302025100012594,Success,
1667,Office,355 Corrine Isle,9113645994,12302025100012594,Success,
14007,Office,135 Grimes Mills,2969002821,12302025100012594,Success,
1667,Office,596 St Andrew's Road,2751538677,12302025100012594,Success,
14007,Office,97082 Colin Pines,3788375689,12302025100012594,Success,
1667,Office,451 Ebert Burgs,6438528356,12302025100012594,Success,
14007,Office,405 Lake Drive,6391340206,12302025100012594,Success,
1667,Office,625 Rempel Extensions,8573994434,12302025100012594,Success,
14007,Office,1014 Crona Locks,3352918161,12302025100012594,Success,
1667,Office,319 Brook Street,2473975231,12302025100012594,Success,
14007,Office,47068 S 7th Street,9160763501,12302025100012594,Success,
1667,Office,569 Kilback Junctions,9848807823,12302025100012594,Success,
14007,Office,49519 Koepp Loop,7818807932,12302025100012594,Success,
1667,Office,4684 N Pine Street,3978298079,12302025100012594,Success,
14007,Office,174 Runte Ferry,8465129083,12302025100012594,Success,
1667,Office,2238 S Broad Street,5210268174,12302025100012594,Success,
14007,Office,11375 Josiane Knolls,2745538257,12302025100012594,Success,
1667,Office,77266 Donnelly Rue,8852635949,12302025100012594,Success,
14007,Office,2784 Rectory Lane,1967003724,12302025100012594,Success,
1667,Office,826 Ryleigh Haven,3647522598,12302025100012594,Success,
14007,Office,9689 W Broad Street,2726506482,12302025100012594,Success,
1667,Office,9687 Noemi Lock,5668876281,12302025100012594,Success,
14007,Office,8677 Kihn Prairie,1222097624,12302025100012594,Success,
1667,Office,228 Lake Avenue,5390884622,12302025100012594,Success,
14007,Office,4278 Melba Parkways,1733866377,12302025100012594,Success,
1667,Office,529 Anika Manors,2896147205,12302025100012594,Success,
14007,Office,2584 Emard Brooks,7516525307,12302025100012594,Success,
1667,Office,6610 W Washington Avenue,7898612242,12302025100012594,Success,
14007,Office,27236 Sarina Center,7839229358,12302025100012594,Success,
1667,Office,2218 Kertzmann Manor,5946788678,12302025100012594,Success,
14007,Office,188 Brayan Mews,7524591366,12302025100012594,Success,
1667,Office,349 Legros Greens,5451022603,12302025100012594,Success,
14007,Office,769 Padberg Lodge,7054278974,12302025100012594,Success,
1667,Office,308 Modesta Parks,7479779145,12302025100012594,Success,
14007,Office,709 S Union Street,6098617827,12302025100012594,Success,
1667,Office,108 S 1st Avenue,6720864910,12302025100012594,Success,
14007,Office,24302 Hills Mews,9028437002,12302025100012594,Success,
1667,Office,361 Bonita Ford,9740393278,12302025100012594,Success,
14007,Office,729 Finn Fall,6989493736,12302025100012594,Success,
1667,Office,28152 William Ramp,7140994494,12302025100012594,Success,
14007,Office,92561 The Oaks,6095854123,12302025100012594,Success,
1667,Office,500 Madie Viaduct,4864208488,12302025100012594,Success,
14007,Office,456 Russel Gardens,8491087962,12302025100012594,Success,
1667,Office,96428 Bridge Street,3713373100,12302025100012594,Success,
14007,Office,827 Priory Road,8469452586,12302025100012594,Success,
1667,Office,86119 Will Spring,7356279441,12302025100012594,Success,
14007,Office,22843 O'Kon Crescent,1462701539,12302025100012594,Success,
1667,Office,1616 Jovan Extension,9727423935,12302025100012594,Success,
14007,Office,69899 Garden Street,3034749311,12302025100012594,Success,
1667,Office,2841 Doyle Villages,2223184917,12302025100012594,Success,
14007,Office,8500 Beech Close,6108304382,12302025100012594,Success,
1667,Office,7201 Yundt Lock,3019341816,12302025100012594,Success,
14007,Office,11750 Cow Lane,4820094542,12302025100012594,Success,
1667,Office,42617 Domenica Estate,1558791563,12302025100012594,Success,
14007,Office,5089 Ariel Plaza,1548327771,12302025100012594,Success,
1667,Office,8997 Chestnut Drive,4956113953,12302025100012594,Success,
14007,Office,2096 Edward Street,3991247394,12302025100012594,Success,
1667,Office,90191 Elsa Plains,5052470263,12302025100012594,Success,
14007,Office,55610 N Pine Street,4848548367,12302025100012594,Success,
1667,Office,61761 Harber Walk,2377802110,12302025100012594,Success,
14007,Office,703 Holden Plain,2364774949,12302025100012594,Success,
1667,Office,187 Keeling Ferry,3667544267,12302025100012594,Success,
14007,Office,54202 N 6th Street,1888634589,12302025100012594,Success,
1667,Office,40014 Koelpin Courts,1497548009,12302025100012594,Success,
14007,Office,8225 Daniel Divide,6105794210,12302025100012594,Success,
1667,Office,1641 Erling Curve,6732038101,12302025100012594,Success,
14007,Office,933 DuBuque Islands,5115646632,12302025100012594,Success,
1667,Office,5997 Camilla Oval,2493902445,12302025100012594,Success,
14007,Office,92426 Kings Highway,1008238524,12302025100012594,Success,
1667,Office,568 Jadon Estate,5754089411,12302025100012594,Success,
14007,Office,483 O'Conner Underpass,5839106152,12302025100012594,Success,
1667,Office,740 E Water Street,4360879874,12302025100012594,Success,
14007,Office,4506 Reichel Road,5564825720,12302025100012594,Success,
1667,Office,886 James Street,5498467209,12302025100012594,Success,
14007,Office,7986 Collier Pines,2114406122,12302025100012594,Success,
1667,Office,88171 Patience Ports,3324257434,12302025100012594,Success,
14007,Office,523 Walker Motorway,8398795635,12302025100012594,Success,
1667,Office,6312 Jude Green,1411549179,12302025100012594,Success,
14007,Office,8392 Mayra Spur,7654882711,12302025100012594,Success,
1667,Office,730 Kody Way,1905304632,12302025100012594,Success,
14007,Office,94153 1st Street,4336259520,12302025100012594,Success,
1667,Office,79162 Hershel Ports,2566053493,12302025100012594,Success,
14007,Office,38655 Mack Cliff,2240547854,12302025100012594,Success,
1667,Office,8510 Belmont Road,1906107290,12302025100012594,Success,
14007,Office,8869 Maple Avenue,3354418578,12302025100012594,Success,
1667,Office,64085 Runolfsdottir Stravenue,2564649125,12302025100012594,Success,
14007,Office,78857 Commercial Street,4664537719,12302025100012594,Success,
1667,Office,166 Crona Greens,1382512862,12302025100012594,Success,
14007,Office,366 Dickinson Wall,7933878825,12302025100012594,Success,
1667,Office,22669 Thompson Gardens,7695466467,12302025100012594,Success,
14007,Office,3070 W North Street,1719554958,12302025100012594,Success,
1667,Office,35066 Church Path,9223218481,12302025100012594,Success,
14007,Office,9090 Third Avenue,7517507545,12302025100012594,Success,
1667,Office,275 Fidel Falls,4549795680,12302025100012594,Success,
14007,Office,866 Orlando Run,6862287311,12302025100012594,Success,
1667,Office,3052 Felicita Springs,4745106486,12302025100012594,Success,
14007,Office,50785 Ernestine Courts,2535394312,12302025100012594,Success,
1667,Office,954 Kennedy Extensions,3175011698,12302025100012594,Success,
14007,Office,70839 Stanley Road,3034622149,12302025100012594,Success,
1667,Office,44643 Witting Land,7373578252,12302025100012594,Success,
14007,Office,915 Heath Road,2770989664,12302025100012594,Success,
1667,Office,2704 Prosacco Well,4389092351,12302025100012594,Success,
14007,Office,5696 King's Road,5817405152,12302025100012594,Success,
1667,Office,922 Ashleigh View,2675723349,12302025100012594,Success,
14007,Office,39376 Kuvalis Heights,4192173877,12302025100012594,Success,
1667,Office,1707 Jamarcus Haven,4462209109,12302025100012594,Success,
14007,Office,578 Madison Street,1938236588,12302025100012594,Success,
1667,Office,73987 Dante Brooks,5914412398,12302025100012594,Success,
14007,Office,8404 Boyer Rapid,1369821787,12302025100012594,Success,
1667,Office,9153 Sycamore Avenue,1795387651,12302025100012594,Success,
14007,Office,78531 April Pine,6675504415,12302025100012594,Success,
1667,Office,40963 Ashlee Points,8276307550,12302025100012594,Success,
14007,Office,235 Green Lane,4652350406,12302025100012594,Success,
1667,Office,99286 Dixie Parkways,2582474463,12302025100012594,Success,
14007,Office,7873 Sim Tunnel,1748033800,12302025100012594,Success,
1667,Office,680 W Front Street,9964726538,12302025100012594,Success,
14007,Office,8481 Yost Junction,7606854812,12302025100012594,Success,
1667,Office,756 McDermott Valleys,5679541481,12302025100012594,Success,
14007,Office,2967 Giovanni Park,4196549102,12302025100012594,Success,
1667,Office,469 State Avenue,6463493993,12302025100012594,Success,
14007,Office,778 Santiago Path,6240820488,12302025100012594,Success,
1667,Office,65224 Kris Spurs,2717354154,12302025100012594,Success,
14007,Office,4637 Roberts Loaf,5436103251,12302025100012594,Success,
1667,Office,365 Sophia Ways,2770454518,12302025100012594,Success,
14007,Office,430 Corkery Mews,6402925475,12302025100012594,Success,
1667,Office,128 Conner Streets,5959905069,12302025100012594,Success,
14007,Office,40239 The Orchard,3793428458,12302025100012594,Success,
1667,Office,17069 Sharon Parkway,2331993548,12302025100012594,Success,
14007,Office,21542 S Lincoln Street,9832318951,12302025100012594,Success,
1667,Office,532 Station Street,4446939360,12302025100012594,Success,
14007,Office,1824 Aurelia Circles,7439087340,12302025100012594,Success,
1667,Office,506 Brakus Cliffs,7644008226,12302025100012594,Success,
14007,Office,7546 Cara Squares,4702230706,12302025100012594,Success,
1667,Office,150 Jerel Crossroad,1132733860,12302025100012594,Success,
14007,Office,362 Cross Lane,6642067195,12302025100012594,Success,
1667,Office,614 Cooper Passage,3370508139,12302025100012594,Success,
14007,Office,68111 Steuber Meadow,6087535710,12302025100012594,Success,
1667,Office,942 Tennyson Road,2282559735,12302025100012594,Success,
14007,Office,2100 Borer Trail,4458878572,12302025100012594,Success,
1667,Office,99634 Ankunding Rue,2015017138,12302025100012594,Success,
14007,Office,71521 Stiedemann Inlet,1476401195,12302025100012594,Success,
1667,Office,86878 Forest Avenue,3367272120,12302025100012594,Success,
14007,Office,8761 Castle Lane,7668053037,12302025100012594,Success,
1667,Office,13120 16th Street,5358390786,12302025100012594,Success,
14007,Office,873 Estevan Crossing,1175860701,12302025100012594,Success,
1667,Office,41791 Alyce Streets,3853123402,12302025100012594,Success,
14007,Office,96835 Hettinger Keys,2128524433,12302025100012594,Success,
1667,Office,4137 Yew Tree Close,3723078145,12302025100012594,Success,
14007,Office,508 Ernser Coves,1427861925,12302025100012594,Success,
1667,Office,343 Muller Estates,1744295133,12302025100012594,Success,
14007,Office,35424 Taylor Vista,9333441043,12302025100012594,Success,
1667,Office,85898 Lowe Locks,7639516339,12302025100012594,Success,
14007,Office,426 Vicarage Lane,8722807831,12302025100012594,Success,
1667,Office,341 Breitenberg Expressway,9781573059,12302025100012594,Success,
14007,Office,65291 Deondre Brooks,2341614826,12302025100012594,Success,
1667,Office,46269 Maple Road,6939118217,12302025100012594,Success,
14007,Office,9103 Salisbury Road,3435971429,12302025100012594,Success,
1667,Office,63312 Oakfield Road,5216552191,12302025100012594,Success,
14007,Office,81678 Rosie Walks,3542198271,12302025100012594,Success,
1667,Office,831 Marlborough Road,2700171312,12302025100012594,Success,
14007,Office,84102 Meggie Mountains,6148607646,12302025100012594,Success,
1667,Office,225 Ronaldo Fords,9040758937,12302025100012594,Success,
14007,Office,910 Pacocha Landing,6213546123,12302025100012594,Success,
1667,Office,63140 Charley Key,3279296255,12302025100012594,Success,
14007,Office,74249 Schuster Heights,3798975480,12302025100012594,Success,
1667,Office,8591 Smith Divide,7079626391,12302025100012594,Success,
14007,Office,1351 Janelle Valley,7630529808,12302025100012594,Success,
1667,Office,45866 5th Street,2934188430,12302025100012594,Success,
14007,Office,741 S Market Street,5094934478,12302025100012594,Success,
1667,Office,14430 Alanis Drive,2116277774,12302025100012594,Success,
14007,Office,35104 Susie Place,1156712271,12302025100012594,Success,
1667,Office,4062 Berge Knoll,4032133580,12302025100012594,Success,
14007,Office,656 Gibson Corner,1574842621,12302025100012594,Success,
1667,Office,54621 Pine Street,3805228135,12302025100012594,Success,
14007,Office,16544 Wuckert Key,9785667598,12302025100012594,Success,
1667,Office,73218 West Road,6532142633,12302025100012594,Success,
14007,Office,624 Beech Drive,4923308978,12302025100012594,Success,
1667,Office,626 Ryann Walk,5778890765,12302025100012594,Success,
14007,Office,84752 Low Road,9221974648,12302025100012594,Success,
1667,Office,506 S Washington Avenue,4701508970,12302025100012594,Success,
14007,Office,4455 Avery Route,6525622923,12302025100012594,Success,
1667,Office,5807 Alisa Spurs,6673211987,12302025100012594,Success,
14007,Office,248 Mose Junction,3324201817,12302025100012594,Success,
1667,Office,681 Noel Square,2610350228,12302025100012594,Success,
14007,Office,870 S 5th Street,5301688072,12302025100012594,Success,
1667,Office,789 Roman Way,7713916105,12302025100012594,Success,
14007,Office,73243 Walker Spring,1957166077,12302025100012594,Success,
1667,Office,8114 Carson Ferry,2514492828,12302025100012594,Success,
14007,Office,2364 Treutel Port,8622275802,12302025100012594,Success,
1667,Office,43468 Davon Ranch,8994182347,12302025100012594,Success,
14007,Office,166 Korbin Lights,8251697919,12302025100012594,Success,
1667,Office,210 S Jackson Street,5261708279,12302025100012594,Success,
14007,Office,782 Labadie Pine,6263471857,12302025100012594,Success,
1667,Office,906 Monroe Street,3324239268,12302025100012594,Success,
14007,Office,554 Nolan Mills,1254905665,12302025100012594,Success,
1667,Office,92257 Sarina Island,3446066004,12302025100012594,Success,
14007,Office,64237 N 7th Street,2784294542,12302025100012594,Success,
1667,Office,542 Mayer Pine,3020967478,12302025100012594,Success,
14007,Office,635 Bret Canyon,8450995985,12302025100012594,Success,
1667,Office,451 N Broadway Street,3912568706,12302025100012594,Success,
14007,Office,878 W 12th Street,8030871733,12302025100012594,Success,
1667,Office,11134 Kulas Spurs,5266888527,12302025100012594,Success,
14007,Office,20972 Homenick Expressway,2456383526,12302025100012594,Success,
1667,Office,4783 Hayes Walks,9155028304,12302025100012594,Success,
14007,Office,42385 Petra Pike,7359545321,12302025100012594,Success,
1667,Office,200 Barton Road,7874840686,12302025100012594,Success,
14007,Office,5008 Delores Mews,5953272466,12302025100012594,Success,
1667,Office,55385 Harris Cove,2709462851,12302025100012594,Success,
14007,Office,241 Parkside,2318831221,12302025100012594,Success,
1667,Office,581 N Cedar Street,3020353231,12302025100012594,Success,
14007,Office,6167 Beer Parks,1557327634,12302025100012594,Success,
1667,Office,49790 Brandt Lodge,4140507861,12302025100012594,Success,
14007,Office,5459 Lavina Hill,3844619466,12302025100012594,Success,
1667,Office,1110 Mack Forks,2946198357,12302025100012594,Success,
14007,Office,586 Schamberger Route,1269522183,12302025100012594,Success,
1667,Office,7125 Ondricka Ramp,1251160558,12302025100012594,Success,
14007,Office,56246 Broad Lane,8726294594,12302025100012594,Success,
1667,Office,5321 Hartmann Manors,5674777244,12302025100012594,Success,
14007,Office,298 Schmitt Well,7182557361,12302025100012594,Success,
1667,Office,2714 Gladstone Road,2802585166,12302025100012594,Success,
14007,Office,11837 Stamm Crossing,6188112332,12302025100012594,Success,
1667,Office,26606 Meadow Way,7986157322,12302025100012594,Success,
14007,Office,68924 Keagan Spur,6076915696,12302025100012594,Success,
1667,Office,42512 Wiegand Club,6752870311,12302025100012594,Success,
14007,Office,48198 Fahey Common,7412708000,12302025100012594,Success,
1667,Office,5214 Diamond Pine,1364853829,12302025100012594,Success,
14007,Office,50144 Alvena Coves,5937191016,12302025100012594,Success,
1667,Office,900 Klein Junctions,1331983568,12302025100012594,Success,
14007,Office,127 Roosevelt Glen,8952333922,12302025100012594,Success,
1667,Office,64123 The Green,6122911398,12302025100012594,Success,
14007,Office,70090 Dedric Mount,2118984918,12302025100012594,Success,
1667,Office,189 Heath Road,9145488500,12302025100012594,Success,
14007,Office,1137 Aliya Way,8636094746,12302025100012594,Success,
1667,Office,2710 Bramley Close,2110746795,12302025100012594,Success,
14007,Office,806 Hintz Parkways,5557631804,12302025100012594,Success,
1667,Office,567 Heathcote Camp,7313839551,12302025100012594,Success,
14007,Office,9976 Manchester Road,5018848850,12302025100012594,Success,
1667,Office,1110 Ana Orchard,7707187946,12302025100012594,Success,
14007,Office,284 Glebe Close,4246932427,12302025100012594,Success,
1667,Office,954 Madelyn Haven,2718728965,12302025100012594,Success,
14007,Office,9165 Tremblay Alley,5888503181,12302025100012594,Success,
1667,Office,25350 Waelchi Union,7676040759,12302025100012594,Success,
14007,Office,2257 Balistreri Shoals,6655592551,12302025100012594,Success,
1667,Office,9616 Hand Falls,5109520138,12302025100012594,Success,
14007,Office,7674 Henderson Gateway,1332676445,12302025100012594,Success,
1667,Office,71949 Block Crest,5583616946,12302025100012594,Success,
14007,Office,6597 Arvilla Squares,9249405516,12302025100012594,Success,
1667,Office,6501 Farrell Point,2674714308,12302025100012594,Success,
14007,Office,7436 Shany Fork,7669097357,12302025100012594,Success,
1667,Office,223 Fay Walks,3512527445,12302025100012594,Success,
14007,Office,80832 Zachariah Skyway,5453043502,12302025100012594,Success,
1667,Office,76439 Pollich Wells,7582360610,12302025100012594,Success,
14007,Office,38591 Franklin Avenue,6756367280,12302025100012594,Success,
1667,Office,11855 Elliot Shoals,1620717959,12302025100012594,Success,
14007,Office,979 W Broad Street,5686651708,12302025100012594,Success,
1667,Office,8209 Ken Creek,4179675103,12302025100012594,Success,
14007,Office,542 Kohler Bridge,1172245858,12302025100012594,Success,
1667,Office,39059 Jennings Manors,2764995533,12302025100012594,Success,
14007,Office,62512 Harber Neck,4045551102,12302025100012594,Success,
1667,Office,6226 Mckenna Flats,8446391092,12302025100012594,Success,
14007,Office,8491 Carter Flats,3732910189,12302025100012594,Success,
1667,Office,13681 S Railroad Street,5108238777,12302025100012594,Success,
14007,Office,29798 S 14th Street,2184560297,12302025100012594,Success,
1667,Office,8843 Kirlin Mall,7927323883,12302025100012594,Success,
14007,Office,686 Sycamore Avenue,5015700438,12302025100012594,Success,
1667,Office,4335 Martin Luther King Jr Boulevard,3532384862,12302025100012594,Success,
14007,Office,3212 Ash Street,7351978010,12302025100012594,Success,
1667,Office,76494 Virginie Valleys,1995770963,12302025100012594,Success,
14007,Office,53202 Dasia Mountain,4080848916,12302025100012594,Success,
1667,Office,635 Shakira Glen,4503077845,12302025100012594,Success,
14007,Office,7319 Glen Groves,2547461556,12302025100012594,Success,
1667,Office,4722 Beahan Drive,9797309124,12302025100012594,Success,
14007,Office,25885 Runolfsson Alley,8673703704,12302025100012594,Success,
1667,Office,95588 W 12th Street,5743385308,12302025100012594,Success,
14007,Office,806 Quarry Road,7721774906,12302025100012594,Success,
1667,Office,587 Kolby View,3963842663,12302025100012594,Success,
14007,Office,8185 Thompson Junctions,8133646658,12302025100012594,Success,
1667,Office,586 15th Street,7509674278,12302025100012594,Success,
14007,Office,50467 E Broadway Street,8925151833,12302025100012594,Success,
1667,Office,5744 Violette Vista,2229529819,12302025100012594,Success,
14007,Office,84452 Elvis Views,6631132405,12302025100012594,Success,
1667,Office,93942 South View,6395903281,12302025100012594,Success,
14007,Office,70712 Lindgren Wells,5135045256,12302025100012594,Success,
1667,Office,45345 Russell Street,2608658497,12302025100012594,Success,
14007,Office,679 Conroy Expressway,1011375546,12302025100012594,Success,
1667,Office,408 N Broadway,1161794199,12302025100012594,Success,
14007,Office,763 Post Road,5110025445,12302025100012594,Success,
1667,Office,7380 Railway Street,4016082452,12302025100012594,Success,
14007,Office,65819 Ortiz Squares,4175527301,12302025100012594,Success,
1667,Office,62832 Kuhn Ford,7334185999,12302025100012594,Success,
14007,Office,932 Evie Well,5493638917,12302025100012594,Success,
1667,Office,594 Wisoky Mews,5279307686,12302025100012594,Success,
14007,Office,792 Muhammad Squares,9070119313,12302025100012594,Success,
1667,Office,634 Queen's Road,8128160808,12302025100012594,Success,
14007,Office,3885 14th Street,3320067526,12302025100012594,Success,
1667,Office,34050 N Broad Street,8058842862,12302025100012594,Success,
14007,Office,8844 Ansel Alley,2732017300,12302025100012594,Success,
1667,Office,1424 Union Avenue,7267037986,12302025100012594,Success,
14007,Office,789 Hilpert Isle,6999115617,12302025100012594,Success,
1667,Office,36954 Alaina Greens,3097840458,12302025100012594,Success,
14007,Office,3634 Lorenza Burg,5949750945,12302025100012594,Success,
1667,Office,85889 Bailey Rue,1471278355,12302025100012594,Success,
14007,Office,7737 Gabriel Harbor,8081951570,12302025100012594,Success,
1667,Office,53803 N Central Avenue,4959654153,12302025100012594,Success,
14007,Office,89585 Elbert Fields,8291493112,12302025100012594,Success,
1667,Office,10908 Stephon Hollow,7065820610,12302025100012594,Success,
14007,Office,68034 Smitham Spring,4680012850,12302025100012594,Success,
1667,Office,902 Moor Lane,1958592546,12302025100012594,Success,
14007,Office,34391 Becker Route,3150533616,12302025100012594,Success,
1667,Office,2366 Camden Hollow,8591743028,12302025100012594,Success,
14007,Office,57003 Wyman Lakes,1103816032,12302025100012594,Success,
1667,Office,91435 Batz Parks,2115727002,12302025100012594,Success,
14007,Office,800 Keeley Ford,6479201426,12302025100012594,Success,
1667,Office,96292 Collins Common,4253959049,12302025100012594,Success,
14007,Office,96025 Serenity Extension,5866598740,12302025100012594,Success,
1667,Office,472 Jacey Junction,5713929264,12302025100012594,Success,
14007,Office,593 Dibbert Knolls,6772619625,12302025100012594,Success,
1667,Office,3678 Holly Close,6329848063,12302025100012594,Success,
14007,Office,806 Hackett Ridge,8553508861,12302025100012594,Success,
1667,Office,77315 N Park Street,8300498442,12302025100012594,Success,
14007,Office,98233 Antonetta Meadow,7977209478,12302025100012594,Success,
1667,Office,635 Predovic Meadow,8069129139,12302025100012594,Success,
14007,Office,32050 Lauriane Underpass,6129531053,12302025100012594,Success,
1667,Office,756 Atlantic Avenue,4312786373,12302025100012594,Success,
14007,Office,8276 Kingfisher Close,2172653414,12302025100012594,Success,
1667,Office,681 Jones Spur,5288422041,12302025100012594,Success,
14007,Office,15765 Vivien Plain,5081769588,12302025100012594,Success,
1667,Office,1957 Mraz Pines,5830693931,12302025100012594,Success,
14007,Office,9363 Castle Road,3931529974,12302025100012594,Success,
1667,Office,285 Lou Hills,3463741562,12302025100012594,Success,
14007,Office,8926 Felipe Brooks,9100564311,12302025100012594,Success,
1667,Office,28590 Meadow Lane,9627239373,12302025100012594,Success,
14007,Office,4346 Main Street E,8076573885,12302025100012594,Success,
1667,Office,40785 Mariah Vista,4659231168,12302025100012594,Success,
14007,Office,50535 Westfield Road,4477568707,12302025100012594,Success,
1667,Office,69590 Odessa Islands,2138419316,12302025100012594,Success,
14007,Office,734 Marisa Key,4270419635,12302025100012594,Success,
1667,Office,478 Lew Mall,5839966660,12302025100012594,Success,
14007,Office,267 Keshaun Route,9317767896,12302025100012594,Success,
1667,Office,46844 Batz Passage,2907507710,12302025100012594,Success,
14007,Office,1708 Stuart Station,3453738524,12302025100012594,Success,
1667,Office,3213 Mulberry Street,9628302801,12302025100012594,Success,
14007,Office,7701 Gottlieb Streets,1113857009,12302025100012594,Success,
1667,Office,754 Meadow View,2302042362,12302025100012594,Success,
14007,Office,152 Lera Dam,3521016876,12302025100012594,Success,
1667,Office,3790 Francisco Landing,5524580565,12302025100012594,Success,
14007,Office,49258 Moor Lane,3474404885,12302025100012594,Success,
1667,Office,73812 Meadow Close,2059707637,12302025100012594,Success,
14007,Office,97688 Torp Shoal,5888357536,12302025100012594,Success,
1667,Office,28370 Corine Isle,3638381231,12302025100012594,Success,
14007,Office,6132 Anderson Gardens,5976066981,12302025100012594,Success,
1667,Office,63608 School Lane,6889949724,12302025100012594,Success,
14007,Office,60544 N Main Street,3272897272,12302025100012594,Success,
1667,Office,7486 W Pine Street,7705993258,12302025100012594,Success,
14007,Office,39404 Center Avenue,2691149643,12302025100012594,Success,
1667,Office,1323 Lauryn Knoll,7693524248,12302025100012594,Success,
14007,Office,892 The Willows,8404091893,12302025100012594,Success,
1667,Office,911 Domingo Knolls,6546948593,12302025100012594,Success,
