File Number,Loan Account Number,Sub LAN,Case Filing Date,Forum (court),Case type,Case Number,Case Year,Petitioner,Respondent,CNR (district courts),Lawyer,Next Hearing Date,TransactionId,Status,Remarks
"=""FN74906623""","=""68210000005802""",,"=""2024-05-10""","=""Civil Court""","=""Recovery""","=""CASE1002""","=""2024""","=""Percy Purdy-McCullough DDS""","=""Mr. Gene Shanahan""","=""CNR785881729473""","=""Lynda Fisher""","=""2028-12-31""","=""20260730205543611""",Success,
"=""FN36447799""","=""68210000005802""",,"=""2024-05-10""","=""Civil Court""","=""Recovery""","=""CASE1003""","=""2024""","=""Jody Moen""","=""Claire Hamill""","=""CNR473548656606""","=""Mabel Feeney Jr.""","=""2028-12-31""","=""20260730205543611""",Success,
"=""FN52319942""","=""68210000005802""",,"=""2024-05-10""","=""Civil Court""","=""Recovery""","=""CASE1004""","=""2024""","=""Maryann Lockman""","=""Frances Stark""","=""CNR089158781697""","=""Dr. Jerry Purdy""","=""2028-12-31""","=""20260730205543611""",Success,
"=""FN64421677""","=""68210000005802""",,"=""2024-05-10""","=""Civil Court""","=""Recovery""","=""CASE1005""","=""2024""","=""Angelina King""","=""Miss Geneva Ritchie""","=""CNR009095530864""","=""Sherri Witting""","=""2028-12-31""","=""20260730205543611""",Success,
"=""FN65482133""","=""68210000005802""",,"=""2024-05-10""","=""Civil Court""","=""Recovery""","=""CASE1006""","=""2024""","=""Julian Monahan""","=""Mr. Roderick Rice-Lesch""","=""CNR834466507299""","=""Lana Welch""","=""2028-12-31""","=""20260730205543611""",Success,
"=""FN53577709""","=""68210000005802""",,"=""2024-05-10""","=""Civil Court""","=""Recovery""","=""CASE1007""","=""2024""","=""Isaac Lowe Jr.""","=""Jessie Hauck""","=""CNR332674892986""","=""Salvador Hamill MD""","=""2028-12-31""","=""20260730205543611""",Success,
"=""FN26376226""","=""68210000005802""",,"=""2024-05-10""","=""Civil Court""","=""Recovery""","=""CASE1008""","=""2024""","=""Angel Yundt-Lehner""","=""Alyssa Schaefer""","=""CNR819852085106""","=""Rebecca Dare""","=""2028-12-31""","=""20260730205543611""",Success,
"=""FN06243373""","=""68210000005802""",,"=""2024-05-10""","=""Civil Court""","=""Recovery""","=""CASE1009""","=""2024""","=""Sarah Hirthe""","=""Gladys Metz""","=""CNR700574377466""","=""Minnie Franecki""","=""2028-12-31""","=""20260730205543611""",Success,
"=""FN53469488""","=""68210000005802""",,"=""2024-05-10""","=""Civil Court""","=""Recovery""","=""CASE1010""","=""2024""","=""Debra Wuckert""","=""Sheri Schneider""","=""CNR284552492859""","=""Simon Lakin""","=""2028-12-31""","=""20260730205543611""",Success,
"=""FN56793867""","=""68210000005802""",,"=""2024-05-10""","=""Civil Court""","=""Recovery""","=""CASE1011""","=""2024""","=""Andres Bradtke-Predovic""","=""Josh DuBuque""","=""CNR368234273227""","=""Mrs. Kerry Schinner""","=""2028-12-31""","=""20260730205543611""",Success,
"=""FN28982459""","=""68210000005802""",,"=""2024-05-10""","=""Civil Court""","=""Recovery""","=""CASE1012""","=""2024""","=""Mrs. Charlotte Upton""","=""Marilyn Douglas""","=""CNR610139677944""","=""Glen Hodkiewicz MD""","=""2028-12-31""","=""20260730205543611""",Success,
"=""FN36025343""","=""68210000005802""",,"=""2024-05-10""","=""Civil Court""","=""Recovery""","=""CASE1013""","=""2024""","=""Rudy Medhurst""","=""Christine Christiansen""","=""CNR314792567251""","=""Mr. Jimmy Murazik""","=""2028-12-31""","=""20260730205543611""",Success,
"=""FN32008395""","=""68210000005802""",,"=""2024-05-10""","=""Civil Court""","=""Recovery""","=""CASE1014""","=""2024""","=""Clifford Hermiston""","=""Myrtle Koss""","=""CNR894132913461""","=""Mr. Pablo Mayer""","=""2028-12-31""","=""20260730205543611""",Success,
"=""FN52706103""","=""68210000005802""",,"=""2024-05-10""","=""Civil Court""","=""Recovery""","=""CASE1015""","=""2024""","=""Lula Rempel""","=""Dr. Herbert Thompson""","=""CNR302807085910""","=""Danielle Rutherford""","=""2028-12-31""","=""20260730205543611""",Success,
"=""FN23613345""","=""68210000005802""",,"=""2024-05-10""","=""Civil Court""","=""Recovery""","=""CASE1016""","=""2024""","=""Mr. Tony Fay""","=""Annette Bruen""","=""CNR085301787953""","=""Reginald White-Quigley""","=""2028-12-31""","=""20260730205543611""",Success,
"=""FN53020822""","=""68210000005802""",,"=""2024-05-10""","=""Civil Court""","=""Recovery""","=""CASE1017""","=""2024""","=""Sherman Murray""","=""Thelma Hickle""","=""CNR281064839727""","=""Debra Bayer DVM""","=""2028-12-31""","=""20260730205543611""",Success,
"=""FN36668118""","=""68210000005802""",,"=""2024-05-10""","=""Civil Court""","=""Recovery""","=""CASE1018""","=""2024""","=""Eunice Erdman II""","=""Paul Dooley""","=""CNR785673181634""","=""Bradford Lynch""","=""2028-12-31""","=""20260730205543611""",Success,
"=""FN93148230""","=""68210000005802""",,"=""2024-05-10""","=""Civil Court""","=""Recovery""","=""CASE1019""","=""2024""","=""Ms. Tabitha Towne""","=""Sandy Bauch""","=""CNR813610768198""","=""Ronald Beer II""","=""2028-12-31""","=""20260730205543611""",Success,
"=""FN19570288""","=""68210000005802""",,"=""2024-05-10""","=""Civil Court""","=""Recovery""","=""CASE1020""","=""2024""","=""Willie Ziemann""","=""Kendra Fahey""","=""CNR701625680374""","=""Max Stamm""","=""2028-12-31""","=""20260730205543611""",Success,
"=""FN76725243""","=""68210000005802""",,"=""2024-05-10""","=""Civil Court""","=""Recovery""","=""CASE1021""","=""2024""","=""Mr. Alfonso Ratke""","=""Steve Bernier""","=""CNR443929421488""","=""Dr. Kendra Tillman""","=""2028-12-31""","=""20260730205543611""",Success,
"=""FN09484481""","=""68210000005802""",,"=""2024-05-10""","=""Civil Court""","=""Recovery""","=""CASE1022""","=""2024""","=""Anna Hartmann""","=""Joel Gutmann""","=""CNR493358126474""","=""Francisco Harris""","=""2028-12-31""","=""20260730205543611""",Success,
"=""FN46760354""","=""68210000005802""",,"=""2024-05-10""","=""Civil Court""","=""Recovery""","=""CASE1023""","=""2024""","=""Boyd Schinner""","=""Eva Harber""","=""CNR348588627368""","=""Candace Waters""","=""2028-12-31""","=""20260730205543611""",Success,
"=""FN07535016""","=""68210000005802""",,"=""2024-05-10""","=""Civil Court""","=""Recovery""","=""CASE1024""","=""2024""","=""Loretta Huels""","=""Johanna Ondricka""","=""CNR715708498217""","=""Kelly Yost""","=""2028-12-31""","=""20260730205543611""",Success,
"=""FN09893154""","=""68210000005802""",,"=""2024-05-10""","=""Civil Court""","=""Recovery""","=""CASE1025""","=""2024""","=""Olivia Robel""","=""Wilma Armstrong""","=""CNR700621473640""","=""Eileen Cruickshank""","=""2028-12-31""","=""20260730205543611""",Success,
"=""FN55416851""","=""68210000005802""",,"=""2024-05-10""","=""Civil Court""","=""Recovery""","=""CASE1026""","=""2024""","=""Gustavo Langworth""","=""Anthony Braun""","=""CNR592411843253""","=""Randolph Bartell MD""","=""2028-12-31""","=""20260730205543611""",Success,
"=""FN01058600""","=""68210000005802""",,"=""2024-05-10""","=""Civil Court""","=""Recovery""","=""CASE1027""","=""2024""","=""Dr. Emma Langworth""","=""Bob Upton""","=""CNR216361995340""","=""Heather Aufderhar""","=""2028-12-31""","=""20260730205543611""",Success,
"=""FN43896143""","=""68210000005802""",,"=""2024-05-10""","=""Civil Court""","=""Recovery""","=""CASE1028""","=""2024""","=""Virginia Mueller""","=""Nathan Jacobs""","=""CNR574731168932""","=""Vicki Nicolas PhD""","=""2028-12-31""","=""20260730205543611""",Success,
"=""FN38384182""","=""68210000005802""",,"=""2024-05-10""","=""Civil Court""","=""Recovery""","=""CASE1029""","=""2024""","=""Bernard Schowalter""","=""Preston Klocko""","=""CNR447041623840""","=""Bobbie Bogan""","=""2028-12-31""","=""20260730205543611""",Success,
"=""FN31373338""","=""68210000005802""",,"=""2024-05-10""","=""Civil Court""","=""Recovery""","=""CASE1030""","=""2024""","=""Raymond Willms""","=""Ms. Pam Corwin""","=""CNR239948874425""","=""Terry Haley Sr.""","=""2028-12-31""","=""20260730205543611""",Success,
"=""FN86462336""","=""68210000005802""",,"=""2024-05-10""","=""Civil Court""","=""Recovery""","=""CASE1031""","=""2024""","=""Gary Macejkovic""","=""Eddie Raynor""","=""CNR216184062095""","=""Gail Effertz""","=""2028-12-31""","=""20260730205543611""",Success,
"=""FN02195146""","=""68210000005802""",,"=""2024-05-10""","=""Civil Court""","=""Recovery""","=""CASE1032""","=""2024""","=""Guy Herman""","=""Frederick Effertz""","=""CNR259856169308""","=""Darryl Lueilwitz""","=""2028-12-31""","=""20260730205543611""",Success,
"=""FN16870411""","=""68210000005802""",,"=""2024-05-10""","=""Civil Court""","=""Recovery""","=""CASE1033""","=""2024""","=""Jim Leffler""","=""Dianna Gottlieb""","=""CNR273861003549""","=""Colin Schmidt""","=""2028-12-31""","=""20260730205543611""",Success,
"=""FN60896509""","=""68210000005802""",,"=""2024-05-10""","=""Civil Court""","=""Recovery""","=""CASE1034""","=""2024""","=""Randal Prohaska Jr.""","=""Julio Crist""","=""CNR348619410869""","=""Silvia Kreiger""","=""2028-12-31""","=""20260730205543611""",Success,
"=""FN30232219""","=""68210000005802""",,"=""2024-05-10""","=""Civil Court""","=""Recovery""","=""CASE1035""","=""2024""","=""Angelo Quitzon""","=""Reginald McDermott""","=""CNR954793966525""","=""Ronnie Kohler""","=""2028-12-31""","=""20260730205543611""",Success,
"=""FN52098050""","=""68210000005802""",,"=""2024-05-10""","=""Civil Court""","=""Recovery""","=""CASE1036""","=""2024""","=""Olive Hagenes""","=""Caroline Lindgren""","=""CNR419215787119""","=""Lucy Feeney II""","=""2028-12-31""","=""20260730205543611""",Success,
"=""FN05845563""","=""68210000005802""",,"=""2024-05-10""","=""Civil Court""","=""Recovery""","=""CASE1037""","=""2024""","=""Beth Fay""","=""Lyle Volkman""","=""CNR021225997415""","=""Adrian Jacobi""","=""2028-12-31""","=""20260730205543611""",Success,
"=""FN33340984""","=""68210000005802""",,"=""2024-05-10""","=""Civil Court""","=""Recovery""","=""CASE1038""","=""2024""","=""Francis Wehner""","=""Earl Keeling""","=""CNR752906525838""","=""Ella Kilback""","=""2028-12-31""","=""20260730205543611""",Success,
"=""FN70989836""","=""68210000005802""",,"=""2024-05-10""","=""Civil Court""","=""Recovery""","=""CASE1039""","=""2024""","=""Micheal Blanda""","=""Emily Ebert I""","=""CNR050989507892""","=""Priscilla Quitzon Jr.""","=""2028-12-31""","=""20260730205543611""",Success,
"=""FN13419871""","=""68210000005802""",,"=""2024-05-10""","=""Civil Court""","=""Recovery""","=""CASE1040""","=""2024""","=""Erik Marquardt MD""","=""Jared Cummerata MD""","=""CNR633616101185""","=""Dolores Koelpin IV""","=""2028-12-31""","=""20260730205543611""",Success,
"=""FN38784739""","=""68210000005802""",,"=""2024-05-10""","=""Civil Court""","=""Recovery""","=""CASE1041""","=""2024""","=""Laurence Mayer""","=""Veronica Smitham-Kuvalis III""","=""CNR106278145519""","=""Rodolfo Crooks""","=""2028-12-31""","=""20260730205543611""",Success,
"=""FN29253644""","=""68210000005802""",,"=""2024-05-10""","=""Civil Court""","=""Recovery""","=""CASE1042""","=""2024""","=""Dr. Howard Littel""","=""Darrell Moore""","=""CNR778795032001""","=""Miss Veronica Gutmann II""","=""2028-12-31""","=""20260730205543611""",Success,
"=""FN34164843""","=""68210000005802""",,"=""2024-05-10""","=""Civil Court""","=""Recovery""","=""CASE1043""","=""2024""","=""Gene Denesik IV""","=""Andre Rowe""","=""CNR740932180000""","=""Eleanor Collier""","=""2028-12-31""","=""20260730205543611""",Success,
"=""FN99559579""","=""68210000005802""",,"=""2024-05-10""","=""Civil Court""","=""Recovery""","=""CASE1044""","=""2024""","=""May Hartmann""","=""Eileen Stiedemann-Grady""","=""CNR026851174570""","=""Ramon Hilpert""","=""2028-12-31""","=""20260730205543611""",Success,
"=""FN49163553""","=""68210000005802""",,"=""2024-05-10""","=""Civil Court""","=""Recovery""","=""CASE1045""","=""2024""","=""Leah Paucek""","=""Ana Rempel DDS""","=""CNR219460222447""","=""Neil Rutherford""","=""2028-12-31""","=""20260730205543611""",Success,
"=""FN12294526""","=""68210000005802""",,"=""2024-05-10""","=""Civil Court""","=""Recovery""","=""CASE1046""","=""2024""","=""Rosalie Keeling""","=""June Harris-Funk""","=""CNR007544237126""","=""Dr. Patrick Raynor""","=""2028-12-31""","=""20260730205543611""",Success,
"=""FN30908271""","=""68210000005802""",,"=""2024-05-10""","=""Civil Court""","=""Recovery""","=""CASE1047""","=""2024""","=""Darrin Wiegand""","=""Arnold Schuster""","=""CNR468559924297""","=""Joel Stroman""","=""2028-12-31""","=""20260730205543611""",Success,
"=""FN18437323""","=""68210000005802""",,"=""2024-05-10""","=""Civil Court""","=""Recovery""","=""CASE1048""","=""2024""","=""Alvin Hilll""","=""Van Lynch""","=""CNR625449396886""","=""Joey Nicolas""","=""2028-12-31""","=""20260730205543611""",Success,
"=""FN24744616""","=""68210000005802""",,"=""2024-05-10""","=""Civil Court""","=""Recovery""","=""CASE1049""","=""2024""","=""Shari Feil""","=""Clay Kutch""","=""CNR475835217935""","=""Lamar O'Hara""","=""2028-12-31""","=""20260730205543611""",Success,
"=""FN14275569""","=""68210000005802""",,"=""2024-05-10""","=""Civil Court""","=""Recovery""","=""CASE1050""","=""2024""","=""Amy Pollich-Wyman""","=""Brandy Johns""","=""CNR147848327998""","=""Myra Crona""","=""2028-12-31""","=""20260730205543611""",Success,
"=""FN11251173""","=""68210000005802""",,"=""2024-05-10""","=""Civil Court""","=""Recovery""","=""CASE1051""","=""2024""","=""Lester Okuneva""","=""Jill Parisian""","=""CNR291786431050""","=""Flora Murazik DDS""","=""2028-12-31""","=""20260730205543611""",Success,
"=""FN72860858""","=""68210000005802""",,"=""2024-05-10""","=""Civil Court""","=""Recovery""","=""CASE1052""","=""2024""","=""Kristen Dach""","=""Cody Runte""","=""CNR835129028439""","=""Wayne Hirthe""","=""2028-12-31""","=""20260730205543611""",Success,
"=""FN38896693""","=""68210000005802""",,"=""2024-05-10""","=""Civil Court""","=""Recovery""","=""CASE1053""","=""2024""","=""Miranda Bernier""","=""Valerie Kub""","=""CNR531951736146""","=""Toni Weimann-Franecki""","=""2028-12-31""","=""20260730205543611""",Success,
"=""FN71799333""","=""68210000005802""",,"=""2024-05-10""","=""Civil Court""","=""Recovery""","=""CASE1054""","=""2024""","=""Marcia Zieme-Dickinson""","=""Erin Thiel MD""","=""CNR948406870760""","=""Joyce Olson""","=""2028-12-31""","=""20260730205543611""",Success,
"=""FN13529156""","=""68210000005802""",,"=""2024-05-10""","=""Civil Court""","=""Recovery""","=""CASE1055""","=""2024""","=""Philip Stehr""","=""Dr. Gustavo Champlin""","=""CNR138458600831""","=""Jake Goodwin""","=""2028-12-31""","=""20260730205543611""",Success,
"=""FN72260106""","=""68210000005802""",,"=""2024-05-10""","=""Civil Court""","=""Recovery""","=""CASE1056""","=""2024""","=""Lynda O'Connell DVM""","=""Terry Collier""","=""CNR215614172248""","=""Ignacio Gleason""","=""2028-12-31""","=""20260730205543611""",Success,
"=""FN38304251""","=""68210000005802""",,"=""2024-05-10""","=""Civil Court""","=""Recovery""","=""CASE1057""","=""2024""","=""Sammy Harber""","=""Chester Hermiston""","=""CNR693908900316""","=""Tomas Hirthe-Gerlach""","=""2028-12-31""","=""20260730205543611""",Success,
"=""FN05075299""","=""68210000005802""",,"=""2024-05-10""","=""Civil Court""","=""Recovery""","=""CASE1058""","=""2024""","=""Evelyn Carter""","=""Mrs. Faye Reilly""","=""CNR632216919330""","=""Jennie Predovic""","=""2028-12-31""","=""20260730205543611""",Success,
"=""FN18073877""","=""68210000005802""",,"=""2024-05-10""","=""Civil Court""","=""Recovery""","=""CASE1059""","=""2024""","=""Dr. Alison Zieme""","=""Kelli Beatty Sr.""","=""CNR228176270651""","=""Alberta King""","=""2028-12-31""","=""20260730205543611""",Success,
"=""FN03027561""","=""68210000005802""",,"=""2024-05-10""","=""Civil Court""","=""Recovery""","=""CASE1060""","=""2024""","=""Jerald Romaguera""","=""Phyllis Rolfson""","=""CNR531711590103""","=""Mrs. Eula Mayer""","=""2028-12-31""","=""20260730205543611""",Success,
"=""FN60355744""","=""68210000005802""",,"=""2024-05-10""","=""Civil Court""","=""Recovery""","=""CASE1061""","=""2024""","=""Stacey Howell""","=""Drew Zemlak""","=""CNR185011035255""","=""Dr. Clarence Kuvalis""","=""2028-12-31""","=""20260730205543611""",Success,
"=""FN06804853""","=""68210000005802""",,"=""2024-05-10""","=""Civil Court""","=""Recovery""","=""CASE1062""","=""2024""","=""Conrad Terry""","=""Wilma Kirlin""","=""CNR952273767335""","=""Rufus Moen""","=""2028-12-31""","=""20260730205543611""",Success,
"=""FN61325142""","=""68210000005802""",,"=""2024-05-10""","=""Civil Court""","=""Recovery""","=""CASE1063""","=""2024""","=""Robin Doyle""","=""Leonard O'Conner""","=""CNR412772751394""","=""Cary Bode""","=""2028-12-31""","=""20260730205543611""",Success,
"=""FN53924850""","=""68210000005802""",,"=""2024-05-10""","=""Civil Court""","=""Recovery""","=""CASE1064""","=""2024""","=""Rosalie Brekke I""","=""Tony Beier""","=""CNR986377267945""","=""Sammy Goyette""","=""2028-12-31""","=""20260730205543611""",Success,
"=""FN27257010""","=""68210000005802""",,"=""2024-05-10""","=""Civil Court""","=""Recovery""","=""CASE1065""","=""2024""","=""Muriel Buckridge""","=""Frankie Hilpert""","=""CNR618536445008""","=""Johnathan Hane""","=""2028-12-31""","=""20260730205543611""",Success,
"=""FN27736177""","=""68210000005802""",,"=""2024-05-10""","=""Civil Court""","=""Recovery""","=""CASE1066""","=""2024""","=""Raquel Reinger""","=""Karen Daniel""","=""CNR782554324363""","=""Alonzo West""","=""2028-12-31""","=""20260730205543611""",Success,
"=""FN15786811""","=""68210000005802""",,"=""2024-05-10""","=""Civil Court""","=""Recovery""","=""CASE1067""","=""2024""","=""Elbert Hackett V""","=""Miss Peggy Buckridge""","=""CNR479843836504""","=""Jack Hand DVM""","=""2028-12-31""","=""20260730205543611""",Success,
"=""FN79630640""","=""68210000005802""",,"=""2024-05-10""","=""Civil Court""","=""Recovery""","=""CASE1068""","=""2024""","=""Dr. Cecil Ferry""","=""Manuel Nienow III""","=""CNR859734881765""","=""Jorge Fahey IV""","=""2028-12-31""","=""20260730205543611""",Success,
"=""FN39691778""","=""68210000005802""",,"=""2024-05-10""","=""Civil Court""","=""Recovery""","=""CASE1069""","=""2024""","=""Marco Reichel""","=""Ms. Courtney McGlynn""","=""CNR141248546377""","=""Isaac Braun PhD""","=""2028-12-31""","=""20260730205543611""",Success,
"=""FN99028930""","=""68210000005802""",,"=""2024-05-10""","=""Civil Court""","=""Recovery""","=""CASE1070""","=""2024""","=""Teri Dickens""","=""Casey Collier""","=""CNR960873700972""","=""Walter Hagenes DVM""","=""2028-12-31""","=""20260730205543611""",Success,
"=""FN81878341""","=""68210000005802""",,"=""2024-05-10""","=""Civil Court""","=""Recovery""","=""CASE1071""","=""2024""","=""Steve O'Kon""","=""Jean Gottlieb-Ullrich""","=""CNR765387470822""","=""Irving Bins-Brakus""","=""2028-12-31""","=""20260730205543611""",Success,
"=""FN37118242""","=""68210000005802""",,"=""2024-05-10""","=""Civil Court""","=""Recovery""","=""CASE1072""","=""2024""","=""Cristina O'Hara""","=""Teri Padberg""","=""CNR966583247898""","=""Gladys Borer""","=""2028-12-31""","=""20260730205543611""",Success,
"=""FN25929738""","=""68210000005802""",,"=""2024-05-10""","=""Civil Court""","=""Recovery""","=""CASE1073""","=""2024""","=""Tina Tromp""","=""Christine Gutkowski""","=""CNR886708481520""","=""Conrad Parisian DVM""","=""2028-12-31""","=""20260730205543611""",Success,
"=""FN97629230""","=""68210000005802""",,"=""2024-05-10""","=""Civil Court""","=""Recovery""","=""CASE1074""","=""2024""","=""Kathryn Littel""","=""Don Beer""","=""CNR797673921135""","=""Earl Windler""","=""2028-12-31""","=""20260730205543611""",Success,
"=""FN52250142""","=""68210000005802""",,"=""2024-05-10""","=""Civil Court""","=""Recovery""","=""CASE1075""","=""2024""","=""Howard Maggio""","=""Ada Vandervort""","=""CNR338543275149""","=""Kelly McClure""","=""2028-12-31""","=""20260730205543611""",Success,
"=""FN17530688""","=""68210000005802""",,"=""2024-05-10""","=""Civil Court""","=""Recovery""","=""CASE1076""","=""2024""","=""Sheldon Anderson""","=""Sam Gottlieb""","=""CNR651350108074""","=""Celia Zboncak""","=""2028-12-31""","=""20260730205543611""",Success,
"=""FN76217533""","=""68210000005802""",,"=""2024-05-10""","=""Civil Court""","=""Recovery""","=""CASE1077""","=""2024""","=""Belinda Spinka I""","=""Ernesto Hammes""","=""CNR657071560433""","=""Armando Wisozk""","=""2028-12-31""","=""20260730205543611""",Success,
"=""FN25373896""","=""68210000005802""",,"=""2024-05-10""","=""Civil Court""","=""Recovery""","=""CASE1078""","=""2024""","=""Candice Krajcik""","=""Dr. Veronica Schmeler""","=""CNR019929792882""","=""Lela Dickinson""","=""2028-12-31""","=""20260730205543611""",Success,
"=""FN62203341""","=""68210000005802""",,"=""2024-05-10""","=""Civil Court""","=""Recovery""","=""CASE1079""","=""2024""","=""Jon Kutch MD""","=""Dexter Fisher""","=""CNR936567231401""","=""Wendell Abshire""","=""2028-12-31""","=""20260730205543611""",Success,
"=""FN66459295""","=""68210000005802""",,"=""2024-05-10""","=""Civil Court""","=""Recovery""","=""CASE1080""","=""2024""","=""Shirley Stark""","=""Marguerite Lemke""","=""CNR114743915717""","=""Melvin Herman""","=""2028-12-31""","=""20260730205543611""",Success,
"=""FN81007960""","=""68210000005802""",,"=""2024-05-10""","=""Civil Court""","=""Recovery""","=""CASE1081""","=""2024""","=""Justin Spinka I""","=""Yvonne Willms""","=""CNR255618199175""","=""Kelley Kihn""","=""2028-12-31""","=""20260730205543611""",Success,
"=""FN83782177""","=""68210000005802""",,"=""2024-05-10""","=""Civil Court""","=""Recovery""","=""CASE1082""","=""2024""","=""Brent Leannon MD""","=""Gertrude Baumbach""","=""CNR702792438994""","=""Alex Wolf""","=""2028-12-31""","=""20260730205543611""",Success,
"=""FN12279115""","=""68210000005802""",,"=""2024-05-10""","=""Civil Court""","=""Recovery""","=""CASE1083""","=""2024""","=""Priscilla Johns""","=""Silvia Baumbach""","=""CNR990826251977""","=""Cody Homenick""","=""2028-12-31""","=""20260730205543611""",Success,
"=""FN28984351""","=""68210000005802""",,"=""2024-05-10""","=""Civil Court""","=""Recovery""","=""CASE1084""","=""2024""","=""Doreen Heathcote-Olson""","=""Sergio MacGyver""","=""CNR718942592068""","=""Melanie Luettgen""","=""2028-12-31""","=""20260730205543611""",Success,
"=""FN06763562""","=""68210000005802""",,"=""2024-05-10""","=""Civil Court""","=""Recovery""","=""CASE1085""","=""2024""","=""Ms. Francis Herman""","=""Helen Bins""","=""CNR677354914229""","=""Renee Bauch""","=""2028-12-31""","=""20260730205543611""",Success,
"=""FN24284131""","=""68210000005802""",,"=""2024-05-10""","=""Civil Court""","=""Recovery""","=""CASE1086""","=""2024""","=""Amy Pagac""","=""Sean Jacobi""","=""CNR011334379252""","=""Dr. Jerry Herzog-Cummerata""","=""2028-12-31""","=""20260730205543611""",Success,
"=""FN77366938""","=""68210000005802""",,"=""2024-05-10""","=""Civil Court""","=""Recovery""","=""CASE1087""","=""2024""","=""Renee Schulist""","=""Glenn Lockman""","=""CNR212351105246""","=""Pablo Boyle""","=""2028-12-31""","=""20260730205543611""",Success,
"=""FN84207073""","=""68210000005802""",,"=""2024-05-10""","=""Civil Court""","=""Recovery""","=""CASE1088""","=""2024""","=""Fannie Schaefer""","=""Lois West""","=""CNR787921608478""","=""Alberta Goyette""","=""2028-12-31""","=""20260730205543611""",Success,
"=""FN04644345""","=""68210000005802""",,"=""2024-05-10""","=""Civil Court""","=""Recovery""","=""CASE1089""","=""2024""","=""Lee Watsica""","=""Jason Kunze PhD""","=""CNR174704011430""","=""Ms. Nora Kertzmann-Hoppe""","=""2028-12-31""","=""20260730205543611""",Success,
"=""FN36332609""","=""68210000005802""",,"=""2024-05-10""","=""Civil Court""","=""Recovery""","=""CASE1090""","=""2024""","=""Mary Carter""","=""Shawna Koepp""","=""CNR030369208118""","=""Debra Heidenreich""","=""2028-12-31""","=""20260730205543611""",Success,
"=""FN92387973""","=""68210000005802""",,"=""2024-05-10""","=""Civil Court""","=""Recovery""","=""CASE1091""","=""2024""","=""Ralph Sanford""","=""Rita Macejkovic""","=""CNR879182837186""","=""Tara Terry""","=""2028-12-31""","=""20260730205543611""",Success,
"=""FN96809157""","=""68210000005802""",,"=""2024-05-10""","=""Civil Court""","=""Recovery""","=""CASE1092""","=""2024""","=""Sandra Sauer""","=""Freddie Ratke""","=""CNR398707848706""","=""Vera Lind""","=""2028-12-31""","=""20260730205543611""",Success,
"=""FN01466000""","=""68210000005802""",,"=""2024-05-10""","=""Civil Court""","=""Recovery""","=""CASE1093""","=""2024""","=""Charlotte Sawayn""","=""Albert Wolf""","=""CNR333345931208""","=""Kim Langworth""","=""2028-12-31""","=""20260730205543611""",Success,
"=""FN16981232""","=""68210000005802""",,"=""2024-05-10""","=""Civil Court""","=""Recovery""","=""CASE1094""","=""2024""","=""Miriam Collier""","=""Sidney Kassulke-Heathcote""","=""CNR984967894586""","=""Miss Marjorie Rolfson""","=""2028-12-31""","=""20260730205543611""",Success,
"=""FN65930900""","=""68210000005802""",,"=""2024-05-10""","=""Civil Court""","=""Recovery""","=""CASE1095""","=""2024""","=""Edwin Bradtke""","=""Jean Kertzmann PhD""","=""CNR200022845502""","=""Edmond Schmidt""","=""2028-12-31""","=""20260730205543611""",Success,
"=""FN29435366""","=""68210000005802""",,"=""2024-05-10""","=""Civil Court""","=""Recovery""","=""CASE1096""","=""2024""","=""Katrina Greenholt""","=""Dolores Bogisich""","=""CNR006808583198""","=""Leroy Ernser""","=""2028-12-31""","=""20260730205543611""",Success,
"=""FN46510193""","=""68210000005802""",,"=""2024-05-10""","=""Civil Court""","=""Recovery""","=""CASE1097""","=""2024""","=""Mr. Hugo Gorczany""","=""Rogelio Kertzmann IV""","=""CNR060463687268""","=""Nadine Hyatt""","=""2028-12-31""","=""20260730205543611""",Success,
"=""FN27216508""","=""68210000005802""",,"=""2024-05-10""","=""Civil Court""","=""Recovery""","=""CASE1098""","=""2024""","=""Mr. Forrest Ferry""","=""Alton Gusikowski PhD""","=""CNR800179867666""","=""Orville Bayer""","=""2028-12-31""","=""20260730205543611""",Success,
"=""FN08429996""","=""68210000005802""",,"=""2024-05-10""","=""Civil Court""","=""Recovery""","=""CASE1099""","=""2024""","=""Laurence Johns""","=""Seth Bashirian-Willms""","=""CNR407879127537""","=""Dr. Perry Blick""","=""2028-12-31""","=""20260730205543611""",Success,
"=""FN90715919""","=""68210000005802""",,"=""2024-05-10""","=""Civil Court""","=""Recovery""","=""CASE1100""","=""2024""","=""Gloria Sipes-McLaughlin""","=""Rosemarie Grady""","=""CNR089267749753""","=""Rosa Breitenberg""","=""2028-12-31""","=""20260730205543611""",Success,
"=""FN79912394""","=""68210000005802""",,"=""2024-05-10""","=""Civil Court""","=""Recovery""","=""CASE1101""","=""2024""","=""Amy Hamill""","=""Nicholas Huels""","=""CNR140627504726""","=""Shelia McClure""","=""2028-12-31""","=""20260730205543611""",Success,
"=""FN62734996""","=""68210000005802""",,"=""2024-05-10""","=""Civil Court""","=""Recovery""","=""CASE1102""","=""2024""","=""Hugh Wunsch""","=""Mrs. Michele Funk""","=""CNR738862348832""","=""Tamara Kunde-Koepp DDS""","=""2028-12-31""","=""20260730205543611""",Success,
"=""FN56575582""","=""68210000005802""",,"=""2024-05-10""","=""Civil Court""","=""Recovery""","=""CASE1103""","=""2024""","=""Vicki McLaughlin""","=""Joey Nolan""","=""CNR300343605716""","=""Lucy Hodkiewicz""","=""2028-12-31""","=""20260730205543611""",Success,
"=""FN21335678""","=""68210000005802""",,"=""2024-05-10""","=""Civil Court""","=""Recovery""","=""CASE1104""","=""2024""","=""Terrance Walker-Quigley""","=""Traci Nienow""","=""CNR439648325108""","=""Charlene Torphy""","=""2028-12-31""","=""20260730205543611""",Success,
"=""FN22465391""","=""68210000005802""",,"=""2024-05-10""","=""Civil Court""","=""Recovery""","=""CASE1105""","=""2024""","=""Terrance Orn""","=""Lucia Smitham-Hand PhD""","=""CNR520115871558""","=""Santos Bailey""","=""2028-12-31""","=""20260730205543611""",Success,
"=""FN37400704""","=""68210000005802""",,"=""2024-05-10""","=""Civil Court""","=""Recovery""","=""CASE1106""","=""2024""","=""Jean Medhurst MD""","=""Janie Ledner""","=""CNR189433698006""","=""Rhonda Mraz""","=""2028-12-31""","=""20260730205543611""",Success,
"=""FN68663066""","=""68210000005802""",,"=""2024-05-10""","=""Civil Court""","=""Recovery""","=""CASE1107""","=""2024""","=""Kurt Hirthe""","=""Joan Wolff""","=""CNR535189993852""","=""Laverne Swift""","=""2028-12-31""","=""20260730205543611""",Success,
"=""FN76351886""","=""68210000005802""",,"=""2024-05-10""","=""Civil Court""","=""Recovery""","=""CASE1108""","=""2024""","=""Al Casper DVM""","=""Kerry Kunde""","=""CNR654945342747""","=""Lorene Schaden IV""","=""2028-12-31""","=""20260730205543611""",Success,
"=""FN58933113""","=""68210000005802""",,"=""2024-05-10""","=""Civil Court""","=""Recovery""","=""CASE1109""","=""2024""","=""Delores Labadie""","=""Jean Hickle""","=""CNR160538765178""","=""Duane Powlowski IV""","=""2028-12-31""","=""20260730205543611""",Success,
"=""FN06053559""","=""68210000005802""",,"=""2024-05-10""","=""Civil Court""","=""Recovery""","=""CASE1110""","=""2024""","=""Walter Daniel""","=""Curtis Gleichner""","=""CNR973433372248""","=""Carmen McClure""","=""2028-12-31""","=""20260730205543611""",Success,
"=""FN22052556""","=""68210000005802""",,"=""2024-05-10""","=""Civil Court""","=""Recovery""","=""CASE1111""","=""2024""","=""Colin Harvey""","=""Mr. Justin Parisian-Upton""","=""CNR573732581068""","=""Dr. Bryan Boyle""","=""2028-12-31""","=""20260730205543611""",Success,
"=""FN36220819""","=""68210000005802""",,"=""2024-05-10""","=""Civil Court""","=""Recovery""","=""CASE1112""","=""2024""","=""Mr. Tomas Cormier MD""","=""Blanca Hartmann-Koch""","=""CNR649333612687""","=""Horace Anderson""","=""2028-12-31""","=""20260730205543611""",Success,
"=""FN23053768""","=""68210000005802""",,"=""2024-05-10""","=""Civil Court""","=""Recovery""","=""CASE1113""","=""2024""","=""Emily Sipes""","=""Marguerite Marks""","=""CNR420144888855""","=""Julius Stark""","=""2028-12-31""","=""20260730205543611""",Success,
"=""FN26687712""","=""68210000005802""",,"=""2024-05-10""","=""Civil Court""","=""Recovery""","=""CASE1114""","=""2024""","=""Al Wolf""","=""Julia Bogan Sr.""","=""CNR823156259309""","=""Dallas Schamberger""","=""2028-12-31""","=""20260730205543611""",Success,
"=""FN52242511""","=""68210000005802""",,"=""2024-05-10""","=""Civil Court""","=""Recovery""","=""CASE1115""","=""2024""","=""Annie Beier""","=""Mr. Sean Adams""","=""CNR843870423750""","=""Karl Kemmer""","=""2028-12-31""","=""20260730205543611""",Success,
"=""FN27731140""","=""68210000005802""",,"=""2024-05-10""","=""Civil Court""","=""Recovery""","=""CASE1116""","=""2024""","=""Troy Wunsch""","=""Sara Ryan""","=""CNR970406905612""","=""Carmen Shanahan""","=""2028-12-31""","=""20260730205543611""",Success,
"=""FN61988044""","=""68210000005802""",,"=""2024-05-10""","=""Civil Court""","=""Recovery""","=""CASE1117""","=""2024""","=""Ms. Rosemarie Rippin""","=""Lamar Orn""","=""CNR045266616939""","=""Mrs. Leigh Swaniawski""","=""2028-12-31""","=""20260730205543611""",Success,
"=""FN30832986""","=""68210000005802""",,"=""2024-05-10""","=""Civil Court""","=""Recovery""","=""CASE1118""","=""2024""","=""Pat Gleichner""","=""Yolanda Berge""","=""CNR539479196963""","=""Hubert Bartell""","=""2028-12-31""","=""20260730205543611""",Success,
"=""FN12474856""","=""68210000005802""",,"=""2024-05-10""","=""Civil Court""","=""Recovery""","=""CASE1119""","=""2024""","=""Rick O'Reilly""","=""Dr. Isaac Grimes""","=""CNR410926201451""","=""Jose Quigley""","=""2028-12-31""","=""20260730205543611""",Success,
"=""FN35476930""","=""68210000005802""",,"=""2024-05-10""","=""Civil Court""","=""Recovery""","=""CASE1120""","=""2024""","=""Sally Erdman V""","=""Terry Lockman""","=""CNR252719544965""","=""Marianne Osinski""","=""2028-12-31""","=""20260730205543611""",Success,
"=""FN38725373""","=""68210000005802""",,"=""2024-05-10""","=""Civil Court""","=""Recovery""","=""CASE1121""","=""2024""","=""Fred Huels""","=""Olivia Jast III""","=""CNR934577483229""","=""Mr. Ricardo Herman""","=""2028-12-31""","=""20260730205543611""",Success,
"=""FN40140528""","=""68210000005802""",,"=""2024-05-10""","=""Civil Court""","=""Recovery""","=""CASE1122""","=""2024""","=""Gloria Schneider""","=""Barbara Feest""","=""CNR674246963279""","=""Sammy Nikolaus""","=""2028-12-31""","=""20260730205543611""",Success,
"=""FN24942854""","=""68210000005802""",,"=""2024-05-10""","=""Civil Court""","=""Recovery""","=""CASE1123""","=""2024""","=""Sue Schaden""","=""Wesley Fay""","=""CNR548051141518""","=""Kirk Pouros""","=""2028-12-31""","=""20260730205543611""",Success,
"=""FN07750591""","=""68210000005802""",,"=""2024-05-10""","=""Civil Court""","=""Recovery""","=""CASE1124""","=""2024""","=""Kelvin Mann-Franey""","=""Nelson Wiza""","=""CNR671069967097""","=""Benjamin Torp""","=""2028-12-31""","=""20260730205543611""",Success,
"=""FN52235285""","=""68210000005802""",,"=""2024-05-10""","=""Civil Court""","=""Recovery""","=""CASE1125""","=""2024""","=""Alfred Bartoletti""","=""Shane West""","=""CNR329967384430""","=""Geneva Schiller MD""","=""2028-12-31""","=""20260730205543611""",Success,
"=""FN55960231""","=""68210000005802""",,"=""2024-05-10""","=""Civil Court""","=""Recovery""","=""CASE1126""","=""2024""","=""Marlene Schinner""","=""Miss Courtney Ziemann Sr.""","=""CNR627834023547""","=""Irving Cassin""","=""2028-12-31""","=""20260730205543611""",Success,
"=""FN90330053""","=""68210000005802""",,"=""2024-05-10""","=""Civil Court""","=""Recovery""","=""CASE1127""","=""2024""","=""Florence Mayer-Bednar""","=""Carrie Cartwright""","=""CNR809880592323""","=""Armando McLaughlin""","=""2028-12-31""","=""20260730205543611""",Success,
"=""FN65388615""","=""68210000005802""",,"=""2024-05-10""","=""Civil Court""","=""Recovery""","=""CASE1128""","=""2024""","=""Mrs. Crystal Swift""","=""Elena Sipes""","=""CNR597947442610""","=""Bobby Stokes""","=""2028-12-31""","=""20260730205543611""",Success,
"=""FN29517138""","=""68210000005802""",,"=""2024-05-10""","=""Civil Court""","=""Recovery""","=""CASE1129""","=""2024""","=""Mary West""","=""Bennie Hahn""","=""CNR030355209551""","=""Ms. Blanche Marks""","=""2028-12-31""","=""20260730205543611""",Success,
"=""FN38302162""","=""68210000005802""",,"=""2024-05-10""","=""Civil Court""","=""Recovery""","=""CASE1130""","=""2024""","=""Dwight Funk""","=""Antoinette Orn DDS""","=""CNR529265086133""","=""Charlie Gorczany III""","=""2028-12-31""","=""20260730205543611""",Success,
"=""FN38465287""","=""68210000005802""",,"=""2024-05-10""","=""Civil Court""","=""Recovery""","=""CASE1131""","=""2024""","=""Stanley DuBuque""","=""Hugo Conroy I""","=""CNR178548376134""","=""Casey Von-Pfeffer""","=""2028-12-31""","=""20260730205543611""",Success,
"=""FN34692800""","=""68210000005802""",,"=""2024-05-10""","=""Civil Court""","=""Recovery""","=""CASE1132""","=""2024""","=""Warren Hagenes""","=""Darren Kemmer""","=""CNR642352241073""","=""Natasha Reichel""","=""2028-12-31""","=""20260730205543611""",Success,
"=""FN98987275""","=""68210000005802""",,"=""2024-05-10""","=""Civil Court""","=""Recovery""","=""CASE1133""","=""2024""","=""Lorena Langosh""","=""Pearl Ernser""","=""CNR431477456240""","=""Mrs. Guadalupe Macejkovic""","=""2028-12-31""","=""20260730205543611""",Success,
"=""FN03974615""","=""68210000005802""",,"=""2024-05-10""","=""Civil Court""","=""Recovery""","=""CASE1134""","=""2024""","=""Patrick Erdman""","=""Shawna Rath""","=""CNR887256422543""","=""Ismael MacGyver""","=""2028-12-31""","=""20260730205543611""",Success,
"=""FN26759493""","=""68210000005802""",,"=""2024-05-10""","=""Civil Court""","=""Recovery""","=""CASE1135""","=""2024""","=""Laurence Reichel MD""","=""Esther Green""","=""CNR625492053073""","=""Colin Volkman""","=""2028-12-31""","=""20260730205543611""",Success,
"=""FN12268378""","=""68210000005802""",,"=""2024-05-10""","=""Civil Court""","=""Recovery""","=""CASE1136""","=""2024""","=""Miss Blanca Cremin""","=""Toni Hartmann""","=""CNR095560377730""","=""Emily Harvey""","=""2028-12-31""","=""20260730205543611""",Success,
"=""FN35302310""","=""68210000005802""",,"=""2024-05-10""","=""Civil Court""","=""Recovery""","=""CASE1137""","=""2024""","=""Perry Collins""","=""Margarita Jones""","=""CNR683215567083""","=""Leticia Monahan""","=""2028-12-31""","=""20260730205543611""",Success,
"=""FN61033915""","=""68210000005802""",,"=""2024-05-10""","=""Civil Court""","=""Recovery""","=""CASE1138""","=""2024""","=""Elvira Zieme""","=""Suzanne Bogisich""","=""CNR383471696470""","=""Doris Shields""","=""2028-12-31""","=""20260730205543611""",Success,
"=""FN75435048""","=""68210000005802""",,"=""2024-05-10""","=""Civil Court""","=""Recovery""","=""CASE1139""","=""2024""","=""Lola Reichert""","=""Orville Reynolds""","=""CNR755172381624""","=""Herman Kling""","=""2028-12-31""","=""20260730205543611""",Success,
"=""FN72802900""","=""68210000005802""",,"=""2024-05-10""","=""Civil Court""","=""Recovery""","=""CASE1140""","=""2024""","=""Alice Simonis""","=""Jeannie Kuhn""","=""CNR275796054605""","=""Priscilla Weissnat""","=""2028-12-31""","=""20260730205543611""",Success,
"=""FN46801041""","=""68210000005802""",,"=""2024-05-10""","=""Civil Court""","=""Recovery""","=""CASE1141""","=""2024""","=""Cynthia Vandervort""","=""Zachary Toy PhD""","=""CNR301860884939""","=""Megan Schneider""","=""2028-12-31""","=""20260730205543611""",Success,
"=""FN37212806""","=""68210000005802""",,"=""2024-05-10""","=""Civil Court""","=""Recovery""","=""CASE1142""","=""2024""","=""Traci Friesen""","=""David Morar""","=""CNR561306880399""","=""Deborah Abshire""","=""2028-12-31""","=""20260730205543611""",Success,
"=""FN87619250""","=""68210000005802""",,"=""2024-05-10""","=""Civil Court""","=""Recovery""","=""CASE1143""","=""2024""","=""Lisa Wolff""","=""Lynda Ledner""","=""CNR721778050315""","=""Vanessa Johnson DVM""","=""2028-12-31""","=""20260730205543611""",Success,
"=""FN33484710""","=""68210000005802""",,"=""2024-05-10""","=""Civil Court""","=""Recovery""","=""CASE1144""","=""2024""","=""Latoya Dickens""","=""Brandy Veum""","=""CNR268442026657""","=""Gerardo Marks I""","=""2028-12-31""","=""20260730205543611""",Success,
"=""FN06702523""","=""68210000005802""",,"=""2024-05-10""","=""Civil Court""","=""Recovery""","=""CASE1145""","=""2024""","=""Brenda McClure""","=""Marguerite Romaguera""","=""CNR182972744630""","=""Clay Buckridge III""","=""2028-12-31""","=""20260730205543611""",Success,
"=""FN61230780""","=""68210000005802""",,"=""2024-05-10""","=""Civil Court""","=""Recovery""","=""CASE1146""","=""2024""","=""Lynette Ritchie""","=""Alexandra Effertz""","=""CNR061824534657""","=""Ms. Dora Littel""","=""2028-12-31""","=""20260730205543611""",Success,
"=""FN08049962""","=""68210000005802""",,"=""2024-05-10""","=""Civil Court""","=""Recovery""","=""CASE1147""","=""2024""","=""Barbara Kuphal""","=""Toni Ledner-Walker""","=""CNR791129684153""","=""Jana Keebler""","=""2028-12-31""","=""20260730205543611""",Success,
"=""FN57190179""","=""68210000005802""",,"=""2024-05-10""","=""Civil Court""","=""Recovery""","=""CASE1148""","=""2024""","=""Ricardo Rempel""","=""Thelma Upton""","=""CNR811089725955""","=""Courtney Ryan""","=""2028-12-31""","=""20260730205543611""",Success,
"=""FN79379740""","=""68210000005802""",,"=""2024-05-10""","=""Civil Court""","=""Recovery""","=""CASE1149""","=""2024""","=""Willard Cremin""","=""April Olson""","=""CNR781925346172""","=""Sidney Hammes""","=""2028-12-31""","=""20260730205543611""",Success,
"=""FN21480855""","=""68210000005802""",,"=""2024-05-10""","=""Civil Court""","=""Recovery""","=""CASE1150""","=""2024""","=""Carla Reichel""","=""Jean Howell""","=""CNR335035458673""","=""Julio Herzog""","=""2028-12-31""","=""20260730205543611""",Success,
"=""FN97457573""","=""68210000005802""",,"=""2024-05-10""","=""Civil Court""","=""Recovery""","=""CASE1151""","=""2024""","=""Ms. Eunice Jast DDS""","=""Max Howell""","=""CNR870108728707""","=""Miss Leticia Rath""","=""2028-12-31""","=""20260730205543611""",Success,
"=""FN67735323""","=""68210000005802""",,"=""2024-05-10""","=""Civil Court""","=""Recovery""","=""CASE1152""","=""2024""","=""Blanche Heathcote""","=""Vanessa Quigley""","=""CNR429781414816""","=""Mattie Powlowski""","=""2028-12-31""","=""20260730205543611""",Success,
"=""FN28121094""","=""68210000005802""",,"=""2024-05-10""","=""Civil Court""","=""Recovery""","=""CASE1153""","=""2024""","=""Dr. May Rohan-O'Reilly""","=""Margaret Runte""","=""CNR909054250403""","=""Emily Block II""","=""2028-12-31""","=""20260730205543611""",Success,
"=""FN19056550""","=""68210000005802""",,"=""2024-05-10""","=""Civil Court""","=""Recovery""","=""CASE1154""","=""2024""","=""Guillermo Lemke""","=""Norma Ebert""","=""CNR563319528783""","=""Clifton Homenick""","=""2028-12-31""","=""20260730205543611""",Success,
"=""FN65078681""","=""68210000005802""",,"=""2024-05-10""","=""Civil Court""","=""Recovery""","=""CASE1155""","=""2024""","=""Wilfred Thompson""","=""Francis Heaney I""","=""CNR993613008893""","=""Dewey Tillman IV""","=""2028-12-31""","=""20260730205543611""",Success,
"=""FN30205061""","=""68210000005802""",,"=""2024-05-10""","=""Civil Court""","=""Recovery""","=""CASE1156""","=""2024""","=""Wilfred Stehr""","=""Ruth Steuber DVM""","=""CNR210574506959""","=""Mrs. Josefina Abernathy""","=""2028-12-31""","=""20260730205543611""",Success,
"=""FN63789772""","=""68210000005802""",,"=""2024-05-10""","=""Civil Court""","=""Recovery""","=""CASE1157""","=""2024""","=""Gene Hyatt""","=""Vickie Thompson""","=""CNR134345841915""","=""Tami Deckow""","=""2028-12-31""","=""20260730205543611""",Success,
"=""FN71021989""","=""68210000005802""",,"=""2024-05-10""","=""Civil Court""","=""Recovery""","=""CASE1158""","=""2024""","=""Mr. Andrew Bernier""","=""Mr. Calvin O'Connell""","=""CNR539574388140""","=""Sara Hills""","=""2028-12-31""","=""20260730205543611""",Success,
"=""FN97559489""","=""68210000005802""",,"=""2024-05-10""","=""Civil Court""","=""Recovery""","=""CASE1159""","=""2024""","=""Noah Gusikowski DVM""","=""Kristi Schimmel""","=""CNR039147094662""","=""Mrs. Lauren Wisozk""","=""2028-12-31""","=""20260730205543611""",Success,
"=""FN25905537""","=""68210000005802""",,"=""2024-05-10""","=""Civil Court""","=""Recovery""","=""CASE1160""","=""2024""","=""Cecelia Schaefer""","=""Lucas Schroeder""","=""CNR940310510542""","=""Randy Miller""","=""2028-12-31""","=""20260730205543611""",Success,
"=""FN18684162""","=""68210000005802""",,"=""2024-05-10""","=""Civil Court""","=""Recovery""","=""CASE1161""","=""2024""","=""Lynne Pollich""","=""Mario King""","=""CNR030814633223""","=""Bridget Streich""","=""2028-12-31""","=""20260730205543611""",Success,
"=""FN23980092""","=""68210000005802""",,"=""2024-05-10""","=""Civil Court""","=""Recovery""","=""CASE1162""","=""2024""","=""Van Kirlin""","=""Duane Orn Sr.""","=""CNR105566949867""","=""Gilbert Wunsch""","=""2028-12-31""","=""20260730205543611""",Success,
"=""FN69179495""","=""68210000005802""",,"=""2024-05-10""","=""Civil Court""","=""Recovery""","=""CASE1163""","=""2024""","=""Jessie Bruen""","=""Kimberly Blick""","=""CNR609543979859""","=""Fred Nolan""","=""2028-12-31""","=""20260730205543611""",Success,
"=""FN56678114""","=""68210000005802""",,"=""2024-05-10""","=""Civil Court""","=""Recovery""","=""CASE1164""","=""2024""","=""Mr. Pedro Ruecker""","=""Wade Mayert""","=""CNR335984659739""","=""Emilio Koch""","=""2028-12-31""","=""20260730205543611""",Success,
"=""FN73026026""","=""68210000005802""",,"=""2024-05-10""","=""Civil Court""","=""Recovery""","=""CASE1165""","=""2024""","=""Chelsea Morar""","=""Eva Hamill""","=""CNR433378061410""","=""Eleanor Boyer-Christiansen""","=""2028-12-31""","=""20260730205543611""",Success,
"=""FN86418160""","=""68210000005802""",,"=""2024-05-10""","=""Civil Court""","=""Recovery""","=""CASE1166""","=""2024""","=""Becky Koepp""","=""Bruce Buckridge""","=""CNR961882372293""","=""Lonnie Rowe""","=""2028-12-31""","=""20260730205543611""",Success,
"=""FN24169849""","=""68210000005802""",,"=""2024-05-10""","=""Civil Court""","=""Recovery""","=""CASE1167""","=""2024""","=""Nicolas Dare""","=""Leigh Predovic""","=""CNR067084048718""","=""Kenneth Prosacco""","=""2028-12-31""","=""20260730205543611""",Success,
"=""FN89227462""","=""68210000005802""",,"=""2024-05-10""","=""Civil Court""","=""Recovery""","=""CASE1168""","=""2024""","=""Hannah Kertzmann DVM""","=""Felix Sipes""","=""CNR327100854632""","=""Loretta Rice""","=""2028-12-31""","=""20260730205543611""",Success,
"=""FN23766590""","=""68210000005802""",,"=""2024-05-10""","=""Civil Court""","=""Recovery""","=""CASE1169""","=""2024""","=""Stephen Rutherford""","=""Charlene Ritchie IV""","=""CNR358557043166""","=""Mike Heathcote""","=""2028-12-31""","=""20260730205543611""",Success,
"=""FN25446125""","=""68210000005802""",,"=""2024-05-10""","=""Civil Court""","=""Recovery""","=""CASE1170""","=""2024""","=""Sergio Weissnat""","=""Isabel Douglas""","=""CNR655926935507""","=""Francisco Buckridge""","=""2028-12-31""","=""20260730205543611""",Success,
"=""FN87747621""","=""68210000005802""",,"=""2024-05-10""","=""Civil Court""","=""Recovery""","=""CASE1171""","=""2024""","=""Lamar Denesik Jr.""","=""Virgil Ondricka Sr.""","=""CNR629450600837""","=""Felipe Bauch""","=""2028-12-31""","=""20260730205543611""",Success,
"=""FN83308705""","=""68210000005802""",,"=""2024-05-10""","=""Civil Court""","=""Recovery""","=""CASE1172""","=""2024""","=""Marlon Dietrich V""","=""Sonya Beier""","=""CNR748441290695""","=""Janet Witting""","=""2028-12-31""","=""20260730205543611""",Success,
"=""FN93607277""","=""68210000005802""",,"=""2024-05-10""","=""Civil Court""","=""Recovery""","=""CASE1173""","=""2024""","=""Wayne Goodwin""","=""Louise King""","=""CNR442191737841""","=""Anthony Morar""","=""2028-12-31""","=""20260730205543611""",Success,
"=""FN78458800""","=""68210000005802""",,"=""2024-05-10""","=""Civil Court""","=""Recovery""","=""CASE1174""","=""2024""","=""Wm Spinka""","=""Becky Rogahn""","=""CNR450104867332""","=""Tamara Beier-Goyette""","=""2028-12-31""","=""20260730205543611""",Success,
"=""FN26639026""","=""68210000005802""",,"=""2024-05-10""","=""Civil Court""","=""Recovery""","=""CASE1175""","=""2024""","=""Luther Wunsch""","=""Alberto Schinner Jr.""","=""CNR504070125245""","=""Dolores Senger""","=""2028-12-31""","=""20260730205543611""",Success,
"=""FN39919537""","=""68210000005802""",,"=""2024-05-10""","=""Civil Court""","=""Recovery""","=""CASE1176""","=""2024""","=""Marcia Willms""","=""Casey Hoppe""","=""CNR076392058364""","=""Della Will MD""","=""2028-12-31""","=""20260730205543611""",Success,
"=""FN86559139""","=""68210000005802""",,"=""2024-05-10""","=""Civil Court""","=""Recovery""","=""CASE1177""","=""2024""","=""Jimmy Adams""","=""Edmond Hilpert""","=""CNR782890698105""","=""Mr. Noel Padberg""","=""2028-12-31""","=""20260730205543611""",Success,
"=""FN77556477""","=""68210000005802""",,"=""2024-05-10""","=""Civil Court""","=""Recovery""","=""CASE1178""","=""2024""","=""Darrel Okuneva""","=""Debra Konopelski""","=""CNR836796623608""","=""Janis Durgan""","=""2028-12-31""","=""20260730205543611""",Success,
"=""FN15602361""","=""68210000005802""",,"=""2024-05-10""","=""Civil Court""","=""Recovery""","=""CASE1179""","=""2024""","=""Kristine Greenholt""","=""Lucas Bode-Schaden""","=""CNR572602399242""","=""Bessie Reichel II""","=""2028-12-31""","=""20260730205543611""",Success,
"=""FN61469096""","=""68210000005802""",,"=""2024-05-10""","=""Civil Court""","=""Recovery""","=""CASE1180""","=""2024""","=""Preston Berge-Mertz""","=""Rene Hamill""","=""CNR362802706460""","=""Percy Morissette-Schultz""","=""2028-12-31""","=""20260730205543611""",Success,
"=""FN13383244""","=""68210000005802""",,"=""2024-05-10""","=""Civil Court""","=""Recovery""","=""CASE1181""","=""2024""","=""Arturo Turner""","=""Tom Bins I""","=""CNR474645163849""","=""Fredrick Funk""","=""2028-12-31""","=""20260730205543611""",Success,
"=""FN64199304""","=""68210000005802""",,"=""2024-05-10""","=""Civil Court""","=""Recovery""","=""CASE1182""","=""2024""","=""Lori Pacocha""","=""Robin Friesen""","=""CNR146861617555""","=""Gilbert Christiansen""","=""2028-12-31""","=""20260730205543611""",Success,
"=""FN98844111""","=""68210000005802""",,"=""2024-05-10""","=""Civil Court""","=""Recovery""","=""CASE1183""","=""2024""","=""Audrey Sporer IV""","=""Mattie Macejkovic""","=""CNR252614249350""","=""Robyn Stamm""","=""2028-12-31""","=""20260730205543611""",Success,
"=""FN50773089""","=""68210000005802""",,"=""2024-05-10""","=""Civil Court""","=""Recovery""","=""CASE1184""","=""2024""","=""Julie Jones III""","=""Maureen Connelly MD""","=""CNR615376153648""","=""Jim Heathcote-Pfannerstill""","=""2028-12-31""","=""20260730205543611""",Success,
"=""FN15850610""","=""68210000005802""",,"=""2024-05-10""","=""Civil Court""","=""Recovery""","=""CASE1185""","=""2024""","=""Heather Cruickshank""","=""Craig Price V""","=""CNR814605234837""","=""Isabel Herman DDS""","=""2028-12-31""","=""20260730205543611""",Success,
"=""FN84705771""","=""68210000005802""",,"=""2024-05-10""","=""Civil Court""","=""Recovery""","=""CASE1186""","=""2024""","=""Jerome Smith MD""","=""Irvin Vandervort-Murphy""","=""CNR490429879189""","=""Iris Medhurst""","=""2028-12-31""","=""20260730205543611""",Success,
"=""FN47714820""","=""68210000005802""",,"=""2024-05-10""","=""Civil Court""","=""Recovery""","=""CASE1187""","=""2024""","=""Carmen Thiel""","=""Bennie Spencer""","=""CNR341517089517""","=""Lindsey Shields""","=""2028-12-31""","=""20260730205543611""",Success,
"=""FN79111319""","=""68210000005802""",,"=""2024-05-10""","=""Civil Court""","=""Recovery""","=""CASE1188""","=""2024""","=""Muriel Gibson""","=""Cecilia Haley""","=""CNR453130325805""","=""Erik Nader""","=""2028-12-31""","=""20260730205543611""",Success,
"=""FN04223844""","=""68210000005802""",,"=""2024-05-10""","=""Civil Court""","=""Recovery""","=""CASE1189""","=""2024""","=""Maurice Jacobi""","=""Derrick Breitenberg Sr.""","=""CNR314916240731""","=""Essie Dare""","=""2028-12-31""","=""20260730205543611""",Success,
"=""FN35331243""","=""68210000005802""",,"=""2024-05-10""","=""Civil Court""","=""Recovery""","=""CASE1190""","=""2024""","=""Preston Batz""","=""Drew Kuhlman""","=""CNR167228469761""","=""Alfred Morar""","=""2028-12-31""","=""20260730205543611""",Success,
"=""FN49107699""","=""68210000005802""",,"=""2024-05-10""","=""Civil Court""","=""Recovery""","=""CASE1191""","=""2024""","=""Lyle Thompson""","=""Bridget Kub""","=""CNR905770674923""","=""Katherine Lemke""","=""2028-12-31""","=""20260730205543611""",Success,
"=""FN55321557""","=""68210000005802""",,"=""2024-05-10""","=""Civil Court""","=""Recovery""","=""CASE1192""","=""2024""","=""Jose Stokes""","=""Mr. Willie Collier""","=""CNR175053834291""","=""Donnie Lockman DDS""","=""2028-12-31""","=""20260730205543611""",Success,
"=""FN74081437""","=""68210000005802""",,"=""2024-05-10""","=""Civil Court""","=""Recovery""","=""CASE1193""","=""2024""","=""Joanne McGlynn""","=""Eric Borer""","=""CNR343266430831""","=""Jacqueline Boehm""","=""2028-12-31""","=""20260730205543611""",Success,
"=""FN79969465""","=""68210000005802""",,"=""2024-05-10""","=""Civil Court""","=""Recovery""","=""CASE1194""","=""2024""","=""Crystal Nitzsche""","=""Everett MacGyver""","=""CNR487346956918""","=""Lloyd Macejkovic""","=""2028-12-31""","=""20260730205543611""",Success,
"=""FN93108091""","=""68210000005802""",,"=""2024-05-10""","=""Civil Court""","=""Recovery""","=""CASE1195""","=""2024""","=""Michael Hettinger""","=""Cary Brekke II""","=""CNR674884170973""","=""Kathleen Jast""","=""2028-12-31""","=""20260730205543611""",Success,
"=""FN39086550""","=""68210000005802""",,"=""2024-05-10""","=""Civil Court""","=""Recovery""","=""CASE1196""","=""2024""","=""Mrs. Janet Bogisich Sr.""","=""Ricky Flatley PhD""","=""CNR016846429555""","=""Timmy Dooley""","=""2028-12-31""","=""20260730205543611""",Success,
"=""FN30232633""","=""68210000005802""",,"=""2024-05-10""","=""Civil Court""","=""Recovery""","=""CASE1197""","=""2024""","=""Ken Altenwerth""","=""Elizabeth Mante""","=""CNR788124765356""","=""Calvin Mills""","=""2028-12-31""","=""20260730205543611""",Success,
"=""FN89077171""","=""68210000005802""",,"=""2024-05-10""","=""Civil Court""","=""Recovery""","=""CASE1198""","=""2024""","=""Willis Hills II""","=""Molly Effertz""","=""CNR083667683633""","=""Cristina Schowalter-Barton""","=""2028-12-31""","=""20260730205543611""",Success,
"=""FN59863201""","=""68210000005802""",,"=""2024-05-10""","=""Civil Court""","=""Recovery""","=""CASE1199""","=""2024""","=""Ms. Mamie Gutkowski""","=""Dr. Randolph Pacocha""","=""CNR545695766735""","=""Martin Wiza-Kris DDS""","=""2028-12-31""","=""20260730205543611""",Success,
"=""FN62822915""","=""68210000005802""",,"=""2024-05-10""","=""Civil Court""","=""Recovery""","=""CASE1200""","=""2024""","=""Mr. Sylvester Bartoletti""","=""Adam Weber""","=""CNR491091100779""","=""Allan Wisoky""","=""2028-12-31""","=""20260730205543611""",Success,
"=""FN31885691""","=""68210000005802""",,"=""2024-05-10""","=""Civil Court""","=""Recovery""","=""CASE1201""","=""2024""","=""Annette Walsh""","=""Kristina Casper""","=""CNR239006677890""","=""Jeremy Cummings""","=""2028-12-31""","=""20260730205543611""",Success,
"=""FN06149615""","=""68210000005802""",,"=""2024-05-10""","=""Civil Court""","=""Recovery""","=""CASE1202""","=""2024""","=""Mrs. Monique Wilkinson""","=""June Botsford""","=""CNR169997753549""","=""Kristine Armstrong""","=""2028-12-31""","=""20260730205543611""",Success,
"=""FN00400519""","=""68210000005802""",,"=""2024-05-10""","=""Civil Court""","=""Recovery""","=""CASE1203""","=""2024""","=""Todd Jacobson""","=""Wilbur Langworth PhD""","=""CNR953149934034""","=""Claire Schultz""","=""2028-12-31""","=""20260730205543611""",Success,
"=""FN25220710""","=""68210000005802""",,"=""2024-05-10""","=""Civil Court""","=""Recovery""","=""CASE1204""","=""2024""","=""Miss Janie Harber""","=""Leslie Ernser V""","=""CNR380757160314""","=""Myron Dach""","=""2028-12-31""","=""20260730205543611""",Success,
"=""FN77404661""","=""68210000005802""",,"=""2024-05-10""","=""Civil Court""","=""Recovery""","=""CASE1205""","=""2024""","=""Ben Spencer""","=""Wayne Fritsch""","=""CNR632307842803""","=""Jessica Stokes""","=""2028-12-31""","=""20260730205543611""",Success,
"=""FN98752338""","=""68210000005802""",,"=""2024-05-10""","=""Civil Court""","=""Recovery""","=""CASE1206""","=""2024""","=""Genevieve Franecki""","=""Tracey Morissette V""","=""CNR621382684443""","=""Robin Lehner""","=""2028-12-31""","=""20260730205543611""",Success,
"=""FN76372005""","=""68210000005802""",,"=""2024-05-10""","=""Civil Court""","=""Recovery""","=""CASE1207""","=""2024""","=""Stacey Cremin""","=""Edmond Kunde""","=""CNR817582790355""","=""Tasha Smitham V""","=""2028-12-31""","=""20260730205543611""",Success,
"=""FN27769210""","=""68210000005802""",,"=""2024-05-10""","=""Civil Court""","=""Recovery""","=""CASE1208""","=""2024""","=""Johnny Larson-Wilkinson""","=""Marshall Mayert""","=""CNR561626728937""","=""Terry Bayer""","=""2028-12-31""","=""20260730205543611""",Success,
"=""FN86289553""","=""68210000005802""",,"=""2024-05-10""","=""Civil Court""","=""Recovery""","=""CASE1209""","=""2024""","=""Jennie Morar""","=""Deanna Bahringer IV""","=""CNR745027348001""","=""Bridget Schmitt""","=""2028-12-31""","=""20260730205543611""",Success,
"=""FN64309003""","=""68210000005802""",,"=""2024-05-10""","=""Civil Court""","=""Recovery""","=""CASE1210""","=""2024""","=""Phyllis Trantow""","=""Mr. Gerard Mayert-Zboncak""","=""CNR727170424154""","=""Dr. Esther Cole""","=""2028-12-31""","=""20260730205543611""",Success,
"=""FN80553438""","=""68210000005802""",,"=""2024-05-10""","=""Civil Court""","=""Recovery""","=""CASE1211""","=""2024""","=""Peggy Rath PhD""","=""Angelina Simonis""","=""CNR919481110056""","=""Julio Bailey""","=""2028-12-31""","=""20260730205543611""",Success,
"=""FN86217301""","=""68210000005802""",,"=""2024-05-10""","=""Civil Court""","=""Recovery""","=""CASE1212""","=""2024""","=""Jack Kohler""","=""Mr. Russell VonRueden""","=""CNR325410605566""","=""Lauren Wintheiser""","=""2028-12-31""","=""20260730205543611""",Success,
"=""FN51142401""","=""68210000005802""",,"=""2024-05-10""","=""Civil Court""","=""Recovery""","=""CASE1213""","=""2024""","=""Mr. Derrick Cremin Sr.""","=""Alex Smitham DDS""","=""CNR835946318970""","=""Dexter Prohaska""","=""2028-12-31""","=""20260730205543611""",Success,
"=""FN32261840""","=""68210000005802""",,"=""2024-05-10""","=""Civil Court""","=""Recovery""","=""CASE1214""","=""2024""","=""Ida Wiza""","=""Andy Mante""","=""CNR186652868782""","=""Melba Rempel""","=""2028-12-31""","=""20260730205543611""",Success,
"=""FN49303993""","=""68210000005802""",,"=""2024-05-10""","=""Civil Court""","=""Recovery""","=""CASE1215""","=""2024""","=""Mark Goldner MD""","=""Janice O'Hara""","=""CNR747613031809""","=""Curtis Kub""","=""2028-12-31""","=""20260730205543611""",Success,
"=""FN16761964""","=""68210000005802""",,"=""2024-05-10""","=""Civil Court""","=""Recovery""","=""CASE1216""","=""2024""","=""Marguerite Aufderhar I""","=""George Kuphal""","=""CNR175926980278""","=""Amos Schultz""","=""2028-12-31""","=""20260730205543611""",Success,
"=""FN12222451""","=""68210000005802""",,"=""2024-05-10""","=""Civil Court""","=""Recovery""","=""CASE1217""","=""2024""","=""Amber Goyette""","=""Rogelio Kertzmann-Ratke""","=""CNR034258172520""","=""Cristina Schamberger""","=""2028-12-31""","=""20260730205543611""",Success,
"=""FN67819187""","=""68210000005802""",,"=""2024-05-10""","=""Civil Court""","=""Recovery""","=""CASE1218""","=""2024""","=""Maggie Heathcote""","=""Gertrude Ruecker""","=""CNR758513887473""","=""Nina Huel""","=""2028-12-31""","=""20260730205543611""",Success,
"=""FN65629658""","=""68210000005802""",,"=""2024-05-10""","=""Civil Court""","=""Recovery""","=""CASE1219""","=""2024""","=""Vickie Krajcik""","=""Mary Bernier""","=""CNR815826914442""","=""Dr. Greg Mertz""","=""2028-12-31""","=""20260730205543611""",Success,
"=""FN64477480""","=""68210000005802""",,"=""2024-05-10""","=""Civil Court""","=""Recovery""","=""CASE1220""","=""2024""","=""Brenda Jenkins""","=""Marcella Nader-Nicolas""","=""CNR314748855760""","=""Frances Mante-Hartmann""","=""2028-12-31""","=""20260730205543611""",Success,
"=""FN43899210""","=""68210000005802""",,"=""2024-05-10""","=""Civil Court""","=""Recovery""","=""CASE1221""","=""2024""","=""Sammy Emard""","=""Francis Simonis""","=""CNR303641526187""","=""Viola Ziemann""","=""2028-12-31""","=""20260730205543611""",Success,
"=""FN81167930""","=""68210000005802""",,"=""2024-05-10""","=""Civil Court""","=""Recovery""","=""CASE1222""","=""2024""","=""Ian Medhurst""","=""Vicki Schinner""","=""CNR197838168624""","=""Mitchell Sporer""","=""2028-12-31""","=""20260730205543611""",Success,
"=""FN13863907""","=""68210000005802""",,"=""2024-05-10""","=""Civil Court""","=""Recovery""","=""CASE1223""","=""2024""","=""Janis Barrows""","=""Irvin Maggio""","=""CNR337506678435""","=""Vivian Moore-Kozey""","=""2028-12-31""","=""20260730205543611""",Success,
"=""FN88691466""","=""68210000005802""",,"=""2024-05-10""","=""Civil Court""","=""Recovery""","=""CASE1224""","=""2024""","=""Charlene Hermann""","=""Joy Quitzon""","=""CNR085901880714""","=""Toni Hayes""","=""2028-12-31""","=""20260730205543611""",Success,
"=""FN89885657""","=""68210000005802""",,"=""2024-05-10""","=""Civil Court""","=""Recovery""","=""CASE1225""","=""2024""","=""Leland Hills""","=""Juana Kulas""","=""CNR756382251434""","=""Ben Paucek PhD""","=""2028-12-31""","=""20260730205543611""",Success,
"=""FN75270731""","=""68210000005802""",,"=""2024-05-10""","=""Civil Court""","=""Recovery""","=""CASE1226""","=""2024""","=""Bridget Carroll Sr.""","=""Nancy Heller III""","=""CNR827664527608""","=""Dr. Julia Conroy""","=""2028-12-31""","=""20260730205543611""",Success,
"=""FN48526917""","=""68210000005802""",,"=""2024-05-10""","=""Civil Court""","=""Recovery""","=""CASE1227""","=""2024""","=""Louis Lowe""","=""Ashley Dooley""","=""CNR153603952762""","=""Dr. Marion Lemke""","=""2028-12-31""","=""20260730205543611""",Success,
"=""FN71356615""","=""68210000005802""",,"=""2024-05-10""","=""Civil Court""","=""Recovery""","=""CASE1228""","=""2024""","=""Cora Ledner""","=""Joe Senger""","=""CNR730072684977""","=""Dr. Gerard Hahn""","=""2028-12-31""","=""20260730205543611""",Success,
"=""FN36514445""","=""68210000005802""",,"=""2024-05-10""","=""Civil Court""","=""Recovery""","=""CASE1229""","=""2024""","=""Jill Beer""","=""Miss Geraldine Bashirian""","=""CNR531075633653""","=""Dr. Rosemarie Howe""","=""2028-12-31""","=""20260730205543611""",Success,
"=""FN80651211""","=""68210000005802""",,"=""2024-05-10""","=""Civil Court""","=""Recovery""","=""CASE1230""","=""2024""","=""Ken Franey""","=""Forrest Heller""","=""CNR038306841124""","=""Ryan Legros""","=""2028-12-31""","=""20260730205543611""",Success,
"=""FN51337167""","=""68210000005802""",,"=""2024-05-10""","=""Civil Court""","=""Recovery""","=""CASE1231""","=""2024""","=""Emanuel Zboncak""","=""Glenda Luettgen""","=""CNR620052588692""","=""Crystal Heathcote""","=""2028-12-31""","=""20260730205543611""",Success,
"=""FN74769888""","=""68210000005802""",,"=""2024-05-10""","=""Civil Court""","=""Recovery""","=""CASE1232""","=""2024""","=""Claude Hane""","=""Nicholas Rowe""","=""CNR980829600742""","=""Beatrice Funk""","=""2028-12-31""","=""20260730205543611""",Success,
"=""FN94869377""","=""68210000005802""",,"=""2024-05-10""","=""Civil Court""","=""Recovery""","=""CASE1233""","=""2024""","=""Harry Cummings""","=""Earl Shields""","=""CNR547684406267""","=""Janice Konopelski""","=""2028-12-31""","=""20260730205543611""",Success,
"=""FN89151948""","=""68210000005802""",,"=""2024-05-10""","=""Civil Court""","=""Recovery""","=""CASE1234""","=""2024""","=""Candace Mraz II""","=""Dwayne Fisher-West""","=""CNR743533459951""","=""Tim Grant""","=""2028-12-31""","=""20260730205543611""",Success,
"=""FN57921629""","=""68210000005802""",,"=""2024-05-10""","=""Civil Court""","=""Recovery""","=""CASE1235""","=""2024""","=""Malcolm Block MD""","=""Matthew Crona""","=""CNR576952140217""","=""Gwen O'Reilly Sr.""","=""2028-12-31""","=""20260730205543611""",Success,
"=""FN41821087""","=""68210000005802""",,"=""2024-05-10""","=""Civil Court""","=""Recovery""","=""CASE1236""","=""2024""","=""Jasmine Schuster""","=""Eduardo Macejkovic""","=""CNR425720790906""","=""Anthony Gleason""","=""2028-12-31""","=""20260730205543611""",Success,
"=""FN75312919""","=""68210000005802""",,"=""2024-05-10""","=""Civil Court""","=""Recovery""","=""CASE1237""","=""2024""","=""Ken Christiansen""","=""Dr. Margaret Doyle""","=""CNR485923820789""","=""Mr. Alexander Corkery""","=""2028-12-31""","=""20260730205543611""",Success,
"=""FN09046382""","=""68210000005802""",,"=""2024-05-10""","=""Civil Court""","=""Recovery""","=""CASE1238""","=""2024""","=""Mabel Fadel""","=""Kyle Bruen""","=""CNR678421110252""","=""Arnold Smith-Emard""","=""2028-12-31""","=""20260730205543611""",Success,
"=""FN77988370""","=""68210000005802""",,"=""2024-05-10""","=""Civil Court""","=""Recovery""","=""CASE1239""","=""2024""","=""Kelli Sipes""","=""Maria Waters""","=""CNR918774559884""","=""Dr. Terri Farrell""","=""2028-12-31""","=""20260730205543611""",Success,
"=""FN89571186""","=""68210000005802""",,"=""2024-05-10""","=""Civil Court""","=""Recovery""","=""CASE1240""","=""2024""","=""Stacy Mann""","=""Santiago Roberts""","=""CNR701550177964""","=""Betsy Sanford""","=""2028-12-31""","=""20260730205543611""",Success,
"=""FN22394210""","=""68210000005802""",,"=""2024-05-10""","=""Civil Court""","=""Recovery""","=""CASE1241""","=""2024""","=""Freda Hilpert""","=""Miss Beth Runolfsdottir""","=""CNR034113364772""","=""Carla Stamm""","=""2028-12-31""","=""20260730205543611""",Success,
"=""FN57773307""","=""68210000005802""",,"=""2024-05-10""","=""Civil Court""","=""Recovery""","=""CASE1242""","=""2024""","=""Bobby Beer""","=""Roberto D'Amore""","=""CNR038481446083""","=""Miss Viola Gottlieb""","=""2028-12-31""","=""20260730205543611""",Success,
"=""FN49014274""","=""68210000005802""",,"=""2024-05-10""","=""Civil Court""","=""Recovery""","=""CASE1243""","=""2024""","=""Jennifer Denesik Sr.""","=""Norma Krajcik I""","=""CNR434109546653""","=""Freda Dibbert I""","=""2028-12-31""","=""20260730205543611""",Success,
"=""FN67374790""","=""68210000005802""",,"=""2024-05-10""","=""Civil Court""","=""Recovery""","=""CASE1244""","=""2024""","=""Moses O'Conner""","=""Blanca Lubowitz""","=""CNR053587914089""","=""Lawrence Orn""","=""2028-12-31""","=""20260730205543611""",Success,
"=""FN36091996""","=""68210000005802""",,"=""2024-05-10""","=""Civil Court""","=""Recovery""","=""CASE1245""","=""2024""","=""Geoffrey Howe MD""","=""Erick Stanton MD""","=""CNR412886055914""","=""Dustin Ondricka DVM""","=""2028-12-31""","=""20260730205543611""",Success,
"=""FN28054692""","=""68210000005802""",,"=""2024-05-10""","=""Civil Court""","=""Recovery""","=""CASE1246""","=""2024""","=""Marcus Mertz""","=""Lucille Kemmer""","=""CNR052419890725""","=""Jack Jones""","=""2028-12-31""","=""20260730205543611""",Success,
"=""FN01171506""","=""68210000005802""",,"=""2024-05-10""","=""Civil Court""","=""Recovery""","=""CASE1247""","=""2024""","=""Katherine Williamson""","=""Ms. Dorothy Ankunding""","=""CNR307540638250""","=""Brittany Feest""","=""2028-12-31""","=""20260730205543611""",Success,
"=""FN53601133""","=""68210000005802""",,"=""2024-05-10""","=""Civil Court""","=""Recovery""","=""CASE1248""","=""2024""","=""Clint Tremblay""","=""Nettie Gerhold""","=""CNR174031581037""","=""Alison Hansen""","=""2028-12-31""","=""20260730205543611""",Success,
"=""FN22543953""","=""68210000005802""",,"=""2024-05-10""","=""Civil Court""","=""Recovery""","=""CASE1249""","=""2024""","=""Alfred Kuphal""","=""Robin Smitham""","=""CNR333277062070""","=""Nadine Fadel""","=""2028-12-31""","=""20260730205543611""",Success,
"=""FN91812544""","=""68210000005802""",,"=""2024-05-10""","=""Civil Court""","=""Recovery""","=""CASE1250""","=""2024""","=""Claire Wisozk""","=""Derrick Rowe""","=""CNR157460281485""","=""Tammy Denesik""","=""2028-12-31""","=""20260730205543611""",Success,
"=""FN15163581""","=""68210000005802""",,"=""2024-05-10""","=""Civil Court""","=""Recovery""","=""CASE1251""","=""2024""","=""Camille Conn""","=""Corey Jenkins DVM""","=""CNR158370153129""","=""Dr. Shari Goldner""","=""2028-12-31""","=""20260730205543611""",Success,
"=""FN44078763""","=""68210000005802""",,"=""2024-05-10""","=""Civil Court""","=""Recovery""","=""CASE1252""","=""2024""","=""Marco Runte""","=""Elvira Kihn""","=""CNR588548654228""","=""Evan Reichert II""","=""2028-12-31""","=""20260730205543611""",Success,
"=""FN29603253""","=""68210000005802""",,"=""2024-05-10""","=""Civil Court""","=""Recovery""","=""CASE1253""","=""2024""","=""Allan Lockman""","=""Frank Kertzmann""","=""CNR535451955814""","=""Salvatore Mayert""","=""2028-12-31""","=""20260730205543611""",Success,
"=""FN86245258""","=""68210000005802""",,"=""2024-05-10""","=""Civil Court""","=""Recovery""","=""CASE1254""","=""2024""","=""Amy Hahn""","=""Miss Sara Tremblay-Hoppe""","=""CNR245510125696""","=""Pam Collins""","=""2028-12-31""","=""20260730205543611""",Success,
"=""FN26901384""","=""68210000005802""",,"=""2024-05-10""","=""Civil Court""","=""Recovery""","=""CASE1255""","=""2024""","=""Elena Maggio""","=""Harry Brown""","=""CNR265422035898""","=""Grady Jast Jr.""","=""2028-12-31""","=""20260730205543611""",Success,
"=""FN25303641""","=""68210000005802""",,"=""2024-05-10""","=""Civil Court""","=""Recovery""","=""CASE1256""","=""2024""","=""Holly Upton""","=""Paulette Crist""","=""CNR759731355995""","=""Georgia Crist""","=""2028-12-31""","=""20260730205543611""",Success,
"=""FN50725528""","=""68210000005802""",,"=""2024-05-10""","=""Civil Court""","=""Recovery""","=""CASE1257""","=""2024""","=""Molly Jenkins""","=""Howard Haag DDS""","=""CNR735111485375""","=""Diana Crona""","=""2028-12-31""","=""20260730205543611""",Success,
"=""FN96908906""","=""68210000005802""",,"=""2024-05-10""","=""Civil Court""","=""Recovery""","=""CASE1258""","=""2024""","=""Alfredo Macejkovic""","=""Mrs. Cynthia Bogan""","=""CNR623521940587""","=""Regina Osinski""","=""2028-12-31""","=""20260730205543611""",Success,
"=""FN84344334""","=""68210000005802""",,"=""2024-05-10""","=""Civil Court""","=""Recovery""","=""CASE1259""","=""2024""","=""Sally Schmidt""","=""Fred McKenzie""","=""CNR033934946926""","=""Terry Dietrich DDS""","=""2028-12-31""","=""20260730205543611""",Success,
"=""FN71037220""","=""68210000005802""",,"=""2024-05-10""","=""Civil Court""","=""Recovery""","=""CASE1260""","=""2024""","=""Miss Julia Stark""","=""Tara Batz-Macejkovic""","=""CNR758802722669""","=""Russell VonRueden""","=""2028-12-31""","=""20260730205543611""",Success,
"=""FN99858496""","=""68210000005802""",,"=""2024-05-10""","=""Civil Court""","=""Recovery""","=""CASE1261""","=""2024""","=""Mr. Kurt Lind""","=""Marta Prohaska-Becker""","=""CNR165436107931""","=""Sam O'Kon""","=""2028-12-31""","=""20260730205543611""",Success,
"=""FN50024340""","=""68210000005802""",,"=""2024-05-10""","=""Civil Court""","=""Recovery""","=""CASE1262""","=""2024""","=""Lynda Kihn""","=""Gloria Friesen""","=""CNR670206735448""","=""Damon Bauch IV""","=""2028-12-31""","=""20260730205543611""",Success,
"=""FN53969199""","=""68210000005802""",,"=""2024-05-10""","=""Civil Court""","=""Recovery""","=""CASE1263""","=""2024""","=""Wilson Kozey""","=""Eva Kris""","=""CNR365928122712""","=""Dr. Michele Hand""","=""2028-12-31""","=""20260730205543611""",Success,
"=""FN38895740""","=""68210000005802""",,"=""2024-05-10""","=""Civil Court""","=""Recovery""","=""CASE1264""","=""2024""","=""Dr. Mark Kozey""","=""Miss Sarah Stokes II""","=""CNR319450880045""","=""Gene Runolfsdottir""","=""2028-12-31""","=""20260730205543611""",Success,
"=""FN75460358""","=""68210000005802""",,"=""2024-05-10""","=""Civil Court""","=""Recovery""","=""CASE1265""","=""2024""","=""Jeff Zboncak""","=""Leon Rice""","=""CNR942124981212""","=""Ruben Marvin""","=""2028-12-31""","=""20260730205543611""",Success,
"=""FN60623389""","=""68210000005802""",,"=""2024-05-10""","=""Civil Court""","=""Recovery""","=""CASE1266""","=""2024""","=""Lindsay Aufderhar""","=""Jody Gleichner""","=""CNR986302763642""","=""Reginald Smith""","=""2028-12-31""","=""20260730205543611""",Success,
"=""FN11714296""","=""68210000005802""",,"=""2024-05-10""","=""Civil Court""","=""Recovery""","=""CASE1267""","=""2024""","=""Tommie Nikolaus""","=""Lena Schmeler""","=""CNR910350246321""","=""Silvia Frami""","=""2028-12-31""","=""20260730205543611""",Success,
"=""FN93050579""","=""68210000005802""",,"=""2024-05-10""","=""Civil Court""","=""Recovery""","=""CASE1268""","=""2024""","=""Deanna Thiel""","=""Ruby Mann""","=""CNR496088000895""","=""Tim Farrell""","=""2028-12-31""","=""20260730205543611""",Success,
"=""FN16446047""","=""68210000005802""",,"=""2024-05-10""","=""Civil Court""","=""Recovery""","=""CASE1269""","=""2024""","=""Neil Kris""","=""Earl Towne IV""","=""CNR701327245873""","=""Dr. Ricky Mayer""","=""2028-12-31""","=""20260730205543611""",Success,
"=""FN32997841""","=""68210000005802""",,"=""2024-05-10""","=""Civil Court""","=""Recovery""","=""CASE1270""","=""2024""","=""Leona Rice""","=""Bennie Wyman""","=""CNR171740388244""","=""Henry Metz I""","=""2028-12-31""","=""20260730205543611""",Success,
"=""FN54133466""","=""68210000005802""",,"=""2024-05-10""","=""Civil Court""","=""Recovery""","=""CASE1271""","=""2024""","=""Yvette Lesch""","=""Harvey Greenholt""","=""CNR681175271391""","=""Ruby Kiehn""","=""2028-12-31""","=""20260730205543611""",Success,
"=""FN56293448""","=""68210000005802""",,"=""2024-05-10""","=""Civil Court""","=""Recovery""","=""CASE1272""","=""2024""","=""Faith Osinski""","=""Victoria Reichert""","=""CNR254704664044""","=""Ted Jakubowski III""","=""2028-12-31""","=""20260730205543611""",Success,
"=""FN44113530""","=""68210000005802""",,"=""2024-05-10""","=""Civil Court""","=""Recovery""","=""CASE1273""","=""2024""","=""Cesar Lindgren""","=""Andres Upton""","=""CNR202779591519""","=""Eileen Von""","=""2028-12-31""","=""20260730205543611""",Success,
"=""FN77113984""","=""68210000005802""",,"=""2024-05-10""","=""Civil Court""","=""Recovery""","=""CASE1274""","=""2024""","=""Hector Koepp""","=""Jessie Hyatt""","=""CNR013104818162""","=""Ted Hessel""","=""2028-12-31""","=""20260730205543611""",Success,
"=""FN80790542""","=""68210000005802""",,"=""2024-05-10""","=""Civil Court""","=""Recovery""","=""CASE1275""","=""2024""","=""Gordon Kulas""","=""Desiree Klein""","=""CNR009704001527""","=""Patti Roob""","=""2028-12-31""","=""20260730205543611""",Success,
"=""FN29913653""","=""68210000005802""",,"=""2024-05-10""","=""Civil Court""","=""Recovery""","=""CASE1276""","=""2024""","=""Dolores Purdy""","=""Kara Willms""","=""CNR906032594749""","=""Willie Breitenberg""","=""2028-12-31""","=""20260730205543611""",Success,
"=""FN17762831""","=""68210000005802""",,"=""2024-05-10""","=""Civil Court""","=""Recovery""","=""CASE1277""","=""2024""","=""Geoffrey Gottlieb DVM""","=""Douglas Jones""","=""CNR919059874854""","=""John Wuckert I""","=""2028-12-31""","=""20260730205543611""",Success,
"=""FN90259573""","=""68210000005802""",,"=""2024-05-10""","=""Civil Court""","=""Recovery""","=""CASE1278""","=""2024""","=""Olive Goodwin""","=""Ms. Leticia Gislason""","=""CNR402506852622""","=""Freddie Bailey V""","=""2028-12-31""","=""20260730205543611""",Success,
"=""FN35529844""","=""68210000005802""",,"=""2024-05-10""","=""Civil Court""","=""Recovery""","=""CASE1279""","=""2024""","=""Guy Abernathy""","=""Raquel Daniel""","=""CNR747050751072""","=""Alfonso Hirthe""","=""2028-12-31""","=""20260730205543611""",Success,
"=""FN71025073""","=""68210000005802""",,"=""2024-05-10""","=""Civil Court""","=""Recovery""","=""CASE1280""","=""2024""","=""Martha Tromp""","=""Rose Hilpert""","=""CNR259344792819""","=""Dr. Mike Hand""","=""2028-12-31""","=""20260730205543611""",Success,
"=""FN42944648""","=""68210000005802""",,"=""2024-05-10""","=""Civil Court""","=""Recovery""","=""CASE1281""","=""2024""","=""Otis Kuhn""","=""Guy Wisozk""","=""CNR219815635692""","=""Miss Delores Miller""","=""2028-12-31""","=""20260730205543611""",Success,
"=""FN15666117""","=""68210000005802""",,"=""2024-05-10""","=""Civil Court""","=""Recovery""","=""CASE1282""","=""2024""","=""Jody Monahan""","=""Harold Labadie""","=""CNR857376094657""","=""Joanne Kris-Dickinson""","=""2028-12-31""","=""20260730205543611""",Success,
"=""FN29686131""","=""68210000005802""",,"=""2024-05-10""","=""Civil Court""","=""Recovery""","=""CASE1283""","=""2024""","=""Dr. Edwin Mayert""","=""Janice Reichert""","=""CNR595569160056""","=""Laverne Kunde""","=""2028-12-31""","=""20260730205543611""",Success,
"=""FN81393107""","=""68210000005802""",,"=""2024-05-10""","=""Civil Court""","=""Recovery""","=""CASE1284""","=""2024""","=""Mr. Moses Watsica-Rogahn V""","=""Ms. Silvia Wilkinson""","=""CNR655216184732""","=""Raymond Breitenberg""","=""2028-12-31""","=""20260730205543611""",Success,
"=""FN99598056""","=""68210000005802""",,"=""2024-05-10""","=""Civil Court""","=""Recovery""","=""CASE1285""","=""2024""","=""Donnie Gottlieb""","=""Cassandra Bechtelar""","=""CNR730530375599""","=""Marty Schuppe""","=""2028-12-31""","=""20260730205543611""",Success,
"=""FN32112402""","=""68210000005802""",,"=""2024-05-10""","=""Civil Court""","=""Recovery""","=""CASE1286""","=""2024""","=""Charlotte Fahey""","=""Simon McClure V""","=""CNR103656690621""","=""Kathryn Pollich PhD""","=""2028-12-31""","=""20260730205543611""",Success,
"=""FN92973627""","=""68210000005802""",,"=""2024-05-10""","=""Civil Court""","=""Recovery""","=""CASE1287""","=""2024""","=""Diana Ernser""","=""Dr. Rufus Schroeder""","=""CNR286770275091""","=""Eula Hoeger""","=""2028-12-31""","=""20260730205543611""",Success,
"=""FN61619270""","=""68210000005802""",,"=""2024-05-10""","=""Civil Court""","=""Recovery""","=""CASE1288""","=""2024""","=""Jon Mayert""","=""Sonya Batz Jr.""","=""CNR018720167959""","=""Terry Bruen-Kulas""","=""2028-12-31""","=""20260730205543611""",Success,
"=""FN61316684""","=""68210000005802""",,"=""2024-05-10""","=""Civil Court""","=""Recovery""","=""CASE1289""","=""2024""","=""Steve Graham""","=""Lynette Hirthe MD""","=""CNR843320714742""","=""Randall Konopelski""","=""2028-12-31""","=""20260730205543611""",Success,
"=""FN47575850""","=""68210000005802""",,"=""2024-05-10""","=""Civil Court""","=""Recovery""","=""CASE1290""","=""2024""","=""Margaret Pollich""","=""Dr. William Kulas""","=""CNR839855912209""","=""Holly Hagenes""","=""2028-12-31""","=""20260730205543611""",Success,
"=""FN83254951""","=""68210000005802""",,"=""2024-05-10""","=""Civil Court""","=""Recovery""","=""CASE1291""","=""2024""","=""Gail Ullrich""","=""Rogelio Beatty DDS""","=""CNR214180813758""","=""Joann Brekke""","=""2028-12-31""","=""20260730205543611""",Success,
"=""FN48535299""","=""68210000005802""",,"=""2024-05-10""","=""Civil Court""","=""Recovery""","=""CASE1292""","=""2024""","=""Sandy Hackett""","=""Katrina Mitchell""","=""CNR865655588127""","=""Jana Wisoky""","=""2028-12-31""","=""20260730205543611""",Success,
"=""FN11941759""","=""68210000005802""",,"=""2024-05-10""","=""Civil Court""","=""Recovery""","=""CASE1293""","=""2024""","=""Dixie Gerhold""","=""Minnie Mueller""","=""CNR034495126479""","=""Mr. Terrell Hauck""","=""2028-12-31""","=""20260730205543611""",Success,
"=""FN85870721""","=""68210000005802""",,"=""2024-05-10""","=""Civil Court""","=""Recovery""","=""CASE1294""","=""2024""","=""Herman Stark DVM""","=""Alyssa Boyer""","=""CNR024310687220""","=""Myra Torp""","=""2028-12-31""","=""20260730205543611""",Success,
"=""FN03921777""","=""68210000005802""",,"=""2024-05-10""","=""Civil Court""","=""Recovery""","=""CASE1295""","=""2024""","=""Dr. Nichole Grady""","=""Eunice Bogisich""","=""CNR813788868969""","=""Jacquelyn Runolfsson""","=""2028-12-31""","=""20260730205543611""",Success,
"=""FN63274874""","=""68210000005802""",,"=""2024-05-10""","=""Civil Court""","=""Recovery""","=""CASE1296""","=""2024""","=""Kerry Mills""","=""Angel Wilderman""","=""CNR966383332861""","=""Eduardo Klocko-Aufderhar PhD""","=""2028-12-31""","=""20260730205543611""",Success,
"=""FN08543852""","=""68210000005802""",,"=""2024-05-10""","=""Civil Court""","=""Recovery""","=""CASE1297""","=""2024""","=""Christie Little""","=""Raquel Baumbach""","=""CNR687667227624""","=""Lucas Crist""","=""2028-12-31""","=""20260730205543611""",Success,
"=""FN57708004""","=""68210000005802""",,"=""2024-05-10""","=""Civil Court""","=""Recovery""","=""CASE1298""","=""2024""","=""Rosemary Conroy""","=""Miriam Nikolaus""","=""CNR999028766686""","=""Warren Hansen""","=""2028-12-31""","=""20260730205543611""",Success,
"=""FN65288283""","=""68210000005802""",,"=""2024-05-10""","=""Civil Court""","=""Recovery""","=""CASE1299""","=""2024""","=""Violet Bins""","=""Kathleen Wiza""","=""CNR268170647885""","=""Keith Champlin""","=""2028-12-31""","=""20260730205543611""",Success,
"=""FN20169287""","=""68210000005802""",,"=""2024-05-10""","=""Civil Court""","=""Recovery""","=""CASE1300""","=""2024""","=""Wade Kassulke""","=""Jimmie Cremin II""","=""CNR815146585163""","=""Ira Douglas""","=""2028-12-31""","=""20260730205543611""",Success,
"=""FN95237251""","=""68210000005802""",,"=""2024-05-10""","=""Civil Court""","=""Recovery""","=""CASE1301""","=""2024""","=""Scott Lemke""","=""Oliver Wisoky""","=""CNR760135095786""","=""Jake Stiedemann""","=""2028-12-31""","=""20260730205543611""",Success,
"=""FN87267222""","=""68210000005802""",,"=""2024-05-10""","=""Civil Court""","=""Recovery""","=""CASE1302""","=""2024""","=""Bernadette Jacobi""","=""Dr. Melinda Terry Jr.""","=""CNR102111379096""","=""Nelson Mueller""","=""2028-12-31""","=""20260730205543611""",Success,
"=""FN55442134""","=""68210000005802""",,"=""2024-05-10""","=""Civil Court""","=""Recovery""","=""CASE1303""","=""2024""","=""Angel Kerluke""","=""Claude Conn""","=""CNR735858069457""","=""Julie Heathcote""","=""2028-12-31""","=""20260730205543611""",Success,
"=""FN08360845""","=""68210000005802""",,"=""2024-05-10""","=""Civil Court""","=""Recovery""","=""CASE1304""","=""2024""","=""Noel Kihn II""","=""Dr. Ray Russel""","=""CNR736140048306""","=""Kyle Howell III""","=""2028-12-31""","=""20260730205543611""",Success,
"=""FN62194976""","=""68210000005802""",,"=""2024-05-10""","=""Civil Court""","=""Recovery""","=""CASE1305""","=""2024""","=""Floyd Fahey""","=""Amy Leffler""","=""CNR286474175261""","=""Dr. Douglas Block""","=""2028-12-31""","=""20260730205543611""",Success,
"=""FN41617218""","=""68210000005802""",,"=""2024-05-10""","=""Civil Court""","=""Recovery""","=""CASE1306""","=""2024""","=""Adrienne Mosciski""","=""Dr. Lisa Goldner DVM""","=""CNR249767015129""","=""Janis Reichert Sr.""","=""2028-12-31""","=""20260730205543611""",Success,
"=""FN00566344""","=""68210000005802""",,"=""2024-05-10""","=""Civil Court""","=""Recovery""","=""CASE1307""","=""2024""","=""Misty Tremblay""","=""Mr. Gary Hilll""","=""CNR051122005056""","=""Wilfred Grady""","=""2028-12-31""","=""20260730205543611""",Success,
"=""FN55342378""","=""68210000005802""",,"=""2024-05-10""","=""Civil Court""","=""Recovery""","=""CASE1308""","=""2024""","=""Toni Crona""","=""Arlene Ullrich""","=""CNR947295628504""","=""Bridget Hills""","=""2028-12-31""","=""20260730205543611""",Success,
"=""FN36946482""","=""68210000005802""",,"=""2024-05-10""","=""Civil Court""","=""Recovery""","=""CASE1309""","=""2024""","=""Kellie Cole""","=""Penny Thompson""","=""CNR636190604202""","=""Opal Marquardt""","=""2028-12-31""","=""20260730205543611""",Success,
"=""FN87523739""","=""68210000005802""",,"=""2024-05-10""","=""Civil Court""","=""Recovery""","=""CASE1310""","=""2024""","=""Salvatore Wisozk""","=""Chester Rogahn""","=""CNR681399377388""","=""Calvin Kilback""","=""2028-12-31""","=""20260730205543611""",Success,
"=""FN87762767""","=""68210000005802""",,"=""2024-05-10""","=""Civil Court""","=""Recovery""","=""CASE1311""","=""2024""","=""Kerry Stehr""","=""Melissa Volkman""","=""CNR816207208697""","=""Cameron Hettinger""","=""2028-12-31""","=""20260730205543611""",Success,
"=""FN78687800""","=""68210000005802""",,"=""2024-05-10""","=""Civil Court""","=""Recovery""","=""CASE1312""","=""2024""","=""Suzanne Spinka""","=""James Carroll""","=""CNR705086059427""","=""Dr. Jose Streich""","=""2028-12-31""","=""20260730205543611""",Success,
"=""FN88512308""","=""68210000005802""",,"=""2024-05-10""","=""Civil Court""","=""Recovery""","=""CASE1313""","=""2024""","=""Louis Haag""","=""Thomas Bartell""","=""CNR789651236963""","=""Jo Hayes""","=""2028-12-31""","=""20260730205543611""",Success,
"=""FN59533654""","=""68210000005802""",,"=""2024-05-10""","=""Civil Court""","=""Recovery""","=""CASE1314""","=""2024""","=""Joe Beahan-Bailey""","=""Gilbert Kunde DVM""","=""CNR014121296947""","=""Danielle Donnelly""","=""2028-12-31""","=""20260730205543611""",Success,
"=""FN46036666""","=""68210000005802""",,"=""2024-05-10""","=""Civil Court""","=""Recovery""","=""CASE1315""","=""2024""","=""Cathy Mueller""","=""Cora Mayert""","=""CNR585029100831""","=""Ethel Howell""","=""2028-12-31""","=""20260730205543611""",Success,
"=""FN55125377""","=""68210000005802""",,"=""2024-05-10""","=""Civil Court""","=""Recovery""","=""CASE1316""","=""2024""","=""Joy Sawayn""","=""Emmett Jones""","=""CNR042014002398""","=""Glenda Rippin""","=""2028-12-31""","=""20260730205543611""",Success,
"=""FN51984872""","=""68210000005802""",,"=""2024-05-10""","=""Civil Court""","=""Recovery""","=""CASE1317""","=""2024""","=""Lloyd Hickle DDS""","=""Mr. Colin Beer V""","=""CNR654027900889""","=""Emilio Schumm""","=""2028-12-31""","=""20260730205543611""",Success,
"=""FN34658532""","=""68210000005802""",,"=""2024-05-10""","=""Civil Court""","=""Recovery""","=""CASE1318""","=""2024""","=""Joe Marvin""","=""Jana Buckridge""","=""CNR665388378400""","=""Santiago Dietrich""","=""2028-12-31""","=""20260730205543611""",Success,
"=""FN18968363""","=""68210000005802""",,"=""2024-05-10""","=""Civil Court""","=""Recovery""","=""CASE1319""","=""2024""","=""Lauren Rice""","=""Sammy Larson""","=""CNR635597838186""","=""Joanne Labadie""","=""2028-12-31""","=""20260730205543611""",Success,
"=""FN57422290""","=""68210000005802""",,"=""2024-05-10""","=""Civil Court""","=""Recovery""","=""CASE1320""","=""2024""","=""Irene Jakubowski""","=""Dr. Darrin Zulauf""","=""CNR503785229833""","=""Vincent Little""","=""2028-12-31""","=""20260730205543611""",Success,
"=""FN78673613""","=""68210000005802""",,"=""2024-05-10""","=""Civil Court""","=""Recovery""","=""CASE1321""","=""2024""","=""Claudia Gusikowski""","=""Kristie Gerlach""","=""CNR806715806608""","=""Shannon Tremblay""","=""2028-12-31""","=""20260730205543611""",Success,
"=""FN41573902""","=""68210000005802""",,"=""2024-05-10""","=""Civil Court""","=""Recovery""","=""CASE1322""","=""2024""","=""Darryl Kreiger""","=""Dr. Elmer Rolfson""","=""CNR162768939644""","=""Candace Rutherford""","=""2028-12-31""","=""20260730205543611""",Success,
"=""FN32816622""","=""68210000005802""",,"=""2024-05-10""","=""Civil Court""","=""Recovery""","=""CASE1323""","=""2024""","=""Jeremy Bechtelar-Sipes PhD""","=""Kathryn Gulgowski""","=""CNR181733742910""","=""Owen Marquardt""","=""2028-12-31""","=""20260730205543611""",Success,
"=""FN87562919""","=""68210000005802""",,"=""2024-05-10""","=""Civil Court""","=""Recovery""","=""CASE1324""","=""2024""","=""Henry Padberg""","=""Dr. Johnnie Mills""","=""CNR505256383057""","=""Bill Feeney I""","=""2028-12-31""","=""20260730205543611""",Success,
"=""FN49048132""","=""68210000005802""",,"=""2024-05-10""","=""Civil Court""","=""Recovery""","=""CASE1325""","=""2024""","=""Amelia Jacobs""","=""Beulah Mosciski""","=""CNR667072094351""","=""Manuel Kshlerin""","=""2028-12-31""","=""20260730205543611""",Success,
"=""FN78736561""","=""68210000005802""",,"=""2024-05-10""","=""Civil Court""","=""Recovery""","=""CASE1326""","=""2024""","=""Mr. Tommy Roberts""","=""Andres Miller""","=""CNR420658491719""","=""Tricia Morissette""","=""2028-12-31""","=""20260730205543611""",Success,
"=""FN56139635""","=""68210000005802""",,"=""2024-05-10""","=""Civil Court""","=""Recovery""","=""CASE1327""","=""2024""","=""Spencer Goldner""","=""Marta Johnson""","=""CNR291251798885""","=""Shane Kuhlman""","=""2028-12-31""","=""20260730205543611""",Success,
"=""FN91966692""","=""68210000005802""",,"=""2024-05-10""","=""Civil Court""","=""Recovery""","=""CASE1328""","=""2024""","=""Theodore Carter V""","=""Shelly Hudson DVM""","=""CNR305489322454""","=""Jimmy Morar""","=""2028-12-31""","=""20260730205543611""",Success,
"=""FN55130551""","=""68210000005802""",,"=""2024-05-10""","=""Civil Court""","=""Recovery""","=""CASE1329""","=""2024""","=""Janis Becker""","=""Betty Daniel""","=""CNR172296419243""","=""Adam Leannon""","=""2028-12-31""","=""20260730205543611""",Success,
"=""FN84514409""","=""68210000005802""",,"=""2024-05-10""","=""Civil Court""","=""Recovery""","=""CASE1330""","=""2024""","=""Tracy Bailey""","=""Vincent Hodkiewicz""","=""CNR277829841364""","=""Conrad Simonis""","=""2028-12-31""","=""20260730205543611""",Success,
"=""FN80088444""","=""68210000005802""",,"=""2024-05-10""","=""Civil Court""","=""Recovery""","=""CASE1331""","=""2024""","=""Eunice Bahringer""","=""Ronald Kshlerin""","=""CNR564813909660""","=""Miss Brittany Olson Jr.""","=""2028-12-31""","=""20260730205543611""",Success,
"=""FN47698218""","=""68210000005802""",,"=""2024-05-10""","=""Civil Court""","=""Recovery""","=""CASE1332""","=""2024""","=""Ronald Rowe""","=""Owen Maggio IV""","=""CNR955899820201""","=""Lora Buckridge""","=""2028-12-31""","=""20260730205543611""",Success,
"=""FN41630771""","=""68210000005802""",,"=""2024-05-10""","=""Civil Court""","=""Recovery""","=""CASE1333""","=""2024""","=""Frances Renner IV""","=""Mr. Isaac Stehr""","=""CNR225346497429""","=""Beatrice Nader""","=""2028-12-31""","=""20260730205543611""",Success,
"=""FN22571348""","=""68210000005802""",,"=""2024-05-10""","=""Civil Court""","=""Recovery""","=""CASE1334""","=""2024""","=""Ernesto Stroman""","=""Clinton Bartell""","=""CNR141924858381""","=""Rickey Breitenberg""","=""2028-12-31""","=""20260730205543611""",Success,
"=""FN70120450""","=""68210000005802""",,"=""2024-05-10""","=""Civil Court""","=""Recovery""","=""CASE1335""","=""2024""","=""Mr. Simon Spinka III""","=""Devin Schneider""","=""CNR747633030946""","=""Sylvia Rice PhD""","=""2028-12-31""","=""20260730205543611""",Success,
"=""FN60383837""","=""68210000005802""",,"=""2024-05-10""","=""Civil Court""","=""Recovery""","=""CASE1336""","=""2024""","=""Gretchen Orn""","=""Colleen West""","=""CNR771515951946""","=""Ora Wiza""","=""2028-12-31""","=""20260730205543611""",Success,
"=""FN77908159""","=""68210000005802""",,"=""2024-05-10""","=""Civil Court""","=""Recovery""","=""CASE1337""","=""2024""","=""Forrest Marquardt-Barton""","=""Brendan O'Keefe I""","=""CNR187631531008""","=""Thomas Rempel-Mayert""","=""2028-12-31""","=""20260730205543611""",Success,
"=""FN00901781""","=""68210000005802""",,"=""2024-05-10""","=""Civil Court""","=""Recovery""","=""CASE1338""","=""2024""","=""Emanuel Heathcote""","=""Omar Turner""","=""CNR667264360694""","=""Johnnie O'Connell""","=""2028-12-31""","=""20260730205543611""",Success,
"=""FN69425763""","=""68210000005802""",,"=""2024-05-10""","=""Civil Court""","=""Recovery""","=""CASE1339""","=""2024""","=""Monica Schmidt""","=""Renee Schumm""","=""CNR041887271514""","=""Mr. Frankie Schaden""","=""2028-12-31""","=""20260730205543611""",Success,
"=""FN84258655""","=""68210000005802""",,"=""2024-05-10""","=""Civil Court""","=""Recovery""","=""CASE1340""","=""2024""","=""Elsa Daniel-Kemmer""","=""Willis McLaughlin III""","=""CNR644197867631""","=""Mrs. Darla Reynolds""","=""2028-12-31""","=""20260730205543611""",Success,
"=""FN50809935""","=""68210000005802""",,"=""2024-05-10""","=""Civil Court""","=""Recovery""","=""CASE1341""","=""2024""","=""Dominic Adams""","=""Rick Daniel""","=""CNR438065494545""","=""Phillip Cole""","=""2028-12-31""","=""20260730205543611""",Success,
"=""FN40191604""","=""68210000005802""",,"=""2024-05-10""","=""Civil Court""","=""Recovery""","=""CASE1342""","=""2024""","=""Angie Spencer""","=""Marsha Lynch""","=""CNR241099998870""","=""Derek Senger""","=""2028-12-31""","=""20260730205543611""",Success,
"=""FN97955178""","=""68210000005802""",,"=""2024-05-10""","=""Civil Court""","=""Recovery""","=""CASE1343""","=""2024""","=""Erik Welch""","=""Jean Nader""","=""CNR927854537916""","=""Abel Stark""","=""2028-12-31""","=""20260730205543611""",Success,
"=""FN60844680""","=""68210000005802""",,"=""2024-05-10""","=""Civil Court""","=""Recovery""","=""CASE1344""","=""2024""","=""Lela Lubowitz""","=""Ida Hamill""","=""CNR943101951342""","=""Tammy Rutherford""","=""2028-12-31""","=""20260730205543611""",Success,
"=""FN03831396""","=""68210000005802""",,"=""2024-05-10""","=""Civil Court""","=""Recovery""","=""CASE1345""","=""2024""","=""Nelson Hettinger""","=""Whitney Hyatt Jr.""","=""CNR216790942034""","=""Jessie Greenholt""","=""2028-12-31""","=""20260730205543611""",Success,
"=""FN36724798""","=""68210000005802""",,"=""2024-05-10""","=""Civil Court""","=""Recovery""","=""CASE1346""","=""2024""","=""Tracy Turcotte""","=""Peter Abshire""","=""CNR817004054158""","=""Jodi Kiehn DDS""","=""2028-12-31""","=""20260730205543611""",Success,
"=""FN71697262""","=""68210000005802""",,"=""2024-05-10""","=""Civil Court""","=""Recovery""","=""CASE1347""","=""2024""","=""Evan Balistreri""","=""Kristen Windler""","=""CNR877430493586""","=""Fernando Pouros I""","=""2028-12-31""","=""20260730205543611""",Success,
"=""FN08044870""","=""68210000005802""",,"=""2024-05-10""","=""Civil Court""","=""Recovery""","=""CASE1348""","=""2024""","=""Andre Becker""","=""Lorraine Oberbrunner""","=""CNR712341207984""","=""Melody Altenwerth""","=""2028-12-31""","=""20260730205543611""",Success,
"=""FN02079634""","=""68210000005802""",,"=""2024-05-10""","=""Civil Court""","=""Recovery""","=""CASE1349""","=""2024""","=""Matthew Kuhlman-Paucek""","=""Madeline Emmerich""","=""CNR653388173576""","=""Freda Swaniawski-Leannon""","=""2028-12-31""","=""20260730205543611""",Success,
"=""FN98194219""","=""68210000005802""",,"=""2024-05-10""","=""Civil Court""","=""Recovery""","=""CASE1350""","=""2024""","=""Erick Pagac""","=""Sherri Barrows""","=""CNR355021522318""","=""Fannie Greenholt""","=""2028-12-31""","=""20260730205543611""",Success,
"=""FN93602417""","=""68210000005802""",,"=""2024-05-10""","=""Civil Court""","=""Recovery""","=""CASE1351""","=""2024""","=""Jared Conn""","=""Rufus Bradtke""","=""CNR795068577046""","=""Fredrick Bergstrom I""","=""2028-12-31""","=""20260730205543611""",Success,
"=""FN38557162""","=""68210000005802""",,"=""2024-05-10""","=""Civil Court""","=""Recovery""","=""CASE1352""","=""2024""","=""Pam Zieme""","=""Dr. Ashley Koss""","=""CNR842477658487""","=""Tasha Prohaska""","=""2028-12-31""","=""20260730205543611""",Success,
"=""FN50785031""","=""68210000005802""",,"=""2024-05-10""","=""Civil Court""","=""Recovery""","=""CASE1353""","=""2024""","=""Ruby Bergnaum""","=""Jacquelyn Kohler""","=""CNR378192477785""","=""Alexandra Johnson-Casper""","=""2028-12-31""","=""20260730205543611""",Success,
"=""FN34869296""","=""68210000005802""",,"=""2024-05-10""","=""Civil Court""","=""Recovery""","=""CASE1354""","=""2024""","=""Johnnie Oberbrunner""","=""Emanuel Heathcote""","=""CNR370301853710""","=""Jerry Skiles""","=""2028-12-31""","=""20260730205543611""",Success,
"=""FN62269129""","=""68210000005802""",,"=""2024-05-10""","=""Civil Court""","=""Recovery""","=""CASE1355""","=""2024""","=""Michael Ortiz""","=""Mike Kub-Fritsch""","=""CNR755813164197""","=""Emily Christiansen""","=""2028-12-31""","=""20260730205543611""",Success,
"=""FN24228564""","=""68210000005802""",,"=""2024-05-10""","=""Civil Court""","=""Recovery""","=""CASE1356""","=""2024""","=""Miss Sabrina Torphy""","=""Pam Sawayn""","=""CNR414492395710""","=""Dr. Howard Mann""","=""2028-12-31""","=""20260730205543611""",Success,
"=""FN72748911""","=""68210000005802""",,"=""2024-05-10""","=""Civil Court""","=""Recovery""","=""CASE1357""","=""2024""","=""Jessie Anderson""","=""Alonzo Ondricka-Hoppe""","=""CNR679694876431""","=""Erik Gottlieb""","=""2028-12-31""","=""20260730205543611""",Success,
"=""FN49935169""","=""68210000005802""",,"=""2024-05-10""","=""Civil Court""","=""Recovery""","=""CASE1358""","=""2024""","=""Mrs. Katherine Homenick""","=""Latoya Jones""","=""CNR538802157503""","=""Clayton Grady""","=""2028-12-31""","=""20260730205543611""",Success,
"=""FN06880875""","=""68210000005802""",,"=""2024-05-10""","=""Civil Court""","=""Recovery""","=""CASE1359""","=""2024""","=""Dominic Bernier""","=""Wallace Deckow""","=""CNR858445875405""","=""Jennifer Kovacek""","=""2028-12-31""","=""20260730205543611""",Success,
"=""FN51054816""","=""68210000005802""",,"=""2024-05-10""","=""Civil Court""","=""Recovery""","=""CASE1360""","=""2024""","=""Mr. Hubert Harvey""","=""Brandy Sawayn""","=""CNR671649680890""","=""Kenny Torp PhD""","=""2028-12-31""","=""20260730205543611""",Success,
"=""FN66092501""","=""68210000005802""",,"=""2024-05-10""","=""Civil Court""","=""Recovery""","=""CASE1361""","=""2024""","=""Dr. Clark Goldner""","=""Rosemarie Pouros""","=""CNR054825921520""","=""Benny Feeney""","=""2028-12-31""","=""20260730205543611""",Success,
"=""FN64368488""","=""68210000005802""",,"=""2024-05-10""","=""Civil Court""","=""Recovery""","=""CASE1362""","=""2024""","=""Mr. Byron Wiegand""","=""Arlene Turcotte""","=""CNR783804415926""","=""Rodney Kuhic""","=""2028-12-31""","=""20260730205543611""",Success,
"=""FN60961924""","=""68210000005802""",,"=""2024-05-10""","=""Civil Court""","=""Recovery""","=""CASE1363""","=""2024""","=""Alma Auer""","=""Alvin Hintz""","=""CNR993119731985""","=""Tommy Tillman""","=""2028-12-31""","=""20260730205543611""",Success,
"=""FN65332510""","=""68210000005802""",,"=""2024-05-10""","=""Civil Court""","=""Recovery""","=""CASE1364""","=""2024""","=""Bridget Greenfelder""","=""Kristen Ward Sr.""","=""CNR510822756543""","=""Becky Stoltenberg""","=""2028-12-31""","=""20260730205543611""",Success,
"=""FN68168458""","=""68210000005802""",,"=""2024-05-10""","=""Civil Court""","=""Recovery""","=""CASE1365""","=""2024""","=""Vernon Baumbach""","=""Pat Thompson""","=""CNR765503493374""","=""Shelley O'Keefe""","=""2028-12-31""","=""20260730205543611""",Success,
"=""FN07992034""","=""68210000005802""",,"=""2024-05-10""","=""Civil Court""","=""Recovery""","=""CASE1366""","=""2024""","=""Amber Schneider""","=""Abel Crist""","=""CNR245197743051""","=""Mr. Walter Legros""","=""2028-12-31""","=""20260730205543611""",Success,
"=""FN12709665""","=""68210000005802""",,"=""2024-05-10""","=""Civil Court""","=""Recovery""","=""CASE1367""","=""2024""","=""Jon Wilkinson""","=""Mrs. Vivian Batz IV""","=""CNR211567270012""","=""Jennifer Hartmann""","=""2028-12-31""","=""20260730205543611""",Success,
"=""FN77007207""","=""68210000005802""",,"=""2024-05-10""","=""Civil Court""","=""Recovery""","=""CASE1368""","=""2024""","=""Lucas Emard""","=""Glenda Hudson""","=""CNR682780467971""","=""Guadalupe Fadel""","=""2028-12-31""","=""20260730205543611""",Success,
"=""FN42171573""","=""68210000005802""",,"=""2024-05-10""","=""Civil Court""","=""Recovery""","=""CASE1369""","=""2024""","=""Tony Leffler""","=""Meghan Brown""","=""CNR778379331007""","=""Olivia McCullough""","=""2028-12-31""","=""20260730205543611""",Success,
"=""FN93434140""","=""68210000005802""",,"=""2024-05-10""","=""Civil Court""","=""Recovery""","=""CASE1370""","=""2024""","=""Rolando Klocko""","=""Mr. Archie Waters""","=""CNR849793867333""","=""Sidney Herman""","=""2028-12-31""","=""20260730205543611""",Success,
"=""FN33964499""","=""68210000005802""",,"=""2024-05-10""","=""Civil Court""","=""Recovery""","=""CASE1371""","=""2024""","=""Maxine Daniel""","=""William Feest MD""","=""CNR244764175611""","=""Israel Larkin""","=""2028-12-31""","=""20260730205543611""",Success,
"=""FN23582590""","=""68210000005802""",,"=""2024-05-10""","=""Civil Court""","=""Recovery""","=""CASE1372""","=""2024""","=""Carlton Greenholt""","=""Ruby Prosacco""","=""CNR375562815642""","=""Dr. Toby Rosenbaum""","=""2028-12-31""","=""20260730205543611""",Success,
"=""FN60010835""","=""68210000005802""",,"=""2024-05-10""","=""Civil Court""","=""Recovery""","=""CASE1373""","=""2024""","=""Josephine Beatty-Ward""","=""Guadalupe Koss""","=""CNR589703231041""","=""Miss Joanna Kub""","=""2028-12-31""","=""20260730205543611""",Success,
"=""FN28843031""","=""68210000005802""",,"=""2024-05-10""","=""Civil Court""","=""Recovery""","=""CASE1374""","=""2024""","=""Bradley Beatty""","=""Willie Stracke""","=""CNR688094355708""","=""Dr. Carole Spencer""","=""2028-12-31""","=""20260730205543611""",Success,
"=""FN95586266""","=""68210000005802""",,"=""2024-05-10""","=""Civil Court""","=""Recovery""","=""CASE1375""","=""2024""","=""Mrs. Della Kiehn""","=""Sheldon Bashirian""","=""CNR646575436726""","=""Ms. Janet Aufderhar""","=""2028-12-31""","=""20260730205543611""",Success,
"=""FN51440767""","=""68210000005802""",,"=""2024-05-10""","=""Civil Court""","=""Recovery""","=""CASE1376""","=""2024""","=""Dwight Baumbach""","=""Jody Nitzsche""","=""CNR401882097326""","=""Gina Roberts""","=""2028-12-31""","=""20260730205543611""",Success,
"=""FN20709841""","=""68210000005802""",,"=""2024-05-10""","=""Civil Court""","=""Recovery""","=""CASE1377""","=""2024""","=""Marian Adams""","=""Jill Waters""","=""CNR172483444501""","=""Johnny Kiehn""","=""2028-12-31""","=""20260730205543611""",Success,
"=""FN07662504""","=""68210000005802""",,"=""2024-05-10""","=""Civil Court""","=""Recovery""","=""CASE1378""","=""2024""","=""Danielle Jerde""","=""Dr. Shaun Jakubowski""","=""CNR100262894969""","=""Wilfred Schimmel""","=""2028-12-31""","=""20260730205543611""",Success,
"=""FN02534574""","=""68210000005802""",,"=""2024-05-10""","=""Civil Court""","=""Recovery""","=""CASE1379""","=""2024""","=""Patsy Stamm PhD""","=""Olive VonRueden""","=""CNR931979809735""","=""Blanche Bode""","=""2028-12-31""","=""20260730205543611""",Success,
"=""FN65145657""","=""68210000005802""",,"=""2024-05-10""","=""Civil Court""","=""Recovery""","=""CASE1380""","=""2024""","=""Dr. Orville Dibbert""","=""Terrance Emmerich""","=""CNR675776078619""","=""Ignacio Predovic Sr.""","=""2028-12-31""","=""20260730205543611""",Success,
"=""FN15964431""","=""68210000005802""",,"=""2024-05-10""","=""Civil Court""","=""Recovery""","=""CASE1381""","=""2024""","=""Priscilla Wiegand-Wunsch""","=""Don Kiehn""","=""CNR322884078424""","=""Henrietta Stehr""","=""2028-12-31""","=""20260730205543611""",Success,
"=""FN16853200""","=""68210000005802""",,"=""2024-05-10""","=""Civil Court""","=""Recovery""","=""CASE1382""","=""2024""","=""Mrs. Melody Thompson""","=""Michelle Waelchi DDS""","=""CNR073335497804""","=""Donnie Wehner""","=""2028-12-31""","=""20260730205543611""",Success,
"=""FN44110887""","=""68210000005802""",,"=""2024-05-10""","=""Civil Court""","=""Recovery""","=""CASE1383""","=""2024""","=""Jeannie Gleichner""","=""Lois Kohler III""","=""CNR511754513121""","=""Louise Smith""","=""2028-12-31""","=""20260730205543611""",Success,
"=""FN54874663""","=""68210000005802""",,"=""2024-05-10""","=""Civil Court""","=""Recovery""","=""CASE1384""","=""2024""","=""Dr. Tom Grimes""","=""Candace Schiller""","=""CNR882768920204""","=""Leland Orn DDS""","=""2028-12-31""","=""20260730205543611""",Success,
"=""FN10012972""","=""68210000005802""",,"=""2024-05-10""","=""Civil Court""","=""Recovery""","=""CASE1385""","=""2024""","=""Joe Schimmel""","=""Sadie Bailey""","=""CNR441086070846""","=""Oscar Franecki""","=""2028-12-31""","=""20260730205543611""",Success,
"=""FN19472990""","=""68210000005802""",,"=""2024-05-10""","=""Civil Court""","=""Recovery""","=""CASE1386""","=""2024""","=""Dr. Roger Emmerich""","=""Dr. Geneva Heaney""","=""CNR512617095389""","=""Everett Simonis""","=""2028-12-31""","=""20260730205543611""",Success,
"=""FN95864809""","=""68210000005802""",,"=""2024-05-10""","=""Civil Court""","=""Recovery""","=""CASE1387""","=""2024""","=""Clinton Moore""","=""Edgar Bednar""","=""CNR433675515323""","=""Robin Baumbach""","=""2028-12-31""","=""20260730205543611""",Success,
"=""FN06237127""","=""68210000005802""",,"=""2024-05-10""","=""Civil Court""","=""Recovery""","=""CASE1388""","=""2024""","=""Latoya Lesch-Swift""","=""Abraham Jast""","=""CNR294372480388""","=""Pam Padberg I""","=""2028-12-31""","=""20260730205543611""",Success,
"=""FN13674801""","=""68210000005802""",,"=""2024-05-10""","=""Civil Court""","=""Recovery""","=""CASE1389""","=""2024""","=""Dr. Darrell Ebert""","=""Mr. Ricky Shanahan""","=""CNR308898327026""","=""Geoffrey Hane""","=""2028-12-31""","=""20260730205543611""",Success,
"=""FN24122439""","=""68210000005802""",,"=""2024-05-10""","=""Civil Court""","=""Recovery""","=""CASE1390""","=""2024""","=""Sarah Schuppe""","=""Clifford Halvorson""","=""CNR323569985453""","=""Dr. Natalie Collins MD""","=""2028-12-31""","=""20260730205543611""",Success,
"=""FN46994122""","=""68210000005802""",,"=""2024-05-10""","=""Civil Court""","=""Recovery""","=""CASE1391""","=""2024""","=""Kayla Kautzer""","=""Bennie Simonis""","=""CNR018328452526""","=""Ernest Frami""","=""2028-12-31""","=""20260730205543611""",Success,
"=""FN35781878""","=""68210000005802""",,"=""2024-05-10""","=""Civil Court""","=""Recovery""","=""CASE1392""","=""2024""","=""Martha Rosenbaum""","=""Maryann Waelchi-Huel""","=""CNR601378578502""","=""Jeremy Larson-Schowalter""","=""2028-12-31""","=""20260730205543611""",Success,
"=""FN71587682""","=""68210000005802""",,"=""2024-05-10""","=""Civil Court""","=""Recovery""","=""CASE1393""","=""2024""","=""David Bednar Jr.""","=""Celia Hansen""","=""CNR736801118340""","=""Geoffrey Powlowski PhD""","=""2028-12-31""","=""20260730205543611""",Success,
"=""FN20982259""","=""68210000005802""",,"=""2024-05-10""","=""Civil Court""","=""Recovery""","=""CASE1394""","=""2024""","=""Yvette Conroy""","=""Ms. Adrienne Daugherty""","=""CNR158171850611""","=""Dr. Kara Murphy""","=""2028-12-31""","=""20260730205543611""",Success,
"=""FN04855821""","=""68210000005802""",,"=""2024-05-10""","=""Civil Court""","=""Recovery""","=""CASE1395""","=""2024""","=""Leland Little""","=""Alberta Kreiger""","=""CNR463213157853""","=""Dr. Jose Blanda""","=""2028-12-31""","=""20260730205543611""",Success,
"=""FN38843625""","=""68210000005802""",,"=""2024-05-10""","=""Civil Court""","=""Recovery""","=""CASE1396""","=""2024""","=""Ben Tremblay""","=""Carlton Langosh-Kovacek""","=""CNR055864967399""","=""Mildred Larkin""","=""2028-12-31""","=""20260730205543611""",Success,
"=""FN85750715""","=""68210000005802""",,"=""2024-05-10""","=""Civil Court""","=""Recovery""","=""CASE1397""","=""2024""","=""Mrs. Stephanie Graham""","=""Gladys King""","=""CNR345333175401""","=""Lee Morissette""","=""2028-12-31""","=""20260730205543611""",Success,
"=""FN89995767""","=""68210000005802""",,"=""2024-05-10""","=""Civil Court""","=""Recovery""","=""CASE1398""","=""2024""","=""Susie Doyle""","=""Megan Huels""","=""CNR759184512840""","=""Jessica Ullrich-Langworth""","=""2028-12-31""","=""20260730205543611""",Success,
"=""FN79007808""","=""68210000005802""",,"=""2024-05-10""","=""Civil Court""","=""Recovery""","=""CASE1399""","=""2024""","=""Joyce Hansen""","=""Ronald Torp""","=""CNR466103939119""","=""Jennifer Zieme""","=""2028-12-31""","=""20260730205543611""",Success,
"=""FN36345932""","=""68210000005802""",,"=""2024-05-10""","=""Civil Court""","=""Recovery""","=""CASE1400""","=""2024""","=""Christina Kuhlman""","=""Brandi Denesik""","=""CNR628552608383""","=""Jessie Schimmel""","=""2028-12-31""","=""20260730205543611""",Success,
"=""FN90876598""","=""68210000005802""",,"=""2024-05-10""","=""Civil Court""","=""Recovery""","=""CASE1401""","=""2024""","=""Norma Lockman III""","=""Jenna Stehr""","=""CNR199933530173""","=""Lorene Rowe""","=""2028-12-31""","=""20260730205543611""",Success,
"=""FN35223850""","=""68210000005802""",,"=""2024-05-10""","=""Civil Court""","=""Recovery""","=""CASE1402""","=""2024""","=""Jessica Mohr""","=""Lynn Davis""","=""CNR999986346726""","=""Bessie Wiza II""","=""2028-12-31""","=""20260730205543611""",Success,
"=""FN69562295""","=""68210000005802""",,"=""2024-05-10""","=""Civil Court""","=""Recovery""","=""CASE1403""","=""2024""","=""Stephanie Kautzer""","=""Christina Ziemann""","=""CNR385794154689""","=""Diane Beatty III""","=""2028-12-31""","=""20260730205543611""",Success,
"=""FN79944704""","=""68210000005802""",,"=""2024-05-10""","=""Civil Court""","=""Recovery""","=""CASE1404""","=""2024""","=""Mr. Max Corwin Sr.""","=""Alexandra Paucek""","=""CNR199206719756""","=""Naomi Rau""","=""2028-12-31""","=""20260730205543611""",Success,
"=""FN38408127""","=""68210000005802""",,"=""2024-05-10""","=""Civil Court""","=""Recovery""","=""CASE1405""","=""2024""","=""Damon Zieme""","=""Benjamin Wilderman""","=""CNR560766597555""","=""Wilbert Johnston""","=""2028-12-31""","=""20260730205543611""",Success,
"=""FN65387045""","=""68210000005802""",,"=""2024-05-10""","=""Civil Court""","=""Recovery""","=""CASE1406""","=""2024""","=""Mr. Herman Hand""","=""Mr. Roy Walker""","=""CNR381663583303""","=""Nettie Keebler""","=""2028-12-31""","=""20260730205543611""",Success,
"=""FN57664311""","=""68210000005802""",,"=""2024-05-10""","=""Civil Court""","=""Recovery""","=""CASE1407""","=""2024""","=""June Hartmann""","=""Johnathan Leuschke""","=""CNR331794944802""","=""Kay Powlowski""","=""2028-12-31""","=""20260730205543611""",Success,
"=""FN77673951""","=""68210000005802""",,"=""2024-05-10""","=""Civil Court""","=""Recovery""","=""CASE1408""","=""2024""","=""Saul Treutel IV""","=""Guy Maggio""","=""CNR365494473965""","=""Emilio Beatty DDS""","=""2028-12-31""","=""20260730205543611""",Success,
"=""FN16331607""","=""68210000005802""",,"=""2024-05-10""","=""Civil Court""","=""Recovery""","=""CASE1409""","=""2024""","=""Mario Halvorson""","=""Bonnie Reichert PhD""","=""CNR566144142257""","=""Evan Grimes""","=""2028-12-31""","=""20260730205543611""",Success,
"=""FN65193511""","=""68210000005802""",,"=""2024-05-10""","=""Civil Court""","=""Recovery""","=""CASE1410""","=""2024""","=""Kenny McCullough-Harber""","=""Ms. Kerry Hintz""","=""CNR286570335579""","=""Naomi Kozey""","=""2028-12-31""","=""20260730205543611""",Success,
"=""FN73287941""","=""68210000005802""",,"=""2024-05-10""","=""Civil Court""","=""Recovery""","=""CASE1411""","=""2024""","=""Jody Harvey V""","=""Mary Wunsch""","=""CNR411307227129""","=""Drew Cummerata""","=""2028-12-31""","=""20260730205543611""",Success,
"=""FN96905315""","=""68210000005802""",,"=""2024-05-10""","=""Civil Court""","=""Recovery""","=""CASE1412""","=""2024""","=""Katie Mann""","=""Kelly Veum""","=""CNR409991640887""","=""Deanna Kuhn MD""","=""2028-12-31""","=""20260730205543611""",Success,
"=""FN88188930""","=""68210000005802""",,"=""2024-05-10""","=""Civil Court""","=""Recovery""","=""CASE1413""","=""2024""","=""Glenda King""","=""Bradford Upton""","=""CNR549690762248""","=""Dr. Juana Morissette""","=""2028-12-31""","=""20260730205543611""",Success,
"=""FN18815075""","=""68210000005802""",,"=""2024-05-10""","=""Civil Court""","=""Recovery""","=""CASE1414""","=""2024""","=""Mr. Loren Mueller""","=""Melanie Crooks""","=""CNR558403098476""","=""Jean Koelpin-Ullrich""","=""2028-12-31""","=""20260730205543611""",Success,
"=""FN10140528""","=""68210000005802""",,"=""2024-05-10""","=""Civil Court""","=""Recovery""","=""CASE1415""","=""2024""","=""Larry Hudson""","=""Sean Leffler""","=""CNR723725680244""","=""Percy Cremin IV""","=""2028-12-31""","=""20260730205543611""",Success,
"=""FN17985605""","=""68210000005802""",,"=""2024-05-10""","=""Civil Court""","=""Recovery""","=""CASE1416""","=""2024""","=""Julia Schmeler""","=""Mrs. Alberta Ruecker-Collins MD""","=""CNR147546309932""","=""Essie McGlynn""","=""2028-12-31""","=""20260730205543611""",Success,
"=""FN64173879""","=""68210000005802""",,"=""2024-05-10""","=""Civil Court""","=""Recovery""","=""CASE1417""","=""2024""","=""Brandy Ruecker""","=""Ms. Edna Bartoletti""","=""CNR374460718254""","=""Carlos Robel""","=""2028-12-31""","=""20260730205543611""",Success,
"=""FN68566815""","=""68210000005802""",,"=""2024-05-10""","=""Civil Court""","=""Recovery""","=""CASE1418""","=""2024""","=""Marcos Daniel""","=""Craig Simonis""","=""CNR215613387469""","=""Mr. Russell Daugherty""","=""2028-12-31""","=""20260730205543611""",Success,
"=""FN97680358""","=""68210000005802""",,"=""2024-05-10""","=""Civil Court""","=""Recovery""","=""CASE1419""","=""2024""","=""Jodi Deckow-Gislason""","=""Mr. Herman Berge V""","=""CNR568048394315""","=""Irvin Smitham""","=""2028-12-31""","=""20260730205543611""",Success,
"=""FN23648193""","=""68210000005802""",,"=""2024-05-10""","=""Civil Court""","=""Recovery""","=""CASE1420""","=""2024""","=""Bert Sporer""","=""Miss Lorena Haley DVM""","=""CNR529116178096""","=""Charlene Dietrich""","=""2028-12-31""","=""20260730205543611""",Success,
"=""FN18714696""","=""68210000005802""",,"=""2024-05-10""","=""Civil Court""","=""Recovery""","=""CASE1421""","=""2024""","=""Ruben Kihn""","=""Dwight Jacobi""","=""CNR356293279458""","=""Gregory Weber""","=""2028-12-31""","=""20260730205543611""",Success,
"=""FN70747545""","=""68210000005802""",,"=""2024-05-10""","=""Civil Court""","=""Recovery""","=""CASE1422""","=""2024""","=""Charlie Yost""","=""Lynette Hermiston""","=""CNR764937424507""","=""Jacqueline Beier-Kuphal""","=""2028-12-31""","=""20260730205543611""",Success,
"=""FN49718690""","=""68210000005802""",,"=""2024-05-10""","=""Civil Court""","=""Recovery""","=""CASE1423""","=""2024""","=""Isaac Hansen""","=""Gerard Graham""","=""CNR399399612278""","=""Mr. Nelson Block""","=""2028-12-31""","=""20260730205543611""",Success,
"=""FN41426167""","=""68210000005802""",,"=""2024-05-10""","=""Civil Court""","=""Recovery""","=""CASE1424""","=""2024""","=""Miss Cecilia Schoen""","=""Mr. Cedric Armstrong""","=""CNR353545339632""","=""Antoinette Roberts I""","=""2028-12-31""","=""20260730205543611""",Success,
"=""FN53291115""","=""68210000005802""",,"=""2024-05-10""","=""Civil Court""","=""Recovery""","=""CASE1425""","=""2024""","=""Mrs. Linda Kuhic""","=""Teri Pfannerstill""","=""CNR253358793956""","=""Dean Hahn""","=""2028-12-31""","=""20260730205543611""",Success,
"=""FN45371617""","=""68210000005802""",,"=""2024-05-10""","=""Civil Court""","=""Recovery""","=""CASE1426""","=""2024""","=""Amos Wolff""","=""Donald Koch""","=""CNR816384450852""","=""Edwin Green""","=""2028-12-31""","=""20260730205543611""",Success,
"=""FN02715916""","=""68210000005802""",,"=""2024-05-10""","=""Civil Court""","=""Recovery""","=""CASE1427""","=""2024""","=""Dr. Derrick Bode""","=""Jason Larson""","=""CNR109364479008""","=""Ira Graham""","=""2028-12-31""","=""20260730205543611""",Success,
"=""FN83932655""","=""68210000005802""",,"=""2024-05-10""","=""Civil Court""","=""Recovery""","=""CASE1428""","=""2024""","=""Ervin Pagac""","=""Natalie Lebsack Sr.""","=""CNR098972341012""","=""Traci Parker""","=""2028-12-31""","=""20260730205543611""",Success,
"=""FN32109020""","=""68210000005802""",,"=""2024-05-10""","=""Civil Court""","=""Recovery""","=""CASE1429""","=""2024""","=""Dale Steuber DVM""","=""Mr. Abraham Keebler""","=""CNR012339857295""","=""Conrad Haag""","=""2028-12-31""","=""20260730205543611""",Success,
"=""FN66359712""","=""68210000005802""",,"=""2024-05-10""","=""Civil Court""","=""Recovery""","=""CASE1430""","=""2024""","=""Mr. Peter Erdman""","=""Sylvester Davis""","=""CNR814879727176""","=""Courtney White""","=""2028-12-31""","=""20260730205543611""",Success,
"=""FN73058806""","=""68210000005802""",,"=""2024-05-10""","=""Civil Court""","=""Recovery""","=""CASE1431""","=""2024""","=""Timmy Bauch""","=""Jack Mann""","=""CNR033483869128""","=""Myra Mertz III""","=""2028-12-31""","=""20260730205543611""",Success,
"=""FN01324610""","=""68210000005802""",,"=""2024-05-10""","=""Civil Court""","=""Recovery""","=""CASE1432""","=""2024""","=""Shawn Zemlak""","=""Jerald Marks""","=""CNR808833144060""","=""Peter Hickle""","=""2028-12-31""","=""20260730205543611""",Success,
"=""FN53657148""","=""68210000005802""",,"=""2024-05-10""","=""Civil Court""","=""Recovery""","=""CASE1433""","=""2024""","=""Henrietta Bergstrom""","=""Mrs. Shelly Hilll""","=""CNR279945518892""","=""Marion Stoltenberg""","=""2028-12-31""","=""20260730205543611""",Success,
"=""FN61327851""","=""68210000005802""",,"=""2024-05-10""","=""Civil Court""","=""Recovery""","=""CASE1434""","=""2024""","=""Bernadette Homenick""","=""Mr. Clint Homenick""","=""CNR457439889014""","=""David Mertz""","=""2028-12-31""","=""20260730205543611""",Success,
"=""FN81805027""","=""68210000005802""",,"=""2024-05-10""","=""Civil Court""","=""Recovery""","=""CASE1435""","=""2024""","=""Nichole Boehm""","=""Ivan Denesik""","=""CNR175931774599""","=""Harry Quitzon""","=""2028-12-31""","=""20260730205543611""",Success,
"=""FN34706310""","=""68210000005802""",,"=""2024-05-10""","=""Civil Court""","=""Recovery""","=""CASE1436""","=""2024""","=""Sherry Kovacek""","=""Frederick Roberts""","=""CNR421403273506""","=""Candace Klocko-Cummings III""","=""2028-12-31""","=""20260730205543611""",Success,
"=""FN63693637""","=""68210000005802""",,"=""2024-05-10""","=""Civil Court""","=""Recovery""","=""CASE1437""","=""2024""","=""Chris Steuber""","=""Glenda Hermiston""","=""CNR193236650716""","=""Rosalie Wunsch""","=""2028-12-31""","=""20260730205543611""",Success,
"=""FN98395065""","=""68210000005802""",,"=""2024-05-10""","=""Civil Court""","=""Recovery""","=""CASE1438""","=""2024""","=""Kay Dicki""","=""Amelia Hudson IV""","=""CNR583272183426""","=""Hannah Ebert""","=""2028-12-31""","=""20260730205543611""",Success,
"=""FN47592634""","=""68210000005802""",,"=""2024-05-10""","=""Civil Court""","=""Recovery""","=""CASE1439""","=""2024""","=""Susan Abbott""","=""Shelly Okuneva-Grimes""","=""CNR770917045815""","=""Miss Ginger Mraz""","=""2028-12-31""","=""20260730205543611""",Success,
"=""FN31511347""","=""68210000005802""",,"=""2024-05-10""","=""Civil Court""","=""Recovery""","=""CASE1440""","=""2024""","=""Cesar Reichert-Emard""","=""Ruby Grady""","=""CNR265583624235""","=""Mrs. Carla Friesen""","=""2028-12-31""","=""20260730205543611""",Success,
"=""FN52076339""","=""68210000005802""",,"=""2024-05-10""","=""Civil Court""","=""Recovery""","=""CASE1441""","=""2024""","=""Camille Dare""","=""Angelina Bruen""","=""CNR719615384744""","=""Raquel Larkin""","=""2028-12-31""","=""20260730205543611""",Success,
"=""FN74699758""","=""68210000005802""",,"=""2024-05-10""","=""Civil Court""","=""Recovery""","=""CASE1442""","=""2024""","=""Lillian Sanford""","=""Peggy Stark-Koss""","=""CNR011469746861""","=""Geoffrey Torphy""","=""2028-12-31""","=""20260730205543611""",Success,
"=""FN70986060""","=""68210000005802""",,"=""2024-05-10""","=""Civil Court""","=""Recovery""","=""CASE1443""","=""2024""","=""Jason McDermott""","=""Sonya Medhurst""","=""CNR425218202612""","=""Tracey Strosin""","=""2028-12-31""","=""20260730205543611""",Success,
"=""FN30961807""","=""68210000005802""",,"=""2024-05-10""","=""Civil Court""","=""Recovery""","=""CASE1444""","=""2024""","=""Bobbie Balistreri""","=""Beatrice Koss""","=""CNR692453902141""","=""Rebecca Johnston""","=""2028-12-31""","=""20260730205543611""",Success,
"=""FN45286111""","=""68210000005802""",,"=""2024-05-10""","=""Civil Court""","=""Recovery""","=""CASE1445""","=""2024""","=""Johnnie Maggio""","=""Lyle Dach""","=""CNR931725885406""","=""Jana Lind""","=""2028-12-31""","=""20260730205543611""",Success,
"=""FN88474597""","=""68210000005802""",,"=""2024-05-10""","=""Civil Court""","=""Recovery""","=""CASE1446""","=""2024""","=""Dr. Darrin Graham""","=""Melvin Heller""","=""CNR496595457595""","=""Melba Medhurst""","=""2028-12-31""","=""20260730205543611""",Success,
"=""FN02141689""","=""68210000005802""",,"=""2024-05-10""","=""Civil Court""","=""Recovery""","=""CASE1447""","=""2024""","=""Della Wuckert""","=""Tara Hermiston""","=""CNR528446518560""","=""Darryl Prohaska III""","=""2028-12-31""","=""20260730205543611""",Success,
"=""FN76928304""","=""68210000005802""",,"=""2024-05-10""","=""Civil Court""","=""Recovery""","=""CASE1448""","=""2024""","=""Amanda Conn""","=""Helen McDermott""","=""CNR421643480873""","=""Brendan Quigley""","=""2028-12-31""","=""20260730205543611""",Success,
"=""FN37648698""","=""68210000005802""",,"=""2024-05-10""","=""Civil Court""","=""Recovery""","=""CASE1449""","=""2024""","=""Katie Nicolas""","=""Colleen Stark""","=""CNR806050836944""","=""Toni Gleason""","=""2028-12-31""","=""20260730205543611""",Success,
"=""FN60153415""","=""68210000005802""",,"=""2024-05-10""","=""Civil Court""","=""Recovery""","=""CASE1450""","=""2024""","=""Dr. Herbert Cormier""","=""Bradford Cruickshank""","=""CNR602260749734""","=""Elena Cormier-Schneider""","=""2028-12-31""","=""20260730205543611""",Success,
"=""FN41184708""","=""68210000005802""",,"=""2024-05-10""","=""Civil Court""","=""Recovery""","=""CASE1451""","=""2024""","=""Roy Lesch""","=""Silvia Stamm""","=""CNR608363702722""","=""Marion Rau""","=""2028-12-31""","=""20260730205543611""",Success,
"=""FN92160057""","=""68210000005802""",,"=""2024-05-10""","=""Civil Court""","=""Recovery""","=""CASE1452""","=""2024""","=""Dr. Adam Gutmann""","=""Paula Bernhard""","=""CNR723772664784""","=""Earl Hermann""","=""2028-12-31""","=""20260730205543611""",Success,
"=""FN97697154""","=""68210000005802""",,"=""2024-05-10""","=""Civil Court""","=""Recovery""","=""CASE1453""","=""2024""","=""Kimberly Bahringer""","=""Otis Rolfson II""","=""CNR146248863563""","=""Felicia Koelpin""","=""2028-12-31""","=""20260730205543611""",Success,
"=""FN34837439""","=""68210000005802""",,"=""2024-05-10""","=""Civil Court""","=""Recovery""","=""CASE1454""","=""2024""","=""Arlene Bradtke V""","=""Angie Feest""","=""CNR330912984566""","=""Ramona Ernser-Paucek""","=""2028-12-31""","=""20260730205543611""",Success,
"=""FN43427887""","=""68210000005802""",,"=""2024-05-10""","=""Civil Court""","=""Recovery""","=""CASE1455""","=""2024""","=""Lois Kohler""","=""Winston Collins""","=""CNR869959455886""","=""Jo Hegmann""","=""2028-12-31""","=""20260730205543611""",Success,
"=""FN05939582""","=""68210000005802""",,"=""2024-05-10""","=""Civil Court""","=""Recovery""","=""CASE1456""","=""2024""","=""Julius Schamberger""","=""Spencer Runolfsdottir""","=""CNR411995791238""","=""Leslie Block""","=""2028-12-31""","=""20260730205543611""",Success,
"=""FN92566764""","=""68210000005802""",,"=""2024-05-10""","=""Civil Court""","=""Recovery""","=""CASE1457""","=""2024""","=""Isaac Jacobs PhD""","=""Sharon Ledner""","=""CNR620451745774""","=""Nadine Bernhard""","=""2028-12-31""","=""20260730205543611""",Success,
"=""FN91666912""","=""68210000005802""",,"=""2024-05-10""","=""Civil Court""","=""Recovery""","=""CASE1458""","=""2024""","=""Joe Howe""","=""Jon Stracke""","=""CNR357392729290""","=""Kenneth Wilkinson""","=""2028-12-31""","=""20260730205543611""",Success,
"=""FN68378624""","=""68210000005802""",,"=""2024-05-10""","=""Civil Court""","=""Recovery""","=""CASE1459""","=""2024""","=""Janis Gorczany""","=""Lonnie Pouros""","=""CNR127748948934""","=""Mathew Zemlak-Nitzsche""","=""2028-12-31""","=""20260730205543611""",Success,
"=""FN42721316""","=""68210000005802""",,"=""2024-05-10""","=""Civil Court""","=""Recovery""","=""CASE1460""","=""2024""","=""Ivan Ondricka""","=""Oscar Botsford""","=""CNR402654254609""","=""Everett Kautzer""","=""2028-12-31""","=""20260730205543611""",Success,
"=""FN92049721""","=""68210000005802""",,"=""2024-05-10""","=""Civil Court""","=""Recovery""","=""CASE1461""","=""2024""","=""Tammy Gutmann""","=""Josephine Marquardt""","=""CNR836059566958""","=""Moses Strosin""","=""2028-12-31""","=""20260730205543611""",Success,
"=""FN54590901""","=""68210000005802""",,"=""2024-05-10""","=""Civil Court""","=""Recovery""","=""CASE1462""","=""2024""","=""Mr. Angel Veum""","=""Darla Cassin III""","=""CNR983682795970""","=""Elsa Medhurst""","=""2028-12-31""","=""20260730205543611""",Success,
"=""FN32636407""","=""68210000005802""",,"=""2024-05-10""","=""Civil Court""","=""Recovery""","=""CASE1463""","=""2024""","=""Desiree Kshlerin""","=""Brent Labadie""","=""CNR557503732447""","=""Stanley Little MD""","=""2028-12-31""","=""20260730205543611""",Success,
"=""FN65436287""","=""68210000005802""",,"=""2024-05-10""","=""Civil Court""","=""Recovery""","=""CASE1464""","=""2024""","=""Elsa West""","=""Diane Buckridge""","=""CNR573042495924""","=""Clara Ryan""","=""2028-12-31""","=""20260730205543611""",Success,
"=""FN69433507""","=""68210000005802""",,"=""2024-05-10""","=""Civil Court""","=""Recovery""","=""CASE1465""","=""2024""","=""Jeanne McGlynn DDS""","=""Miss Meredith Boehm""","=""CNR871736922658""","=""Willie Watsica""","=""2028-12-31""","=""20260730205543611""",Success,
"=""FN46458093""","=""68210000005802""",,"=""2024-05-10""","=""Civil Court""","=""Recovery""","=""CASE1466""","=""2024""","=""Dr. Simon Zieme""","=""Mario Crona""","=""CNR398761981336""","=""Janie Jacobi""","=""2028-12-31""","=""20260730205543611""",Success,
"=""FN97734497""","=""68210000005802""",,"=""2024-05-10""","=""Civil Court""","=""Recovery""","=""CASE1467""","=""2024""","=""Marilyn Casper""","=""Frankie Stark""","=""CNR318781255133""","=""Mindy Block""","=""2028-12-31""","=""20260730205543611""",Success,
"=""FN26638246""","=""68210000005802""",,"=""2024-05-10""","=""Civil Court""","=""Recovery""","=""CASE1468""","=""2024""","=""Perry Wilderman""","=""Earnest Schaefer""","=""CNR932805760052""","=""Mr. Norman Lesch""","=""2028-12-31""","=""20260730205543611""",Success,
"=""FN97007467""","=""68210000005802""",,"=""2024-05-10""","=""Civil Court""","=""Recovery""","=""CASE1469""","=""2024""","=""Courtney Rau""","=""Alberta Wunsch""","=""CNR209906335665""","=""Eula Rempel""","=""2028-12-31""","=""20260730205543611""",Success,
"=""FN64555718""","=""68210000005802""",,"=""2024-05-10""","=""Civil Court""","=""Recovery""","=""CASE1470""","=""2024""","=""Ruth Littel""","=""Bernadette Hirthe""","=""CNR088205059157""","=""Mr. Tracy Zulauf""","=""2028-12-31""","=""20260730205543611""",Success,
"=""FN36747353""","=""68210000005802""",,"=""2024-05-10""","=""Civil Court""","=""Recovery""","=""CASE1471""","=""2024""","=""Pauline Ortiz""","=""Austin Crist""","=""CNR761093259444""","=""Frankie Armstrong""","=""2028-12-31""","=""20260730205543611""",Success,
"=""FN82113397""","=""68210000005802""",,"=""2024-05-10""","=""Civil Court""","=""Recovery""","=""CASE1472""","=""2024""","=""Rosemary Okuneva""","=""Joe Morissette""","=""CNR426757242156""","=""Gregg Gutkowski""","=""2028-12-31""","=""20260730205543611""",Success,
"=""FN29518203""","=""68210000005802""",,"=""2024-05-10""","=""Civil Court""","=""Recovery""","=""CASE1473""","=""2024""","=""Cecil Dickinson""","=""Corey Schoen""","=""CNR674643765742""","=""Maria Volkman""","=""2028-12-31""","=""20260730205543611""",Success,
"=""FN50865174""","=""68210000005802""",,"=""2024-05-10""","=""Civil Court""","=""Recovery""","=""CASE1474""","=""2024""","=""Lloyd Lockman""","=""Merle Treutel""","=""CNR774697928382""","=""Gilberto Anderson MD""","=""2028-12-31""","=""20260730205543611""",Success,
"=""FN51796057""","=""68210000005802""",,"=""2024-05-10""","=""Civil Court""","=""Recovery""","=""CASE1475""","=""2024""","=""Mr. Keith Waelchi""","=""Simon Nader""","=""CNR785993544569""","=""Dwayne Cruickshank""","=""2028-12-31""","=""20260730205543611""",Success,
"=""FN81999830""","=""68210000005802""",,"=""2024-05-10""","=""Civil Court""","=""Recovery""","=""CASE1476""","=""2024""","=""Luke Nolan""","=""Terry Luettgen""","=""CNR347826632638""","=""Rodney MacGyver""","=""2028-12-31""","=""20260730205543611""",Success,
"=""FN52355013""","=""68210000005802""",,"=""2024-05-10""","=""Civil Court""","=""Recovery""","=""CASE1477""","=""2024""","=""Raquel Kreiger""","=""Van O'Keefe""","=""CNR374249120171""","=""Martin Toy""","=""2028-12-31""","=""20260730205543611""",Success,
"=""FN07919039""","=""68210000005802""",,"=""2024-05-10""","=""Civil Court""","=""Recovery""","=""CASE1478""","=""2024""","=""Darryl Smitham""","=""Margie Rolfson""","=""CNR927103222856""","=""Vicky Ferry""","=""2028-12-31""","=""20260730205543611""",Success,
"=""FN88591897""","=""68210000005802""",,"=""2024-05-10""","=""Civil Court""","=""Recovery""","=""CASE1479""","=""2024""","=""Darnell Stanton""","=""Bennie Donnelly""","=""CNR784059410890""","=""Marc Osinski""","=""2028-12-31""","=""20260730205543611""",Success,
"=""FN11478454""","=""68210000005802""",,"=""2024-05-10""","=""Civil Court""","=""Recovery""","=""CASE1480""","=""2024""","=""Meredith O'Conner""","=""Miss Candice Johnson""","=""CNR664279809503""","=""Jaime Pagac""","=""2028-12-31""","=""20260730205543611""",Success,
"=""FN64760267""","=""68210000005802""",,"=""2024-05-10""","=""Civil Court""","=""Recovery""","=""CASE1481""","=""2024""","=""Neil Stiedemann""","=""Colin Watsica""","=""CNR279694392508""","=""Minnie Kshlerin""","=""2028-12-31""","=""20260730205543611""",Success,
"=""FN40404550""","=""68210000005802""",,"=""2024-05-10""","=""Civil Court""","=""Recovery""","=""CASE1482""","=""2024""","=""Douglas Renner""","=""Kate Kiehn""","=""CNR000541072594""","=""Dr. Cody Gerlach IV""","=""2028-12-31""","=""20260730205543611""",Success,
"=""FN16059590""","=""68210000005802""",,"=""2024-05-10""","=""Civil Court""","=""Recovery""","=""CASE1483""","=""2024""","=""Ms. Elsie Buckridge""","=""Vanessa Wilkinson""","=""CNR291972142085""","=""Beth Grady""","=""2028-12-31""","=""20260730205543611""",Success,
"=""FN56290243""","=""68210000005802""",,"=""2024-05-10""","=""Civil Court""","=""Recovery""","=""CASE1484""","=""2024""","=""Mrs. Velma Hintz""","=""Ray Pfannerstill""","=""CNR426045905731""","=""Armando Langworth""","=""2028-12-31""","=""20260730205543611""",Success,
"=""FN46442171""","=""68210000005802""",,"=""2024-05-10""","=""Civil Court""","=""Recovery""","=""CASE1485""","=""2024""","=""Merle Tillman""","=""Pearl Cummings""","=""CNR404947222654""","=""Aaron Boehm""","=""2028-12-31""","=""20260730205543611""",Success,
"=""FN76715536""","=""68210000005802""",,"=""2024-05-10""","=""Civil Court""","=""Recovery""","=""CASE1486""","=""2024""","=""Mrs. Kay Parisian""","=""Kevin Schuppe""","=""CNR801785992626""","=""Dr. Bob Terry""","=""2028-12-31""","=""20260730205543611""",Success,
"=""FN17680912""","=""68210000005802""",,"=""2024-05-10""","=""Civil Court""","=""Recovery""","=""CASE1487""","=""2024""","=""Louis Stroman""","=""Miss Susan Frami Jr.""","=""CNR221612841525""","=""Irving Osinski""","=""2028-12-31""","=""20260730205543611""",Success,
"=""FN50511731""","=""68210000005802""",,"=""2024-05-10""","=""Civil Court""","=""Recovery""","=""CASE1488""","=""2024""","=""Ralph Will-Mraz""","=""Mrs. Luz Conn I""","=""CNR252443261859""","=""Abraham Ward II""","=""2028-12-31""","=""20260730205543611""",Success,
"=""FN24954289""","=""68210000005802""",,"=""2024-05-10""","=""Civil Court""","=""Recovery""","=""CASE1489""","=""2024""","=""Ronnie Jast""","=""Dwayne Gottlieb""","=""CNR530600480006""","=""Salvatore Streich""","=""2028-12-31""","=""20260730205543611""",Success,
"=""FN36115046""","=""68210000005802""",,"=""2024-05-10""","=""Civil Court""","=""Recovery""","=""CASE1490""","=""2024""","=""Lorena Satterfield""","=""Jorge Davis""","=""CNR944483383878""","=""Beatrice Schultz""","=""2028-12-31""","=""20260730205543611""",Success,
"=""FN19285079""","=""68210000005802""",,"=""2024-05-10""","=""Civil Court""","=""Recovery""","=""CASE1491""","=""2024""","=""Mrs. Gertrude Spinka""","=""Allen Sporer""","=""CNR735065914823""","=""Tami Pollich""","=""2028-12-31""","=""20260730205543611""",Success,
"=""FN10361912""","=""68210000005802""",,"=""2024-05-10""","=""Civil Court""","=""Recovery""","=""CASE1492""","=""2024""","=""Angel Weber""","=""Mrs. Jacqueline Wintheiser""","=""CNR527737305306""","=""Emanuel Mills""","=""2028-12-31""","=""20260730205543611""",Success,
"=""FN28583356""","=""68210000005802""",,"=""2024-05-10""","=""Civil Court""","=""Recovery""","=""CASE1493""","=""2024""","=""Sammy Hartmann-Cassin""","=""Ernestine Mohr""","=""CNR493633095823""","=""Samuel Hand""","=""2028-12-31""","=""20260730205543611""",Success,
"=""FN92899773""","=""68210000005802""",,"=""2024-05-10""","=""Civil Court""","=""Recovery""","=""CASE1494""","=""2024""","=""Victoria Wiza""","=""Iris O'Keefe""","=""CNR445424812788""","=""Donnie Erdman""","=""2028-12-31""","=""20260730205543611""",Success,
"=""FN28799218""","=""68210000005802""",,"=""2024-05-10""","=""Civil Court""","=""Recovery""","=""CASE1495""","=""2024""","=""Neil Schamberger""","=""Ronnie Steuber""","=""CNR785766679898""","=""Natasha Schiller I""","=""2028-12-31""","=""20260730205543611""",Success,
"=""FN01378026""","=""68210000005802""",,"=""2024-05-10""","=""Civil Court""","=""Recovery""","=""CASE1496""","=""2024""","=""Dawn Welch""","=""Tony Nikolaus""","=""CNR961078800741""","=""Leland Bailey""","=""2028-12-31""","=""20260730205543611""",Success,
"=""FN69839599""","=""68210000005802""",,"=""2024-05-10""","=""Civil Court""","=""Recovery""","=""CASE1497""","=""2024""","=""Morris Batz""","=""Tonya Dickinson""","=""CNR130561334248""","=""Francisco Schoen""","=""2028-12-31""","=""20260730205543611""",Success,
"=""FN77873421""","=""68210000005802""",,"=""2024-05-10""","=""Civil Court""","=""Recovery""","=""CASE1498""","=""2024""","=""Claire Spinka""","=""Stacy Hettinger""","=""CNR278234267095""","=""Paul Hamill""","=""2028-12-31""","=""20260730205543611""",Success,
"=""FN70173250""","=""68210000005802""",,"=""2024-05-10""","=""Civil Court""","=""Recovery""","=""CASE1499""","=""2024""","=""Angie Douglas""","=""Kelli Lueilwitz""","=""CNR523801005670""","=""Hilda Fahey""","=""2028-12-31""","=""20260730205543611""",Success,
"=""FN44717569""","=""68210000005802""",,"=""2024-05-10""","=""Civil Court""","=""Recovery""","=""CASE1500""","=""2024""","=""Henrietta Dietrich""","=""Casey Monahan""","=""CNR492666373832""","=""Winifred Hackett""","=""2028-12-31""","=""20260730205543611""",Success,
"=""FN67589400""","=""68210000005802""",,"=""2024-05-10""","=""Civil Court""","=""Recovery""","=""CASE1501""","=""2024""","=""Todd Kilback""","=""Diana Cummings""","=""CNR072847949266""","=""James Effertz""","=""2028-12-31""","=""20260730205543611""",Success,
